player,season,team,reason,source_line
agbajoc01,2026,2TM,summary-or-unresolved-franchise,5
alvarjo01,2026,2TM,summary-or-unresolved-franchise,13
anderky01,2026,3TM,summary-or-unresolved-franchise,16
baglema01,2026,2TM,summary-or-unresolved-franchise,27
baldwpa01,2026,3TM,summary-or-unresolved-franchise,32
bambamo01,2026,2TM,summary-or-unresolved-franchise,38
bantoda01,2026,2TM,summary-or-unresolved-franchise,43
bassech01,2026,4TM,summary-or-unresolved-franchise,51
bradlto01,2026,2TM,summary-or-unresolved-franchise,72
brownko01,2026,2TM,summary-or-unresolved-franchise,85
carteje01,2026,2TM,summary-or-unresolved-franchise,103
claytwa01,2026,2TM,summary-or-unresolved-franchise,121
coffeam01,2026,2TM,summary-or-unresolved-franchise,127
dennira01,2026,3TM,summary-or-unresolved-franchise,150
diengou01,2026,2TM,summary-or-unresolved-franchise,159
dilliro01,2026,2TM,summary-or-unresolved-franchise,162
dosunay01,2026,2TM,summary-or-unresolved-franchise,168
elliske01,2026,2TM,summary-or-unresolved-franchise,181
garlada01,2026,2TM,summary-or-unresolved-franchise,204
gilbeke01,2026,2TM,summary-or-unresolved-franchise,213
hallpj01,2026,2TM,summary-or-unresolved-franchise,237
hardeja01,2026,2TM,summary-or-unresolved-franchise,241
hardyja02,2026,2TM,summary-or-unresolved-franchise,244
hendrta01,2026,2TM,summary-or-unresolved-franchise,260
hieldbu01,2026,2TM,summary-or-unresolved-franchise,265
huertke01,2026,2TM,summary-or-unresolved-franchise,278
huntede01,2026,2TM,summary-or-unresolved-franchise,283
iveyja01,2026,2TM,summary-or-unresolved-franchise,293
jacksis01,2026,2TM,summary-or-unresolved-franchise,298
jacksja02,2026,2TM,summary-or-unresolved-franchise,301
jackstr02,2026,2TM,summary-or-unresolved-franchise,305
johnsaj01,2026,2TM,summary-or-unresolved-franchise,319
jonesis01,2026,2TM,summary-or-unresolved-franchise,335
jonesty01,2026,3TM,summary-or-unresolved-franchise,341
kennalu01,2026,2TM,summary-or-unresolved-franchise,352
kispeco01,2026,2TM,summary-or-unresolved-franchise,357
kolokch01,2026,3TM,summary-or-unresolved-franchise,365
konchjo01,2026,2TM,summary-or-unresolved-franchise,370
krejcvi01,2026,2TM,summary-or-unresolved-franchise,374
kuminjo01,2026,2TM,summary-or-unresolved-franchise,377
landajo01,2026,2TM,summary-or-unresolved-franchise,382
martity01,2026,2TM,summary-or-unresolved-franchise,413
mathube01,2026,2TM,summary-or-unresolved-franchise,418
mccaija01,2026,2TM,summary-or-unresolved-franchise,425
mccluma01,2026,2TM,summary-or-unresolved-franchise,428
mccolcj01,2026,2TM,summary-or-unresolved-franchise,431
middlkh01,2026,2TM,summary-or-unresolved-franchise,443
millele01,2026,2TM,summary-or-unresolved-franchise,449
minixri01,2026,2TM,summary-or-unresolved-franchise,452
minotjo01,2026,2TM,summary-or-unresolved-franchise,455
phillju01,2026,2TM,summary-or-unresolved-franchise,506
plumlma01,2026,2TM,summary-or-unresolved-franchise,512
porzikr01,2026,2TM,summary-or-unresolved-franchise,522
richani01,2026,2TM,summary-or-unresolved-franchise,548
robinje02,2026,2TM,summary-or-unresolved-franchise,556
ruperra01,2026,2TM,summary-or-unresolved-franchise,563
schrode01,2026,2TM,summary-or-unresolved-franchise,580
sextoco01,2026,2TM,summary-or-unresolved-franchise,587
simonan01,2026,2TM,summary-or-unresolved-franchise,599
simpskj01,2026,2TM,summary-or-unresolved-franchise,602
sochaje01,2026,2TM,summary-or-unresolved-franchise,616
terryda01,2026,2TM,summary-or-unresolved-franchise,630
thomaca02,2026,2TM,summary-or-unresolved-franchise,634
tillmxa01,2026,2TM,summary-or-unresolved-franchise,642
vincega01,2026,2TM,summary-or-unresolved-franchise,663
vucevni01,2026,2TM,summary-or-unresolved-franchise,666
whiteco01,2026,2TM,summary-or-unresolved-franchise,690
willivi01,2026,2TM,summary-or-unresolved-franchise,711
yabusgu01,2026,2TM,summary-or-unresolved-franchise,719
youngch01,2026,2TM,summary-or-unresolved-franchise,723
youngtr01,2026,2TM,summary-or-unresolved-franchise,727
zubaciv01,2026,2TM,summary-or-unresolved-franchise,732
anderky01,2025,2TM,summary-or-unresolved-franchise,745
baglema01,2025,2TM,summary-or-unresolved-franchise,754
baldwpa01,2025,2TM,summary-or-unresolved-franchise,758
bambamo01,2025,2TM,summary-or-unresolved-franchise,763
beaucma01,2025,3TM,summary-or-unresolved-franchise,780
beekmre01,2025,2TM,summary-or-unresolved-franchise,784
bogdabo01,2025,2TM,summary-or-unresolved-franchise,790
brownbr01,2025,2TM,summary-or-unresolved-franchise,809
brownmo01,2025,2TM,summary-or-unresolved-franchise,814
bryanth01,2025,2TM,summary-or-unresolved-franchise,818
butleja02,2025,2TM,summary-or-unresolved-franchise,823
butleji01,2025,2TM,summary-or-unresolved-franchise,826
castlco01,2025,3TM,summary-or-unresolved-franchise,842
chrisma02,2025,2TM,summary-or-unresolved-franchise,852
cissosi01,2025,2TM,summary-or-unresolved-franchise,855
colliza01,2025,2TM,summary-or-unresolved-franchise,868
craigto01,2025,2TM,summary-or-unresolved-franchise,875
davisan02,2025,2TM,summary-or-unresolved-franchise,887
doncilu01,2025,2TM,summary-or-unresolved-franchise,901
eubandr01,2025,2TM,summary-or-unresolved-franchise,925
finnedo01,2025,2TM,summary-or-unresolved-franchise,932
foxde01,2025,2TM,summary-or-unresolved-franchise,939
greenja02,2025,2TM,summary-or-unresolved-franchise,965
grimequ01,2025,2TM,summary-or-unresolved-franchise,971
hoodsja01,2025,2TM,summary-or-unresolved-franchise,1001
huertke01,2025,2TM,summary-or-unresolved-franchise,1008
huntede01,2025,2TM,summary-or-unresolved-franchise,1013
hylanbo01,2025,2TM,summary-or-unresolved-franchise,1016
jemistr01,2025,2TM,summary-or-unresolved-franchise,1037
johnsaj01,2025,2TM,summary-or-unresolved-franchise,1043
jonesco02,2025,2TM,summary-or-unresolved-franchise,1053
joneska01,2025,2TM,summary-or-unresolved-franchise,1060
jonestr01,2025,2TM,summary-or-unresolved-franchise,1065
kelleky01,2025,2TM,summary-or-unresolved-franchise,1074
kuzmaky01,2025,2TM,summary-or-unresolved-franchise,1091
laravja01,2025,2TM,summary-or-unresolved-franchise,1096
lavinza01,2025,2TM,summary-or-unresolved-franchise,1100
lenal01,2025,2TM,summary-or-unresolved-franchise,1105
leverca01,2025,2TM,summary-or-unresolved-franchise,1110
lewisma05,2025,2TM,summary-or-unresolved-franchise,1113
mannte01,2025,2TM,summary-or-unresolved-franchise,1126
martica02,2025,2TM,summary-or-unresolved-franchise,1132
martico01,2025,2TM,summary-or-unresolved-franchise,1135
martija02,2025,2TM,summary-or-unresolved-franchise,1138
martike04,2025,2TM,summary-or-unresolved-franchise,1141
mclaujo01,2025,2TM,summary-or-unresolved-franchise,1159
micicva01,2025,2TM,summary-or-unresolved-franchise,1165
middlkh01,2025,2TM,summary-or-unresolved-franchise,1168
millspa02,2025,2TM,summary-or-unresolved-franchise,1175
miltosh01,2025,2TM,summary-or-unresolved-franchise,1178
mitchda01,2025,2TM,summary-or-unresolved-franchise,1186
moorewe01,2025,2TM,summary-or-unresolved-franchise,1196
morrima02,2025,2TM,summary-or-unresolved-franchise,1200
nancepe01,2025,2TM,summary-or-unresolved-franchise,1211
newtotr01,2025,2TM,summary-or-unresolved-franchise,1216
niangge01,2025,2TM,summary-or-unresolved-franchise,1220
nurkiju01,2025,2TM,summary-or-unresolved-franchise,1227
okekech01,2025,2TM,summary-or-unresolved-franchise,1231
okogijo01,2025,2TM,summary-or-unresolved-franchise,1234
olynyke01,2025,2TM,summary-or-unresolved-franchise,1240
paytoel01,2025,2TM,summary-or-unresolved-franchise,1247
porteke02,2025,2TM,summary-or-unresolved-franchise,1261
quinole01,2025,2TM,summary-or-unresolved-franchise,1278
reeseal01,2025,2TM,summary-or-unresolved-franchise,1286
rhodeja01,2025,2TM,summary-or-unresolved-franchise,1291
richani01,2025,2TM,summary-or-unresolved-franchise,1295
robinor01,2025,2TM,summary-or-unresolved-franchise,1303
roddyda01,2025,3TM,summary-or-unresolved-franchise,1306
russeda01,2025,2TM,summary-or-unresolved-franchise,1314
schrode01,2025,3TM,summary-or-unresolved-franchise,1326
simmobe01,2025,2TM,summary-or-unresolved-franchise,1341
simsje01,2025,2TM,summary-or-unresolved-franchise,1347
smartma01,2025,2TM,summary-or-unresolved-franchise,1350
sprinja01,2025,2TM,summary-or-unresolved-franchise,1362
swideco01,2025,2TM,summary-or-unresolved-franchise,1371
thorjt01,2025,2TM,summary-or-unresolved-franchise,1385
toppija01,2025,2TM,summary-or-unresolved-franchise,1392
valanjo01,2025,2TM,summary-or-unresolved-franchise,1405
waterli01,2025,2TM,summary-or-unresolved-franchise,1427
wiggian01,2025,2TM,summary-or-unresolved-franchise,1443
wrighde01,2025,2TM,summary-or-unresolved-franchise,1463
achiupr01,2024,2TM,summary-or-unresolved-franchise,1470
agbajoc01,2024,2TM,summary-or-unresolved-franchise,1474
anunoog01,2024,2TM,summary-or-unresolved-franchise,1487
baglema01,2024,2TM,summary-or-unresolved-franchise,1495
bantoda01,2024,2TM,summary-or-unresolved-franchise,1504
barrerj01,2024,2TM,summary-or-unresolved-franchise,1510
bateske01,2024,2TM,summary-or-unresolved-franchise,1515
batumni01,2024,2TM,summary-or-unresolved-franchise,1518
bazleda01,2024,2TM,summary-or-unresolved-franchise,1521
bertada01,2024,2TM,summary-or-unresolved-franchise,1528
beverpa01,2024,2TM,summary-or-unresolved-franchise,1531
biyombi01,2024,2TM,summary-or-unresolved-franchise,1537
bogdabo02,2024,2TM,summary-or-unresolved-franchise,1544
boldema01,2024,2TM,summary-or-unresolved-franchise,1548
bouyeja01,2024,2TM,summary-or-unresolved-franchise,1555
brownbr01,2024,2TM,summary-or-unresolved-franchise,1567
browntr01,2024,2TM,summary-or-unresolved-franchise,1576
burksal01,2024,2TM,summary-or-unresolved-franchise,1583
covinro01,2024,2TM,summary-or-unresolved-franchise,1613
curryse01,2024,2TM,summary-or-unresolved-franchise,1620
diakima01,2024,2TM,summary-or-unresolved-franchise,1631
dinwisp01,2024,2TM,summary-or-unresolved-franchise,1637
evbuoto01,2024,2TM,summary-or-unresolved-franchise,1658
flynnma01,2024,3TM,summary-or-unresolved-franchise,1665
fontesi01,2024,2TM,summary-or-unresolved-franchise,1669
fournev01,2024,2TM,summary-or-unresolved-franchise,1674
fudgeal01,2024,2TM,summary-or-unresolved-franchise,1679
gaffoda01,2024,2TM,summary-or-unresolved-franchise,1685
gallida01,2024,3TM,summary-or-unresolved-franchise,1688
gibsota01,2024,2TM,summary-or-unresolved-franchise,1698
gilesha01,2024,2TM,summary-or-unresolved-franchise,1702
gilyaja01,2024,2TM,summary-or-unresolved-franchise,1708
goodwjo01,2024,2TM,summary-or-unresolved-franchise,1712
grimequ01,2024,2TM,summary-or-unresolved-franchise,1728
haywago01,2024,2TM,summary-or-unresolved-franchise,1752
hieldbu01,2024,2TM,summary-or-unresolved-franchise,1758
holmeri01,2024,2TM,summary-or-unresolved-franchise,1767
jemistr01,2024,2TM,summary-or-unresolved-franchise,1799
lewiski01,2024,3TM,summary-or-unresolved-franchise,1842
loftoke01,2024,3TM,summary-or-unresolved-franchise,1853
lowryky01,2024,2TM,summary-or-unresolved-franchise,1861
maledth01,2024,2TM,summary-or-unresolved-franchise,1866
manntr01,2024,2TM,summary-or-unresolved-franchise,1871
martike04,2024,2TM,summary-or-unresolved-franchise,1879
mayssk01,2024,2TM,summary-or-unresolved-franchise,1886
mcderdo01,2024,2TM,summary-or-unresolved-franchise,1894
metuch01,2024,2TM,summary-or-unresolved-franchise,1903
micicva01,2024,2TM,summary-or-unresolved-franchise,1906
millspa02,2024,2TM,summary-or-unresolved-franchise,1913
miltosh01,2024,3TM,summary-or-unresolved-franchise,1916
morrima03,2024,2TM,summary-or-unresolved-franchise,1933
morrimo01,2024,2TM,summary-or-unresolved-franchise,1936
muscami01,2024,3TM,summary-or-unresolved-franchise,1944
nowelja01,2024,2TM,summary-or-unresolved-franchise,1956
nworajo01,2024,2TM,summary-or-unresolved-franchise,1962
olynyke01,2024,2TM,summary-or-unresolved-franchise,1969
onealro01,2024,2TM,summary-or-unresolved-franchise,1973
payneca01,2024,2TM,summary-or-unresolved-franchise,1979
petrufi01,2024,2TM,summary-or-unresolved-franchise,1985
pokusal01,2024,2TM,summary-or-unresolved-franchise,1994
quickim01,2024,2TM,summary-or-unresolved-franchise,2014
roddyda01,2024,2TM,summary-or-unresolved-franchise,2033
rolliry01,2024,2TM,summary-or-unresolved-franchise,2036
roziete01,2024,2TM,summary-or-unresolved-franchise,2040
schrode01,2024,2TM,summary-or-unresolved-franchise,2055
siakapa01,2024,2TM,summary-or-unresolved-franchise,2066
sprinja01,2024,2TM,summary-or-unresolved-franchise,2087
stevela01,2024,2TM,summary-or-unresolved-franchise,2090
theisda01,2024,2TM,summary-or-unresolved-franchise,2103
tillmxa01,2024,2TM,summary-or-unresolved-franchise,2114
tuckepj01,2024,2TM,summary-or-unresolved-franchise,2123
wainris01,2024,2TM,summary-or-unresolved-franchise,2140
washipj01,2024,2TM,summary-or-unresolved-franchise,2149
watanyu01,2024,2TM,summary-or-unresolved-franchise,2153
willigr01,2024,2TM,summary-or-unresolved-franchise,2172
windldy01,2024,3TM,summary-or-unresolved-franchise,2188
wrighde01,2024,2TM,summary-or-unresolved-franchise,2195
youngth01,2024,2TM,summary-or-unresolved-franchise,2198
alexani01,2023,2TM,summary-or-unresolved-franchise,2210
arcidry01,2023,2TM,summary-or-unresolved-franchise,2221
bambamo01,2023,2TM,summary-or-unresolved-franchise,2230
bartowi01,2023,2TM,summary-or-unresolved-franchise,2240
bazleda01,2023,2TM,summary-or-unresolved-franchise,2246
beaslma01,2023,2TM,summary-or-unresolved-franchise,2250
beverpa01,2023,2TM,summary-or-unresolved-franchise,2255
beysa01,2023,2TM,summary-or-unresolved-franchise,2258
bitadgo01,2023,2TM,summary-or-unresolved-franchise,2262
bouyeja01,2023,2TM,summary-or-unresolved-franchise,2275
bridgmi01,2023,2TM,summary-or-unresolved-franchise,2282
brownmo01,2023,2TM,summary-or-unresolved-franchise,2292
bryanth01,2023,2TM,summary-or-unresolved-franchise,2298
champju01,2023,2TM,summary-or-unresolved-franchise,2317
champju02,2023,2TM,summary-or-unresolved-franchise,2320
conlemi01,2023,2TM,summary-or-unresolved-franchise,2333
dedmode01,2023,2TM,summary-or-unresolved-franchise,2351
dinwisp01,2023,2TM,summary-or-unresolved-franchise,2361
dragigo01,2023,2TM,summary-or-unresolved-franchise,2372
duranke01,2023,2TM,summary-or-unresolved-franchise,2379
edwarke02,2023,2TM,summary-or-unresolved-franchise,2385
fernabr01,2023,2TM,summary-or-unresolved-franchise,2391
finnedo01,2023,2TM,summary-or-unresolved-franchise,2394
gordoer01,2023,2TM,summary-or-unresolved-franchise,2420
grahade01,2023,2TM,summary-or-unresolved-franchise,2423
greenda02,2023,2TM,summary-or-unresolved-franchise,2429
hachiru01,2023,2TM,summary-or-unresolved-franchise,2441
hamptrj01,2023,2TM,summary-or-unresolved-franchise,2446
hartjo01,2023,2TM,summary-or-unresolved-franchise,2460
hillge01,2023,2TM,summary-or-unresolved-franchise,2473
holidju01,2023,2TM,summary-or-unresolved-franchise,2479
hylanbo01,2023,2TM,summary-or-unresolved-franchise,2491
irvinky01,2023,2TM,summary-or-unresolved-franchise,2498
jacksre01,2023,2TM,summary-or-unresolved-franchise,2508
johnsca02,2023,2TM,summary-or-unresolved-franchise,2515
jonesda03,2023,2TM,summary-or-unresolved-franchise,2525
kaminfr01,2023,2TM,summary-or-unresolved-franchise,2538
kennalu01,2023,2TM,summary-or-unresolved-franchise,2542
knoxke01,2023,2TM,summary-or-unresolved-franchise,2551
lawsoaj01,2023,2TM,summary-or-unresolved-franchise,2566
leesa01,2023,2TM,summary-or-unresolved-franchise,2570
loveke01,2023,2TM,summary-or-unresolved-franchise,2585
mamuksa01,2023,2TM,summary-or-unresolved-franchise,2591
mathega01,2023,2TM,summary-or-unresolved-franchise,2603
mcdanja01,2023,2TM,summary-or-unresolved-franchise,2614
morrima02,2023,2TM,summary-or-unresolved-franchise,2641
muscami01,2023,2TM,summary-or-unresolved-franchise,2650
mykhasv01,2023,2TM,summary-or-unresolved-franchise,2653
noelne01,2023,2TM,summary-or-unresolved-franchise,2663
nunnke01,2023,2TM,summary-or-unresolved-franchise,2668
nworajo01,2023,2TM,summary-or-unresolved-franchise,2672
omorueu01,2023,2TM,summary-or-unresolved-franchise,2682
paytoga02,2023,2TM,summary-or-unresolved-franchise,2690
plumlma01,2023,2TM,summary-or-unresolved-franchise,2695
poeltja01,2023,2TM,summary-or-unresolved-franchise,2698
reddica01,2023,2TM,summary-or-unresolved-franchise,2721
reedda01,2023,2TM,summary-or-unresolved-franchise,2724
richajo01,2023,2TM,summary-or-unresolved-franchise,2730
rosste01,2023,2TM,summary-or-unresolved-franchise,2743
russeda01,2023,2TM,summary-or-unresolved-franchise,2748
ryanma01,2023,2TM,summary-or-unresolved-franchise,2751
saricda01,2023,2TM,summary-or-unresolved-franchise,2756
smithdr01,2023,2TM,summary-or-unresolved-franchise,2779
taylote01,2023,2TM,summary-or-unresolved-franchise,2796
thybuma01,2023,2TM,summary-or-unresolved-franchise,2805
toscaju01,2023,2TM,summary-or-unresolved-franchise,2811
vandeja01,2023,2TM,summary-or-unresolved-franchise,2820
warretj01,2023,2TM,summary-or-unresolved-franchise,2836
westbru01,2023,2TM,summary-or-unresolved-franchise,2847
wisemja01,2023,2TM,summary-or-unresolved-franchise,2872
alexani01,2022,2TM,summary-or-unresolved-franchise,2889
anderju01,2022,2TM,summary-or-unresolved-franchise,2895
augusdj01,2022,2TM,summary-or-unresolved-franchise,2906
baglema01,2022,2TM,summary-or-unresolved-franchise,2913
bembrde01,2022,2TM,summary-or-unresolved-franchise,2935
bertada01,2022,2TM,summary-or-unresolved-franchise,2938
brookar01,2022,2TM,summary-or-unresolved-franchise,2965
brownch02,2022,2TM,summary-or-unresolved-franchise,2970
brownch05,2022,2TM,summary-or-unresolved-franchise,2973
brownmo01,2022,2TM,summary-or-unresolved-franchise,2978
careyve01,2022,2TM,summary-or-unresolved-franchise,2997
carteje01,2022,2TM,summary-or-unresolved-franchise,3000
caulewi01,2022,2TM,summary-or-unresolved-franchise,3005
couside01,2022,2TM,summary-or-unresolved-franchise,3027
covinro01,2022,2TM,summary-or-unresolved-franchise,3030
craigto01,2022,2TM,summary-or-unresolved-franchise,3033
curryse01,2022,2TM,summary-or-unresolved-franchise,3040
dinwisp01,2022,2TM,summary-or-unresolved-franchise,3056
divindo01,2022,2TM,summary-or-unresolved-franchise,3059
dowtije01,2022,3TM,summary-or-unresolved-franchise,3068
dragigo01,2022,2TM,summary-or-unresolved-franchise,3073
drumman01,2022,2TM,summary-or-unresolved-franchise,3076
ennisja01,2022,3TM,summary-or-unresolved-franchise,3091
eubandr01,2022,2TM,summary-or-unresolved-franchise,3095
fernabr01,2022,2TM,summary-or-unresolved-franchise,3100
fittsma01,2022,2TM,summary-or-unresolved-franchise,3104
forbebr01,2022,2TM,summary-or-unresolved-franchise,3108
fraziti01,2022,2TM,summary-or-unresolved-franchise,3116
gabriwe01,2022,3TM,summary-or-unresolved-franchise,3120
gallola01,2022,2TM,summary-or-unresolved-franchise,3126
halibty01,2022,2TM,summary-or-unresolved-franchise,3159
hardeja01,2022,2TM,summary-or-unresolved-franchise,3165
harremo01,2022,2TM,summary-or-unresolved-franchise,3170
hartjo01,2022,2TM,summary-or-unresolved-franchise,3178
hernaju01,2022,3TM,summary-or-unresolved-franchise,3187
hieldbu01,2022,2TM,summary-or-unresolved-franchise,3193
hillma01,2022,2TM,summary-or-unresolved-franchise,3198
holidaa01,2022,2TM,summary-or-unresolved-franchise,3204
holidju01,2022,2TM,summary-or-unresolved-franchise,3208
hoodro01,2022,2TM,summary-or-unresolved-franchise,3212
houseda01,2022,3TM,summary-or-unresolved-franchise,3218
hugheel01,2022,2TM,summary-or-unresolved-franchise,3226
ibakase01,2022,2TM,summary-or-unresolved-franchise,3233
jacksjo02,2022,2TM,summary-or-unresolved-franchise,3244
jacksju01,2022,2TM,summary-or-unresolved-franchise,3247
johnsal02,2022,3TM,summary-or-unresolved-franchise,3256
johnske07,2022,2TM,summary-or-unresolved-franchise,3267
johnsty01,2022,2TM,summary-or-unresolved-franchise,3271
jonesca03,2022,2TM,summary-or-unresolved-franchise,3275
jordade01,2022,2TM,summary-or-unresolved-franchise,3286
kalaige01,2022,2TM,summary-or-unresolved-franchise,3290
keybr01,2022,2TM,summary-or-unresolved-franchise,3296
knoxke01,2022,2TM,summary-or-unresolved-franchise,3305
kornelu01,2022,3TM,summary-or-unresolved-franchise,3310
lambje01,2022,2TM,summary-or-unresolved-franchise,3319
langfro01,2022,2TM,summary-or-unresolved-franchise,3323
leverca01,2022,2TM,summary-or-unresolved-franchise,3331
louzama01,2022,2TM,summary-or-unresolved-franchise,3342
lylestr01,2022,2TM,summary-or-unresolved-franchise,3349
martike03,2022,2TM,summary-or-unresolved-franchise,3361
mccluma01,2022,2TM,summary-or-unresolved-franchise,3371
mccolcj01,2022,2TM,summary-or-unresolved-franchise,3374
millspa01,2022,2TM,summary-or-unresolved-franchise,3393
monrogr01,2022,4TM,summary-or-unresolved-franchise,3402
morgaju01,2022,2TM,summary-or-unresolved-franchise,3411
muldemy01,2022,2TM,summary-or-unresolved-franchise,3419
nancela02,2022,2TM,summary-or-unresolved-franchise,3428
ojelese01,2022,2TM,summary-or-unresolved-franchise,3444
perryre01,2022,2TM,summary-or-unresolved-franchise,3471
porzikr01,2022,2TM,summary-or-unresolved-franchise,3485
powelno01,2022,2TM,summary-or-unresolved-franchise,3491
reddica01,2022,2TM,summary-or-unresolved-franchise,3503
richajo01,2022,2TM,summary-or-unresolved-franchise,3509
robinju01,2022,3TM,summary-or-unresolved-franchise,3516
rondora01,2022,2TM,summary-or-unresolved-franchise,3522
sabondo01,2022,2TM,summary-or-unresolved-franchise,3531
satorto01,2022,3TM,summary-or-unresolved-franchise,3535
schrode01,2022,2TM,summary-or-unresolved-franchise,3541
silvach01,2022,2TM,summary-or-unresolved-franchise,3552
smartja01,2022,2TM,summary-or-unresolved-franchise,3560
smithis01,2022,2TM,summary-or-unresolved-franchise,3565
smithja04,2022,2TM,summary-or-unresolved-franchise,3568
sneedxa01,2022,2TM,summary-or-unresolved-franchise,3571
snellto01,2022,2TM,summary-or-unresolved-franchise,3574
stausni01,2022,2TM,summary-or-unresolved-franchise,3579
stephla01,2022,2TM,summary-or-unresolved-franchise,3582
theisda01,2022,2TM,summary-or-unresolved-franchise,3598
thomais02,2022,3TM,summary-or-unresolved-franchise,3603
thomptr01,2022,3TM,summary-or-unresolved-franchise,3609
tuckera01,2022,2TM,summary-or-unresolved-franchise,3623
valende01,2022,2TM,summary-or-unresolved-franchise,3628
wanambr01,2022,2TM,summary-or-unresolved-franchise,3645
watertr01,2022,2TM,summary-or-unresolved-franchise,3652
whitede01,2022,2TM,summary-or-unresolved-franchise,3660
winslju01,2022,2TM,summary-or-unresolved-franchise,3677
wrighmo01,2022,2TM,summary-or-unresolved-franchise,3685
youngth01,2022,2TM,summary-or-unresolved-franchise,3689
aldrila01,2021,2TM,summary-or-unresolved-franchise,3700
allenja01,2021,2TM,summary-or-unresolved-franchise,3706
aminual01,2021,2TM,summary-or-unresolved-franchise,3709
augusdj01,2021,2TM,summary-or-unresolved-franchise,3721
belljo01,2021,2TM,summary-or-unresolved-franchise,3743
birchkh01,2021,2TM,summary-or-unresolved-franchise,3751
bjeline01,2021,2TM,summary-or-unresolved-franchise,3756
bradlav01,2021,2TM,summary-or-unresolved-franchise,3770
bradlto01,2021,2TM,summary-or-unresolved-franchise,3773
brazdig01,2021,3TM,summary-or-unresolved-franchise,3777
browntr01,2021,2TM,summary-or-unresolved-franchise,3793
cartewe01,2021,2TM,summary-or-unresolved-franchise,3813
clarkga01,2021,3TM,summary-or-unresolved-franchise,3821
cookqu01,2021,2TM,summary-or-unresolved-franchise,3831
cookty01,2021,2TM,summary-or-unresolved-franchise,3834
couside01,2021,2TM,summary-or-unresolved-franchise,3837
craigto01,2021,2TM,summary-or-unresolved-franchise,3841
daviste02,2021,2TM,summary-or-unresolved-franchise,3851
diallha01,2021,2TM,summary-or-unresolved-franchise,3859
dienggo01,2021,2TM,summary-or-unresolved-franchise,3862
drumman01,2021,2TM,summary-or-unresolved-franchise,3874
ferreyo01,2021,2TM,summary-or-unresolved-franchise,3894
fournev01,2021,2TM,summary-or-unresolved-franchise,3902
gaffoda01,2021,2TM,summary-or-unresolved-franchise,3910
gordoaa01,2021,2TM,summary-or-unresolved-franchise,3926
greenja02,2021,2TM,summary-or-unresolved-franchise,3935
griffbl01,2021,2TM,summary-or-unresolved-franchise,3940
hamptrj01,2021,2TM,summary-or-unresolved-franchise,3949
hardeja01,2021,2TM,summary-or-unresolved-franchise,3953
harklma01,2021,2TM,summary-or-unresolved-franchise,3956
harriga01,2021,2TM,summary-or-unresolved-franchise,3961
harrish01,2021,2TM,summary-or-unresolved-franchise,3966
harteis01,2021,2TM,summary-or-unresolved-franchise,3970
hillge01,2021,2TM,summary-or-unresolved-franchise,3982
hoodro01,2021,2TM,summary-or-unresolved-franchise,3993
hutchch01,2021,2TM,summary-or-unresolved-franchise,4004
iwundwe01,2021,2TM,summary-or-unresolved-franchise,4013
jacksju01,2021,2TM,summary-or-unresolved-franchise,4019
jeffrda01,2021,2TM,summary-or-unresolved-franchise,4026
johnsja01,2021,2TM,summary-or-unresolved-franchise,4033
jonesda03,2021,3TM,summary-or-unresolved-franchise,4040
jonesma05,2021,2TM,summary-or-unresolved-franchise,4045
josepco01,2021,2TM,summary-or-unresolved-franchise,4051
kabenmf01,2021,2TM,summary-or-unresolved-franchise,4054
kornelu01,2021,2TM,summary-or-unresolved-franchise,4066
kurucro01,2021,3TM,summary-or-unresolved-franchise,4069
lenal01,2021,2TM,summary-or-unresolved-franchise,4083
leverca01,2021,2TM,summary-or-unresolved-franchise,4088
mcgeeja01,2021,2TM,summary-or-unresolved-franchise,4129
mclembe01,2021,2TM,summary-or-unresolved-franchise,4135
mellini01,2021,2TM,summary-or-unresolved-franchise,4138
mykhasv01,2021,2TM,summary-or-unresolved-franchise,4162
oladivi01,2021,3TM,summary-or-unresolved-franchise,4186
olynyke01,2021,2TM,summary-or-unresolved-franchise,4191
parkeja01,2021,2TM,summary-or-unresolved-franchise,4199
pelleno01,2021,3TM,summary-or-unresolved-franchise,4210
porteot01,2021,2TM,summary-or-unresolved-franchise,4224
powelno01,2021,2TM,summary-or-unresolved-franchise,4230
princta02,2021,2TM,summary-or-unresolved-franchise,4233
redicjj01,2021,2TM,summary-or-unresolved-franchise,4242
reynoca01,2021,2TM,summary-or-unresolved-franchise,4247
riverau01,2021,2TM,summary-or-unresolved-franchise,4253
rondora01,2021,2TM,summary-or-unresolved-franchise,4263
rosede01,2021,2TM,summary-or-unresolved-franchise,4266
silvach01,2021,2TM,summary-or-unresolved-franchise,4285
smithde03,2021,2TM,summary-or-unresolved-franchise,4293
teaguje01,2021,2TM,summary-or-unresolved-franchise,4307
theisda01,2021,2TM,summary-or-unresolved-franchise,4312
thomabr01,2021,2TM,summary-or-unresolved-franchise,4315
thomama02,2021,2TM,summary-or-unresolved-franchise,4320
thornsi01,2021,2TM,summary-or-unresolved-franchise,4324
trentga02,2021,2TM,summary-or-unresolved-franchise,4335
tuckepj01,2021,2TM,summary-or-unresolved-franchise,4338
vucevni01,2021,2TM,summary-or-unresolved-franchise,4351
wagnemo01,2021,3TM,summary-or-unresolved-franchise,4355
wanambr01,2021,2TM,summary-or-unresolved-franchise,4362
willilo02,2021,2TM,summary-or-unresolved-franchise,4379
wilsodj01,2021,2TM,summary-or-unresolved-franchise,4385
wrighde01,2021,2TM,summary-or-unresolved-franchise,4394
arizatr01,2020,2TM,summary-or-unresolved-franchise,4419
bateske01,2020,2TM,summary-or-unresolved-franchise,4432
bazemke01,2020,2TM,summary-or-unresolved-franchise,4437
beaslma01,2020,2TM,summary-or-unresolved-franchise,4442
belljo01,2020,2TM,summary-or-unresolved-franchise,4446
bendedr01,2020,2TM,summary-or-unresolved-franchise,4450
boldejo01,2020,2TM,summary-or-unresolved-franchise,4463
burketr01,2020,2TM,summary-or-unresolved-franchise,4493
burksal01,2020,2TM,summary-or-unresolved-franchise,4496
cabocbr01,2020,2TM,summary-or-unresolved-franchise,4501
carrode01,2020,2TM,summary-or-unresolved-franchise,4508
caulewi01,2020,2TM,summary-or-unresolved-franchise,4516
chiozch01,2020,2TM,summary-or-unresolved-franchise,4523
clarkga01,2020,2TM,summary-or-unresolved-franchise,4528
clarkjo01,2020,2TM,summary-or-unresolved-franchise,4531
cookty01,2020,2TM,summary-or-unresolved-franchise,4543
covinro01,2020,2TM,summary-or-unresolved-franchise,4546
crabbal01,2020,2TM,summary-or-unresolved-franchise,4549
crowdja01,2020,2TM,summary-or-unresolved-franchise,4554
danietr01,2020,2TM,summary-or-unresolved-franchise,4560
dedmode01,2020,2TM,summary-or-unresolved-franchise,4566
dienggo01,2020,2TM,summary-or-unresolved-franchise,4573
drumman01,2020,2TM,summary-or-unresolved-franchise,4584
ennisja01,2020,2TM,summary-or-unresolved-franchise,4593
evansja02,2020,2TM,summary-or-unresolved-franchise,4597
exumda01,2020,2TM,summary-or-unresolved-franchise,4600
gabriwe01,2020,2TM,summary-or-unresolved-franchise,4617
grahatr01,2020,2TM,summary-or-unresolved-franchise,4635
greenje02,2020,2TM,summary-or-unresolved-franchise,4645
halldo01,2020,2TM,summary-or-unresolved-franchise,4653
harklma01,2020,2TM,summary-or-unresolved-franchise,4659
hensojo01,2020,2TM,summary-or-unresolved-franchise,4673
hernaju01,2020,2TM,summary-or-unresolved-franchise,4677
hillso01,2020,2TM,summary-or-unresolved-franchise,4686
jacksre01,2020,2TM,summary-or-unresolved-franchise,4716
johnsja01,2020,2TM,summary-or-unresolved-franchise,4727
johnsty01,2020,2TM,summary-or-unresolved-franchise,4732
kiddgmi01,2020,2TM,summary-or-unresolved-franchise,4745
knighbr03,2020,2TM,summary-or-unresolved-franchise,4751
lenal01,2020,2TM,summary-or-unresolved-franchise,4771
mcraejo01,2020,3TM,summary-or-unresolved-franchise,4812
morrima02,2020,2TM,summary-or-unresolved-franchise,4834
morrima03,2020,2TM,summary-or-unresolved-franchise,4837
napiesh01,2020,2TM,summary-or-unresolved-franchise,4851
norveza01,2020,2TM,summary-or-unresolved-franchise,4859
parkeja01,2020,2TM,summary-or-unresolved-franchise,4881
robingl02,2020,2TM,summary-or-unresolved-franchise,4918
robinje01,2020,2TM,summary-or-unresolved-franchise,4921
russeda01,2020,2TM,summary-or-unresolved-franchise,4932
swanica01,2020,2TM,summary-or-unresolved-franchise,4962
teaguje01,2020,2TM,summary-or-unresolved-franchise,4966
tollian01,2020,3TM,summary-or-unresolved-franchise,4978
uthofja01,2020,2TM,summary-or-unresolved-franchise,4990
vandeja01,2020,2TM,summary-or-unresolved-franchise,4995
vonleno01,2020,2TM,summary-or-unresolved-franchise,5000
waitedi01,2020,2TM,summary-or-unresolved-franchise,5006
waltode01,2020,2TM,summary-or-unresolved-franchise,5012
watsopa01,2020,2TM,summary-or-unresolved-franchise,5020
wiggian01,2020,2TM,summary-or-unresolved-franchise,5028
willima02,2020,2TM,summary-or-unresolved-franchise,5035
anderry01,2019,2TM,summary-or-unresolved-franchise,5067
arizatr01,2019,2TM,summary-or-unresolved-franchise,5076
bakerro01,2019,2TM,summary-or-unresolved-franchise,5083
barneha02,2019,2TM,summary-or-unresolved-franchise,5090
bradlav01,2019,2TM,summary-or-unresolved-franchise,5122
breweco01,2019,2TM,summary-or-unresolved-franchise,5126
bullore01,2019,2TM,summary-or-unresolved-franchise,5143
burketr01,2019,2TM,summary-or-unresolved-franchise,5146
burksal01,2019,3TM,summary-or-unresolved-franchise,5149
butleji01,2019,2TM,summary-or-unresolved-franchise,5154
canaais01,2019,3TM,summary-or-unresolved-franchise,5160
cartemi01,2019,2TM,summary-or-unresolved-franchise,5167
chandty01,2019,2TM,summary-or-unresolved-franchise,5177
chandwi01,2019,2TM,summary-or-unresolved-franchise,5180
chrisma01,2019,2TM,summary-or-unresolved-franchise,5185
covinro01,2019,2TM,summary-or-unresolved-franchise,5199
creekmi01,2019,2TM,summary-or-unresolved-franchise,5205
dekkesa01,2019,2TM,summary-or-unresolved-franchise,5218
dellama01,2019,2TM,summary-or-unresolved-franchise,5222
dorsety01,2019,2TM,summary-or-unresolved-franchise,5234
ellenhe01,2019,2TM,summary-or-unresolved-franchise,5246
ellinwa01,2019,2TM,summary-or-unresolved-franchise,5249
ennisja01,2019,2TM,summary-or-unresolved-franchise,5253
evansja01,2019,2TM,summary-or-unresolved-franchise,5257
farieke01,2019,2TM,summary-or-unresolved-franchise,5263
fraziti01,2019,2TM,summary-or-unresolved-franchise,5276
gasolma01,2019,2TM,summary-or-unresolved-franchise,5285
gasolpa01,2019,2TM,summary-or-unresolved-franchise,5288
greenja01,2019,2TM,summary-or-unresolved-franchise,5309
hardati02,2019,2TM,summary-or-unresolved-franchise,5316
harrian01,2019,3TM,summary-or-unresolved-franchise,5322
harrito02,2019,2TM,summary-or-unresolved-franchise,5330
hillge01,2019,2TM,summary-or-unresolved-franchise,5345
holidju01,2019,2TM,summary-or-unresolved-franchise,5351
hoodro01,2019,2TM,summary-or-unresolved-franchise,5357
jacksju01,2019,2TM,summary-or-unresolved-franchise,5380
jenkijo01,2019,2TM,summary-or-unresolved-franchise,5386
johnsbj01,2019,2TM,summary-or-unresolved-franchise,5392
johnsst04,2019,2TM,summary-or-unresolved-franchise,5396
johnsty01,2019,2TM,summary-or-unresolved-franchise,5399
johnswe01,2019,2TM,summary-or-unresolved-franchise,5402
jordade01,2019,2TM,summary-or-unresolved-franchise,5412
kanteen01,2019,2TM,summary-or-unresolved-franchise,5417
knighbr03,2019,2TM,summary-or-unresolved-franchise,5424
korveky01,2019,2TM,summary-or-unresolved-franchise,5430
labissk01,2019,2TM,summary-or-unresolved-franchise,5436
leeco01,2019,2TM,summary-or-unresolved-franchise,5443
linje01,2019,2TM,summary-or-unresolved-franchise,5454
luwawti01,2019,2TM,summary-or-unresolved-franchise,5466
macksh01,2019,2TM,summary-or-unresolved-franchise,5472
makerth01,2019,2TM,summary-or-unresolved-franchise,5478
marjabo01,2019,2TM,summary-or-unresolved-franchise,5481
matthwe02,2019,3TM,summary-or-unresolved-franchise,5488
mccawpa01,2019,2TM,summary-or-unresolved-franchise,5494
milescj01,2019,2TM,summary-or-unresolved-franchise,5510
mirotni01,2019,2TM,summary-or-unresolved-franchise,5518
monrogr01,2019,3TM,summary-or-unresolved-franchise,5524
moreler01,2019,2TM,summary-or-unresolved-franchise,5529
morrima02,2019,2TM,summary-or-unresolved-franchise,5533
muscami01,2019,2TM,summary-or-unresolved-franchise,5543
mykhasv01,2019,2TM,summary-or-unresolved-franchise,5546
nunnaja01,2019,2TM,summary-or-unresolved-franchise,5558
oubreke01,2019,2TM,summary-or-unresolved-franchise,5572
parkeja01,2019,2TM,summary-or-unresolved-franchise,5576
payneca01,2019,2TM,summary-or-unresolved-franchise,5584
porteot01,2019,2TM,summary-or-unresolved-franchise,5594
portibo01,2019,2TM,summary-or-unresolved-franchise,5597
riverau01,2019,2TM,summary-or-unresolved-franchise,5613
saricda01,2019,2TM,summary-or-unresolved-franchise,5630
scottmi01,2019,2TM,summary-or-unresolved-franchise,5635
seldewa01,2019,2TM,summary-or-unresolved-franchise,5639
shamela01,2019,2TM,summary-or-unresolved-franchise,5643
shumpim01,2019,2TM,summary-or-unresolved-franchise,5646
simmojo02,2019,2TM,summary-or-unresolved-franchise,5652
smithde03,2019,2TM,summary-or-unresolved-franchise,5658
smithja02,2019,3TM,summary-or-unresolved-franchise,5662
spaldra01,2019,2TM,summary-or-unresolved-franchise,5669
stausni01,2019,2TM,summary-or-unresolved-franchise,5673
swanica01,2019,2TM,summary-or-unresolved-franchise,5679
templga01,2019,2TM,summary-or-unresolved-franchise,5684
terryem01,2019,2TM,summary-or-unresolved-franchise,5689
valanjo01,2019,2TM,summary-or-unresolved-franchise,5708
woodch01,2019,2TM,summary-or-unresolved-franchise,5742
wrighde01,2019,2TM,summary-or-unresolved-franchise,5745
zellety01,2019,2TM,summary-or-unresolved-franchise,5753
zubaciv01,2019,2TM,summary-or-unresolved-franchise,5757
asikom01,2018,2TM,summary-or-unresolved-franchise,5782
babbilu01,2018,2TM,summary-or-unresolved-franchise,5786
belinma01,2018,2TM,summary-or-unresolved-franchise,5803
bledser01,2018,2TM,summary-or-unresolved-franchise,5817
booketr01,2018,3TM,summary-or-unresolved-franchise,5826
bradlav01,2018,2TM,summary-or-unresolved-franchise,5831
breweco01,2018,2TM,summary-or-unresolved-franchise,5835
cabocbr01,2018,2TM,summary-or-unresolved-franchise,5855
canaais01,2018,2TM,summary-or-unresolved-franchise,5860
clarkjo01,2018,2TM,summary-or-unresolved-franchise,5876
clevean01,2018,2TM,summary-or-unresolved-franchise,5880
crowdja01,2018,2TM,summary-or-unresolved-franchise,5900
cunnida01,2018,2TM,summary-or-unresolved-franchise,5903
drewla02,2018,2TM,summary-or-unresolved-franchise,5925
eddieja01,2018,2TM,summary-or-unresolved-franchise,5932
ennisja01,2018,2TM,summary-or-unresolved-franchise,5938
feldeka01,2018,2TM,summary-or-unresolved-franchise,5948
fryech01,2018,2TM,summary-or-unresolved-franchise,5960
griffbl01,2018,2TM,summary-or-unresolved-franchise,5987
harride01,2018,2TM,summary-or-unresolved-franchise,5997
harrito02,2018,2TM,summary-or-unresolved-franchise,6003
hayesni01,2018,3TM,summary-or-unresolved-franchise,6008
hernawi01,2018,2TM,summary-or-unresolved-franchise,6017
hillge01,2018,2TM,summary-or-unresolved-franchise,6024
hoodro01,2018,2TM,summary-or-unresolved-franchise,6034
ilyaser01,2018,2TM,summary-or-unresolved-franchise,6046
jacksde01,2018,2TM,summary-or-unresolved-franchise,6057
jamesmi02,2018,2TM,summary-or-unresolved-franchise,6064
johnsbr02,2018,2TM,summary-or-unresolved-franchise,6072
johnsjo02,2018,2TM,summary-or-unresolved-franchise,6077
jonesde02,2018,2TM,summary-or-unresolved-franchise,6086
jonesja04,2018,2TM,summary-or-unresolved-franchise,6089
kilpase01,2018,4TM,summary-or-unresolved-franchise,6099
liggide01,2018,2TM,summary-or-unresolved-franchise,6126
marjabo01,2018,2TM,summary-or-unresolved-franchise,6144
mcderdo01,2018,2TM,summary-or-unresolved-franchise,6159
mirotni01,2018,2TM,summary-or-unresolved-franchise,6177
monrogr01,2018,3TM,summary-or-unresolved-franchise,6183
mudiaem01,2018,2TM,summary-or-unresolved-franchise,6197
muhamsh01,2018,2TM,summary-or-unresolved-franchise,6200
nancela02,2018,2TM,summary-or-unresolved-franchise,6208
nelsoja01,2018,2TM,summary-or-unresolved-franchise,6212
okafoja01,2018,2TM,summary-or-unresolved-franchise,6227
papagge01,2018,2TM,summary-or-unresolved-franchise,6239
paytoel01,2018,2TM,summary-or-unresolved-franchise,6251
paytoga02,2018,2TM,summary-or-unresolved-franchise,6254
reedwi02,2018,2TM,summary-or-unresolved-franchise,6282
richama01,2018,2TM,summary-or-unresolved-franchise,6286
rosede01,2018,2TM,summary-or-unresolved-franchise,6294
sessira01,2018,2TM,summary-or-unresolved-franchise,6309
stausni01,2018,2TM,summary-or-unresolved-franchise,6327
thomais02,2018,2TM,summary-or-unresolved-franchise,6344
vaughra01,2018,3TM,summary-or-unresolved-franchise,6361
vonleno01,2018,2TM,summary-or-unresolved-franchise,6365
wadedw01,2018,2TM,summary-or-unresolved-franchise,6369
weberbr01,2018,2TM,summary-or-unresolved-franchise,6381
willitr02,2018,2TM,summary-or-unresolved-franchise,6400
wrighbr03,2018,2TM,summary-or-unresolved-franchise,6408
zellety01,2018,2TM,summary-or-unresolved-franchise,6418
acyqu01,2017,2TM,summary-or-unresolved-franchise,6425
anderju01,2017,2TM,summary-or-unresolved-franchise,6438
barnema02,2017,2TM,summary-or-unresolved-franchise,6457
bogdabo02,2017,2TM,summary-or-unresolved-franchise,6480
bogutan01,2017,2TM,summary-or-unresolved-franchise,6483
breweco01,2017,2TM,summary-or-unresolved-franchise,6490
brownan02,2017,2TM,summary-or-unresolved-franchise,6495
caldejo01,2017,2TM,summary-or-unresolved-franchise,6506
casspom01,2017,3TM,summary-or-unresolved-franchise,6515
cookqu01,2017,2TM,summary-or-unresolved-franchise,6532
couside01,2017,2TM,summary-or-unresolved-franchise,6535
dunlemi02,2017,2TM,summary-or-unresolved-franchise,6564
ennisty01,2017,2TM,summary-or-unresolved-franchise,6575
evansty01,2017,2TM,summary-or-unresolved-franchise,6578
ferreyo01,2017,2TM,summary-or-unresolved-franchise,6588
gallola01,2017,2TM,summary-or-unresolved-franchise,6598
gibsota01,2017,2TM,summary-or-unresolved-franchise,6610
goodwar01,2017,2TM,summary-or-unresolved-franchise,6615
grantje01,2017,2TM,summary-or-unresolved-franchise,6622
hawessp01,2017,2TM,summary-or-unresolved-franchise,6647
hibbero01,2017,2TM,summary-or-unresolved-franchise,6656
hieldbu01,2017,2TM,summary-or-unresolved-franchise,6659
ibakase01,2017,2TM,summary-or-unresolved-franchise,6679
ilyaser01,2017,3TM,summary-or-unresolved-franchise,6683
jennibr01,2017,2TM,summary-or-unresolved-franchise,6698
joneste01,2017,2TM,summary-or-unresolved-franchise,6714
korveky01,2017,2TM,summary-or-unresolved-franchise,6726
lauvejo01,2017,2TM,summary-or-unresolved-franchise,6734
liggide01,2017,2TM,summary-or-unresolved-franchise,6747
mcculch01,2017,2TM,summary-or-unresolved-franchise,6774
mcdankj01,2017,2TM,summary-or-unresolved-franchise,6777
mcderdo01,2017,2TM,summary-or-unresolved-franchise,6780
morroan01,2017,2TM,summary-or-unresolved-franchise,6802
nichoan01,2017,2TM,summary-or-unresolved-franchise,6819
noelne01,2017,2TM,summary-or-unresolved-franchise,6823
nurkiju01,2017,2TM,summary-or-unresolved-franchise,6829
obryajo01,2017,2TM,summary-or-unresolved-franchise,6833
payneca01,2017,2TM,summary-or-unresolved-franchise,6853
plumlma01,2017,2TM,summary-or-unresolved-franchise,6859
plumlmi01,2017,2TM,summary-or-unresolved-franchise,6863
randlch01,2017,2TM,summary-or-unresolved-franchise,6876
rosste01,2017,2TM,summary-or-unresolved-franchise,6893
seldewa01,2017,2TM,summary-or-unresolved-franchise,6909
stephla01,2017,3TM,summary-or-unresolved-franchise,6926
tavarwa01,2017,2TM,summary-or-unresolved-franchise,6934
thompho01,2017,2TM,summary-or-unresolved-franchise,6944
toupaax01,2017,2TM,summary-or-unresolved-franchise,6952
tuckepj01,2017,2TM,summary-or-unresolved-franchise,6956
weberbr01,2017,2TM,summary-or-unresolved-franchise,6979
willide01,2017,2TM,summary-or-unresolved-franchise,6990
willide02,2017,2TM,summary-or-unresolved-franchise,6993
willilo02,2017,2TM,summary-or-unresolved-franchise,6996
willitr02,2017,2TM,summary-or-unresolved-franchise,7001
anderch01,2016,2TM,summary-or-unresolved-franchise,7032
augusdj01,2016,2TM,summary-or-unresolved-franchise,7048
budinch01,2016,2TM,summary-or-unresolved-franchise,7089
chalmma01,2016,2TM,summary-or-unresolved-franchise,7108
cottobr01,2016,2TM,summary-or-unresolved-franchise,7122
cunnija01,2016,2TM,summary-or-unresolved-franchise,7131
ennisja01,2016,3TM,summary-or-unresolved-franchise,7161
foyera01,2016,2TM,summary-or-unresolved-franchise,7175
fraziti01,2016,2TM,summary-or-unresolved-franchise,7178
fredeji01,2016,2TM,summary-or-unresolved-franchise,7181
fryech01,2016,2TM,summary-or-unresolved-franchise,7184
greener01,2016,2TM,summary-or-unresolved-franchise,7208
greenje02,2016,2TM,summary-or-unresolved-franchise,7213
hairspj02,2016,2TM,summary-or-unresolved-franchise,7218
harrito02,2016,2TM,summary-or-unresolved-franchise,7232
hicksjj01,2016,2TM,summary-or-unresolved-franchise,7243
hinriki01,2016,2TM,summary-or-unresolved-franchise,7251
holidju01,2016,2TM,summary-or-unresolved-franchise,7255
holliry01,2016,2TM,summary-or-unresolved-franchise,7259
humphkr01,2016,3TM,summary-or-unresolved-franchise,7268
ilyaser01,2016,2TM,summary-or-unresolved-franchise,7275
jenkijo01,2016,2TM,summary-or-unresolved-franchise,7287
jennibr01,2016,2TM,summary-or-unresolved-franchise,7290
johnsjo02,2016,2TM,summary-or-unresolved-franchise,7297
johnsor01,2016,2TM,summary-or-unresolved-franchise,7300
kilpase01,2016,2TM,summary-or-unresolved-franchise,7320
lawsoty01,2016,2TM,summary-or-unresolved-franchise,7331
leeco01,2016,2TM,summary-or-unresolved-franchise,7334
leeda02,2016,2TM,summary-or-unresolved-franchise,7337
macksh01,2016,2TM,summary-or-unresolved-franchise,7353
martike02,2016,2TM,summary-or-unresolved-franchise,7361
mccalra01,2016,2TM,summary-or-unresolved-franchise,7368
mcraejo01,2016,2TM,summary-or-unresolved-franchise,7379
millean02,2016,2TM,summary-or-unresolved-franchise,7388
morrima02,2016,2TM,summary-or-unresolved-franchise,7401
novakst01,2016,2TM,summary-or-unresolved-franchise,7421
pressph01,2016,2TM,summary-or-unresolved-franchise,7456
roberbr01,2016,2TM,summary-or-unresolved-franchise,7469
sampsja02,2016,2TM,summary-or-unresolved-franchise,7484
smithis01,2016,2TM,summary-or-unresolved-franchise,7500
smithjo03,2016,2TM,summary-or-unresolved-franchise,7504
stephal01,2016,2TM,summary-or-unresolved-franchise,7513
stephla01,2016,2TM,summary-or-unresolved-franchise,7516
stokeja01,2016,2TM,summary-or-unresolved-franchise,7519
thompja02,2016,2TM,summary-or-unresolved-franchise,7533
thornma01,2016,2TM,summary-or-unresolved-franchise,7538
udrihbe01,2016,2TM,summary-or-unresolved-franchise,7547
varejan01,2016,2TM,summary-or-unresolved-franchise,7551
weberbr01,2016,2TM,summary-or-unresolved-franchise,7566
weemsso01,2016,2TM,summary-or-unresolved-franchise,7569
afflaar01,2015,2TM,summary-or-unresolved-franchise,7601
amundlo01,2015,2TM,summary-or-unresolved-franchise,7611
augusdj01,2015,2TM,summary-or-unresolved-franchise,7625
bartowi01,2015,2TM,summary-or-unresolved-franchise,7636
blackta01,2015,2TM,summary-or-unresolved-franchise,7652
breweco01,2015,2TM,summary-or-unresolved-franchise,7667
bullore01,2015,2TM,summary-or-unresolved-franchise,7677
canaais01,2015,2TM,summary-or-unresolved-franchise,7691
cartemi01,2015,2TM,summary-or-unresolved-franchise,7696
clarkia01,2015,2TM,summary-or-unresolved-franchise,7707
coleno01,2015,2TM,summary-or-unresolved-franchise,7712
crowdja01,2015,2TM,summary-or-unresolved-franchise,7725
danietr01,2015,3TM,summary-or-unresolved-franchise,7733
datomlu01,2015,2TM,summary-or-unresolved-franchise,7737
daviebr01,2015,2TM,summary-or-unresolved-franchise,7740
dayeau01,2015,2TM,summary-or-unresolved-franchise,7747
dragigo01,2015,2TM,summary-or-unresolved-franchise,7760
dragizo01,2015,2TM,summary-or-unresolved-franchise,7763
ennisty01,2015,2TM,summary-or-unresolved-franchise,7776
fraziti01,2015,2TM,summary-or-unresolved-franchise,7792
garneke01,2015,2TM,summary-or-unresolved-franchise,7801
geeal01,2015,2TM,summary-or-unresolved-franchise,7807
greenja01,2015,2TM,summary-or-unresolved-franchise,7827
greenje02,2015,2TM,summary-or-unresolved-franchise,7830
gutiejo01,2015,2TM,summary-or-unresolved-franchise,7835
hamilju01,2015,2TM,summary-or-unresolved-franchise,7840
jacksre01,2015,2TM,summary-or-unresolved-franchise,7881
jerebjo01,2015,2TM,summary-or-unresolved-franchise,7891
jerregr01,2015,2TM,summary-or-unresolved-franchise,7894
johnsch04,2015,3TM,summary-or-unresolved-franchise,7898
kanteen01,2015,2TM,summary-or-unresolved-franchise,7915
knighbr03,2015,2TM,summary-or-unresolved-franchise,7924
ledori01,2015,2TM,summary-or-unresolved-franchise,7936
mcdankj01,2015,2TM,summary-or-unresolved-franchise,7970
mcgeeja01,2015,2TM,summary-or-unresolved-franchise,7975
millean02,2015,2TM,summary-or-unresolved-franchise,7985
millequ01,2015,2TM,summary-or-unresolved-franchise,7990
mozgoti01,2015,2TM,summary-or-unresolved-franchise,8006
murryto01,2015,2TM,summary-or-unresolved-franchise,8010
nealga01,2015,2TM,summary-or-unresolved-franchise,8015
nelsoja01,2015,3TM,summary-or-unresolved-franchise,8018
novakst01,2015,2TM,summary-or-unresolved-franchise,8026
paynead01,2015,2TM,summary-or-unresolved-franchise,8044
perkike01,2015,2TM,summary-or-unresolved-franchise,8050
plumlmi01,2015,2TM,summary-or-unresolved-franchise,8055
pondequ01,2015,2TM,summary-or-unresolved-franchise,8058
poweldw01,2015,2TM,summary-or-unresolved-franchise,8062
priceaj01,2015,3TM,summary-or-unresolved-franchise,8066
prigipa01,2015,2TM,summary-or-unresolved-franchise,8071
princta01,2015,3TM,summary-or-unresolved-franchise,8074
randosh01,2015,2TM,summary-or-unresolved-franchise,8080
riverau01,2015,2TM,summary-or-unresolved-franchise,8088
robingl02,2015,2TM,summary-or-unresolved-franchise,8093
robinna01,2015,2TM,summary-or-unresolved-franchise,8096
robinth01,2015,2TM,summary-or-unresolved-franchise,8099
rondora01,2015,2TM,summary-or-unresolved-franchise,8102
sessira01,2015,2TM,summary-or-unresolved-franchise,8119
shumpim01,2015,2TM,summary-or-unresolved-franchise,8122
shvedal01,2015,3TM,summary-or-unresolved-franchise,8125
singlky01,2015,2TM,summary-or-unresolved-franchise,8130
smithis01,2015,2TM,summary-or-unresolved-franchise,8136
smithjo03,2015,2TM,summary-or-unresolved-franchise,8140
smithjr01,2015,2TM,summary-or-unresolved-franchise,8143
smithru01,2015,2TM,summary-or-unresolved-franchise,8146
stoudam01,2015,2TM,summary-or-unresolved-franchise,8157
thomais02,2015,2TM,summary-or-unresolved-franchise,8168
thomala01,2015,2TM,summary-or-unresolved-franchise,8171
thornma01,2015,2TM,summary-or-unresolved-franchise,8180
tollian01,2015,2TM,summary-or-unresolved-franchise,8183
waitedi01,2015,2TM,summary-or-unresolved-franchise,8199
williel01,2015,2TM,summary-or-unresolved-franchise,8219
willima01,2015,2TM,summary-or-unresolved-franchise,8223
willish03,2015,2TM,summary-or-unresolved-franchise,8228
woltena01,2015,2TM,summary-or-unresolved-franchise,8232
wrighbr03,2015,3TM,summary-or-unresolved-franchise,8235
youngth01,2015,2TM,summary-or-unresolved-franchise,8243
acyqu01,2014,2TM,summary-or-unresolved-franchise,8248
adrieje01,2014,2TM,summary-or-unresolved-franchise,8252
allenla01,2014,2TM,summary-or-unresolved-franchise,8259
amundlo01,2014,2TM,summary-or-unresolved-franchise,8265
anthojo01,2014,2TM,summary-or-unresolved-franchise,8274
augusdj01,2014,2TM,summary-or-unresolved-franchise,8283
bayleje01,2014,2TM,summary-or-unresolved-franchise,8298
bazemke01,2014,2TM,summary-or-unresolved-franchise,8302
blakest01,2014,2TM,summary-or-unresolved-franchise,8314
brewero02,2014,2TM,summary-or-unresolved-franchise,8329
brookaa01,2014,2TM,summary-or-unresolved-franchise,8332
brookma01,2014,3TM,summary-or-unresolved-franchise,8335
brownsh01,2014,2TM,summary-or-unresolved-franchise,8340
butleca01,2014,2TM,summary-or-unresolved-franchise,8348
bynuman01,2014,2TM,summary-or-unresolved-franchise,8354
clarkea01,2014,2TM,summary-or-unresolved-franchise,8371
crawfjo02,2014,2TM,summary-or-unresolved-franchise,8386
cunnija01,2014,2TM,summary-or-unresolved-franchise,8391
curryse01,2014,2TM,summary-or-unresolved-franchise,8394
davisgl01,2014,2TM,summary-or-unresolved-franchise,8404
dayeau01,2014,2TM,summary-or-unresolved-franchise,8407
decolna01,2014,2TM,summary-or-unresolved-franchise,8410
dedmode01,2014,3TM,summary-or-unresolved-franchise,8413
denglu01,2014,2TM,summary-or-unresolved-franchise,8418
douglto01,2014,2TM,summary-or-unresolved-franchise,8425
evansre01,2014,2TM,summary-or-unresolved-franchise,8439
fredeji01,2014,2TM,summary-or-unresolved-franchise,8454
gayru01,2014,2TM,summary-or-unresolved-franchise,8464
grangda01,2014,2TM,summary-or-unresolved-franchise,8478
grayaa01,2014,2TM,summary-or-unresolved-franchise,8481
hamiljo02,2014,2TM,summary-or-unresolved-franchise,8491
hamilju01,2014,2TM,summary-or-unresolved-franchise,8494
hawessp01,2014,2TM,summary-or-unresolved-franchise,8509
hayesch01,2014,2TM,summary-or-unresolved-franchise,8512
jeffeot01,2014,2TM,summary-or-unresolved-franchise,8547
johnsor01,2014,2TM,summary-or-unresolved-franchise,8559
leeco01,2014,2TM,summary-or-unresolved-franchise,8586
martica01,2014,2TM,summary-or-unresolved-franchise,8608
maynoer01,2014,2TM,summary-or-unresolved-franchise,8616
mbahalu01,2014,2TM,summary-or-unresolved-franchise,8620
millean02,2014,2TM,summary-or-unresolved-franchise,8632
morrida01,2014,3TM,summary-or-unresolved-franchise,8645
mulleby01,2014,2TM,summary-or-unresolved-franchise,8656
nealga01,2014,2TM,summary-or-unresolved-franchise,8664
nunnaja01,2014,2TM,summary-or-unresolved-franchise,8673
onuakar01,2014,2TM,summary-or-unresolved-franchise,8680
pattepa01,2014,2TM,summary-or-unresolved-franchise,8690
ridnolu01,2014,2TM,summary-or-unresolved-franchise,8715
salmojo01,2014,2TM,summary-or-unresolved-franchise,8729
sessira01,2014,2TM,summary-or-unresolved-franchise,8738
shengto01,2014,2TM,summary-or-unresolved-franchise,8742
simshe01,2014,2TM,summary-or-unresolved-franchise,8747
southja01,2014,2TM,summary-or-unresolved-franchise,8761
teaguma01,2014,2TM,summary-or-unresolved-franchise,8776
thomaad01,2014,2TM,summary-or-unresolved-franchise,8783
thomama01,2014,2TM,summary-or-unresolved-franchise,8788
thornma01,2014,2TM,summary-or-unresolved-franchise,8795
turneev01,2014,2TM,summary-or-unresolved-franchise,8803
udrihbe01,2014,2TM,summary-or-unresolved-franchise,8808
varnaja01,2014,2TM,summary-or-unresolved-franchise,8813
vasqugr01,2014,2TM,summary-or-unresolved-franchise,8816
veselja01,2014,2TM,summary-or-unresolved-franchise,8819
willide02,2014,2TM,summary-or-unresolved-franchise,8840
aldrico01,2013,2TM,summary-or-unresolved-franchise,8863
amundlo01,2013,3TM,summary-or-unresolved-franchise,8871
anderja01,2013,2TM,summary-or-unresolved-franchise,8877
ayongu01,2013,2TM,summary-or-unresolved-franchise,8888
barroea01,2013,2TM,summary-or-unresolved-franchise,8897
brewero02,2013,2TM,summary-or-unresolved-franchise,8928
brookaa01,2013,2TM,summary-or-unresolved-franchise,8931
caldejo01,2013,2TM,summary-or-unresolved-franchise,8943
collija04,2013,2TM,summary-or-unresolved-franchise,8959
cookda02,2013,2TM,summary-or-unresolved-franchise,8965
crawfjo02,2013,2TM,summary-or-unresolved-franchise,8971
davised01,2013,2TM,summary-or-unresolved-franchise,8982
dayeau01,2013,2TM,summary-or-unresolved-franchise,8986
douglto01,2013,2TM,summary-or-unresolved-franchise,8998
ellinwa01,2013,2TM,summary-or-unresolved-franchise,9009
fishede01,2013,2TM,summary-or-unresolved-franchise,9022
garcifr01,2013,2TM,summary-or-unresolved-franchise,9030
gayru01,2013,2TM,summary-or-unresolved-franchise,9037
haddaha01,2013,2TM,summary-or-unresolved-franchise,9059
harrite01,2013,2TM,summary-or-unresolved-franchise,9071
harrito02,2013,2TM,summary-or-unresolved-franchise,9074
jenkich01,2013,2TM,summary-or-unresolved-franchise,9119
jonesda02,2013,2TM,summary-or-unresolved-franchise,9134
josepkr01,2013,2TM,summary-or-unresolved-franchise,9146
lambdo01,2013,2TM,summary-or-unresolved-franchise,9159
leuerjo01,2013,2TM,summary-or-unresolved-franchise,9170
livinsh01,2013,2TM,summary-or-unresolved-franchise,9177
macksh01,2013,3TM,summary-or-unresolved-franchise,9186
maynoer01,2013,2TM,summary-or-unresolved-franchise,9200
mcguido01,2013,3TM,summary-or-unresolved-franchise,9206
mcrobjo01,2013,2TM,summary-or-unresolved-franchise,9210
morrima03,2013,2TM,summary-or-unresolved-franchise,9229
morroan01,2013,2TM,summary-or-unresolved-franchise,9232
pargoja01,2013,3TM,summary-or-unresolved-franchise,9256
pargoje01,2013,2TM,summary-or-unresolved-franchise,9260
pattepa01,2013,2TM,summary-or-unresolved-franchise,9265
pittmde01,2013,2TM,summary-or-unresolved-franchise,9276
princta01,2013,2TM,summary-or-unresolved-franchise,9284
redicjj01,2013,2TM,summary-or-unresolved-franchise,9293
robinth01,2013,2TM,summary-or-unresolved-franchise,9302
sloando01,2013,2TM,summary-or-unresolved-franchise,9326
smithis01,2013,2TM,summary-or-unresolved-franchise,9330
speigma01,2013,2TM,summary-or-unresolved-franchise,9337
telfase01,2013,2TM,summary-or-unresolved-franchise,9355
thomama01,2013,2TM,summary-or-unresolved-franchise,9364
tylerje01,2013,2TM,summary-or-unresolved-franchise,9378
udrihbe01,2013,2TM,summary-or-unresolved-franchise,9382
varnaja01,2013,2TM,summary-or-unresolved-franchise,9387
warriha01,2013,2TM,summary-or-unresolved-franchise,9401
waynsma01,2013,2TM,summary-or-unresolved-franchise,9406
barbole01,2012,2TM,summary-or-unresolved-franchise,9459
cambyma01,2012,2TM,summary-or-unresolved-franchise,9511
carrode01,2012,2TM,summary-or-unresolved-franchise,9515
cookbr01,2012,2TM,summary-or-unresolved-franchise,9532
dentmju01,2012,2TM,summary-or-unresolved-franchise,9553
diawbo01,2012,2TM,summary-or-unresolved-franchise,9557
ellismo01,2012,2TM,summary-or-unresolved-franchise,9573
eyengch01,2012,2TM,summary-or-unresolved-franchise,9583
fishede01,2012,2TM,summary-or-unresolved-franchise,9593
flynnjo01,2012,2TM,summary-or-unresolved-franchise,9596
fortsco01,2012,2TM,summary-or-unresolved-franchise,9602
gladnmi01,2012,2TM,summary-or-unresolved-franchise,9622
hicksjj01,2012,2TM,summary-or-unresolved-franchise,9660
hilarne01,2012,2TM,summary-or-unresolved-franchise,9664
hilljo01,2012,2TM,summary-or-unresolved-franchise,9669
holliry01,2012,2TM,summary-or-unresolved-franchise,9675
hudsole01,2012,2TM,summary-or-unresolved-franchise,9684
jacksst02,2012,2TM,summary-or-unresolved-franchise,9696
jefferi01,2012,2TM,summary-or-unresolved-franchise,9704
johnsar02,2012,2TM,summary-or-unresolved-franchise,9713
johnsch03,2012,2TM,summary-or-unresolved-franchise,9717
jonesso01,2012,2TM,summary-or-unresolved-franchise,9729
mcgeeja01,2012,2TM,summary-or-unresolved-franchise,9776
sessira01,2012,2TM,summary-or-unresolved-franchise,9862
sloando01,2012,3TM,summary-or-unresolved-franchise,9871
smithis01,2012,2TM,summary-or-unresolved-franchise,9877
thabeha01,2012,2TM,summary-or-unresolved-franchise,9898
turiaro01,2012,2TM,summary-or-unresolved-franchise,9914
udohek01,2012,2TM,summary-or-unresolved-franchise,9921
uzohbe01,2012,2TM,summary-or-unresolved-franchise,9925
wallage01,2012,2TM,summary-or-unresolved-franchise,9938
waltolu01,2012,2TM,summary-or-unresolved-franchise,9942
willise01,2012,2TM,summary-or-unresolved-franchise,9965
willite01,2012,2TM,summary-or-unresolved-franchise,9970
youngni01,2012,2TM,summary-or-unresolved-franchise,9976
youngsa01,2012,2TM,summary-or-unresolved-franchise,9979
ajincal01,2011,2TM,summary-or-unresolved-franchise,9986
anderda03,2011,2TM,summary-or-unresolved-franchise,9998
anthoca01,2011,2TM,summary-or-unresolved-franchise,10003
arenagi01,2011,2TM,summary-or-unresolved-franchise,10007
armsthi01,2011,2TM,summary-or-unresolved-franchise,10011
arroyca01,2011,2TM,summary-or-unresolved-franchise,10014
balkmre01,2011,2TM,summary-or-unresolved-franchise,10022
barroea01,2011,3TM,summary-or-unresolved-franchise,10030
battish01,2011,2TM,summary-or-unresolved-franchise,10035
bayleje01,2011,2TM,summary-or-unresolved-franchise,10040
bibbymi01,2011,3TM,summary-or-unresolved-franchise,10048
billuch01,2011,2TM,summary-or-unresolved-franchise,10053
breweco01,2011,2TM,summary-or-unresolved-franchise,10070
brookaa01,2011,2TM,summary-or-unresolved-franchise,10075
brownde04,2011,2TM,summary-or-unresolved-franchise,10078
butlera01,2011,2TM,summary-or-unresolved-franchise,10086
carnero01,2011,2TM,summary-or-unresolved-franchise,10095
carrode01,2011,2TM,summary-or-unresolved-franchise,10098
cartean01,2011,2TM,summary-or-unresolved-franchise,10102
cartevi01,2011,2TM,summary-or-unresolved-franchise,10105
chandwi01,2011,2TM,summary-or-unresolved-franchise,10111
clarkea01,2011,2TM,summary-or-unresolved-franchise,10115
collija03,2011,2TM,summary-or-unresolved-franchise,10119
crawfjo02,2011,2TM,summary-or-unresolved-franchise,10131
cunnida01,2011,2TM,summary-or-unresolved-franchise,10134
davisba01,2011,2TM,summary-or-unresolved-franchise,10142
dragigo01,2011,2TM,summary-or-unresolved-franchise,10159
erdense01,2011,2TM,summary-or-unresolved-franchise,10173
evansma01,2011,2TM,summary-or-unresolved-franchise,10177
favorde01,2011,2TM,summary-or-unresolved-franchise,10185
feltora01,2011,2TM,summary-or-unresolved-franchise,10188
gadzuda01,2011,2TM,summary-or-unresolved-franchise,10201
gainesu01,2011,3TM,summary-or-unresolved-franchise,10204
gallida01,2011,2TM,summary-or-unresolved-franchise,10208
geeal01,2011,3TM,summary-or-unresolved-franchise,10216
gortama01,2011,2TM,summary-or-unresolved-franchise,10228
greenje02,2011,2TM,summary-or-unresolved-franchise,10237
haranlu01,2011,2TM,summary-or-unresolved-franchise,10246
harride01,2011,2TM,summary-or-unresolved-franchise,10251
hinriki01,2011,2TM,summary-or-unresolved-franchise,10271
jackja01,2011,2TM,summary-or-unresolved-franchise,10288
jeffeot01,2011,2TM,summary-or-unresolved-franchise,10297
jeffrja01,2011,2TM,summary-or-unresolved-franchise,10301
johnsch03,2011,2TM,summary-or-unresolved-franchise,10309
johnsja01,2011,2TM,summary-or-unresolved-franchise,10312
johnstr01,2011,2TM,summary-or-unresolved-franchise,10316
koufoko01,2011,2TM,summary-or-unresolved-franchise,10331
krstine01,2011,2TM,summary-or-unresolved-franchise,10334
landrca01,2011,2TM,summary-or-unresolved-franchise,10337
lawac01,2011,2TM,summary-or-unresolved-franchise,10340
lewisra02,2011,2TM,summary-or-unresolved-franchise,10347
mohamna01,2011,2TM,summary-or-unresolved-franchise,10387
moonja01,2011,2TM,summary-or-unresolved-franchise,10391
mozgoti01,2011,2TM,summary-or-unresolved-franchise,10395
murphtr01,2011,2TM,summary-or-unresolved-franchise,10399
novakst01,2011,2TM,summary-or-unresolved-franchise,10409
owensla01,2011,2TM,summary-or-unresolved-franchise,10420
pavloal01,2011,3TM,summary-or-unresolved-franchise,10428
perkike01,2011,2TM,summary-or-unresolved-franchise,10433
pietrmi01,2011,2TM,summary-or-unresolved-franchise,10439
powele01,2011,2TM,summary-or-unresolved-franchise,10445
przybjo01,2011,2TM,summary-or-unresolved-franchise,10452
randoan01,2011,2TM,summary-or-unresolved-franchise,10457
richaja01,2011,2TM,summary-or-unresolved-franchise,10465
robinna01,2011,2TM,summary-or-unresolved-franchise,10470
smithis01,2011,2TM,summary-or-unresolved-franchise,10491
smithjo02,2011,2TM,summary-or-unresolved-franchise,10495
stojape01,2011,3TM,summary-or-unresolved-franchise,10506
tayloje02,2011,2TM,summary-or-unresolved-franchise,10514
templga01,2011,3TM,summary-or-unresolved-franchise,10519
thabeha01,2011,2TM,summary-or-unresolved-franchise,10524
thornal01,2011,2TM,summary-or-unresolved-franchise,10531
thornma01,2011,2TM,summary-or-unresolved-franchise,10534
turkohe01,2011,2TM,summary-or-unresolved-franchise,10539
vujacsa01,2011,2TM,summary-or-unresolved-franchise,10550
wallage01,2011,2TM,summary-or-unresolved-franchise,10557
whitedj01,2011,2TM,summary-or-unresolved-franchise,10573
willide01,2011,2TM,summary-or-unresolved-franchise,10579
willija02,2011,2TM,summary-or-unresolved-franchise,10582
willima01,2011,2TM,summary-or-unresolved-franchise,10587
willish02,2011,2TM,summary-or-unresolved-franchise,10592
willite01,2011,2TM,summary-or-unresolved-franchise,10596
wrighbr03,2011,2TM,summary-or-unresolved-franchise,10600
alstora01,2010,2TM,summary-or-unresolved-franchise,10615
armsthi01,2010,3TM,summary-or-unresolved-franchise,10627
bellra01,2010,2TM,summary-or-unresolved-franchise,10653
blakest01,2010,2TM,summary-or-unresolved-franchise,10661
brewero02,2010,2TM,summary-or-unresolved-franchise,10675
brezepr01,2010,2TM,summary-or-unresolved-franchise,10678
brownbo02,2010,2TM,summary-or-unresolved-franchise,10683
brownde02,2010,2TM,summary-or-unresolved-franchise,10686
butleca01,2010,2TM,summary-or-unresolved-franchise,10694
cambyma01,2010,2TM,summary-or-unresolved-franchise,10701
dienetr01,2010,2TM,summary-or-unresolved-franchise,10742
dorsejo01,2010,2TM,summary-or-unresolved-franchise,10747
elsonfr01,2010,2TM,summary-or-unresolved-franchise,10760
finlemi01,2010,2TM,summary-or-unresolved-franchise,10770
giddejr01,2010,2TM,summary-or-unresolved-franchise,10791
goodedr01,2010,2TM,summary-or-unresolved-franchise,10797
grayaa01,2010,2TM,summary-or-unresolved-franchise,10806
harrimi01,2010,2TM,summary-or-unresolved-franchise,10822
hartja01,2010,2TM,summary-or-unresolved-franchise,10825
haywobr01,2010,2TM,summary-or-unresolved-franchise,10833
hilljo01,2010,2TM,summary-or-unresolved-franchise,10843
houseed01,2010,2TM,summary-or-unresolved-franchise,10850
howarjo01,2010,2TM,summary-or-unresolved-franchise,10854
hudsole01,2010,2TM,summary-or-unresolved-franchise,10858
hughela01,2010,2TM,summary-or-unresolved-franchise,10861
humphkr01,2010,2TM,summary-or-unresolved-franchise,10864
iversal01,2010,2TM,summary-or-unresolved-franchise,10875
iveyro01,2010,2TM,summary-or-unresolved-franchise,10878
jacksce01,2010,3TM,summary-or-unresolved-franchise,10882
jacksda01,2010,2TM,summary-or-unresolved-franchise,10886
jacksst02,2010,2TM,summary-or-unresolved-franchise,10889
jamisan01,2010,2TM,summary-or-unresolved-franchise,10894
jeffrja01,2010,2TM,summary-or-unresolved-franchise,10901
karlco01,2010,2TM,summary-or-unresolved-franchise,10918
landrca01,2010,2TM,summary-or-unresolved-franchise,10927
landrma01,2010,2TM,summary-or-unresolved-franchise,10930
lawac01,2010,3TM,summary-or-unresolved-franchise,10933
livinsh01,2010,2TM,summary-or-unresolved-franchise,10941
martica01,2010,2TM,summary-or-unresolved-franchise,10953
martike02,2010,2TM,summary-or-unresolved-franchise,10957
maynoer01,2010,2TM,summary-or-unresolved-franchise,10964
mcgratr01,2010,2TM,summary-or-unresolved-franchise,10973
mcguido01,2010,2TM,summary-or-unresolved-franchise,10976
meeksjo01,2010,2TM,summary-or-unresolved-franchise,10980
mensapo01,2010,2TM,summary-or-unresolved-franchise,10983
milicda01,2010,2TM,summary-or-unresolved-franchise,10987
murraro01,2010,2TM,summary-or-unresolved-franchise,11003
najered01,2010,2TM,summary-or-unresolved-franchise,11006
outlatr01,2010,2TM,summary-or-unresolved-franchise,11025
radmavl01,2010,2TM,summary-or-unresolved-franchise,11049
randosh01,2010,2TM,summary-or-unresolved-franchise,11053
ratlith01,2010,2TM,summary-or-unresolved-franchise,11057
robinna01,2010,2TM,summary-or-unresolved-franchise,11066
rodrise01,2010,2TM,summary-or-unresolved-franchise,11069
rossqu01,2010,2TM,summary-or-unresolved-franchise,11074
salmojo01,2010,2TM,summary-or-unresolved-franchise,11080
singlja01,2010,2TM,summary-or-unresolved-franchise,11088
stevede01,2010,2TM,summary-or-unresolved-franchise,11100
telfase01,2010,2TM,summary-or-unresolved-franchise,11109
templga01,2010,3TM,summary-or-unresolved-franchise,11112
thomaty01,2010,2TM,summary-or-unresolved-franchise,11122
thornal01,2010,2TM,summary-or-unresolved-franchise,11126
tollian01,2010,2TM,summary-or-unresolved-franchise,11131
tuckeal02,2010,2TM,summary-or-unresolved-franchise,11134
walkebi01,2010,2TM,summary-or-unresolved-franchise,11146
warriha01,2010,2TM,summary-or-unresolved-franchise,11153
ackeral01,2009,2TM,summary-or-unresolved-franchise,11186
alstora01,2009,2TM,summary-or-unresolved-franchise,11200
atkinch01,2009,2TM,summary-or-unresolved-franchise,11213
banksma01,2009,2TM,summary-or-unresolved-franchise,11219
bellra01,2009,2TM,summary-or-unresolved-franchise,11236
billuch01,2009,2TM,summary-or-unresolved-franchise,11241
boganke01,2009,2TM,summary-or-unresolved-franchise,11247
boothca01,2009,2TM,summary-or-unresolved-franchise,11253
brownbo02,2009,2TM,summary-or-unresolved-franchise,11265
brownde03,2009,2TM,summary-or-unresolved-franchise,11269
brownsh01,2009,2TM,summary-or-unresolved-franchise,11273
carroma01,2009,2TM,summary-or-unresolved-franchise,11286
collima01,2009,2TM,summary-or-unresolved-franchise,11297
cookbr01,2009,2TM,summary-or-unresolved-franchise,11302
crawfja01,2009,2TM,summary-or-unresolved-franchise,11306
crittja01,2009,2TM,summary-or-unresolved-franchise,11310
croshau01,2009,2TM,summary-or-unresolved-franchise,11313
daniean01,2009,2TM,summary-or-unresolved-franchise,11319
diawbo01,2009,2TM,summary-or-unresolved-franchise,11330
dioguik01,2009,2TM,summary-or-unresolved-franchise,11334
diopde01,2009,2TM,summary-or-unresolved-franchise,11337
doubyqu01,2009,2TM,summary-or-unresolved-franchise,11343
dudleja01,2009,2TM,summary-or-unresolved-franchise,11348
foylead01,2009,2TM,summary-or-unresolved-franchise,11370
goodedr01,2009,3TM,summary-or-unresolved-franchise,11388
harrial01,2009,2TM,summary-or-unresolved-franchise,11407
hartja01,2009,2TM,summary-or-unresolved-franchise,11411
headlu01,2009,2TM,summary-or-unresolved-franchise,11420
holliry01,2009,2TM,summary-or-unresolved-franchise,11431
howarju01,2009,2TM,summary-or-unresolved-franchise,11438
hughela01,2009,2TM,summary-or-unresolved-franchise,11441
iversal01,2009,2TM,summary-or-unresolved-franchise,11449
jamesmi01,2009,2TM,summary-or-unresolved-franchise,11459
johnsli01,2009,2TM,summary-or-unresolved-franchise,11473
livinsh01,2009,2TM,summary-or-unresolved-franchise,11500
lowryky01,2009,2TM,summary-or-unresolved-franchise,11506
luety01,2009,2TM,summary-or-unresolved-franchise,11509
mariosh01,2009,2TM,summary-or-unresolved-franchise,11516
mccanra01,2009,2TM,summary-or-unresolved-franchise,11531
mensapo01,2009,2TM,summary-or-unresolved-franchise,11539
millebr01,2009,2TM,summary-or-unresolved-franchise,11547
moonja01,2009,2TM,summary-or-unresolved-franchise,11555
mooremi01,2009,2TM,summary-or-unresolved-franchise,11558
morriad01,2009,2TM,summary-or-unresolved-franchise,11561
nichode01,2009,2TM,summary-or-unresolved-franchise,11574
nocioan01,2009,2TM,summary-or-unresolved-franchise,11578
obryapa01,2009,2TM,summary-or-unresolved-franchise,11584
onealje01,2009,2TM,summary-or-unresolved-franchise,11592
petrojo01,2009,2TM,summary-or-unresolved-franchise,11605
radmavl01,2009,2TM,summary-or-unresolved-franchise,11618
randoza01,2009,2TM,summary-or-unresolved-franchise,11623
richaja01,2009,2TM,summary-or-unresolved-franchise,11629
roberan02,2009,2TM,summary-or-unresolved-franchise,11635
rosema01,2009,2TM,summary-or-unresolved-franchise,11642
salmojo01,2009,2TM,summary-or-unresolved-franchise,11650
sambch01,2009,3TM,summary-or-unresolved-franchise,11653
sefolth01,2009,2TM,summary-or-unresolved-franchise,11659
senesa01,2009,2TM,summary-or-unresolved-franchise,11662
simmoce01,2009,2TM,summary-or-unresolved-franchise,11668
simsco01,2009,2TM,summary-or-unresolved-franchise,11671
singlse01,2009,2TM,summary-or-unresolved-franchise,11675
smithjo02,2009,2TM,summary-or-unresolved-franchise,11680
solomwi01,2009,2TM,summary-or-unresolved-franchise,11685
swiftst01,2009,2TM,summary-or-unresolved-franchise,11696
thomati01,2009,3TM,summary-or-unresolved-franchise,11706
wilcoch01,2009,2TM,summary-or-unresolved-franchise,11744
willish02,2009,2TM,summary-or-unresolved-franchise,11756
agerma01,2008,2TM,summary-or-unresolved-franchise,11770
allenma01,2008,2TM,summary-or-unresolved-franchise,11775
arizatr01,2008,2TM,summary-or-unresolved-franchise,11789
banksma01,2008,2TM,summary-or-unresolved-franchise,11800
bibbymi01,2008,2TM,summary-or-unresolved-franchise,11816
brezepr01,2008,3TM,summary-or-unresolved-franchise,11837
brownkw01,2008,2TM,summary-or-unresolved-franchise,11844
brownsh01,2008,2TM,summary-or-unresolved-franchise,11848
cassesa01,2008,2TM,summary-or-unresolved-franchise,11863
collija04,2008,2TM,summary-or-unresolved-franchise,11870
cookbr01,2008,2TM,summary-or-unresolved-franchise,11876
crittja01,2008,2TM,summary-or-unresolved-franchise,11881
diopde01,2008,2TM,summary-or-unresolved-franchise,11904
dixonju01,2008,2TM,summary-or-unresolved-franchise,11907
duprero01,2008,2TM,summary-or-unresolved-franchise,11917
elsonfr01,2008,2TM,summary-or-unresolved-franchise,11922
evansma01,2008,2TM,summary-or-unresolved-franchise,11926
fazekni01,2008,2TM,summary-or-unresolved-franchise,11931
gasolpa01,2008,2TM,summary-or-unresolved-franchise,11951
gilled01,2008,2TM,summary-or-unresolved-franchise,11958
giricgo01,2008,3TM,summary-or-unresolved-franchise,11962
goodedr01,2008,2TM,summary-or-unresolved-franchise,11967
greenge01,2008,2TM,summary-or-unresolved-franchise,11976
greenta01,2008,2TM,summary-or-unresolved-franchise,11981
griffad01,2008,2TM,summary-or-unresolved-franchise,11985
harride01,2008,2TM,summary-or-unresolved-franchise,11993
hassetr01,2008,2TM,summary-or-unresolved-franchise,12000
herrmwa01,2008,2TM,summary-or-unresolved-franchise,12008
hughela01,2008,2TM,summary-or-unresolved-franchise,12022
jacksbo01,2008,2TM,summary-or-unresolved-franchise,12033
jamesmi01,2008,2TM,summary-or-unresolved-franchise,12041
johnsan02,2008,2TM,summary-or-unresolved-franchise,12052
johnsli01,2008,2TM,summary-or-unresolved-franchise,12057
jonesbo02,2008,5TM,summary-or-unresolved-franchise,12060
kiddja01,2008,2TM,summary-or-unresolved-franchise,12077
korveky01,2008,2TM,summary-or-unresolved-franchise,12084
lasmest01,2008,2TM,summary-or-unresolved-franchise,12091
luety01,2008,2TM,summary-or-unresolved-franchise,12098
magloja01,2008,2TM,summary-or-unresolved-franchise,12103
mariosh01,2008,2TM,summary-or-unresolved-franchise,12108
marshdo01,2008,2TM,summary-or-unresolved-franchise,12112
mbengdj01,2008,2TM,summary-or-unresolved-franchise,12121
mohamna01,2008,2TM,summary-or-unresolved-franchise,12140
murraro01,2008,2TM,summary-or-unresolved-franchise,12148
newblir01,2008,3TM,summary-or-unresolved-franchise,12158
nichode01,2008,2TM,summary-or-unresolved-franchise,12162
onealsh01,2008,2TM,summary-or-unresolved-franchise,12176
parkesm01,2008,2TM,summary-or-unresolved-franchise,12185
ratlith01,2008,2TM,summary-or-unresolved-franchise,12213
richaje01,2008,3TM,summary-or-unresolved-franchise,12220
simmoce01,2008,2TM,summary-or-unresolved-franchise,12242
smithjo02,2008,2TM,summary-or-unresolved-franchise,12249
snydeki01,2008,2TM,summary-or-unresolved-franchise,12255
stoudda01,2008,2TM,summary-or-unresolved-franchise,12264
swiftst01,2008,2TM,summary-or-unresolved-franchise,12271
szczewa02,2008,2TM,summary-or-unresolved-franchise,12274
thomabi01,2008,2TM,summary-or-unresolved-franchise,12279
thomaku01,2008,2TM,summary-or-unresolved-franchise,12283
wafervo01,2008,2TM,summary-or-unresolved-franchise,12302
wallabe01,2008,2TM,summary-or-unresolved-franchise,12306
wellsbo01,2008,2TM,summary-or-unresolved-franchise,12319
westde01,2008,2TM,summary-or-unresolved-franchise,12323
wilksmi01,2008,3TM,summary-or-unresolved-franchise,12329
williju01,2008,2TM,summary-or-unresolved-franchise,12336
willima04,2008,2TM,summary-or-unresolved-franchise,12343
willish02,2008,2TM,summary-or-unresolved-franchise,12347
wrighan01,2008,2TM,summary-or-unresolved-franchise,12352
wrighlo02,2008,2TM,summary-or-unresolved-franchise,12358
amundlo01,2007,2TM,summary-or-unresolved-franchise,12371
blakest01,2007,2TM,summary-or-unresolved-franchise,12406
boykiea01,2007,2TM,summary-or-unresolved-franchise,12420
conrowi01,2007,2TM,summary-or-unresolved-franchise,12457
dioguik01,2007,2TM,summary-or-unresolved-franchise,12478
dixonju01,2007,2TM,summary-or-unresolved-franchise,12482
dunlemi02,2007,2TM,summary-or-unresolved-franchise,12490
elyme01,2007,2TM,summary-or-unresolved-franchise,12496
harrial01,2007,2TM,summary-or-unresolved-franchise,12543
hartja01,2007,2TM,summary-or-unresolved-franchise,12550
hodgeju01,2007,2TM,summary-or-unresolved-franchise,12565
iversal01,2007,2TM,summary-or-unresolved-franchise,12583
jackslu02,2007,2TM,summary-or-unresolved-franchise,12589
jacksst02,2007,2TM,summary-or-unresolved-franchise,12593
jasiksa01,2007,2TM,summary-or-unresolved-franchise,12601
johnsan02,2007,2TM,summary-or-unresolved-franchise,12609
jonesed02,2007,2TM,summary-or-unresolved-franchise,12619
jonesfr01,2007,2TM,summary-or-unresolved-franchise,12622
mcleoke01,2007,2TM,summary-or-unresolved-franchise,12673
millean02,2007,2TM,summary-or-unresolved-franchise,12680
murphtr01,2007,2TM,summary-or-unresolved-franchise,12693
padgesc01,2007,2TM,summary-or-unresolved-franchise,12720
poweljo01,2007,2TM,summary-or-unresolved-franchise,12742
richaje01,2007,2TM,summary-or-unresolved-franchise,12760
robinbe01,2007,2TM,summary-or-unresolved-franchise,12767
smithjo02,2007,2TM,summary-or-unresolved-franchise,12791
tsakaja01,2007,2TM,summary-or-unresolved-franchise,12822
webbech01,2007,2TM,summary-or-unresolved-franchise,12846
willier01,2007,2TM,summary-or-unresolved-franchise,12862
anderde01,2006,2TM,summary-or-unresolved-franchise,12887
arizatr01,2006,2TM,summary-or-unresolved-franchise,12895
arroyca01,2006,2TM,summary-or-unresolved-franchise,12899
artesro01,2006,2TM,summary-or-unresolved-franchise,12902
atkinch01,2006,2TM,summary-or-unresolved-franchise,12905
banksma01,2006,2TM,summary-or-unresolved-franchise,12910
barnema02,2006,2TM,summary-or-unresolved-franchise,12914
barrean01,2006,2TM,summary-or-unresolved-franchise,12917
baxtelo01,2006,2TM,summary-or-unresolved-franchise,12928
blounma01,2006,2TM,summary-or-unresolved-franchise,12939
boganke01,2006,2TM,summary-or-unresolved-franchise,12942
brunsri01,2006,2TM,summary-or-unresolved-franchise,12959
catoke01,2006,2TM,summary-or-unresolved-franchise,12980
davisan01,2006,2TM,summary-or-unresolved-franchise,13000
davisjo02,2006,3TM,summary-or-unresolved-franchise,13005
davisri01,2006,2TM,summary-or-unresolved-franchise,13009
delkto01,2006,2TM,summary-or-unresolved-franchise,13013
eisleho01,2006,2TM,summary-or-unresolved-franchise,13030
evansre01,2006,2TM,summary-or-unresolved-franchise,13037
frahmri01,2006,2TM,summary-or-unresolved-franchise,13052
francst01,2006,2TM,summary-or-unresolved-franchise,13055
grahast01,2006,3TM,summary-or-unresolved-franchise,13075
hamilze01,2006,2TM,summary-or-unresolved-franchise,13089
jacksji01,2006,2TM,summary-or-unresolved-franchise,13128
jacksma02,2006,2TM,summary-or-unresolved-franchise,13132
johnsli01,2006,2TM,summary-or-unresolved-franchise,13150
lampema01,2006,2TM,summary-or-unresolved-franchise,13173
lenarvo01,2006,2TM,summary-or-unresolved-franchise,13177
milicda01,2006,2TM,summary-or-unresolved-franchise,13213
moniase01,2006,2TM,summary-or-unresolved-franchise,13222
murraro01,2006,2TM,summary-or-unresolved-franchise,13230
nachbbo01,2006,2TM,summary-or-unresolved-franchise,13234
norrimo01,2006,2TM,summary-or-unresolved-franchise,13245
olowomi01,2006,2TM,summary-or-unresolved-franchise,13254
patteru01,2006,2TM,summary-or-unresolved-franchise,13269
potapvi01,2006,2TM,summary-or-unresolved-franchise,13285
radmavl01,2006,2TM,summary-or-unresolved-franchise,13293
reedju01,2006,2TM,summary-or-unresolved-franchise,13301
roseja01,2006,2TM,summary-or-unresolved-franchise,13312
skinnbr01,2006,2TM,summary-or-unresolved-franchise,13330
smithch04,2006,2TM,summary-or-unresolved-franchise,13333
stojape01,2006,2TM,summary-or-unresolved-franchise,13346
szczewa02,2006,2TM,summary-or-unresolved-franchise,13356
thomaja02,2006,2TM,summary-or-unresolved-franchise,13366
thomajo02,2006,3TM,summary-or-unresolved-franchise,13369
thomati01,2006,2TM,summary-or-unresolved-franchise,13375
tskitni01,2006,2TM,summary-or-unresolved-franchise,13381
watsoea01,2006,2TM,summary-or-unresolved-franchise,13406
wilcoch01,2006,2TM,summary-or-unresolved-franchise,13417
wilksmi01,2006,2TM,summary-or-unresolved-franchise,13421
williaa01,2006,2TM,summary-or-unresolved-franchise,13424
allenma01,2005,2TM,summary-or-unresolved-franchise,13444
anderke01,2005,2TM,summary-or-unresolved-franchise,13452
andersh01,2005,2TM,summary-or-unresolved-franchise,13455
armstda01,2005,2TM,summary-or-unresolved-franchise,13462
arroyca01,2005,2TM,summary-or-unresolved-franchise,13465
bakerma01,2005,2TM,summary-or-unresolved-franchise,13471
bakervi01,2005,2TM,summary-or-unresolved-franchise,13474
barrean01,2005,2TM,summary-or-unresolved-franchise,13480
barryjo01,2005,2TM,summary-or-unresolved-franchise,13484
boothca01,2005,2TM,summary-or-unresolved-franchise,13501
bradlmi01,2005,3TM,summary-or-unresolved-franchise,13510
cabarza01,2005,2TM,summary-or-unresolved-franchise,13533
campbel01,2005,2TM,summary-or-unresolved-franchise,13537
cartevi01,2005,2TM,summary-or-unresolved-franchise,13544
chrisdo01,2005,2TM,summary-or-unresolved-franchise,13553
claxtsp01,2005,2TM,summary-or-unresolved-franchise,13556
davisba01,2005,2TM,summary-or-unresolved-franchise,13577
davisda01,2005,2TM,summary-or-unresolved-franchise,13580
dickada01,2005,2TM,summary-or-unresolved-franchise,13590
florelu01,2005,2TM,summary-or-unresolved-franchise,13617
gainere01,2005,2TM,summary-or-unresolved-franchise,13629
goldwan01,2005,2TM,summary-or-unresolved-franchise,13642
guglito01,2005,2TM,summary-or-unresolved-franchise,13651
houseed01,2005,3TM,summary-or-unresolved-franchise,13679
jacksji01,2005,2TM,summary-or-unresolved-franchise,13700
jacobca01,2005,2TM,summary-or-unresolved-franchise,13706
jamesmi01,2005,2TM,summary-or-unresolved-franchise,13711
lampema01,2005,2TM,summary-or-unresolved-franchise,13748
luety01,2005,2TM,summary-or-unresolved-franchise,13756
mccarwa01,2005,2TM,summary-or-unresolved-franchise,13773
moblecu01,2005,2TM,summary-or-unresolved-franchise,13793
mohamna01,2005,2TM,summary-or-unresolved-franchise,13796
moisoje01,2005,3TM,summary-or-unresolved-franchise,13799
mournal01,2005,2TM,summary-or-unresolved-franchise,13804
nachbbo01,2005,2TM,summary-or-unresolved-franchise,13811
najered01,2005,2TM,summary-or-unresolved-franchise,13815
norrimo01,2005,2TM,summary-or-unresolved-franchise,13824
parkesm01,2005,2TM,summary-or-unresolved-franchise,13842
persowe01,2005,2TM,summary-or-unresolved-franchise,13852
robincl02,2005,2TM,summary-or-unresolved-franchise,13881
rogerro01,2005,2TM,summary-or-unresolved-franchise,13885
rosema01,2005,2TM,summary-or-unresolved-franchise,13889
rushka01,2005,2TM,summary-or-unresolved-franchise,13894
skinnbr01,2005,2TM,summary-or-unresolved-franchise,13906
smithst01,2005,2TM,summary-or-unresolved-franchise,13915
tayloma01,2005,2TM,summary-or-unresolved-franchise,13940
thomaja02,2005,2TM,summary-or-unresolved-franchise,13947
thomake01,2005,2TM,summary-or-unresolved-franchise,13951
tskitni01,2005,2TM,summary-or-unresolved-franchise,13959
vanhoke01,2005,2TM,summary-or-unresolved-franchise,13965
vromaja01,2005,2TM,summary-or-unresolved-franchise,13971
walkean02,2005,2TM,summary-or-unresolved-franchise,13977
webbech01,2005,2TM,summary-or-unresolved-franchise,13988
welscji01,2005,2TM,summary-or-unresolved-franchise,13992
wesleda01,2005,2TM,summary-or-unresolved-franchise,13995
whitero02,2005,2TM,summary-or-unresolved-franchise,14001
williaa01,2005,2TM,summary-or-unresolved-franchise,14007
willico02,2005,2TM,summary-or-unresolved-franchise,14010
willier01,2005,2TM,summary-or-unresolved-franchise,14013
abdursh01,2004,2TM,summary-or-unresolved-franchise,14027
archiro01,2004,3TM,summary-or-unresolved-franchise,14038
atkinch01,2004,2TM,summary-or-unresolved-franchise,14047
bakervi01,2004,2TM,summary-or-unresolved-franchise,14051
battito01,2004,2TM,summary-or-unresolved-franchise,14062
baxtelo01,2004,3TM,summary-or-unresolved-franchise,14065
blounco01,2004,2TM,summary-or-unresolved-franchise,14077
bradlmi01,2004,2TM,summary-or-unresolved-franchise,14090
braggto01,2004,2TM,summary-or-unresolved-franchise,14094
bremejr01,2004,2TM,summary-or-unresolved-franchise,14098
brownke01,2004,2TM,summary-or-unresolved-franchise,14105
brunsri01,2004,2TM,summary-or-unresolved-franchise,14111
carroma01,2004,2TM,summary-or-unresolved-franchise,14124
cartema01,2004,2TM,summary-or-unresolved-franchise,14128
davisan01,2004,2TM,summary-or-unresolved-franchise,14156
davishu01,2004,2TM,summary-or-unresolved-franchise,14161
davisri01,2004,2TM,summary-or-unresolved-franchise,14165
dickada01,2004,2TM,summary-or-unresolved-franchise,14172
doleami01,2004,2TM,summary-or-unresolved-franchise,14179
eisleho01,2004,2TM,summary-or-unresolved-franchise,14189
giricgo01,2004,2TM,summary-or-unresolved-franchise,14219
glovedi01,2004,2TM,summary-or-unresolved-franchise,14222
goldwan01,2004,2TM,summary-or-unresolved-franchise,14225
guglito01,2004,2TM,summary-or-unresolved-franchise,14234
hardaan01,2004,2TM,summary-or-unresolved-franchise,14243
harvedo01,2004,2TM,summary-or-unresolved-franchise,14251
jamesmi01,2004,2TM,summary-or-unresolved-franchise,14285
jeffech01,2004,2TM,summary-or-unresolved-franchise,14290
knighbr01,2004,3TM,summary-or-unresolved-franchise,14314
langhda01,2004,2TM,summary-or-unresolved-franchise,14324
marbust01,2004,2TM,summary-or-unresolved-franchise,14339
marshdo01,2004,2TM,summary-or-unresolved-franchise,14343
masonro01,2004,2TM,summary-or-unresolved-franchise,14350
mcdyean01,2004,2TM,summary-or-unresolved-franchise,14357
mcinnje01,2004,2TM,summary-or-unresolved-franchise,14361
mihmch01,2004,2TM,summary-or-unresolved-franchise,14368
milesda01,2004,2TM,summary-or-unresolved-franchise,14371
mohamna01,2004,2TM,summary-or-unresolved-franchise,14382
mooremi01,2004,2TM,summary-or-unresolved-franchise,14386
nailole01,2004,3TM,summary-or-unresolved-franchise,14396
ndiayma02,2004,2TM,summary-or-unresolved-franchise,14402
norrimo01,2004,2TM,summary-or-unresolved-franchise,14407
overtdo01,2004,2TM,summary-or-unresolved-franchise,14421
pargoja01,2004,3TM,summary-or-unresolved-franchise,14428
persowe01,2004,3TM,summary-or-unresolved-franchise,14441
przybjo01,2004,2TM,summary-or-unresolved-franchise,14457
ratlith01,2004,2TM,summary-or-unresolved-franchise,14462
rebraze01,2004,2TM,summary-or-unresolved-franchise,14465
rooksse01,2004,2TM,summary-or-unresolved-franchise,14477
roseja01,2004,2TM,summary-or-unresolved-franchise,14480
stevede01,2004,2TM,summary-or-unresolved-franchise,14506
stewami01,2004,2TM,summary-or-unresolved-franchise,14509
stricro02,2004,2TM,summary-or-unresolved-franchise,14516
sundobr01,2004,2TM,summary-or-unresolved-franchise,14519
surabo01,2004,2TM,summary-or-unresolved-franchise,14522
thomati01,2004,2TM,summary-or-unresolved-franchise,14533
trybace01,2004,2TM,summary-or-unresolved-franchise,14540
vanhoke01,2004,2TM,summary-or-unresolved-franchise,14548
wallara01,2004,3TM,summary-or-unresolved-franchise,14561
wardch01,2004,2TM,summary-or-unresolved-franchise,14566
weathcl01,2004,2TM,summary-or-unresolved-franchise,14570
wellsbo01,2004,2TM,summary-or-unresolved-franchise,14574
whiteja01,2004,2TM,summary-or-unresolved-franchise,14580
willier01,2004,2TM,summary-or-unresolved-franchise,14590
willije01,2004,2TM,summary-or-unresolved-franchise,14595
willisc01,2004,2TM,summary-or-unresolved-franchise,14600
willish01,2004,2TM,summary-or-unresolved-franchise,14603
zhizhwa01,2004,2TM,summary-or-unresolved-franchise,14609
allenra02,2003,2TM,summary-or-unresolved-franchise,14616
anderke01,2003,2TM,summary-or-unresolved-franchise,14623
blounma01,2003,2TM,summary-or-unresolved-franchise,14652
brownde02,2003,2TM,summary-or-unresolved-franchise,14668
bryanma01,2003,3TM,summary-or-unresolved-franchise,14678
campbel01,2003,2TM,summary-or-unresolved-franchise,14688
colesbi01,2003,2TM,summary-or-unresolved-franchise,14704
giricgo01,2003,2TM,summary-or-unresolved-franchise,14764
goldwan01,2003,2TM,summary-or-unresolved-franchise,14768
goodedr01,2003,2TM,summary-or-unresolved-franchise,14771
harriad01,2003,2TM,summary-or-unresolved-franchise,14787
hillty01,2003,2TM,summary-or-unresolved-franchise,14803
humphry01,2003,2TM,summary-or-unresolved-franchise,14814
jacksje01,2003,2TM,summary-or-unresolved-franchise,14822
longar01,2003,2TM,summary-or-unresolved-franchise,14863
masonde01,2003,2TM,summary-or-unresolved-franchise,14885
millemi01,2003,2TM,summary-or-unresolved-franchise,14902
mooremi01,2003,2TM,summary-or-unresolved-franchise,14911
murraro01,2003,2TM,summary-or-unresolved-franchise,14916
ollieke01,2003,2TM,summary-or-unresolved-franchise,14934
paytoga01,2003,2TM,summary-or-unresolved-franchise,14952
poseyja01,2003,2TM,summary-or-unresolved-franchise,14962
satteke01,2003,2TM,summary-or-unresolved-franchise,14998
thomake01,2003,2TM,summary-or-unresolved-franchise,15033
whitnch01,2003,2TM,summary-or-unresolved-franchise,15066
wilksmi01,2003,2TM,summary-or-unresolved-franchise,15070
willish01,2003,2TM,summary-or-unresolved-franchise,15085
abdulta01,2002,2TM,summary-or-unresolved-franchise,15095
anthogr01,2002,2TM,summary-or-unresolved-franchise,15110
arroyca01,2002,2TM,summary-or-unresolved-franchise,15116
artesro01,2002,2TM,summary-or-unresolved-franchise,15119
bellch01,2002,2TM,summary-or-unresolved-franchise,15135
besttr01,2002,2TM,summary-or-unresolved-franchise,15140
buechju01,2002,2TM,summary-or-unresolved-franchise,15174
crispjo01,2002,2TM,summary-or-unresolved-franchise,15202
delkto01,2002,2TM,summary-or-unresolved-franchise,15221
dialde01,2002,2TM,summary-or-unresolved-franchise,15225
garrede01,2002,2TM,summary-or-unresolved-franchise,15260
hardati01,2002,2TM,summary-or-unresolved-franchise,15283
harvedo01,2002,2TM,summary-or-unresolved-franchise,15292
howarju01,2002,2TM,summary-or-unresolved-franchise,15306
jacksma02,2002,2TM,summary-or-unresolved-franchise,15320
johnsav01,2002,2TM,summary-or-unresolved-franchise,15331
johnsjo02,2002,2TM,summary-or-unresolved-franchise,15336
lafrera01,2002,2TM,summary-or-unresolved-franchise,15354
mercero01,2002,2TM,summary-or-unresolved-franchise,15398
millebr01,2002,2TM,summary-or-unresolved-franchise,15404
ollieke01,2002,2TM,summary-or-unresolved-franchise,15437
outlabo01,2002,2TM,summary-or-unresolved-franchise,15444
palacmi01,2002,2TM,summary-or-unresolved-franchise,15451
recasel01,2002,2TM,summary-or-unresolved-franchise,15478
richano01,2002,2TM,summary-or-unresolved-franchise,15485
rogerro01,2002,2TM,summary-or-unresolved-franchise,15497
roseja01,2002,2TM,summary-or-unresolved-franchise,15501
slatere01,2002,2TM,summary-or-unresolved-franchise,15517
smithja01,2002,2TM,summary-or-unresolved-franchise,15521
vanexni01,2002,2TM,summary-or-unresolved-franchise,15559
alexaco02,2001,2TM,summary-or-unresolved-franchise,15599
blounco01,2001,2TM,summary-or-unresolved-franchise,15631
boothca01,2001,2TM,summary-or-unresolved-franchise,15637
brownch01,2001,2TM,summary-or-unresolved-franchise,15648
brunsri01,2001,2TM,summary-or-unresolved-franchise,15654
cebalce01,2001,2TM,summary-or-unresolved-franchise,15674
childch01,2001,2TM,summary-or-unresolved-franchise,15678
clarkke01,2001,2TM,summary-or-unresolved-franchise,15682
colsose01,2001,2TM,summary-or-unresolved-franchise,15690
curlebi01,2001,2TM,summary-or-unresolved-franchise,15699
davidko01,2001,2TM,summary-or-unresolved-franchise,15706
davishu01,2001,2TM,summary-or-unresolved-franchise,15713
delnevi01,2001,2TM,summary-or-unresolved-franchise,15721
ekeziob01,2001,2TM,summary-or-unresolved-franchise,15736
garceru01,2001,2TM,summary-or-unresolved-franchise,15759
harriot01,2001,2TM,summary-or-unresolved-franchise,15791
howarju01,2001,2TM,summary-or-unresolved-franchise,15808
jacksji01,2001,2TM,summary-or-unresolved-franchise,15818
jacksma01,2001,2TM,summary-or-unresolved-franchise,15821
johnsan02,2001,2TM,summary-or-unresolved-franchise,15829
josepga01,2001,2TM,summary-or-unresolved-franchise,15840
knighbr01,2001,2TM,summary-or-unresolved-franchise,15850
kukocto01,2001,2TM,summary-or-unresolved-franchise,15854
laettch01,2001,2TM,summary-or-unresolved-franchise,15857
lopezfe01,2001,2TM,summary-or-unresolved-franchise,15870
maxweve01,2001,2TM,summary-or-unresolved-franchise,15893
mcleoro01,2001,2TM,summary-or-unresolved-franchise,15906
mcphepa01,2001,2TM,summary-or-unresolved-franchise,15909
millean01,2001,3TM,summary-or-unresolved-franchise,15916
mohamna01,2001,2TM,summary-or-unresolved-franchise,15928
montrer01,2001,2TM,summary-or-unresolved-franchise,15932
murratr01,2001,2TM,summary-or-unresolved-franchise,15940
mutomdi01,2001,2TM,summary-or-unresolved-franchise,15943
nesbyty01,2001,2TM,summary-or-unresolved-franchise,15950
ollieke01,2001,2TM,summary-or-unresolved-franchise,15961
overtdo01,2001,3TM,summary-or-unresolved-franchise,15969
parksch02,2001,2TM,summary-or-unresolved-franchise,15979
perryel01,2001,2TM,summary-or-unresolved-franchise,15988
robinla01,2001,2TM,summary-or-unresolved-franchise,16024
sanchpe01,2001,2TM,summary-or-unresolved-franchise,16036
stricer01,2001,2TM,summary-or-unresolved-franchise,16063
stricma01,2001,2TM,summary-or-unresolved-franchise,16066
stricro02,2001,2TM,summary-or-unresolved-franchise,16069
vaughlo01,2001,2TM,summary-or-unresolved-franchise,16094
willico02,2001,2TM,summary-or-unresolved-franchise,16113
willije01,2001,2TM,summary-or-unresolved-franchise,16118
willike02,2001,2TM,summary-or-unresolved-franchise,16121
abdulta01,2000,2TM,summary-or-unresolved-franchise,16132
barrydr01,2000,2TM,summary-or-unresolved-franchise,16159
bohanet01,2000,2TM,summary-or-unresolved-franchise,16174
bowenbr01,2000,2TM,summary-or-unresolved-franchise,16180
boykiea01,2000,2TM,summary-or-unresolved-franchise,16185
brownch01,2000,2TM,summary-or-unresolved-franchise,16192
carrch01,2000,2TM,summary-or-unresolved-franchise,16212
chilcpe01,2000,3TM,summary-or-unresolved-franchise,16224
curlebi01,2000,2TM,summary-or-unresolved-franchise,16241
davidko01,2000,2TM,summary-or-unresolved-franchise,16248
ellisda01,2000,2TM,summary-or-unresolved-franchise,16275
gatlich01,2000,2TM,summary-or-unresolved-franchise,16299
hendrma01,2000,2TM,summary-or-unresolved-franchise,16330
hughela01,2000,2TM,summary-or-unresolved-franchise,16343
jacobsa01,2000,2TM,summary-or-unresolved-franchise,16355
johnsan02,2000,2TM,summary-or-unresolved-franchise,16361
jonesda01,2000,2TM,summary-or-unresolved-franchise,16370
ketnela01,2000,2TM,summary-or-unresolved-franchise,16381
kukocto01,2000,2TM,summary-or-unresolved-franchise,16390
langan02,2000,2TM,summary-or-unresolved-franchise,16396
mercero01,2000,2TM,summary-or-unresolved-franchise,16439
owensbi01,2000,2TM,summary-or-unresolved-franchise,16478
reiddo01,2000,2TM,summary-or-unresolved-franchise,16511
starkjo01,2000,2TM,summary-or-unresolved-franchise,16551
taylojo01,2000,2TM,summary-or-unresolved-franchise,16569
thomaja01,2000,2TM,summary-or-unresolved-franchise,16574
turkcmi01,2000,2TM,summary-or-unresolved-franchise,16584
workmha01,2000,2TM,summary-or-unresolved-franchise,16623
armstbj01,1999,2TM,summary-or-unresolved-franchise,16639
beckco01,1999,2TM,summary-or-unresolved-franchise,16657
blounco01,1999,2TM,summary-or-unresolved-franchise,16667
boykiea01,1999,2TM,summary-or-unresolved-franchise,16674
brandte01,1999,2TM,summary-or-unresolved-franchise,16678
campbel01,1999,2TM,summary-or-unresolved-franchise,16696
carrch01,1999,2TM,summary-or-unresolved-franchise,16700
cassesa01,1999,2TM,summary-or-unresolved-franchise,16705
crottjo01,1999,2TM,summary-or-unresolved-franchise,16726
cunniwi01,1999,2TM,summary-or-unresolved-franchise,16730
declean01,1999,2TM,summary-or-unresolved-franchise,16746
deherte01,1999,2TM,summary-or-unresolved-franchise,16749
evansbr01,1999,2TM,summary-or-unresolved-franchise,16769
feickja01,1999,2TM,summary-or-unresolved-franchise,16773
gatlich01,1999,2TM,summary-or-unresolved-franchise,16790
grantpa01,1999,2TM,summary-or-unresolved-franchise,16801
herreca01,1999,2TM,summary-or-unresolved-franchise,16824
hillty01,1999,2TM,summary-or-unresolved-franchise,16828
honeyje01,1999,2TM,summary-or-unresolved-franchise,16832
jonesda01,1999,2TM,summary-or-unresolved-franchise,16858
jonesed02,1999,2TM,summary-or-unresolved-franchise,16861
macksa01,1999,2TM,summary-or-unresolved-franchise,16895
marbust01,1999,2TM,summary-or-unresolved-franchise,16905
ollieke01,1999,2TM,summary-or-unresolved-franchise,16960
overtdo01,1999,3TM,summary-or-unresolved-franchise,16968
perryel01,1999,2TM,summary-or-unresolved-franchise,16982
potapvi01,1999,2TM,summary-or-unresolved-franchise,16995
reidjr01,1999,2TM,summary-or-unresolved-franchise,17004
rhodero01,1999,2TM,summary-or-unresolved-franchise,17008
robinja02,1999,2TM,summary-or-unresolved-franchise,17020
scottde01,1999,2TM,summary-or-unresolved-franchise,17035
thomati01,1999,2TM,summary-or-unresolved-franchise,17076
willisc01,1999,2TM,summary-or-unresolved-franchise,17123
alexaco01,1998,2TM,summary-or-unresolved-franchise,17138
anderke01,1998,2TM,summary-or-unresolved-franchise,17144
armstbj01,1998,2TM,summary-or-unresolved-franchise,17151
austiis01,1998,2TM,summary-or-unresolved-franchise,17158
barrybr01,1998,2TM,summary-or-unresolved-franchise,17164
benoida01,1998,2TM,summary-or-unresolved-franchise,17173
billuch01,1998,2TM,summary-or-unresolved-franchise,17177
boguemu01,1998,2TM,summary-or-unresolved-franchise,17182
brownde01,1998,2TM,summary-or-unresolved-franchise,17194
caffeja01,1998,2TM,summary-or-unresolved-franchise,17207
cebalce01,1998,2TM,summary-or-unresolved-franchise,17219
cummite01,1998,2TM,summary-or-unresolved-franchise,17238
cunniwi01,1998,2TM,summary-or-unresolved-franchise,17241
delkto01,1998,2TM,summary-or-unresolved-franchise,17262
edwarke01,1998,2TM,summary-or-unresolved-franchise,17276
evansbr01,1998,2TM,summary-or-unresolved-franchise,17286
grayeje01,1998,2TM,summary-or-unresolved-franchise,17318
hurlebo01,1998,2TM,summary-or-unresolved-franchise,17353
jacksji01,1998,2TM,summary-or-unresolved-franchise,17360
kemptti01,1998,2TM,summary-or-unresolved-franchise,17379
maxweve01,1998,2TM,summary-or-unresolved-franchise,17419
mckieaa01,1998,2TM,summary-or-unresolved-franchise,17432
montrer01,1998,2TM,summary-or-unresolved-franchise,17445
ollieke01,1998,2TM,summary-or-unresolved-franchise,17467
peelean01,1998,2TM,summary-or-unresolved-franchise,17480
ratlith01,1998,2TM,summary-or-unresolved-franchise,17499
respesh01,1998,2TM,summary-or-unresolved-franchise,17507
robinch01,1998,2TM,summary-or-unresolved-franchise,17517
rogerca01,1998,2TM,summary-or-unresolved-franchise,17526
rogerro02,1998,2TM,summary-or-unresolved-franchise,17530
royaldo01,1998,2TM,summary-or-unresolved-franchise,17536
scottde01,1998,2TM,summary-or-unresolved-franchise,17545
seikaro01,1998,2TM,summary-or-unresolved-franchise,17551
shawbr01,1998,2TM,summary-or-unresolved-franchise,17555
simpkdi01,1998,2TM,summary-or-unresolved-franchise,17558
smithch04,1998,2TM,summary-or-unresolved-franchise,17562
smithjo02,1998,2TM,summary-or-unresolved-franchise,17565
smithmi02,1998,2TM,summary-or-unresolved-franchise,17568
snower01,1998,2TM,summary-or-unresolved-franchise,17574
stackje01,1998,2TM,summary-or-unresolved-franchise,17579
stoudda01,1998,2TM,summary-or-unresolved-franchise,17589
tabakza01,1998,2TM,summary-or-unresolved-franchise,17597
thomaca01,1998,3TM,summary-or-unresolved-franchise,17602
thomajo02,1998,2TM,summary-or-unresolved-franchise,17606
thompbr01,1998,2TM,summary-or-unresolved-franchise,17611
thorpot01,1998,2TM,summary-or-unresolved-franchise,17614
trentga01,1998,2TM,summary-or-unresolved-franchise,17617
vaughda02,1998,3TM,summary-or-unresolved-franchise,17622
waltere01,1998,2TM,summary-or-unresolved-franchise,17634
weathcl01,1998,2TM,summary-or-unresolved-franchise,17639
willial02,1998,2TM,summary-or-unresolved-franchise,17654
williwa02,1998,2TM,summary-or-unresolved-franchise,17671
zidekge01,1998,2TM,summary-or-unresolved-franchise,17679
allenje01,1997,2TM,summary-or-unresolved-franchise,17686
askewvi01,1997,3TM,summary-or-unresolved-franchise,17700
augmost01,1997,2TM,summary-or-unresolved-franchise,17705
benneel01,1997,2TM,summary-or-unresolved-franchise,17715
bookeme01,1997,2TM,summary-or-unresolved-franchise,17723
bradlsh01,1997,2TM,summary-or-unresolved-franchise,17728
brownch01,1997,2TM,summary-or-unresolved-franchise,17735
burresc01,1997,2TM,summary-or-unresolved-franchise,17747
caldwad01,1997,2TM,summary-or-unresolved-franchise,17754
cassesa01,1997,3TM,summary-or-unresolved-franchise,17762
cebalce01,1997,2TM,summary-or-unresolved-franchise,17767
childra01,1997,2TM,summary-or-unresolved-franchise,17775
courtjo01,1997,2TM,summary-or-unresolved-franchise,17783
daniell01,1997,2TM,summary-or-unresolved-franchise,17792
danilsa01,1997,2TM,summary-or-unresolved-franchise,17795
dumasto01,1997,2TM,summary-or-unresolved-franchise,17821
earlac01,1997,2TM,summary-or-unresolved-franchise,17824
feickja01,1997,2TM,summary-or-unresolved-franchise,17839
finlemi01,1997,2TM,summary-or-unresolved-franchise,17844
fishma01,1997,2TM,summary-or-unresolved-franchise,17848
gatlich01,1997,2TM,summary-or-unresolved-franchise,17857
goldwan01,1997,2TM,summary-or-unresolved-franchise,17864
grayde01,1997,2TM,summary-or-unresolved-franchise,17872
greenac01,1997,2TM,summary-or-unresolved-franchise,17877
hamda01,1997,2TM,summary-or-unresolved-franchise,17883
hancoda01,1997,3TM,summary-or-unresolved-franchise,17888
horryro01,1997,2TM,summary-or-unresolved-franchise,17909
howarst01,1997,2TM,summary-or-unresolved-franchise,17914
jacksji01,1997,2TM,summary-or-unresolved-franchise,17921
jacksma01,1997,2TM,summary-or-unresolved-franchise,17924
johnsed03,1997,2TM,summary-or-unresolved-franchise,17930
jordare01,1997,2TM,summary-or-unresolved-franchise,17940
kiddja01,1997,2TM,summary-or-unresolved-franchise,17948
kingst01,1997,2TM,summary-or-unresolved-franchise,17953
kleinjo01,1997,3TM,summary-or-unresolved-franchise,17957
leckner01,1997,2TM,summary-or-unresolved-franchise,17968
manniri01,1997,2TM,summary-or-unresolved-franchise,17989
mashbja01,1997,2TM,summary-or-unresolved-franchise,17998
mccloge01,1997,2TM,summary-or-unresolved-franchise,18007
mckieaa01,1997,2TM,summary-or-unresolved-franchise,18015
meyerlo01,1997,2TM,summary-or-unresolved-franchise,18019
milleol01,1997,2TM,summary-or-unresolved-franchise,18023
montrer01,1997,2TM,summary-or-unresolved-franchise,18032
muursma01,1997,2TM,summary-or-unresolved-franchise,18045
nembhru01,1997,2TM,summary-or-unresolved-franchise,18049
nickega01,1997,2TM,summary-or-unresolved-franchise,18054
obanned01,1997,2TM,summary-or-unresolved-franchise,18060
packro01,1997,2TM,summary-or-unresolved-franchise,18072
piercri01,1997,2TM,summary-or-unresolved-franchise,18085
reevekh01,1997,2TM,summary-or-unresolved-franchise,18099
respesh01,1997,2TM,summary-or-unresolved-franchise,18103
robinru01,1997,3TM,summary-or-unresolved-franchise,18117
royaldo01,1997,3TM,summary-or-unresolved-franchise,18129
roziecl01,1997,2TM,summary-or-unresolved-franchise,18133
sasseja01,1997,2TM,summary-or-unresolved-franchise,18139
smithke01,1997,3TM,summary-or-unresolved-franchise,18159
spencfe01,1997,2TM,summary-or-unresolved-franchise,18170
thompbr01,1997,2TM,summary-or-unresolved-franchise,18191
thompla01,1997,2TM,summary-or-unresolved-franchise,18194
watsoja01,1997,2TM,summary-or-unresolved-franchise,18213
williaa01,1997,2TM,summary-or-unresolved-franchise,18228
willire01,1997,2TM,summary-or-unresolved-franchise,18241
zidekge01,1997,2TM,summary-or-unresolved-franchise,18253
anderke01,1996,2TM,summary-or-unresolved-franchise,18265
anderwi01,1996,2TM,summary-or-unresolved-franchise,18269
benjabe01,1996,2TM,summary-or-unresolved-franchise,18286
bradlsh01,1996,2TM,summary-or-unresolved-franchise,18300
chrisdo01,1996,2TM,summary-or-unresolved-franchise,18333
colesbi01,1996,2TM,summary-or-unresolved-franchise,18340
corbity01,1996,2TM,summary-or-unresolved-franchise,18345
currymi01,1996,2TM,summary-or-unresolved-franchise,18352
dayto01,1996,2TM,summary-or-unresolved-franchise,18363
douglsh01,1996,2TM,summary-or-unresolved-franchise,18372
fishma01,1996,2TM,summary-or-unresolved-franchise,18401
gamblke01,1996,2TM,summary-or-unresolved-franchise,18408
gatlich01,1996,2TM,summary-or-unresolved-franchise,18412
gillke01,1996,2TM,summary-or-unresolved-franchise,18418
glassge01,1996,2TM,summary-or-unresolved-franchise,18421
grahagr01,1996,2TM,summary-or-unresolved-franchise,18425
grandro01,1996,3TM,summary-or-unresolved-franchise,18428
grantgr01,1996,3TM,summary-or-unresolved-franchise,18434
hammige01,1996,2TM,summary-or-unresolved-franchise,18444
hardati01,1996,2TM,summary-or-unresolved-franchise,18450
harvean01,1996,2TM,summary-or-unresolved-franchise,18456
hodgedo01,1996,2TM,summary-or-unresolved-franchise,18466
laettch01,1996,2TM,summary-or-unresolved-franchise,18507
langan01,1996,2TM,summary-or-unresolved-franchise,18510
listeal01,1996,2TM,summary-or-unresolved-franchise,18519
lohaubr01,1996,2TM,summary-or-unresolved-franchise,18522
malonje01,1996,2TM,summary-or-unresolved-franchise,18533
martida01,1996,2TM,summary-or-unresolved-franchise,18543
masseto01,1996,2TM,summary-or-unresolved-franchise,18548
mobleer01,1996,2TM,summary-or-unresolved-franchise,18570
mundtto01,1996,2TM,summary-or-unresolved-franchise,18579
murdoer01,1996,2TM,summary-or-unresolved-franchise,18582
myerspe01,1996,2TM,summary-or-unresolved-franchise,18589
owensbi01,1996,2TM,summary-or-unresolved-franchise,18603
peplomi01,1996,2TM,summary-or-unresolved-franchise,18611
perryti01,1996,2TM,summary-or-unresolved-franchise,18617
pincked01,1996,2TM,summary-or-unresolved-franchise,18625
reevekh01,1996,2TM,summary-or-unresolved-franchise,18638
reidjr01,1996,2TM,summary-or-unresolved-franchise,18642
renchte01,1996,2TM,summary-or-unresolved-franchise,18645
rooksse01,1996,2TM,summary-or-unresolved-franchise,18668
sallejo01,1996,2TM,summary-or-unresolved-franchise,18678
slatere01,1996,3TM,summary-or-unresolved-franchise,18693
smithch01,1996,2TM,summary-or-unresolved-franchise,18697
smithto02,1996,2TM,summary-or-unresolved-franchise,18706
spencel01,1996,2TM,summary-or-unresolved-franchise,18711
suttogr01,1996,2TM,summary-or-unresolved-franchise,18724
waltere01,1996,2TM,summary-or-unresolved-franchise,18745
webbsp01,1996,2TM,summary-or-unresolved-franchise,18752
willihe01,1996,2TM,summary-or-unresolved-franchise,18767
willike02,1996,2TM,summary-or-unresolved-franchise,18772
willimo01,1996,2TM,summary-or-unresolved-franchise,18777
williwa02,1996,2TM,summary-or-unresolved-franchise,18782
wolfjo01,1996,2TM,summary-or-unresolved-franchise,18788
woodda01,1996,3TM,summary-or-unresolved-franchise,18791
wrighsh01,1996,2TM,summary-or-unresolved-franchise,18797
abdelal01,1995,2TM,summary-or-unresolved-franchise,18801
blackja01,1995,2TM,summary-or-unresolved-franchise,18831
bondwa01,1995,2TM,summary-or-unresolved-franchise,18838
brooksc01,1995,2TM,summary-or-unresolved-franchise,18847
daniell01,1995,2TM,summary-or-unresolved-franchise,18886
drexlcl01,1995,2TM,summary-or-unresolved-franchise,18904
edwarbl01,1995,2TM,summary-or-unresolved-franchise,18915
eisleho01,1995,2TM,summary-or-unresolved-franchise,18922
fostegr01,1995,2TM,summary-or-unresolved-franchise,18939
guglito01,1995,3TM,summary-or-unresolved-franchise,18961
humphja01,1995,2TM,summary-or-unresolved-franchise,18992
kitegr01,1995,2TM,summary-or-unresolved-franchise,19018
knighne01,1995,2TM,summary-or-unresolved-franchise,19022
longgr01,1995,2TM,summary-or-unresolved-franchise,19038
marshdo01,1995,2TM,summary-or-unresolved-franchise,19054
murratr01,1995,2TM,summary-or-unresolved-franchise,19088
pritcke01,1995,2TM,summary-or-unresolved-franchise,19124
riverdo01,1995,2TM,summary-or-unresolved-franchise,19138
smithst01,1995,2TM,summary-or-unresolved-franchise,19177
thorpot01,1995,2TM,summary-or-unresolved-franchise,19198
wileymo01,1995,2TM,summary-or-unresolved-franchise,19225
willike02,1995,2TM,summary-or-unresolved-franchise,19235
alexaga01,1994,2TM,summary-or-unresolved-franchise,19258
anderro01,1994,2TM,summary-or-unresolved-franchise,19266
aventan01,1994,2TM,summary-or-unresolved-franchise,19276
bolma01,1994,3TM,summary-or-unresolved-franchise,19293
brickfr01,1994,2TM,summary-or-unresolved-franchise,19304
campbto01,1994,2TM,summary-or-unresolved-franchise,19323
chilcpe01,1994,2TM,summary-or-unresolved-franchise,19334
conloma01,1994,2TM,summary-or-unresolved-franchise,19341
cookan01,1994,2TM,summary-or-unresolved-franchise,19345
courtjo01,1994,2TM,summary-or-unresolved-franchise,19351
gminsmi01,1994,2TM,summary-or-unresolved-franchise,19413
greense01,1994,2TM,summary-or-unresolved-franchise,19426
harpede01,1994,2TM,summary-or-unresolved-franchise,19436
hornaje01,1994,2TM,summary-or-unresolved-franchise,19452
jamerda01,1994,2TM,summary-or-unresolved-franchise,19466
kemptti01,1994,2TM,summary-or-unresolved-franchise,19485
kingst01,1994,2TM,summary-or-unresolved-franchise,19494
knighne01,1994,2TM,summary-or-unresolved-franchise,19499
liberma01,1994,2TM,summary-or-unresolved-franchise,19512
lichtto01,1994,3TM,summary-or-unresolved-franchise,19515
longllu01,1994,2TM,summary-or-unresolved-franchise,19521
maconma01,1994,2TM,summary-or-unresolved-franchise,19527
malonje01,1994,2TM,summary-or-unresolved-franchise,19533
mannida01,1994,2TM,summary-or-unresolved-franchise,19538
mornida01,1994,2TM,summary-or-unresolved-franchise,19559
murphto01,1994,2TM,summary-or-unresolved-franchise,19567
newmajo01,1994,2TM,summary-or-unresolved-franchise,19576
paddige01,1994,3TM,summary-or-unresolved-franchise,19589
polynol01,1994,2TM,summary-or-unresolved-franchise,19608
robinru01,1994,2TM,summary-or-unresolved-franchise,19629
schayda01,1994,2TM,summary-or-unresolved-franchise,19639
smithla02,1994,2TM,summary-or-unresolved-franchise,19656
spencan01,1994,2TM,summary-or-unresolved-franchise,19663
wileymo01,1994,2TM,summary-or-unresolved-franchise,19700
wilkido01,1994,2TM,summary-or-unresolved-franchise,19703
willilo01,1994,3TM,summary-or-unresolved-franchise,19716
wilsotr01,1994,2TM,summary-or-unresolved-franchise,19724
abdelal01,1993,2TM,summary-or-unresolved-franchise,19734
acresma01,1993,2TM,summary-or-unresolved-franchise,19738
askewvi01,1993,2TM,summary-or-unresolved-franchise,19753
benjabe01,1993,2TM,summary-or-unresolved-franchise,19769
corchch01,1993,2TM,summary-or-unresolved-franchise,19819
courtjo01,1993,2TM,summary-or-unresolved-franchise,19822
fostegr01,1993,2TM,summary-or-unresolved-franchise,19864
glassge01,1993,2TM,summary-or-unresolved-franchise,19876
greensi02,1993,2TM,summary-or-unresolved-franchise,19889
hammoto01,1993,2TM,summary-or-unresolved-franchise,19894
jameshe01,1993,2TM,summary-or-unresolved-franchise,19920
kerrst01,1993,2TM,summary-or-unresolved-franchise,19937
legleti01,1993,2TM,summary-or-unresolved-franchise,19958
nealyed01,1993,2TM,summary-or-unresolved-franchise,20007
oggal01,1993,2TM,summary-or-unresolved-franchise,20014
osullda01,1993,2TM,summary-or-unresolved-franchise,20019
perkisa01,1993,2TM,summary-or-unresolved-franchise,20034
rambiku01,1993,2TM,summary-or-unresolved-franchise,20051
randama01,1993,2TM,summary-or-unresolved-franchise,20054
reidjr01,1993,2TM,summary-or-unresolved-franchise,20058
roberal01,1993,2TM,summary-or-unresolved-franchise,20065
spencan01,1993,2TM,summary-or-unresolved-franchise,20106
stivral01,1993,4TM,summary-or-unresolved-franchise,20116
walkeda01,1993,2TM,summary-or-unresolved-franchise,20137
wileymo01,1993,2TM,summary-or-unresolved-franchise,20148
willilo01,1993,3TM,summary-or-unresolved-franchise,20162
wolfjo01,1993,2TM,summary-or-unresolved-franchise,20172
woolror01,1993,2TM,summary-or-unresolved-franchise,20177
anslemi01,1992,2TM,summary-or-unresolved-franchise,20196
baileth01,1992,2TM,summary-or-unresolved-franchise,20207
battlke01,1992,2TM,summary-or-unresolved-franchise,20214
bennewi01,1992,2TM,summary-or-unresolved-franchise,20219
brownch01,1992,2TM,summary-or-unresolved-franchise,20237
brownto01,1992,2TM,summary-or-unresolved-franchise,20244
buechju01,1992,3TM,summary-or-unresolved-franchise,20248
chapmre01,1992,2TM,summary-or-unresolved-franchise,20265
corbity01,1992,2TM,summary-or-unresolved-franchise,20278
donalja01,1992,2TM,summary-or-unresolved-franchise,20294
douglsh01,1992,2TM,summary-or-unresolved-franchise,20297
garrito01,1992,3TM,summary-or-unresolved-franchise,20330
grantgr01,1992,2TM,summary-or-unresolved-franchise,20345
hansebo01,1992,2TM,summary-or-unresolved-franchise,20357
hendege01,1992,2TM,summary-or-unresolved-franchise,20365
higgise01,1992,2TM,summary-or-unresolved-franchise,20371
hopsode01,1992,2TM,summary-or-unresolved-franchise,20378
johnsav01,1992,2TM,summary-or-unresolved-franchise,20391
laneje01,1992,3TM,summary-or-unresolved-franchise,20416
masseto01,1992,4TM,summary-or-unresolved-franchise,20443
mayesth01,1992,2TM,summary-or-unresolved-franchise,20449
mortojo01,1992,2TM,summary-or-unresolved-franchise,20468
perryel01,1992,2TM,summary-or-unresolved-franchise,20495
quinnbr01,1992,2TM,summary-or-unresolved-franchise,20512
randama01,1992,2TM,summary-or-unresolved-franchise,20516
sandemi01,1992,2TM,summary-or-unresolved-franchise,20543
schefst01,1992,2TM,summary-or-unresolved-franchise,20547
shawbr01,1992,2TM,summary-or-unresolved-franchise,20557
sparrro01,1992,2TM,summary-or-unresolved-franchise,20572
thompst01,1992,2TM,summary-or-unresolved-franchise,20590
wileymo01,1992,3TM,summary-or-unresolved-franchise,20615
winchke01,1992,2TM,summary-or-unresolved-franchise,20630
youngda01,1992,2TM,summary-or-unresolved-franchise,20638
andergr01,1991,3TM,summary-or-unresolved-franchise,20649
battlke01,1991,2TM,summary-or-unresolved-franchise,20667
benjabe01,1991,2TM,summary-or-unresolved-franchise,20671
brownto01,1991,2TM,summary-or-unresolved-franchise,20689
connele01,1991,2TM,summary-or-unresolved-franchise,20716
daviswa03,1991,2TM,summary-or-unresolved-franchise,20732
dinkiby01,1991,2TM,summary-or-unresolved-franchise,20737
eliema01,1991,2TM,summary-or-unresolved-franchise,20756
ellisda01,1991,2TM,summary-or-unresolved-franchise,20760
farmeji01,1991,2TM,summary-or-unresolved-franchise,20767
gilliar01,1991,2TM,summary-or-unresolved-franchise,20784
gminsmi01,1991,2TM,summary-or-unresolved-franchise,20789
hoppeda01,1991,2TM,summary-or-unresolved-franchise,20823
johnsav01,1991,2TM,summary-or-unresolved-franchise,20834
johnsed03,1991,2TM,summary-or-unresolved-franchise,20838
leckner01,1991,2TM,summary-or-unresolved-franchise,20864
mcdanxa01,1991,2TM,summary-or-unresolved-franchise,20897
millste01,1991,2TM,summary-or-unresolved-franchise,20906
petrodr01,1991,2TM,summary-or-unresolved-franchise,20941
piercri01,1991,2TM,summary-or-unresolved-franchise,20944
polynol01,1991,2TM,summary-or-unresolved-franchise,20949
robinla01,1991,2TM,summary-or-unresolved-franchise,20971
smrekmi01,1991,2TM,summary-or-unresolved-franchise,21004
willire01,1991,2TM,summary-or-unresolved-franchise,21059
woodsmi01,1991,2TM,summary-or-unresolved-franchise,21070
wrighho02,1991,3TM,summary-or-unresolved-franchise,21076
blabuw01,1990,2TM,summary-or-unresolved-franchise,21107
breuera01,1990,2TM,summary-or-unresolved-franchise,21117
carran01,1990,2TM,summary-or-unresolved-franchise,21135
carrojo01,1990,2TM,summary-or-unresolved-franchise,21138
cheekma01,1990,2TM,summary-or-unresolved-franchise,21145
chievde01,1990,2TM,summary-or-unresolved-franchise,21148
dudlech02,1990,2TM,summary-or-unresolved-franchise,21180
garlawi01,1990,2TM,summary-or-unresolved-franchise,21205
gilliar01,1990,2TM,summary-or-unresolved-franchise,21211
grayst01,1990,2TM,summary-or-unresolved-franchise,21220
haleyja01,1990,2TM,summary-or-unresolved-franchise,21229
harpero01,1990,2TM,summary-or-unresolved-franchise,21237
hendege01,1990,2TM,summary-or-unresolved-franchise,21243
higgimi01,1990,2TM,summary-or-unresolved-franchise,21246
johnsna01,1990,2TM,summary-or-unresolved-franchise,21272
johnsst03,1990,2TM,summary-or-unresolved-franchise,21275
keysra01,1990,2TM,summary-or-unresolved-franchise,21287
lesji01,1990,2TM,summary-or-unresolved-franchise,21305
lewisra01,1990,2TM,summary-or-unresolved-franchise,21311
lloydle01,1990,2TM,summary-or-unresolved-franchise,21317
lohaubr01,1990,2TM,summary-or-unresolved-franchise,21320
maxweve01,1990,2TM,summary-or-unresolved-franchise,21338
myerspe01,1990,2TM,summary-or-unresolved-franchise,21363
oldhaja01,1990,2TM,summary-or-unresolved-franchise,21376
rambiku01,1990,2TM,summary-or-unresolved-franchise,21400
reidro01,1990,2TM,summary-or-unresolved-franchise,21405
sellebr01,1990,2TM,summary-or-unresolved-franchise,21434
sichtje01,1990,2TM,summary-or-unresolved-franchise,21441
smithke01,1990,2TM,summary-or-unresolved-franchise,21449
stricro02,1990,2TM,summary-or-unresolved-franchise,21460
toneyse01,1990,2TM,summary-or-unresolved-franchise,21478
turnean01,1990,2TM,summary-or-unresolved-franchise,21483
upshake01,1990,3TM,summary-or-unresolved-franchise,21489
vinceja01,1990,2TM,summary-or-unresolved-franchise,21494
welpch01,1990,2TM,summary-or-unresolved-franchise,21504
willimi02,1990,2TM,summary-or-unresolved-franchise,21521
willimi03,1990,2TM,summary-or-unresolved-franchise,21524
willire01,1990,3TM,summary-or-unresolved-franchise,21527
aguirma01,1989,2TM,summary-or-unresolved-franchise,21544
aingeda01,1989,2TM,summary-or-unresolved-franchise,21547
alforst01,1989,2TM,summary-or-unresolved-franchise,21551
berrywa01,1989,2TM,summary-or-unresolved-franchise,21568
brownto01,1989,2TM,summary-or-unresolved-franchise,21585
cookda01,1989,2TM,summary-or-unresolved-franchise,21606
dantlad01,1989,2TM,summary-or-unresolved-franchise,21619
davisma01,1989,2TM,summary-or-unresolved-franchise,21625
greenda01,1989,2TM,summary-or-unresolved-franchise,21676
greenri01,1989,2TM,summary-or-unresolved-franchise,21679
hodgecr01,1989,2TM,summary-or-unresolved-franchise,21696
jonesan01,1989,2TM,summary-or-unresolved-franchise,21719
jonessh01,1989,3TM,summary-or-unresolved-franchise,21726
kitegr01,1989,2TM,summary-or-unresolved-franchise,21737
kleinjo01,1989,2TM,summary-or-unresolved-franchise,21740
lohaubr01,1989,2TM,summary-or-unresolved-franchise,21760
longjo01,1989,2TM,summary-or-unresolved-franchise,21764
mannipa01,1989,2TM,summary-or-unresolved-franchise,21775
mitchto01,1989,2TM,summary-or-unresolved-franchise,21789
myerspe01,1989,2TM,summary-or-unresolved-franchise,21797
nattca01,1989,2TM,summary-or-unresolved-franchise,21801
nealcr01,1989,2TM,summary-or-unresolved-franchise,21804
nealyed01,1989,2TM,summary-or-unresolved-franchise,21807
pincked01,1989,2TM,summary-or-unresolved-franchise,21826
popsoda01,1989,2TM,summary-or-unresolved-franchise,21831
pressdo01,1989,2TM,summary-or-unresolved-franchise,21835
rothsc01,1989,2TM,summary-or-unresolved-franchise,21855
rowinji01,1989,2TM,summary-or-unresolved-franchise,21858
schrede01,1989,2TM,summary-or-unresolved-franchise,21867
smithde02,1989,2TM,summary-or-unresolved-franchise,21882
stroejo01,1989,2TM,summary-or-unresolved-franchise,21896
thompla01,1989,2TM,summary-or-unresolved-franchise,21908
tisdawa01,1989,2TM,summary-or-unresolved-franchise,21915
upshake01,1989,2TM,summary-or-unresolved-franchise,21926
vandeki01,1989,2TM,summary-or-unresolved-franchise,21930
vinceja01,1989,2TM,summary-or-unresolved-franchise,21933
wheelcl01,1989,2TM,summary-or-unresolved-franchise,21945
whiteer01,1989,2TM,summary-or-unresolved-franchise,21948
whiteje01,1989,2TM,summary-or-unresolved-franchise,21951
willihe01,1989,2TM,summary-or-unresolved-franchise,21959
willike01,1989,2TM,summary-or-unresolved-franchise,21964
wittmra01,1989,2TM,summary-or-unresolved-franchise,21970
anderri01,1988,2TM,summary-or-unresolved-franchise,21988
bradldu01,1988,2TM,summary-or-unresolved-franchise,22010
carrojo01,1988,2TM,summary-or-unresolved-franchise,22023
colembe01,1988,2TM,summary-or-unresolved-franchise,22030
coltest01,1988,2TM,summary-or-unresolved-franchise,22034
corbity01,1988,2TM,summary-or-unresolved-franchise,22042
davisch02,1988,2TM,summary-or-unresolved-franchise,22055
dawkida01,1988,2TM,summary-or-unresolved-franchise,22059
edwarja01,1988,2TM,summary-or-unresolved-franchise,22075
floydsl01,1988,2TM,summary-or-unresolved-franchise,22088
gilmoar01,1988,2TM,summary-or-unresolved-franchise,22096
gminsmi01,1988,2TM,summary-or-unresolved-franchise,22099
harrist01,1988,2TM,summary-or-unresolved-franchise,22116
hendege01,1988,2TM,summary-or-unresolved-franchise,22121
hendeke01,1988,2TM,summary-or-unresolved-franchise,22124
henryco01,1988,3TM,summary-or-unresolved-franchise,22127
hinsoro01,1988,2TM,summary-or-unresolved-franchise,22132
hodgecr01,1988,2TM,summary-or-unresolved-franchise,22135
hoppeda01,1988,2TM,summary-or-unresolved-franchise,22139
humphja01,1988,2TM,summary-or-unresolved-franchise,22146
johnske02,1988,2TM,summary-or-unresolved-franchise,22158
kitegr01,1988,2TM,summary-or-unresolved-franchise,22171
mccorti01,1988,2TM,summary-or-unresolved-franchise,22199
mcgeemi01,1988,2TM,summary-or-unresolved-franchise,22205
minnidi01,1988,2TM,summary-or-unresolved-franchise,22215
moorean01,1988,2TM,summary-or-unresolved-franchise,22221
moorejo01,1988,2TM,summary-or-unresolved-franchise,22224
moorero01,1988,2TM,summary-or-unresolved-franchise,22227
nancela01,1988,2TM,summary-or-unresolved-franchise,22235
nesslma01,1988,2TM,summary-or-unresolved-franchise,22240
paxsoji02,1988,2TM,summary-or-unresolved-franchise,22253
sampsra01,1988,2TM,summary-or-unresolved-franchise,22285
sandemi01,1988,2TM,summary-or-unresolved-franchise,22288
scurrca01,1988,2TM,summary-or-unresolved-franchise,22295
sichtje01,1988,2TM,summary-or-unresolved-franchise,22300
smithot01,1988,2TM,summary-or-unresolved-franchise,22308
sparrro01,1988,2TM,summary-or-unresolved-franchise,22312
thornbo01,1988,2TM,summary-or-unresolved-franchise,22327
threase01,1988,2TM,summary-or-unresolved-franchise,22331
tolbera01,1988,2TM,summary-or-unresolved-franchise,22335
vincesa01,1988,2TM,summary-or-unresolved-franchise,22349
washbch01,1988,2TM,summary-or-unresolved-franchise,22359
westma01,1988,2TM,summary-or-unresolved-franchise,22368
whiteto01,1988,3TM,summary-or-unresolved-franchise,22375
wilsori02,1988,2TM,summary-or-unresolved-franchise,22389
woodle01,1988,2TM,summary-or-unresolved-franchise,22396
berrywa01,1987,2TM,summary-or-unresolved-franchise,22424
brickfr01,1987,2TM,summary-or-unresolved-franchise,22437
coltest01,1987,2TM,summary-or-unresolved-franchise,22458
corbity01,1987,2TM,summary-or-unresolved-franchise,22464
curetea01,1987,2TM,summary-or-unresolved-franchise,22470
dayeda01,1987,2TM,summary-or-unresolved-franchise,22481
duckwke01,1987,2TM,summary-or-unresolved-franchise,22489
englech01,1987,3TM,summary-or-unresolved-franchise,22500
fieldke01,1987,2TM,summary-or-unresolved-franchise,22509
hendece01,1987,2TM,summary-or-unresolved-franchise,22535
hendege01,1987,2TM,summary-or-unresolved-franchise,22538
henryco01,1987,2TM,summary-or-unresolved-franchise,22543
jonesan01,1987,2TM,summary-or-unresolved-franchise,22567
maxwece01,1987,2TM,summary-or-unresolved-franchise,22604
minnidi01,1987,2TM,summary-or-unresolved-franchise,22621
nimphku01,1987,2TM,summary-or-unresolved-franchise,22637
poquebe01,1987,2TM,summary-or-unresolved-franchise,22657
thompmy01,1987,2TM,summary-or-unresolved-franchise,22716
threase01,1987,2TM,summary-or-unresolved-franchise,22721
wilsomi01,1987,2TM,summary-or-unresolved-franchise,22767
youngpe01,1987,2TM,summary-or-unresolved-franchise,22780
anderro01,1986,2TM,summary-or-unresolved-franchise,22788
brewero01,1986,2TM,summary-or-unresolved-franchise,22810
bryanwa01,1986,2TM,summary-or-unresolved-franchise,22817
cartebu01,1986,2TM,summary-or-unresolved-franchise,22827
cookje01,1986,2TM,summary-or-unresolved-franchise,22841
creviro01,1986,2TM,summary-or-unresolved-franchise,22848
davisjo01,1986,2TM,summary-or-unresolved-franchise,22859
donalja01,1986,2TM,summary-or-unresolved-franchise,22865
greenke02,1986,2TM,summary-or-unresolved-franchise,22899
higgiro01,1986,4TM,summary-or-unresolved-franchise,22916
holtomi01,1986,2TM,summary-or-unresolved-franchise,22923
iavarma01,1986,2TM,summary-or-unresolved-franchise,22930
johnsed02,1986,2TM,summary-or-unresolved-franchise,22935
lampje01,1986,2TM,summary-or-unresolved-franchise,22967
martibr01,1986,2TM,summary-or-unresolved-franchise,22987
mosspe01,1986,2TM,summary-or-unresolved-franchise,23010
nevitch01,1986,2TM,summary-or-unresolved-franchise,23017
nimphku01,1986,2TM,summary-or-unresolved-franchise,23020
toneyse01,1986,2TM,summary-or-unresolved-franchise,23097
valenda01,1986,2TM,summary-or-unresolved-franchise,23106
warribr01,1986,2TM,summary-or-unresolved-franchise,23118
whatlen01,1986,3TM,summary-or-unresolved-franchise,23125
wilkije01,1986,2TM,summary-or-unresolved-franchise,23136
willira01,1986,3TM,summary-or-unresolved-franchise,23146
woodle01,1986,2TM,summary-or-unresolved-franchise,23154
brewero01,1985,2TM,summary-or-unresolved-franchise,23185
cookje01,1985,2TM,summary-or-unresolved-franchise,23213
davisch02,1985,2TM,summary-or-unresolved-franchise,23227
englech01,1985,3TM,summary-or-unresolved-franchise,23248
iavarma01,1985,2TM,summary-or-unresolved-franchise,23290
jonesch01,1985,2TM,summary-or-unresolved-franchise,23309
jonesed01,1985,2TM,summary-or-unresolved-franchise,23314
knighbi01,1985,2TM,summary-or-unresolved-franchise,23328
lowesi01,1985,2TM,summary-or-unresolved-franchise,23342
mcnamma01,1985,2TM,summary-or-unresolved-franchise,23363
michela01,1985,2TM,summary-or-unresolved-franchise,23367
nattke01,1985,2TM,summary-or-unresolved-franchise,23377
roberfr01,1985,2TM,summary-or-unresolved-franchise,23410
romarlo01,1985,2TM,summary-or-unresolved-franchise,23417
teaglte01,1985,2TM,summary-or-unresolved-franchise,23451
thirdda01,1985,3TM,summary-or-unresolved-franchise,23456
thomppa01,1985,2TM,summary-or-unresolved-franchise,23465
westma01,1985,2TM,summary-or-unresolved-franchise,23488
wilkida01,1985,2TM,summary-or-unresolved-franchise,23497
wilsomi01,1985,2TM,summary-or-unresolved-franchise,23512
brewero01,1984,2TM,summary-or-unresolved-franchise,23546
crissch01,1984,2TM,summary-or-unresolved-franchise,23574
edmonke01,1984,2TM,summary-or-unresolved-franchise,23599
johnsst03,1984,2TM,summary-or-unresolved-franchise,23661
jordaed01,1984,2TM,summary-or-unresolved-franchise,23672
kuczebr01,1984,3TM,summary-or-unresolved-franchise,23684
loderke01,1984,2TM,summary-or-unresolved-franchise,23701
matthwe01,1984,2TM,summary-or-unresolved-franchise,23714
pheglro01,1984,2TM,summary-or-unresolved-franchise,23750
robisda01,1984,3TM,summary-or-unresolved-franchise,23771
romarlo01,1984,2TM,summary-or-unresolved-franchise,23776
theusre01,1984,2TM,summary-or-unresolved-franchise,23803
towneli01,1984,2TM,summary-or-unresolved-franchise,23817
whitero01,1984,3TM,summary-or-unresolved-franchise,23842
willisa02,1984,2TM,summary-or-unresolved-franchise,23856
anderjj01,1983,2TM,summary-or-unresolved-franchise,23872
baileja01,1983,2TM,summary-or-unresolved-franchise,23878
batesbi01,1983,2TM,summary-or-unresolved-franchise,23883
brewero01,1983,2TM,summary-or-unresolved-franchise,23895
brownri01,1983,2TM,summary-or-unresolved-franchise,23903
cookje01,1983,2TM,summary-or-unresolved-franchise,23921
coopejo01,1983,3TM,summary-or-unresolved-franchise,23924
edwarja01,1983,2TM,summary-or-unresolved-franchise,23961
floydsl01,1983,2TM,summary-or-unresolved-franchise,23970
fordph01,1983,2TM,summary-or-unresolved-franchise,23973
freewo01,1983,2TM,summary-or-unresolved-franchise,23976
hastisc01,1983,2TM,summary-or-unresolved-franchise,23996
hawesst01,1983,2TM,summary-or-unresolved-franchise,23999
johnscl01,1983,2TM,summary-or-unresolved-franchise,24017
johnsji01,1983,2TM,summary-or-unresolved-franchise,24027
johnsmi01,1983,3TM,summary-or-unresolved-franchise,24032
johnsre01,1983,2TM,summary-or-unresolved-franchise,24036
jonesdw01,1983,2TM,summary-or-unresolved-franchise,24043
jonesed01,1983,2TM,summary-or-unresolved-franchise,24046
kelleri01,1983,2TM,summary-or-unresolved-franchise,24053
kenonla01,1983,3TM,summary-or-unresolved-franchise,24058
mcdowha01,1983,2TM,summary-or-unresolved-franchise,24094
mixst01,1983,2TM,summary-or-unresolved-franchise,24104
mokespa01,1983,2TM,summary-or-unresolved-franchise,24107
paultbi01,1983,2TM,summary-or-unresolved-franchise,24131
pellosa01,1983,2TM,summary-or-unresolved-franchise,24135
richami01,1983,2TM,summary-or-unresolved-franchise,24151
schayda01,1983,2TM,summary-or-unresolved-franchise,24165
schoeru01,1983,2TM,summary-or-unresolved-franchise,24168
smithra01,1983,2TM,summary-or-unresolved-franchise,24182
smithro01,1983,2TM,summary-or-unresolved-franchise,24185
sparrro01,1983,2TM,summary-or-unresolved-franchise,24190
tillida01,1983,2TM,summary-or-unresolved-franchise,24206
tolbera01,1983,2TM,summary-or-unresolved-franchise,24209
wedmasc01,1983,2TM,summary-or-unresolved-franchise,24229
willobi01,1983,2TM,summary-or-unresolved-franchise,24249
baileja01,1982,2TM,summary-or-unresolved-franchise,24265
bantomi01,1982,2TM,summary-or-unresolved-franchise,24270
brewero01,1982,2TM,summary-or-unresolved-franchise,24286
burnsda01,1982,2TM,summary-or-unresolved-franchise,24298
carrke01,1982,2TM,summary-or-unresolved-franchise,24302
crissch01,1982,2TM,summary-or-unresolved-franchise,24323
evansmi01,1982,2TM,summary-or-unresolved-franchise,24356
hayesst01,1982,2TM,summary-or-unresolved-franchise,24387
hillar01,1982,2TM,summary-or-unresolved-franchise,24395
hollabr01,1982,2TM,summary-or-unresolved-franchise,24398
hubbaph01,1982,2TM,summary-or-unresolved-franchise,24403
jackstr01,1982,2TM,summary-or-unresolved-franchise,24408
johnsre01,1982,3TM,summary-or-unresolved-franchise,24424
johnsvi01,1982,2TM,summary-or-unresolved-franchise,24429
kelsegr01,1982,2TM,summary-or-unresolved-franchise,24441
laceysa01,1982,2TM,summary-or-unresolved-franchise,24453
laimbbi01,1982,2TM,summary-or-unresolved-franchise,24457
lambejo01,1982,2TM,summary-or-unresolved-franchise,24460
mitchmi01,1982,2TM,summary-or-unresolved-franchise,24496
mokespa01,1982,2TM,summary-or-unresolved-franchise,24500
pheglro01,1982,2TM,summary-or-unresolved-franchise,24524
restake01,1982,2TM,summary-or-unresolved-franchise,24534
robincl01,1982,2TM,summary-or-unresolved-franchise,24541
smithph01,1982,2TM,summary-or-unresolved-franchise,24564
tolbera01,1982,2TM,summary-or-unresolved-franchise,24580
willifr01,1982,2TM,summary-or-unresolved-franchise,24609
woodal01,1982,2TM,summary-or-unresolved-franchise,24620
woodsmi01,1982,2TM,summary-or-unresolved-franchise,24624
abernto01,1981,2TM,summary-or-unresolved-franchise,24632
brewero01,1981,2TM,summary-or-unresolved-franchise,24654
carrau01,1981,2TM,summary-or-unresolved-franchise,24670
collido02,1981,2TM,summary-or-unresolved-franchise,24685
davismo01,1981,2TM,summary-or-unresolved-franchise,24701
duerote01,1981,2TM,summary-or-unresolved-franchise,24715
galemi01,1981,2TM,summary-or-unresolved-franchise,24733
gerargu01,1981,2TM,summary-or-unresolved-franchise,24737
hassejo01,1981,2TM,summary-or-unresolved-franchise,24757
hillar01,1981,2TM,summary-or-unresolved-franchise,24768
hugheki01,1981,2TM,summary-or-unresolved-franchise,24775
hustoge01,1981,2TM,summary-or-unresolved-franchise,24778
johnsle01,1981,2TM,summary-or-unresolved-franchise,24790
jordaed01,1981,2TM,summary-or-unresolved-franchise,24804
kinchch01,1981,2TM,summary-or-unresolved-franchise,24813
lambejo01,1981,2TM,summary-or-unresolved-franchise,24826
mackol01,1981,2TM,summary-or-unresolved-franchise,24839
matthwe01,1981,2TM,summary-or-unresolved-franchise,24845
mcadobo01,1981,2TM,summary-or-unresolved-franchise,24851
mckinbi01,1981,2TM,summary-or-unresolved-franchise,24859
milledi01,1981,2TM,summary-or-unresolved-franchise,24865
nicksca01,1981,2TM,summary-or-unresolved-franchise,24879
pietkst01,1981,2TM,summary-or-unresolved-franchise,24896
robinbi01,1981,2TM,summary-or-unresolved-franchise,24913
robisda01,1981,2TM,summary-or-unresolved-franchise,24919
shumajo01,1981,2TM,summary-or-unresolved-franchise,24933
washiri01,1981,2TM,summary-or-unresolved-franchise,24964
whiteje01,1981,3TM,summary-or-unresolved-franchise,24970
whiteru01,1981,2TM,summary-or-unresolved-franchise,24975
basseti01,1980,2TM,summary-or-unresolved-franchise,25005
bensoke01,1980,2TM,summary-or-unresolved-franchise,25010
boonero01,1980,2TM,summary-or-unresolved-franchise,25017
bosweto01,1980,2TM,summary-or-unresolved-franchise,25021
brownjo01,1980,2TM,summary-or-unresolved-franchise,25033
carrke01,1980,2TM,summary-or-unresolved-franchise,25046
cheniph01,1980,2TM,summary-or-unresolved-franchise,25055
cleamji01,1980,2TM,summary-or-unresolved-franchise,25059
davisbr01,1980,2TM,summary-or-unresolved-franchise,25075
englial01,1980,2TM,summary-or-unresolved-franchise,25095
forddo01,1980,2TM,summary-or-unresolved-franchise,25103
furlote01,1980,2TM,summary-or-unresolved-franchise,25109
hollili01,1980,2TM,summary-or-unresolved-franchise,25140
jonesdw01,1980,2TM,summary-or-unresolved-franchise,25163
kelleri01,1980,2TM,summary-or-unresolved-franchise,25169
landsma01,1980,2TM,summary-or-unresolved-franchise,25188
laniebo01,1980,2TM,summary-or-unresolved-franchise,25191
leebu01,1980,2TM,summary-or-unresolved-franchise,25195
leero01,1980,2TM,summary-or-unresolved-franchise,25198
lucasma01,1980,2TM,summary-or-unresolved-franchise,25203
mackol01,1980,2TM,summary-or-unresolved-franchise,25206
malovst01,1980,3TM,summary-or-unresolved-franchise,25210
maravpe01,1980,2TM,summary-or-unresolved-franchise,25214
mcelrji01,1980,2TM,summary-or-unresolved-franchise,25220
mcginge01,1980,2TM,summary-or-unresolved-franchise,25223
moneyer01,1980,2TM,summary-or-unresolved-franchise,25235
nattca01,1980,2TM,summary-or-unresolved-franchise,25241
paultbi01,1980,2TM,summary-or-unresolved-franchise,25252
pheglro01,1980,2TM,summary-or-unresolved-franchise,25258
shumajo01,1980,3TM,summary-or-unresolved-franchise,25285
smithbi02,1980,2TM,summary-or-unresolved-franchise,25294
smithro01,1980,2TM,summary-or-unresolved-franchise,25299
whiteje01,1980,2TM,summary-or-unresolved-franchise,25329
willijo01,1980,2TM,summary-or-unresolved-franchise,25340
awtrede01,1979,2TM,summary-or-unresolved-franchise,25358
barketo01,1979,3TM,summary-or-unresolved-franchise,25364
behagro01,1979,3TM,summary-or-unresolved-franchise,25372
breweji01,1979,2TM,summary-or-unresolved-franchise,25387
byrnema01,1979,2TM,summary-or-unresolved-franchise,25400
catchha01,1979,2TM,summary-or-unresolved-franchise,25408
davisbr01,1979,2TM,summary-or-unresolved-franchise,25428
fordch01,1979,2TM,summary-or-unresolved-franchise,25449
furlote01,1979,2TM,summary-or-unresolved-franchise,25457
gerargu01,1979,2TM,summary-or-unresolved-franchise,25461
haywosp01,1979,2TM,summary-or-unresolved-franchise,25485
howarot01,1979,2TM,summary-or-unresolved-franchise,25498
knighbi01,1979,2TM,summary-or-unresolved-franchise,25524
leebu01,1979,2TM,summary-or-unresolved-franchise,25537
leero01,1979,2TM,summary-or-unresolved-franchise,25540
lloydsc01,1979,2TM,summary-or-unresolved-franchise,25543
mcadobo01,1979,2TM,summary-or-unresolved-franchise,25553
meriwjo01,1979,2TM,summary-or-unresolved-franchise,25564
moneyer01,1979,2TM,summary-or-unresolved-franchise,25569
redmoma01,1979,2TM,summary-or-unresolved-franchise,25594
robeyri01,1979,2TM,summary-or-unresolved-franchise,25602
robintr01,1979,2TM,summary-or-unresolved-franchise,25607
sandefr01,1979,2TM,summary-or-unresolved-franchise,25616
sheppst01,1979,2TM,summary-or-unresolved-franchise,25622
simpsra01,1979,2TM,summary-or-unresolved-franchise,25629
skinnal01,1979,2TM,summary-or-unresolved-franchise,25632
stacoke01,1979,2TM,summary-or-unresolved-franchise,25644
tatumea01,1979,2TM,summary-or-unresolved-franchise,25648
terreir01,1979,2TM,summary-or-unresolved-franchise,25652
wakefan01,1979,2TM,summary-or-unresolved-franchise,25665
whitejo01,1979,2TM,summary-or-unresolved-franchise,25680
abdulza01,1978,2TM,summary-or-unresolved-franchise,25696
ardji01,1978,2TM,summary-or-unresolved-franchise,25702
averibi01,1978,2TM,summary-or-unresolved-franchise,25706
barnema01,1978,2TM,summary-or-unresolved-franchise,25713
behagro01,1978,3TM,summary-or-unresolved-franchise,25719
bigelbo01,1978,2TM,summary-or-unresolved-franchise,25726
carribo01,1978,2TM,summary-or-unresolved-franchise,25754
chanedo01,1978,2TM,summary-or-unresolved-franchise,25760
dantlad01,1978,2TM,summary-or-unresolved-franchise,25776
dickede01,1978,2TM,summary-or-unresolved-franchise,25783
digreer01,1978,2TM,summary-or-unresolved-franchise,25787
dorseja01,1978,2TM,summary-or-unresolved-franchise,25790
dunlemi01,1978,2TM,summary-or-unresolved-franchise,25796
eakinji01,1978,2TM,summary-or-unresolved-franchise,25800
edwarja01,1978,2TM,summary-or-unresolved-franchise,25804
gerargu01,1978,2TM,summary-or-unresolved-franchise,25820
greenmi01,1978,2TM,summary-or-unresolved-franchise,25829
hansegl01,1978,2TM,summary-or-unresolved-franchise,25839
hillmda01,1978,2TM,summary-or-unresolved-franchise,25851
johnsch01,1978,2TM,summary-or-unresolved-franchise,25861
johnsjo01,1978,2TM,summary-or-unresolved-franchise,25867
jordaed01,1978,2TM,summary-or-unresolved-franchise,25879
lloydsc01,1978,2TM,summary-or-unresolved-franchise,25901
mcclate01,1978,2TM,summary-or-unresolved-franchise,25913
mcneila01,1978,2TM,summary-or-unresolved-franchise,25921
nelsolo01,1978,2TM,summary-or-unresolved-franchise,25936
norwowi01,1978,2TM,summary-or-unresolved-franchise,25942
porteho01,1978,2TM,summary-or-unresolved-franchise,25955
porteke01,1978,2TM,summary-or-unresolved-franchise,25958
priceji01,1978,2TM,summary-or-unresolved-franchise,25961
restake01,1978,2TM,summary-or-unresolved-franchise,25967
robisda01,1978,2TM,summary-or-unresolved-franchise,25974
saundfr01,1978,2TM,summary-or-unresolved-franchise,25982
scottch01,1978,2TM,summary-or-unresolved-franchise,25987
shumajo01,1978,2TM,summary-or-unresolved-franchise,25993
simpsra01,1978,2TM,summary-or-unresolved-franchise,25999
skinnal01,1978,2TM,summary-or-unresolved-franchise,26003
tatumea01,1978,2TM,summary-or-unresolved-franchise,26016
walkewa01,1978,2TM,summary-or-unresolved-franchise,26030
washike01,1978,2TM,summary-or-unresolved-franchise,26035
washiwi01,1978,2TM,summary-or-unresolved-franchise,26039
wattssl01,1978,2TM,summary-or-unresolved-franchise,26042
willijo01,1978,2TM,summary-or-unresolved-franchise,26056
willina01,1978,2TM,summary-or-unresolved-franchise,26059
bantomi01,1977,2TM,summary-or-unresolved-franchise,26080
brokaga01,1977,2TM,summary-or-unresolved-franchise,26105
calvima01,1977,3TM,summary-or-unresolved-franchise,26117
cartefr01,1977,2TM,summary-or-unresolved-franchise,26123
davisme01,1977,2TM,summary-or-unresolved-franchise,26144
garrero01,1977,2TM,summary-or-unresolved-franchise,26177
gerargu01,1977,2TM,summary-or-unresolved-franchise,26180
gianejo01,1977,2TM,summary-or-unresolved-franchise,26184
grayle01,1977,2TM,summary-or-unresolved-franchise,26190
hackeru01,1977,2TM,summary-or-unresolved-franchise,26198
hendeto01,1977,2TM,summary-or-unresolved-franchise,26208
hicksph01,1977,2TM,summary-or-unresolved-franchise,26211
howarmo01,1977,2TM,summary-or-unresolved-franchise,26218
johnsge02,1977,2TM,summary-or-unresolved-franchise,26228
lovebo01,1977,3TM,summary-or-unresolved-franchise,26260
malonmo01,1977,2TM,summary-or-unresolved-franchise,26266
mayescl01,1977,3TM,summary-or-unresolved-franchise,26271
mcadobo01,1977,2TM,summary-or-unresolved-franchise,26276
mcmilto01,1977,2TM,summary-or-unresolved-franchise,26286
mcneila01,1977,2TM,summary-or-unresolved-franchise,26289
neumajo01,1977,2TM,summary-or-unresolved-franchise,26305
priceji01,1977,3TM,summary-or-unresolved-franchise,26321
robintr01,1977,2TM,summary-or-unresolved-franchise,26331
smithel01,1977,2TM,summary-or-unresolved-franchise,26352
terrycl01,1977,2TM,summary-or-unresolved-franchise,26370
weathni01,1977,2TM,summary-or-unresolved-franchise,26396
willich02,1977,2TM,summary-or-unresolved-franchise,26408
willijo01,1977,2TM,summary-or-unresolved-franchise,26414
wohlda01,1977,2TM,summary-or-unresolved-franchise,26422
bantomi01,1976,2TM,summary-or-unresolved-franchise,26440
beardbu01,1976,2TM,summary-or-unresolved-franchise,26450
boydfr01,1976,2TM,summary-or-unresolved-franchise,26467
fernser01,1976,2TM,summary-or-unresolved-franchise,26538
garrero01,1976,2TM,summary-or-unresolved-franchise,26553
guokama02,1976,2TM,summary-or-unresolved-franchise,26576
hawesst01,1976,2TM,summary-or-unresolved-franchise,26585
heardga01,1976,2TM,summary-or-unresolved-franchise,26593
johnsjo01,1976,2TM,summary-or-unresolved-franchise,26611
joneswa02,1976,2TM,summary-or-unresolved-franchise,26628
kuberst01,1976,2TM,summary-or-unresolved-franchise,26645
marinja01,1976,2TM,summary-or-unresolved-franchise,26669
meelycl01,1976,2TM,summary-or-unresolved-franchise,26689
pattest01,1976,2TM,summary-or-unresolved-franchise,26726
rileypa01,1976,2TM,summary-or-unresolved-franchise,26739
shortge01,1976,2TM,summary-or-unresolved-franchise,26769
shumajo01,1976,2TM,summary-or-unresolved-franchise,26772
thurmna01,1976,2TM,summary-or-unresolved-franchise,26801
adelmri01,1975,3TM,summary-or-unresolved-franchise,26862
allenlu01,1975,2TM,summary-or-unresolved-franchise,26866
barneji02,1975,2TM,summary-or-unresolved-franchise,26876
bibbyhe01,1975,2TM,summary-or-unresolved-franchise,26891
blockjo01,1975,2TM,summary-or-unresolved-franchise,26896
bridgbi01,1975,2TM,summary-or-unresolved-franchise,26907
calhoco01,1975,2TM,summary-or-unresolved-franchise,26922
durreke01,1975,2TM,summary-or-unresolved-franchise,26966
jacksgr01,1975,2TM,summary-or-unresolved-franchise,27029
johnsol01,1975,2TM,summary-or-unresolved-franchise,27040
lantzst01,1975,2TM,summary-or-unresolved-franchise,27074
leecl01,1975,2TM,summary-or-unresolved-franchise,27077
mooreot01,1975,2TM,summary-or-unresolved-franchise,27118
porteho01,1975,2TM,summary-or-unresolved-franchise,27149
priceji01,1975,2TM,summary-or-unresolved-franchise,27154
vanarto01,1975,2TM,summary-or-unresolved-franchise,27222
walkne01,1975,2TM,summary-or-unresolved-franchise,27231
washiji01,1975,2TM,summary-or-unresolved-franchise,27239
weslewa01,1975,2TM,summary-or-unresolved-franchise,27249
willina01,1975,2TM,summary-or-unresolved-franchise,27265
garredi01,1974,2TM,summary-or-unresolved-franchise,27390
guokama02,1974,3TM,summary-or-unresolved-franchise,27409
hawkico01,1974,2TM,summary-or-unresolved-franchise,27420
hummejo01,1974,2TM,summary-or-unresolved-franchise,27430
kunneke01,1974,2TM,summary-or-unresolved-franchise,27472
marinja01,1974,2TM,summary-or-unresolved-franchise,27501
mooreot01,1974,2TM,summary-or-unresolved-franchise,27530
rileyro01,1974,2TM,summary-or-unresolved-franchise,27581
walkeji01,1974,2TM,summary-or-unresolved-franchise,27653
warneco01,1974,2TM,summary-or-unresolved-franchise,27657
wohlda01,1974,2TM,summary-or-unresolved-franchise,27689
abdulma01,1973,2TM,summary-or-unresolved-franchise,27695
adamsdo01,1973,2TM,summary-or-unresolved-franchise,27699
awtrede01,1973,2TM,summary-or-unresolved-franchise,27708
blockjo01,1973,2TM,summary-or-unresolved-franchise,27728
bridgbi01,1973,2TM,summary-or-unresolved-franchise,27736
countme01,1973,2TM,summary-or-unresolved-franchise,27769
crosspe01,1973,2TM,summary-or-unresolved-franchise,27773
davisch01,1973,2TM,summary-or-unresolved-franchise,27782
driscte01,1973,2TM,summary-or-unresolved-franchise,27797
ellisle01,1973,2TM,summary-or-unresolved-franchise,27804
gibbsdi01,1973,2TM,summary-or-unresolved-franchise,27827
hallije01,1973,2TM,summary-or-unresolved-franchise,27844
heardga01,1973,2TM,summary-or-unresolved-franchise,27856
maydo01,1973,2TM,summary-or-unresolved-franchise,27933
mcintke01,1973,2TM,summary-or-unresolved-franchise,27943
mckenst01,1973,2TM,summary-or-unresolved-franchise,27946
mengejo01,1973,2TM,summary-or-unresolved-franchise,27954
robinfl01,1973,2TM,summary-or-unresolved-franchise,28008
rulebo01,1973,2TM,summary-or-unresolved-franchise,28014
smithgr01,1973,2TM,summary-or-unresolved-franchise,28036
sorenda01,1973,2TM,summary-or-unresolved-franchise,28044
trappjo01,1973,2TM,summary-or-unresolved-franchise,28063
turnebi01,1973,2TM,summary-or-unresolved-franchise,28070
vanarto01,1973,2TM,summary-or-unresolved-franchise,28076
warneco01,1973,2TM,summary-or-unresolved-franchise,28084
weslewa01,1973,2TM,summary-or-unresolved-franchise,28095
wohlda01,1973,2TM,summary-or-unresolved-franchise,28116
adamsdo01,1972,2TM,summary-or-unresolved-franchise,28124
bridgbi01,1972,2TM,summary-or-unresolved-franchise,28155
cartefr01,1972,2TM,summary-or-unresolved-franchise,28175
clarkar01,1972,2TM,summary-or-unresolved-franchise,28189
davisji01,1972,3TM,summary-or-unresolved-franchise,28206
foxji01,1972,2TM,summary-or-unresolved-franchise,28245
imhofda01,1972,2TM,summary-or-unresolved-franchise,28294
jonesja01,1972,2TM,summary-or-unresolved-franchise,28311
loughke01,1972,2TM,summary-or-unresolved-franchise,28358
mclemmc01,1972,2TM,summary-or-unresolved-franchise,28383
monroea01,1972,2TM,summary-or-unresolved-franchise,28396
paulkch01,1972,2TM,summary-or-unresolved-franchise,28424
perrycu01,1972,2TM,summary-or-unresolved-franchise,28430
rackllu01,1972,2TM,summary-or-unresolved-franchise,28444
riordmi01,1972,2TM,summary-or-unresolved-franchise,28453
rulebo01,1972,2TM,summary-or-unresolved-franchise,28466
siegfla01,1972,2TM,summary-or-unresolved-franchise,28480
smithgr01,1972,2TM,summary-or-unresolved-franchise,28492
stallda01,1972,2TM,summary-or-unresolved-franchise,28500
taylofr01,1972,2TM,summary-or-unresolved-franchise,28510
vallejo01,1972,2TM,summary-or-unresolved-franchise,28525
vanlino01,1972,2TM,summary-or-unresolved-franchise,28530
washiji01,1972,2TM,summary-or-unresolved-franchise,28546
webbje01,1972,2TM,summary-or-unresolved-franchise,28550
andercl01,1971,2TM,summary-or-unresolved-franchise,28588
blackto01,1971,2TM,summary-or-unresolved-franchise,28620
chapple01,1971,2TM,summary-or-unresolved-franchise,28661
crawffr01,1971,2TM,summary-or-unresolved-franchise,28677
dierkco01,1971,2TM,summary-or-unresolved-franchise,28699
eganjo01,1971,2TM,summary-or-unresolved-franchise,28708
fostefr01,1971,2TM,summary-or-unresolved-franchise,28719
freemga01,1971,2TM,summary-or-unresolved-franchise,28728
guokama02,1971,2TM,summary-or-unresolved-franchise,28743
halimsh01,1971,2TM,summary-or-unresolved-franchise,28750
mclemmc01,1971,2TM,summary-or-unresolved-franchise,28864
murredo01,1971,2TM,summary-or-unresolved-franchise,28884
tresvjo01,1971,2TM,summary-or-unresolved-franchise,28966
williwi01,1971,2TM,summary-or-unresolved-franchise,29007
bellawa01,1970,2TM,summary-or-unresolved-franchise,29055
hairsha01,1970,2TM,summary-or-unresolved-franchise,29159
harriar01,1970,2TM,summary-or-unresolved-franchise,29166
hewitbi01,1970,2TM,summary-or-unresolved-franchise,29176
kingji01,1970,2TM,summary-or-unresolved-franchise,29212
lucasje01,1970,2TM,summary-or-unresolved-franchise,29240
mannied01,1970,2TM,summary-or-unresolved-franchise,29248
milesed01,1970,2TM,summary-or-unresolved-franchise,29269
mueller01,1970,2TM,summary-or-unresolved-franchise,29282
quickbo01,1970,2TM,summary-or-unresolved-franchise,29311
smithad01,1970,2TM,summary-or-unresolved-franchise,29343
snydedi01,1970,2TM,summary-or-unresolved-franchise,29353
tresvjo01,1970,2TM,summary-or-unresolved-franchise,29383
tuckeal01,1970,2TM,summary-or-unresolved-franchise,29386
turnebi01,1970,2TM,summary-or-unresolved-franchise,29389
abdulza01,1969,2TM,summary-or-unresolved-franchise,29437
barneji01,1969,2TM,summary-or-unresolved-franchise,29454
bellawa01,1969,2TM,summary-or-unresolved-franchise,29467
debusda01,1969,2TM,summary-or-unresolved-franchise,29527
foxji01,1969,2TM,summary-or-unresolved-franchise,29549
gambeda01,1969,2TM,summary-or-unresolved-franchise,29558
hetzefr01,1969,2TM,summary-or-unresolved-franchise,29585
komivho01,1969,2TM,summary-or-unresolved-franchise,29642
lovebo01,1969,2TM,summary-or-unresolved-franchise,29679
mclemmc01,1969,2TM,summary-or-unresolved-franchise,29700
mueller01,1969,2TM,summary-or-unresolved-franchise,29715
niemari01,1969,2TM,summary-or-unresolved-franchise,29724
olsenbu01,1969,2TM,summary-or-unresolved-franchise,29728
robinfl01,1969,2TM,summary-or-unresolved-franchise,29758
tresvjo01,1969,2TM,summary-or-unresolved-franchise,29800
tuckeal01,1969,2TM,summary-or-unresolved-franchise,29803
warlibo01,1969,2TM,summary-or-unresolved-franchise,29822
weissbo01,1969,2TM,summary-or-unresolved-franchise,29828
wilsoge01,1969,2TM,summary-or-unresolved-franchise,29847
barneji01,1968,2TM,summary-or-unresolved-franchise,29866
chapple01,1968,2TM,summary-or-unresolved-franchise,29909
crawffr01,1968,2TM,summary-or-unresolved-franchise,29923
foxji01,1968,2TM,summary-or-unresolved-franchise,29955
greenjo01,1968,2TM,summary-or-unresolved-franchise,29971
hairsha01,1968,2TM,summary-or-unresolved-franchise,29978
mueller01,1968,2TM,summary-or-unresolved-franchise,30089
ohldo01,1968,2TM,summary-or-unresolved-franchise,30099
robinfl01,1968,2TM,summary-or-unresolved-franchise,30127
rodgegu01,1968,2TM,summary-or-unresolved-franchise,30130
tresvjo01,1968,2TM,summary-or-unresolved-franchise,30173
vanarto01,1968,2TM,summary-or-unresolved-franchise,30184
workmto01,1968,2TM,summary-or-unresolved-franchise,30217
chapple01,1967,2TM,summary-or-unresolved-franchise,30243
countme01,1967,2TM,summary-or-unresolved-franchise,30249
hightwa01,1967,2TM,summary-or-unresolved-franchise,30275
scottra01,1967,2TM,summary-or-unresolved-franchise,30324
wilsoge01,1967,2TM,summary-or-unresolved-franchise,30352
barneji01,1966,2TM,summary-or-unresolved-franchise,30359
barnhjo01,1966,2TM,summary-or-unresolved-franchise,30362
bellawa01,1966,2TM,summary-or-unresolved-franchise,30368
caldwjo01,1966,2TM,summary-or-unresolved-franchise,30380
eganjo01,1966,2TM,summary-or-unresolved-franchise,30390
greenjo01,1966,2TM,summary-or-unresolved-franchise,30403
heymaar01,1966,2TM,summary-or-unresolved-franchise,30414
olsenbu01,1966,2TM,summary-or-unresolved-franchise,30442
thornro01,1966,2TM,summary-or-unresolved-franchise,30463
tresvjo01,1966,2TM,summary-or-unresolved-franchise,30468
vaughch01,1966,2TM,summary-or-unresolved-franchise,30474
warlebe01,1966,2TM,summary-or-unresolved-franchise,30479
chambwi01,1965,2TM,summary-or-unresolved-franchise,30511
dierkco01,1965,2TM,summary-or-unresolved-franchise,30519
hightwa01,1965,2TM,summary-or-unresolved-franchise,30545
hillga01,1965,2TM,summary-or-unresolved-franchise,30548
krameba01,1965,2TM,summary-or-unresolved-franchise,30567
mcgilbi01,1965,2TM,summary-or-unresolved-franchise,30574
nashco01,1965,2TM,summary-or-unresolved-franchise,30582
neumapa01,1965,2TM,summary-or-unresolved-franchise,30587
rudomjo01,1965,2TM,summary-or-unresolved-franchise,30599
boozebo01,1964,2TM,summary-or-unresolved-franchise,30631
butchdo01,1964,2TM,summary-or-unresolved-franchise,30636
chapple01,1964,2TM,summary-or-unresolved-franchise,30642
duffybo02,1964,3TM,summary-or-unresolved-franchise,30651
eganjo01,1964,2TM,summary-or-unresolved-franchise,30655
gueriri01,1964,2TM,summary-or-unresolved-franchise,30669
hoguedu01,1964,2TM,summary-or-unresolved-franchise,30682
loughke01,1964,2TM,summary-or-unresolved-franchise,30699
mcgilbi01,1964,2TM,summary-or-unresolved-franchise,30705
nordmbe01,1964,2TM,summary-or-unresolved-franchise,30714
stavela01,1964,3TM,summary-or-unresolved-franchise,30738
cableba01,1963,2TM,summary-or-unresolved-franchise,30772
foleyja01,1963,2TM,summary-or-unresolved-franchise,30793
golato01,1963,2TM,summary-or-unresolved-franchise,30797
mantini01,1963,2TM,summary-or-unresolved-franchise,30833
naullwi01,1963,2TM,summary-or-unresolved-franchise,30841
nordmbe01,1963,2TM,summary-or-unresolved-franchise,30846
sauldwo01,1963,2TM,summary-or-unresolved-franchise,30863
searske01,1963,2TM,summary-or-unresolved-franchise,30868
butleal01,1962,2TM,summary-or-unresolved-franchise,30906
cableba01,1962,2TM,summary-or-unresolved-franchise,30909
deesar01,1962,2TM,summary-or-unresolved-franchise,30919
grabojo01,1962,3TM,summary-or-unresolved-franchise,30932
greensi01,1962,2TM,summary-or-unresolved-franchise,30937
hattove01,1962,2TM,summary-or-unresolved-franchise,30945
laresyo01,1962,2TM,summary-or-unresolved-franchise,30965
mcmilsh01,1962,2TM,summary-or-unresolved-franchise,30976
mcneibo01,1962,2TM,summary-or-unresolved-franchise,30979
sauldwo01,1962,2TM,summary-or-unresolved-franchise,31002
simsbo01,1962,2TM,summary-or-unresolved-franchise,31010
becker01,1961,2TM,summary-or-unresolved-franchise,31031
farmemi01,1961,2TM,summary-or-unresolved-franchise,31050
johnsro01,1961,2TM,summary-or-unresolved-franchise,31076
jordoph01,1961,2TM,summary-or-unresolved-franchise,31083
rolliph01,1961,3TM,summary-or-unresolved-franchise,31111
cableba01,1960,2TM,summary-or-unresolved-franchise,31140
felixra01,1960,2TM,summary-or-unresolved-franchise,31154
foustla01,1960,2TM,summary-or-unresolved-franchise,31160
gambeda01,1960,2TM,summary-or-unresolved-franchise,31163
garmadi01,1960,2TM,summary-or-unresolved-franchise,31166
palmeji01,1960,2TM,summary-or-unresolved-franchise,31208
piontda01,1960,2TM,summary-or-unresolved-franchise,31213
ramseca01,1960,2TM,summary-or-unresolved-franchise,31216
reedhu01,1960,2TM,summary-or-unresolved-franchise,31221
selvyfr01,1960,2TM,summary-or-unresolved-franchise,31232
sharech01,1960,2TM,summary-or-unresolved-franchise,31236
sobiero01,1960,2TM,summary-or-unresolved-franchise,31242
conlied01,1959,2TM,summary-or-unresolved-franchise,31263
dempsge01,1959,2TM,summary-or-unresolved-franchise,31269
georgja01,1959,2TM,summary-or-unresolved-franchise,31284
greensi01,1959,2TM,summary-or-unresolved-franchise,31289
hattove01,1959,2TM,summary-or-unresolved-franchise,31296
parkme01,1959,2TM,summary-or-unresolved-franchise,31328
rolliph01,1959,2TM,summary-or-unresolved-franchise,31337
sparrgu01,1959,2TM,summary-or-unresolved-franchise,31351
yardlge01,1959,2TM,summary-or-unresolved-franchise,31360
daviswa01,1958,2TM,summary-or-unresolved-franchise,31376
holupjo01,1958,2TM,summary-or-unresolved-franchise,31399
jordoph01,1958,2TM,summary-or-unresolved-franchise,31409
marshto01,1958,2TM,summary-or-unresolved-franchise,31421
selvyfr01,1958,2TM,summary-or-unresolved-franchise,31453
spoelar01,1958,2TM,summary-or-unresolved-franchise,31463
hannual01,1957,2TM,summary-or-unresolved-franchise,31504
harribo02,1957,2TM,summary-or-unresolved-franchise,31507
hennela01,1957,2TM,summary-or-unresolved-franchise,31512
hitchle01,1957,2TM,summary-or-unresolved-franchise,31515
martisl01,1957,2TM,summary-or-unresolved-franchise,31534
naullwi01,1957,2TM,summary-or-unresolved-franchise,31543
palazto01,1957,2TM,summary-or-unresolved-franchise,31548
spearod01,1957,2TM,summary-or-unresolved-franchise,31576
colemja01,1956,2TM,summary-or-unresolved-franchise,31599
coopech01,1956,2TM,summary-or-unresolved-franchise,31603
harrich01,1956,2TM,summary-or-unresolved-franchise,31625
horanjo01,1956,2TM,summary-or-unresolved-franchise,31632
mcmahja01,1956,2TM,summary-or-unresolved-franchise,31648
rickedi01,1956,2TM,summary-or-unresolved-franchise,31665
schafbo01,1956,2TM,summary-or-unresolved-franchise,31671
hansro01,1955,BULLETS-DEFUNCT,unknown-player-or-missing-conflicting-counts,31728
henrido01,1955,2TM,summary-or-unresolved-franchise,31731
henrido01,1955,BULLETS-DEFUNCT,unknown-player-or-missing-conflicting-counts,31732
hitchle01,1955,2TM,summary-or-unresolved-franchise,31734
hoffmpa01,1955,3TM,summary-or-unresolved-franchise,31737
hoffmpa01,1955,BULLETS-DEFUNCT,unknown-player-or-missing-conflicting-counts,31738
houbrbo01,1955,3TM,summary-or-unresolved-franchise,31742
houbrbo01,1955,BULLETS-DEFUNCT,unknown-player-or-missing-conflicting-counts,31743
kingda01,1955,BULLETS-DEFUNCT,unknown-player-or-missing-conflicting-counts,31752
mcguial01,1955,BULLETS-DEFUNCT,unknown-player-or-missing-conflicting-counts,31763
mooreja01,1955,3TM,summary-or-unresolved-franchise,31769
murrake01,1955,2TM,summary-or-unresolved-franchise,31774
murrake01,1955,BULLETS-DEFUNCT,unknown-player-or-missing-conflicting-counts,31775
nealji01,1955,BULLETS-DEFUNCT,unknown-player-or-missing-conflicting-counts,31778
rogesal01,1955,2TM,summary-or-unresolved-franchise,31790
rogesal01,1955,BULLETS-DEFUNCT,unknown-player-or-missing-conflicting-counts,31791
selvyfr01,1955,2TM,summary-or-unresolved-franchise,31798
selvyfr01,1955,BULLETS-DEFUNCT,unknown-player-or-missing-conflicting-counts,31799
shuege01,1955,2TM,summary-or-unresolved-franchise,31804
simmoco01,1955,2TM,summary-or-unresolved-franchise,31807
simmoco01,1955,BULLETS-DEFUNCT,unknown-player-or-missing-conflicting-counts,31808
watsobo01,1955,2TM,summary-or-unresolved-franchise,31818
barnhle01,1954,2TM,summary-or-unresolved-franchise,31829
fritsji01,1954,2TM,summary-or-unresolved-franchise,31854
harribo02,1954,2TM,summary-or-unresolved-franchise,31867
houbrbo01,1954,2TM,summary-or-unresolved-franchise,31874
lavoybo01,1954,2TM,summary-or-unresolved-franchise,31882
masinal01,1954,2TM,summary-or-unresolved-franchise,31892
nichoja01,1954,2TM,summary-or-unresolved-franchise,31906
peterbo01,1954,2TM,summary-or-unresolved-franchise,31912
schaufr01,1954,2TM,summary-or-unresolved-franchise,31924
sharech01,1954,2TM,summary-or-unresolved-franchise,31932
smythjo01,1954,2TM,summary-or-unresolved-franchise,31940
zasloma01,1954,3TM,summary-or-unresolved-franchise,31955
bovendo01,1953,3TM,summary-or-unresolved-franchise,31965
brascji01,1953,2TM,summary-or-unresolved-franchise,31970
buntdi01,1953,2TM,summary-or-unresolved-franchise,31975
calhobi01,1953,2TM,summary-or-unresolved-franchise,31978
fulksjo01,1953,WARRIORS,invalid-appearance-count,32000
hermskl01,1953,2TM,summary-or-unresolved-franchise,32010
johnsne01,1953,WARRIORS,invalid-appearance-count,32019
kerrija01,1953,2TM,summary-or-unresolved-franchise,32023
kudelfr01,1953,2TM,summary-or-unresolved-franchise,32028
lumppra01,1953,2TM,summary-or-unresolved-franchise,32036
masinal01,1953,HAWKS,invalid-appearance-count,32043
miasest01,1953,2TM,summary-or-unresolved-franchise,32051
mikaned01,1953,2TM,summary-or-unresolved-franchise,32054
milleed01,1953,2TM,summary-or-unresolved-franchise,32059
minorda01,1953,2TM,summary-or-unresolved-franchise,32062
obriera01,1953,3TM,summary-or-unresolved-franchise,32070
phillan01,1953,2TM,summary-or-unresolved-franchise,32081
polsora01,1953,2TM,summary-or-unresolved-franchise,32085
ratkoge01,1953,2TM,summary-or-unresolved-franchise,32091
scolafr01,1953,2TM,summary-or-unresolved-franchise,32102
workmma01,1953,2TM,summary-or-unresolved-franchise,32117
burriar01,1952,2TM,summary-or-unresolved-franchise,32135
crockdi01,1952,2TM,summary-or-unresolved-franchise,32147
eddledi01,1952,2TM,summary-or-unresolved-franchise,32155
hannual01,1952,2TM,summary-or-unresolved-franchise,32166
mcnamjo01,1952,2TM,summary-or-unresolved-franchise,32197
osheake01,1952,2TM,summary-or-unresolved-franchise,32208
ottendo01,1952,2TM,summary-or-unresolved-franchise,32212
owensre01,1952,2TM,summary-or-unresolved-franchise,32215
rehfedo01,1952,2TM,summary-or-unresolved-franchise,32225
saulpe01,1952,2TM,summary-or-unresolved-franchise,32231
beached01,1951,2TM,summary-or-unresolved-franchise,32263
boykoha01,1951,2TM,summary-or-unresolved-franchise,32271
byrneto01,1951,3TM,summary-or-unresolved-franchise,32277
carpebo01,1951,2TM,summary-or-unresolved-franchise,32284
corlera01,1951,2TM,summary-or-unresolved-franchise,32294
halbech01,1951,2TM,summary-or-unresolved-franchise,32315
hargijo01,1951,2TM,summary-or-unresolved-franchise,32320
harribo01,1951,2TM,summary-or-unresolved-franchise,32323
hermskl01,1951,2TM,summary-or-unresolved-franchise,32328
jamesge01,1951,2TM,summary-or-unresolved-franchise,32336
jorgeno01,1951,2TM,summary-or-unresolved-franchise,32343
kudelfr01,1951,2TM,summary-or-unresolved-franchise,32349
lofgrdo01,1951,2TM,summary-or-unresolved-franchise,32357
mahnkjo01,1951,2TM,summary-or-unresolved-franchise,32365
mckinbo01,1951,2TM,summary-or-unresolved-franchise,32371
mehendi01,1951,3TM,summary-or-unresolved-franchise,32376
mikaned01,1951,3TM,summary-or-unresolved-franchise,32380
murrake01,1951,2TM,summary-or-unresolved-franchise,32388
okeefto01,1951,2TM,summary-or-unresolved-franchise,32395
ottendo01,1951,3TM,summary-or-unresolved-franchise,32400
petered01,1951,2TM,summary-or-unresolved-franchise,32406
sailoke01,1951,2TM,summary-or-unresolved-franchise,32417
scolafr01,1951,2TM,summary-or-unresolved-franchise,32426
smawlbe01,1951,2TM,summary-or-unresolved-franchise,32434
walkebr01,1951,2TM,summary-or-unresolved-franchise,32441
barteed01,1950,2TM,summary-or-unresolved-franchise,32450
blackch01,1950,2TM,summary-or-unresolved-franchise,32455
carteja01,1950,2TM,summary-or-unresolved-franchise,32476
chanejo01,1950,2TM,summary-or-unresolved-franchise,32480
cloydpa01,1950,2TM,summary-or-unresolved-franchise,32485
engluge01,1950,2TM,summary-or-unresolved-franchise,32504
ezersjo01,1950,2TM,summary-or-unresolved-franchise,32508
gibsoho01,1950,2TM,summary-or-unresolved-franchise,32522
guokaal01,1950,2TM,summary-or-unresolved-franchise,32532
hassebi01,1950,2TM,summary-or-unresolved-franchise,32543
henrybi01,1950,2TM,summary-or-unresolved-franchise,32547
johnsra01,1950,2TM,summary-or-unresolved-franchise,32561
kerrija01,1950,2TM,summary-or-unresolved-franchise,32568
kirkwa01,1950,2TM,summary-or-unresolved-franchise,32572
kluehdu01,1950,2TM,summary-or-unresolved-franchise,32576
lewisfr01,1950,2TM,summary-or-unresolved-franchise,32587
livinro01,1950,2TM,summary-or-unresolved-franchise,32590
mahnkjo01,1950,3TM,summary-or-unresolved-franchise,32597
mandijo01,1950,2TM,summary-or-unresolved-franchise,32601
mccarmi01,1950,2TM,summary-or-unresolved-franchise,32607
mikaned01,1950,2TM,summary-or-unresolved-franchise,32616
nichoja01,1950,2TM,summary-or-unresolved-franchise,32627
niemiri01,1950,2TM,summary-or-unresolved-franchise,32630
nostrge01,1950,3TM,summary-or-unresolved-franchise,32636
novakmi01,1950,2TM,summary-or-unresolved-franchise,32640
oconnde01,1950,2TM,summary-or-unresolved-franchise,32643
orrjo01,1950,2TM,summary-or-unresolved-franchise,32650
ottendo01,1950,2TM,summary-or-unresolved-franchise,32653
ottenma01,1950,2TM,summary-or-unresolved-franchise,32656
owensre01,1950,2TM,summary-or-unresolved-franchise,32659
patrist01,1950,2TM,summary-or-unresolved-franchise,32665
payakjo01,1950,2TM,summary-or-unresolved-franchise,32668
phelaja01,1950,2TM,summary-or-unresolved-franchise,32673
sadowed01,1950,2TM,summary-or-unresolved-franchise,32691
schuldi01,1950,3TM,summary-or-unresolved-franchise,32701
schulho01,1950,2TM,summary-or-unresolved-franchise,32705
smileja01,1950,2TM,summary-or-unresolved-franchise,32720
stumpge01,1950,2TM,summary-or-unresolved-franchise,32727
todormi01,1950,2TM,summary-or-unresolved-franchise,32730
toughbo01,1950,2TM,summary-or-unresolved-franchise,32734
volkefl01,1950,2TM,summary-or-unresolved-franchise,32742
vonniwh01,1950,2TM,summary-or-unresolved-franchise,32745
walthpa01,1950,2TM,summary-or-unresolved-franchise,32751
blackch01,1949,2TM,summary-or-unresolved-franchise,32763
bloommi01,1949,2TM,summary-or-unresolved-franchise,32766
byrneto01,1949,2TM,summary-or-unresolved-franchise,32776
eskrija01,1949,2TM,summary-or-unresolved-franchise,32794
ezersjo01,1949,3TM,summary-or-unresolved-franchise,32797
farbmph01,1949,2TM,summary-or-unresolved-franchise,32801
halbech01,1949,2TM,summary-or-unresolved-franchise,32817
halebr01,1949,2TM,summary-or-unresolved-franchise,32820
hamilra01,1949,2TM,summary-or-unresolved-franchise,32823
kachawh01,1949,2TM,summary-or-unresolved-franchise,32838
kinnebo01,1949,2TM,summary-or-unresolved-franchise,32844
kirkwa01,1949,2TM,summary-or-unresolved-franchise,32847
lewisfr01,1949,2TM,summary-or-unresolved-franchise,32857
lumppra01,1949,2TM,summary-or-unresolved-franchise,32863
mahnkjo01,1949,3TM,summary-or-unresolved-franchise,32867
malamli01,1949,2TM,summary-or-unresolved-franchise,32871
martido01,1949,2TM,summary-or-unresolved-franchise,32875
meinhca01,1949,2TM,summary-or-unresolved-franchise,32881
millebi01,1949,2TM,summary-or-unresolved-franchise,32887
mogusle01,1949,3TM,summary-or-unresolved-franchise,32890
nostrge01,1949,2TM,summary-or-unresolved-franchise,32902
obriebo01,1949,2TM,summary-or-unresolved-franchise,32907
ogradbu01,1949,2TM,summary-or-unresolved-franchise,32911
pelkija01,1949,2TM,summary-or-unresolved-franchise,32919
pughro01,1949,3TM,summary-or-unresolved-franchise,32925
riebeme01,1949,2TM,summary-or-unresolved-franchise,32933
roberbi01,1949,3TM,summary-or-unresolved-franchise,32939
rouxgi01,1949,2TM,summary-or-unresolved-franchise,32946
schneot01,1949,2TM,summary-or-unresolved-franchise,32954
shannea01,1949,2TM,summary-or-unresolved-franchise,32961
tanensi01,1949,2TM,summary-or-unresolved-franchise,32976
tidriha01,1949,2TM,summary-or-unresolved-franchise,32979
toomaja01,1949,2TM,summary-or-unresolved-franchise,32984
torgoir01,1949,2TM,summary-or-unresolved-franchise,32987
towerbl01,1949,2TM,summary-or-unresolved-franchise,32991
abramjo01,1948,2TM,summary-or-unresolved-franchise,33004
beendha01,1948,2TM,summary-or-unresolved-franchise,33007
bloommi01,1948,2TM,summary-or-unresolved-franchise,33010
graywy01,1948,2TM,summary-or-unresolved-franchise,33034
halbech01,1948,2TM,summary-or-unresolved-franchise,33037
hertzso01,1948,2TM,summary-or-unresolved-franchise,33042
janisjo01,1948,2TM,summary-or-unresolved-franchise,33053
jorgejo01,1948,2TM,summary-or-unresolved-franchise,33057
lewisgr01,1948,2TM,summary-or-unresolved-franchise,33065
maughar01,1948,2TM,summary-or-unresolved-franchise,33073
rotheir01,1948,3TM,summary-or-unresolved-franchise,33100
sailoke01,1948,3TM,summary-or-unresolved-franchise,33108
simmoco01,1948,2TM,summary-or-unresolved-franchise,33119
toomaja01,1948,2TM,summary-or-unresolved-franchise,33129
beckemo01,1947,3TM,summary-or-unresolved-franchise,33143
duffybo01,1947,2TM,summary-or-unresolved-franchise,33170
fitzgbo01,1947,2TM,summary-or-unresolved-franchise,33179
hermskl01,1947,2TM,summary-or-unresolved-franchise,33202
hoefech01,1947,2TM,summary-or-unresolved-franchise,33208
kaplora01,1947,2TM,summary-or-unresolved-franchise,33218
kappeto01,1947,2TM,summary-or-unresolved-franchise,33221
kelleke01,1947,2TM,summary-or-unresolved-franchise,33226
militna01,1947,2TM,summary-or-unresolved-franchise,33251
mogusle01,1947,2TM,summary-or-unresolved-franchise,33257
mullebo01,1947,2TM,summary-or-unresolved-franchise,33261
murphdi01,1947,2TM,summary-or-unresolved-franchise,33265
murphjo01,1947,2TM,summary-or-unresolved-franchise,33268
nostrge01,1947,2TM,summary-or-unresolved-franchise,33274
rosenha01,1947,2TM,summary-or-unresolved-franchise,33289
sadowed01,1947,2TM,summary-or-unresolved-franchise,33297
schuldi01,1947,2TM,summary-or-unresolved-franchise,33304
siewera01,1947,2TM,summary-or-unresolved-franchise,33314
wallare01,1947,2TM,summary-or-unresolved-franchise,33330
weberja01,1947,2TM,summary-or-unresolved-franchise,33333
wertira01,1947,2TM,summary-or-unresolved-franchise,33336
