page,league,season,li_index,paragraph_index,date_iso,date_precision,action_class,scope,player_slug,player_name,reported_from,reported_to,text,scope_reason
NBA_1950,NBA,1950,13,1,1949-11-09,precise,draft-roster-status-unresolved,unresolved,kerrija01,Jack Kerris,TRI,FTW,The Tri-Cities Blackhawks traded Jack Kerris to the Fort Wayne Pistons for John Mahnken.,draft-year=1949;prior-dated-active-contract-unestablished;missing-signing-is-uncertainty-not-absence
NBA_1950,NBA,1950,16,0,1949-11-28,precise,draft-roster-status-unresolved,unresolved,ottenma01,Mac Otten,TRI,STB,The St. Louis Bombers traded Mike Todorovich to the Tri-Cities Blackhawks for Mac Otten and cash.,draft-year=1949;prior-dated-active-contract-unestablished;missing-signing-is-uncertainty-not-absence
NBA_1950,NBA,1950,21,0,1949-12-07,precise,draft-roster-status-unresolved,unresolved,livinro01,Ron Livingstone,BLB,PHW,The Philadelphia Warriors traded Ed Sadowski and cash to the Baltimore Bullets for Ron Livingstone.,draft-year=1949;prior-dated-active-contract-unestablished;missing-signing-is-uncertainty-not-absence
NBA_1950,NBA,1950,29,0,1949-12-30,precise,draft-roster-status-unresolved,unresolved,owensre01,Red Owens,TRI,AND,The Anderson Packers traded Walt Kirk to the Tri-Cities Blackhawks for Red Owens.,draft-year=1949;prior-dated-active-contract-unestablished;missing-signing-is-uncertainty-not-absence
NBA_1950,NBA,1950,46,0,1950-05-21,precise,draft-roster-status-unresolved,unresolved,cousybo01,Bob Cousy,TRI,CHS,The Chicago Stags traded Frankie Brian to the Tri-Cities Blackhawks for Bob Cousy.,draft-year=1950;prior-dated-active-contract-unestablished;missing-signing-is-uncertainty-not-absence
NBA_1953,NBA,1953,8,0,1952-11-19,precise,draft-roster-status-unresolved,unresolved,workmma01,Mark Workman,MLH,PHW,The Milwaukee Hawks traded Mark Workman to the Philadelphia Warriors for Don Sunderlage.,draft-year=1952;prior-dated-active-contract-unestablished;missing-signing-is-uncertainty-not-absence
NBA_1953,NBA,1953,10,0,1952-11-24,precise,draft-roster-status-unresolved,unresolved,milleed01,Eddie Miller,MLH,BLB,The Milwaukee Hawks traded Eddie Miller to the Baltimore Bullets for George Ratkovicz.,draft-year=1952;prior-dated-active-contract-unestablished;missing-signing-is-uncertainty-not-absence
NBA_1954,NBA,1954,2,0,1953-08-27,precise,draft-roster-status-unresolved,unresolved,dogerji01,Jim Doherty,BOS,BLB,"The Baltimore Bullets traded Don Barksdale to the Boston Celtics for Jim Doherty, Herm Hedderick, Mo Mahoney, Vernon Stokes and cash.",draft-year=1953;prior-dated-active-contract-unestablished;missing-signing-is-uncertainty-not-absence
NBA_1954,NBA,1954,2,0,1953-08-27,precise,draft-roster-status-unresolved,unresolved,stokeve01,Vernon Stokes,BOS,BLB,"The Baltimore Bullets traded Don Barksdale to the Boston Celtics for Jim Doherty, Herm Hedderick, Mo Mahoney, Vernon Stokes and cash.",draft-year=1953;prior-dated-active-contract-unestablished;missing-signing-is-uncertainty-not-absence
NBA_1954,NBA,1954,8,0,1953-11-11,precise,draft-roster-status-unresolved,unresolved,fritsji01,Jim Fritsche,MNL,BLB,The Minneapolis Lakers traded Jim Fritsche to the Baltimore Bullets for cash.,draft-year=1953;prior-dated-active-contract-unestablished;missing-signing-is-uncertainty-not-absence
NBA_1954,NBA,1954,10,0,1953-11-25,precise,draft-roster-status-unresolved,unresolved,houbrbo01,Bob Houbregs,MLH,BLB,The Baltimore Bullets traded Max Zaslofsky to the Milwaukee Hawks for Bob Houbregs.,draft-year=1953;prior-dated-active-contract-unestablished;missing-signing-is-uncertainty-not-absence
NBA_1954,NBA,1954,11,0,1953-11-29,precise,draft-roster-status-unresolved,unresolved,lillito01,Tom Lillis,BOS,MLH,"The Milwaukee Hawks traded Jack Nichols to the Boston Celtics for John Azary, Fred Eydt, Tom Lillis, J.C. Maze and Paul Unruh.",draft-year=1953;prior-dated-active-contract-unestablished;missing-signing-is-uncertainty-not-absence
NBA_1957,NBA,1957,6,0,1956-10-26,precise,draft-roster-status-unresolved,unresolved,birdje01,Jerry Bird,MNL,NYK,"The New York Knicks traded Walter Dukes and Burdette Haldorson to the Minneapolis Lakers for Jerry Bird, Phil Jordon and Slater Martin.",draft-year=1956;prior-dated-active-contract-unestablished;missing-signing-is-uncertainty-not-absence
NBA_1957,NBA,1957,6,0,1956-10-26,precise,draft-roster-status-unresolved,unresolved,jordoph01,Phil Jordon,MNL,NYK,"The New York Knicks traded Walter Dukes and Burdette Haldorson to the Minneapolis Lakers for Jerry Bird, Phil Jordon and Slater Martin.",draft-year=1956;prior-dated-active-contract-unestablished;missing-signing-is-uncertainty-not-absence
NBA_1957,NBA,1957,9,0,1956-12-12,precise,draft-roster-status-unresolved,unresolved,naullwi01,Willie Naulls,STL,NYK,The St. Louis Hawks traded Willie Naulls to the New York Knicks for Slater Martin.,draft-year=1956;prior-dated-active-contract-unestablished;missing-signing-is-uncertainty-not-absence
NBA_1957,NBA,1957,16,0,1957-04-03,precise,draft-roster-status-unresolved,unresolved,tyrach01,Charlie Tyra,FTW,NYK,"The New York Knicks traded Dick Atha, Nat Clifton and Harry Gallatin to the Fort Wayne Pistons for Mel Hutchins and Charlie Tyra.",draft-year=1957;prior-dated-active-contract-unestablished;missing-signing-is-uncertainty-not-absence
NBA_1957,NBA,1957,17,0,1957-04-17,precise,draft-roster-status-unresolved,unresolved,hundlho01,Hot Rod Hundley,ROC,MNL,"The Minneapolis Lakers traded Clyde Lovellette and Jim Paxson to the Rochester Royals for Bob Burrow, Ed Fleming, Hot Rod Hundley, Monk Meineke and Art Spoelstra.",draft-year=1957;prior-dated-active-contract-unestablished;missing-signing-is-uncertainty-not-absence
NBA_1959,NBA,1959,0,0,1958-08-05,precise,draft-roster-status-unresolved,unresolved,embrywa01,Wayne Embry,STL,CIN,"The St. Louis Hawks traded Gerry Calvert, Wayne Embry, Darrell Floyd, Jim Palmer and Ken Sidle to the Cincinnati Royals for Clyde Lovellette.",draft-year=1958;prior-dated-active-contract-unestablished;missing-signing-is-uncertainty-not-absence
NBA_1959,NBA,1959,0,0,1958-08-05,precise,draft-roster-status-unresolved,unresolved,sidleke01,Ken Sidle,STL,CIN,"The St. Louis Hawks traded Gerry Calvert, Wayne Embry, Darrell Floyd, Jim Palmer and Ken Sidle to the Cincinnati Royals for Clyde Lovellette.",draft-year=1958;prior-dated-active-contract-unestablished;missing-signing-is-uncertainty-not-absence
NBA_1959,NBA,1959,4,0,1958-12-16,precise,draft-roster-status-unresolved,unresolved,hattove01,Vern Hatton,CIN,PHW,The Cincinnati Royals traded Vern Hatton to the Philadelphia Warriors for Phil Rollins.,draft-year=1958;prior-dated-active-contract-unestablished;missing-signing-is-uncertainty-not-absence
NBA_1962,NBA,1962,2,0,1961-08-19,precise,draft-roster-status-unresolved,unresolved,mcdonbo01,Bob McDonald,STL,PHW,"The Philadelphia Warriors traded Joe Graboski to the St. Louis Hawks for Bob McDonald, Frank Radovich and cash.",draft-year=1961;prior-dated-active-contract-unestablished;missing-signing-is-uncertainty-not-absence
NBA_1963,NBA,1963,3,0,1962-09-10,precise,draft-roster-status-unresolved,unresolved,luykcl01,Cliff Luyk,NYK,CHZ,The Chicago Zephyrs traded Gene Conley to the New York Knicks for Phil Jordon and Cliff Luyk.,draft-year=1962;prior-dated-active-contract-unestablished;missing-signing-is-uncertainty-not-absence
NBA_1963,NBA,1963,7,0,1962-10-07,precise,draft-roster-status-unresolved,unresolved,hardnch01,Charlie Hardnett,STL,CHZ,The St. Louis Hawks traded Charlie Hardnett to the Chicago Zephyrs for Phil Jordon.,draft-year=1962;prior-dated-active-contract-unestablished;missing-signing-is-uncertainty-not-absence
NBA_1964,NBA,1964,20,0,1964-06-18,precise,draft-roster-status-unresolved,unresolved,huntele01,Les Hunter,DET,BAL,"The Baltimore Bullets traded Terry Dischinger, Don Kojis and Rod Thorn to the Detroit Pistons for Bob Ferry, Bailey Howell, Les Hunter, Wali Jones and Don Ohl.",draft-year=1964;prior-dated-active-contract-unestablished;missing-signing-is-uncertainty-not-absence
NBA_1964,NBA,1964,20,0,1964-06-18,precise,draft-roster-status-unresolved,unresolved,joneswa02,Wali Jones,DET,BAL,"The Baltimore Bullets traded Terry Dischinger, Don Kojis and Rod Thorn to the Detroit Pistons for Bob Ferry, Bailey Howell, Les Hunter, Wali Jones and Don Ohl.",draft-year=1964;prior-dated-active-contract-unestablished;missing-signing-is-uncertainty-not-absence
NBA_1969,NBA,1969,4,0,1968-09-12,precise,draft-roster-status-unresolved,unresolved,cunnidi01,Dick Cunningham,PHO,MIL,"The Phoenix Suns traded Dick Cunningham to the Milwaukee Bucks for John Arthurs, cash and a future 2nd round draft pick.",draft-year=1968;prior-dated-active-contract-unestablished;missing-signing-is-uncertainty-not-absence
NBA_1970,NBA,1970,14,0,1969-10-12,precise,draft-roster-status-unresolved,unresolved,vanlino01,Norm Van Lier,CHI,CIN,The Chicago Bulls traded Dave Newmark and Norm Van Lier to the Cincinnati Royals for Walt Wesley.,draft-year=1969;prior-dated-active-contract-unestablished;missing-signing-is-uncertainty-not-absence
NBA_1970,NBA,1970,14,1,1969-10-12,precise,draft-roster-status-unresolved,unresolved,anderwa01,Wally Anderzunas,ATL,CIN,The Atlanta Hawks traded Wally Anderzunas and a 1972 3rd round draft pick (Ron Riley was later selected) to the Cincinnati Royals for Dave Newmark.,draft-year=1969;prior-dated-active-contract-unestablished;missing-signing-is-uncertainty-not-absence
NBA_1971,NBA,1971,0,0,1970-07-08,precise,draft-roster-status-unresolved,unresolved,dotsohe01,Heyward Dotson,PHO,NYK,The Phoenix Suns traded Heyward Dotson to the New York Knicks for a 1971 5th round draft pick (Bob Kissane was later selected).,draft-year=1970;prior-dated-active-contract-unestablished;missing-signing-is-uncertainty-not-absence
NBA_1971,NBA,1971,43,0,1971-06-09,precise,draft-roster-status-unresolved,unresolved,gibbsdi01,Dick Gibbs,CHI,SDR,The Chicago Bulls traded Dick Gibbs to the San Diego Rockets for a 1973 2nd round draft pick (Kevin Stacom was later selected).,draft-year=1971;prior-dated-active-contract-unestablished;missing-signing-is-uncertainty-not-absence
NBA_1973,NBA,1973,13,1,1972-09-19,precise,draft-roster-status-unresolved,unresolved,stovapa01,Paul Stovall,LAL,PHO,The Los Angeles Lakers traded Paul Stovall to the Phoenix Suns for a 1974 2nd round draft pick (Truck Robinson was later selected) and a future draft pick.,draft-year=1972;prior-dated-active-contract-unestablished;missing-signing-is-uncertainty-not-absence
NBA_1973,NBA,1973,14,0,1972-09-22,precise,draft-roster-status-unresolved,unresolved,hawesst01,Steve Hawes,CLE,HOU,The Cleveland Cavaliers traded Steve Hawes to the Houston Rockets for a 1973 3rd round draft pick (James Lister was later selected).,draft-year=1972;prior-dated-active-contract-unestablished;missing-signing-is-uncertainty-not-absence
NBA_1974,NBA,1974,5,2,1973-09-10,precise,draft-roster-status-unresolved,unresolved,kunneke01,Kevin Kunnert,CHI,BUF,"The Buffalo Braves traded John Hummer, a 1974 2nd round draft pick (Leon Benbow was later selected) and a 1975 2nd round draft pick (Larry Fogle was later selected) to the Chicago Bulls for Gar Heard and Kevin Kunnert.",draft-year=1973;prior-dated-active-contract-unestablished;missing-signing-is-uncertainty-not-absence
NBA_1975,NBA,1975,16,0,1974-09-18,precise,draft-roster-status-unresolved,unresolved,johnsmi01,Mickey Johnson,POR,CHI,The Chicago Bulls traded a 1975 3rd round draft pick (Gus Gerard was later selected) to the Portland Trail Blazers for Mickey Johnson.,draft-year=1974;prior-dated-active-contract-unestablished;missing-signing-is-uncertainty-not-absence
NBA_1976,NBA,1976,23,1,1975-10-24,precise,draft-roster-status-unresolved,unresolved,shortge01,Gene Short,NYK,SEA,The New York Knicks traded Gene Short and a 1979 1st round draft pick (James Bailey was later selected) to the Seattle SuperSonics for Spencer Haywood.,draft-year=1975;prior-dated-active-contract-unestablished;missing-signing-is-uncertainty-not-absence
NBA_1976,NBA,1976,37,0,1975-11-27,precise,draft-roster-status-unresolved,unresolved,fernser01,Eric Fernsten,CLE,CHI,The Chicago Bulls traded Rowland Garrett and Nate Thurmond to the Cleveland Cavaliers for Eric Fernsten and Steve Patterson.,draft-year=1975;prior-dated-active-contract-unestablished;missing-signing-is-uncertainty-not-absence
NBA_1978,NBA,1978,26,1,1977-10-05,precise,draft-roster-status-unresolved,unresolved,laureri01,Rich Laurel,POR,ATL,The Atlanta Hawks traded a 1978 2nd round draft pick (Keith Herron was later selected) to the Portland Trail Blazers for Rich Laurel.,draft-year=1977;prior-dated-active-contract-unestablished;missing-signing-is-uncertainty-not-absence
NBA_1978,NBA,1978,30,1,1977-10-11,precise,draft-roster-status-unresolved,unresolved,ellisbo02,Bo Ellis,WSB,DEN,The Denver Nuggets traded a 1978 1st round draft pick (Dave Corzine was later selected) to the Washington Bullets for Bo Ellis.,draft-year=1977;prior-dated-active-contract-unestablished;missing-signing-is-uncertainty-not-absence
NBA_1978,NBA,1978,34,6,1977-10-17,precise,draft-roster-status-unresolved,unresolved,roberto01,Tony Robertson,LAL,ATL,The Atlanta Hawks traded a 1979 4th round draft pick (Ray White was later selected) to the Los Angeles Lakers for Tony Robertson.,draft-year=1977;prior-dated-active-contract-unestablished;missing-signing-is-uncertainty-not-absence
NBA_1978,NBA,1978,58,1,1977-12-13,precise,draft-roster-status-unresolved,unresolved,edwarja01,James Edwards,LAL,IND,"The Indiana Pacers traded Adrian Dantley and Dave Robisch to the Los Angeles Lakers for James Edwards, Earl Tatum and cash.",draft-year=1977;prior-dated-active-contract-unestablished;missing-signing-is-uncertainty-not-absence
NBA_1978,NBA,1978,63,1,1977-12-22,precise,draft-roster-status-unresolved,unresolved,bradlal01,Alonzo Bradley,IND,HOU,The Houston Rockets traded Ron Behagen to the Indiana Pacers for Alonzo Bradley.,draft-year=1977;prior-dated-active-contract-unestablished;missing-signing-is-uncertainty-not-absence
NBA_1978,NBA,1978,107,0,1978-06-26,precise,draft-roster-status-unresolved,unresolved,evansmi01,Mike Evans,DEN,KCK,The Denver Nuggets traded Mike Evans and Darnell Hillman to the Kansas City Kings for Ron Boone and a 1979 2nd round draft pick (Mark Young was later selected).,draft-year=1978;prior-dated-active-contract-unestablished;missing-signing-is-uncertainty-not-absence
NBA_1979,NBA,1979,1,0,1978-07-10,precise,draft-roster-status-unresolved,unresolved,crompge01,Geoff Crompton,KCK,DEN,The Denver Nuggets traded a 1981 4th round draft pick (Kenny Dennard was later selected) to the Kansas City Kings for Geoff Crompton.,draft-year=1978;prior-dated-active-contract-unestablished;missing-signing-is-uncertainty-not-absence
NBA_1979,NBA,1979,7,0,1978-08-04,precise,draft-roster-status-unresolved,unresolved,willifr01,Freeman Williams,BOS,SDC,"The Boston Celtics traded Kevin Kunnert, Kermit Washington, Sidney Wicks and Freeman Williams to the San Diego Clippers for Tiny Archibald, Marvin Barnes, Billy Knight, a 1981 2nd round draft pick (Danny Ainge was later selected) and a 1983 2nd round draft pick (Rod Foster was later selected).",draft-year=1978;prior-dated-active-contract-unestablished;missing-signing-is-uncertainty-not-absence
NBA_1979,NBA,1979,45,0,1978-10-23,precise,draft-roster-status-unresolved,unresolved,howarot01,Otis Howard,MIL,DET,The Detroit Pistons traded a 1979 4th round draft pick (Eugene Robinson was later selected) to the Milwaukee Bucks for Otis Howard.,draft-year=1978;prior-dated-active-contract-unestablished;missing-signing-is-uncertainty-not-absence
NBA_1980,NBA,1980,113,1,1980-06-10,precise,draft-roster-status-unresolved,unresolved,ranseke01,Kelvin Ransey,CHI,POR,The Chicago Bulls traded Kelvin Ransey and a 1981 1st round draft pick (Darnell Valentine was later selected) to the Portland Trail Blazers for Ronnie Lester and a 1981 1st round draft pick (Al Wood was later selected).,draft-year=1980;prior-dated-active-contract-unestablished;missing-signing-is-uncertainty-not-absence
NBA_1980,NBA,1980,113,1,1980-06-10,precise,draft-roster-status-unresolved,unresolved,lestero01,Ronnie Lester,POR,CHI,The Chicago Bulls traded Kelvin Ransey and a 1981 1st round draft pick (Darnell Valentine was later selected) to the Portland Trail Blazers for Ronnie Lester and a 1981 1st round draft pick (Al Wood was later selected).,draft-year=1980;prior-dated-active-contract-unestablished;missing-signing-is-uncertainty-not-absence
NBA_1980,NBA,1980,113,2,1980-06-10,precise,draft-roster-status-unresolved,unresolved,rulanje01,Jeff Ruland,GSW,WSB,The Golden State Warriors traded Jeff Ruland to the Washington Bullets for a 1981 2nd round draft pick (Sam Williams was later selected).,draft-year=1980;prior-dated-active-contract-unestablished;missing-signing-is-uncertainty-not-absence
NBA_1981,NBA,1981,31,0,1980-10-01,precise,draft-roster-status-unresolved,unresolved,robinwa01,Wayne Robinson,LAL,DET,The Detroit Pistons traded a 1981 2nd round draft pick (Harvey Knuckles was later selected) to the Los Angeles Lakers for Wayne Robinson.,draft-year=1980;prior-dated-active-contract-unestablished;missing-signing-is-uncertainty-not-absence
NBA_1981,NBA,1981,62,1,1980-12-03,precise,draft-roster-status-unresolved,unresolved,vandeki01,Kiki Vandeweghe,DAL,DEN,The Dallas Mavericks traded Kiki Vandeweghe and a 1986 1st round draft pick (Maurice Martin was later selected) to the Denver Nuggets for a 1981 1st round draft pick (Rolando Blackman was later selected) and a 1985 1st round draft pick (Sam Vincent was later selected).,draft-year=1980;prior-dated-active-contract-unestablished;missing-signing-is-uncertainty-not-absence
NBA_1981,NBA,1981,72,2,1980-12-22,precise,draft-roster-status-unresolved,unresolved,nicksca01,Carl Nicks,DEN,UTA,The Denver Nuggets traded Carl Nicks to the Utah Jazz for Billy McKinney.,draft-year=1980;prior-dated-active-contract-unestablished;missing-signing-is-uncertainty-not-absence
NBA_1981,NBA,1981,113,0,1981-06-10,precise,draft-roster-status-unresolved,unresolved,ollivmi01,Michael Olliver,CHI,IND,The Chicago Bulls traded Michael Olliver to the Indiana Pacers for Ray Blume and a 1982 2nd round draft pick (Rod Higgins was later selected).,draft-year=1981;prior-dated-active-contract-unestablished;missing-signing-is-uncertainty-not-absence
NBA_1981,NBA,1981,113,0,1981-06-10,precise,draft-roster-status-unresolved,unresolved,blumera01,Ray Blume,IND,CHI,The Chicago Bulls traded Michael Olliver to the Indiana Pacers for Ray Blume and a 1982 2nd round draft pick (Rod Higgins was later selected).,draft-year=1981;prior-dated-active-contract-unestablished;missing-signing-is-uncertainty-not-absence
NBA_1982,NBA,1982,47,1,1981-11-25,precise,draft-roster-status-unresolved,unresolved,tolbera01,Ray Tolbert,NJN,SEA,The Seattle SuperSonics traded James Bailey to the New Jersey Nets for Ray Tolbert and a 1984 2nd round draft pick (Danny Young was later selected).,draft-year=1981;prior-dated-active-contract-unestablished;missing-signing-is-uncertainty-not-absence
NBA_1982,NBA,1982,93,0,1982-06-19,precise,draft-roster-status-unresolved,unresolved,sapplwa01,Wayne Sappleton,GSW,NJN,The Golden State Warriors traded Wayne Sappleton to the New Jersey Nets for a 1983 2nd round draft pick (Pace Mannion was later selected).,draft-year=1982;prior-dated-active-contract-unestablished;missing-signing-is-uncertainty-not-absence
NBA_1983,NBA,1983,9,0,1982-09-02,precise,draft-roster-status-unresolved,unresolved,wilkido01,Dominique Wilkins,UTA,ATL,The Atlanta Hawks traded John Drew and Freeman Williams to the Utah Jazz for Dominique Wilkins.,draft-year=1982;prior-dated-active-contract-unestablished;missing-signing-is-uncertainty-not-absence
NBA_1983,NBA,1983,16,0,1982-09-27,precise,draft-roster-status-unresolved,unresolved,johnsji01,Jim Johnstone,ATL,SAS,"The Atlanta Hawks traded Jim Johnstone, a 1983 2nd round draft pick (Darrell Lockhart was later selected) and a 1985 2nd round draft pick (Manute Bol was later selected) to the San Antonio Spurs for George Johnson.",draft-year=1982;prior-dated-active-contract-unestablished;missing-signing-is-uncertainty-not-absence
NBA_1983,NBA,1983,45,1,1982-11-10,precise,draft-roster-status-unresolved,unresolved,roberfr01,Fred Roberts,MIL,NJN,The Milwaukee Bucks traded Mickey Johnson and Fred Roberts to the New Jersey Nets for Phil Ford and a 1983 2nd round draft pick (Ted Kitchel was later selected).,draft-year=1982;prior-dated-active-contract-unestablished;missing-signing-is-uncertainty-not-absence
NBA_1983,NBA,1983,133,0,1983-06-28,precise,draft-roster-status-unresolved,unresolved,michela01,Larry Micheaux,CHI,KCK,"The Chicago Bulls traded Larry Micheaux and Mark Olberding to the Kansas City Kings for Chris McNealy, Ennis Whatley and a 1984 2nd round draft pick (Ben Coleman was later selected).",draft-year=1983;prior-dated-active-contract-unestablished;missing-signing-is-uncertainty-not-absence
NBA_1983,NBA,1983,133,0,1983-06-28,precise,draft-roster-status-unresolved,unresolved,mcneach01,Chris McNealy,KCK,CHI,"The Chicago Bulls traded Larry Micheaux and Mark Olberding to the Kansas City Kings for Chris McNealy, Ennis Whatley and a 1984 2nd round draft pick (Ben Coleman was later selected).",draft-year=1983;prior-dated-active-contract-unestablished;missing-signing-is-uncertainty-not-absence
NBA_1983,NBA,1983,133,0,1983-06-28,precise,draft-roster-status-unresolved,unresolved,whatlen01,Ennis Whatley,KCK,CHI,"The Chicago Bulls traded Larry Micheaux and Mark Olberding to the Kansas City Kings for Chris McNealy, Ennis Whatley and a 1984 2nd round draft pick (Ben Coleman was later selected).",draft-year=1983;prior-dated-active-contract-unestablished;missing-signing-is-uncertainty-not-absence
NBA_1983,NBA,1983,133,1,1983-06-28,precise,draft-roster-status-unresolved,unresolved,lowesi01,Sidney Lowe,CHI,IND,The Chicago Bulls traded Sidney Lowe and a 1984 2nd round draft pick (Victor Fleming was later selected) to the Indiana Pacers for Mitchell Wiggins.,draft-year=1983;prior-dated-active-contract-unestablished;missing-signing-is-uncertainty-not-absence
NBA_1983,NBA,1983,133,1,1983-06-28,precise,draft-roster-status-unresolved,unresolved,wiggimi01,Mitchell Wiggins,IND,CHI,The Chicago Bulls traded Sidney Lowe and a 1984 2nd round draft pick (Victor Fleming was later selected) to the Indiana Pacers for Mitchell Wiggins.,draft-year=1983;prior-dated-active-contract-unestablished;missing-signing-is-uncertainty-not-absence
NBA_1983,NBA,1983,133,2,1983-06-28,precise,draft-roster-status-unresolved,unresolved,anderla02,Larry Anderson,CLE,SDC,The Cleveland Cavaliers traded Larry Anderson and Les Craft to the San Diego Clippers for a 1985 2nd round draft pick (Calvin Duncan was later selected).,draft-year=1983;prior-dated-active-contract-unestablished;missing-signing-is-uncertainty-not-absence
NBA_1983,NBA,1983,133,2,1983-06-28,precise,draft-roster-status-unresolved,unresolved,craftle01,Les Craft,CLE,SDC,The Cleveland Cavaliers traded Larry Anderson and Les Craft to the San Diego Clippers for a 1985 2nd round draft pick (Calvin Duncan was later selected).,draft-year=1983;prior-dated-active-contract-unestablished;missing-signing-is-uncertainty-not-absence
NBA_1983,NBA,1983,134,0,1983-06-29,precise,draft-roster-status-unresolved,unresolved,minnidi01,Dirk Minniefield,DAL,NJN,The Dallas Mavericks traded Dirk Minniefield and a 1987 2nd round draft pick (Andrew Kennedy was later selected) to the New Jersey Nets for a 1986 2nd round draft pick (Milt Wagner was later selected) and a 1987 2nd round draft pick (Steve Alford was later selected).,draft-year=1983;prior-dated-active-contract-unestablished;missing-signing-is-uncertainty-not-absence
NBA_1984,NBA,1984,0,0,1983-07-05,precise,draft-roster-status-unresolved,unresolved,wittmra01,Randy Wittman,WSB,ATL,The Atlanta Hawks traded Tom McMillen and a 1984 2nd round draft pick (Tony Costner was later selected) to the Washington Bullets for Randy Wittman.,draft-year=1983;prior-dated-active-contract-unestablished;missing-signing-is-uncertainty-not-absence
NBA_1984,NBA,1984,9,3,1983-08-18,precise,draft-roster-status-unresolved,unresolved,waitegr01,Granville Waiters,POR,IND,The Indiana Pacers traded a 1984 2nd round draft pick (Victor Fleming was later selected) to the Portland Trail Blazers for Granville Waiters.,draft-year=1983;prior-dated-active-contract-unestablished;missing-signing-is-uncertainty-not-absence
NBA_1984,NBA,1984,31,0,1983-10-10,precise,draft-roster-status-unresolved,unresolved,scottby01,Byron Scott,SDC,LAL,"The Los Angeles Lakers traded Eddie Jordan, Norm Nixon, a 1986 2nd round draft pick (Jeff Hornacek was later selected) and a 1987 2nd round draft pick (Bruce Dalrymple was later selected) to the San Diego Clippers for Swen Nater and Byron Scott.",draft-year=1983;prior-dated-active-contract-unestablished;missing-signing-is-uncertainty-not-absence
NBA_1984,NBA,1984,40,0,1983-10-25,precise,draft-roster-status-unresolved,unresolved,owensho01,Horace Owens,NJN,PHI,"The New Jersey Nets traded Horace Owens, Eddie Phillips and a 1987 2nd round draft pick (Andrew Kennedy was later selected) to the Philadelphia 76ers for Reggie Johnson.",draft-year=1983;prior-dated-active-contract-unestablished;missing-signing-is-uncertainty-not-absence
NBA_1984,NBA,1984,110,0,1984-06-19,precise,draft-roster-status-unresolved,unresolved,mccorti01,Tim McCormick,WSB,SEA,The Seattle SuperSonics traded Gus Williams to the Washington Bullets for Tim McCormick and Ricky Sobers.,draft-year=1984;prior-dated-active-contract-unestablished;missing-signing-is-uncertainty-not-absence
NBA_1984,NBA,1984,110,1,1984-06-19,precise,draft-roster-status-unresolved,unresolved,murphja01,Jay Murphy,GSW,SDC,The Golden State Warriors traded Jay Murphy to the San Diego Clippers for Jerome Whitehead.,draft-year=1984;prior-dated-active-contract-unestablished;missing-signing-is-uncertainty-not-absence
NBA_1984,NBA,1984,110,2,1984-06-19,precise,draft-roster-status-unresolved,unresolved,mccorti01,Tim McCormick,CLE,WSB,The Cleveland Cavaliers traded Tim McCormick and Cliff Robinson to the Washington Bullets for Melvin Turpin.,draft-year=1984;prior-dated-active-contract-unestablished;missing-signing-is-uncertainty-not-absence
NBA_1984,NBA,1984,110,2,1984-06-19,precise,draft-roster-status-unresolved,unresolved,turpime01,Melvin Turpin,WSB,CLE,The Cleveland Cavaliers traded Tim McCormick and Cliff Robinson to the Washington Bullets for Melvin Turpin.,draft-year=1984;prior-dated-active-contract-unestablished;missing-signing-is-uncertainty-not-absence
NBA_1984,NBA,1984,110,3,1984-06-19,precise,draft-roster-status-unresolved,unresolved,sewelto01,Tom Sewell,PHI,WSB,The Philadelphia 76ers traded Tom Sewell to the Washington Bullets for a 1988 1st round draft pick (Harvey Grant was later selected).,draft-year=1984;prior-dated-active-contract-unestablished;missing-signing-is-uncertainty-not-absence
NBA_1985,NBA,1985,41,0,1984-10-22,precise,draft-roster-status-unresolved,unresolved,stanste01,Terence Stansbury,DAL,IND,The Dallas Mavericks traded Bill Garnett and Terence Stansbury to the Indiana Pacers for a 1990 1st round draft pick (Travis Mays was later selected).,draft-year=1984;prior-dated-active-contract-unestablished;missing-signing-is-uncertainty-not-absence
NBA_1985,NBA,1985,118,1,1985-06-18,precise,draft-roster-status-unresolved,unresolved,leeke01,Keith Lee,CHI,CLE,The Chicago Bulls traded Keith Lee and Ennis Whatley to the Cleveland Cavaliers for Calvin Duncan and Charles Oakley.,draft-year=1985;prior-dated-active-contract-unestablished;missing-signing-is-uncertainty-not-absence
NBA_1985,NBA,1985,118,1,1985-06-18,precise,draft-roster-status-unresolved,unresolved,duncaca01,Calvin Duncan,CLE,CHI,The Chicago Bulls traded Keith Lee and Ennis Whatley to the Cleveland Cavaliers for Calvin Duncan and Charles Oakley.,draft-year=1985;prior-dated-active-contract-unestablished;missing-signing-is-uncertainty-not-absence
NBA_1985,NBA,1985,118,1,1985-06-18,precise,draft-roster-status-unresolved,unresolved,oaklech01,Charles Oakley,CLE,CHI,The Chicago Bulls traded Keith Lee and Ennis Whatley to the Cleveland Cavaliers for Calvin Duncan and Charles Oakley.,draft-year=1985;prior-dated-active-contract-unestablished;missing-signing-is-uncertainty-not-absence
NBA_1985,NBA,1985,118,2,1985-06-18,precise,draft-roster-status-unresolved,unresolved,johnske01,Ken Johnson,CHI,POR,The Chicago Bulls traded Ben Coleman and Ken Johnson to the Portland Trail Blazers for Mike Smrek.,draft-year=1985;prior-dated-active-contract-unestablished;missing-signing-is-uncertainty-not-absence
NBA_1985,NBA,1985,118,2,1985-06-18,precise,draft-roster-status-unresolved,unresolved,smrekmi01,Mike Smrek,POR,CHI,The Chicago Bulls traded Ben Coleman and Ken Johnson to the Portland Trail Blazers for Mike Smrek.,draft-year=1985;prior-dated-active-contract-unestablished;missing-signing-is-uncertainty-not-absence
NBA_1986,NBA,1986,125,0,1986-06-17,precise,draft-roster-status-unresolved,unresolved,krystla01,Larry Krystkowiak,CHI,POR,"The Chicago Bulls traded Larry Krystkowiak, a 1987 2nd round draft pick (Winston Garland was later selected) and a 1992 2nd round draft pick (Brett Roberts was later selected) to the Portland Trail Blazers for Steve Colter.",draft-year=1986;prior-dated-active-contract-unestablished;missing-signing-is-uncertainty-not-absence
NBA_1986,NBA,1986,125,1,1986-06-17,precise,draft-roster-status-unresolved,unresolved,kelloro01,Ron Kellogg,ATL,LAL,The Atlanta Hawks traded Ron Kellogg and Billy Thompson to the Los Angeles Lakers for Ken Barlow and Mike McGee.,draft-year=1986;prior-dated-active-contract-unestablished;missing-signing-is-uncertainty-not-absence
NBA_1986,NBA,1986,125,1,1986-06-17,precise,draft-roster-status-unresolved,unresolved,thompbi01,Billy Thompson,ATL,LAL,The Atlanta Hawks traded Ron Kellogg and Billy Thompson to the Los Angeles Lakers for Ken Barlow and Mike McGee.,draft-year=1986;prior-dated-active-contract-unestablished;missing-signing-is-uncertainty-not-absence
NBA_1986,NBA,1986,125,1,1986-06-17,precise,draft-roster-status-unresolved,unresolved,barloke01,Ken Barlow,LAL,ATL,The Atlanta Hawks traded Ron Kellogg and Billy Thompson to the Los Angeles Lakers for Ken Barlow and Mike McGee.,draft-year=1986;prior-dated-active-contract-unestablished;missing-signing-is-uncertainty-not-absence
NBA_1986,NBA,1986,125,2,1986-06-17,precise,draft-roster-status-unresolved,unresolved,pricema01,Mark Price,DAL,CLE,The Cleveland Cavaliers traded a 1989 2nd round draft pick (Jeff Hodge was later selected) to the Dallas Mavericks for Mark Price.,draft-year=1986;prior-dated-active-contract-unestablished;missing-signing-is-uncertainty-not-absence
NBA_1987,NBA,1987,69,2,1986-12-18,precise,draft-roster-status-unresolved,unresolved,berrywa01,Walter Berry,POR,SAS,The Portland Trail Blazers traded Walter Berry to the San Antonio Spurs for Kevin Duckworth.,draft-year=1986;prior-dated-active-contract-unestablished;missing-signing-is-uncertainty-not-absence
NBA_1987,NBA,1987,69,2,1986-12-18,precise,draft-roster-status-unresolved,unresolved,duckwke01,Kevin Duckworth,SAS,POR,The Portland Trail Blazers traded Walter Berry to the San Antonio Spurs for Kevin Duckworth.,draft-year=1986;prior-dated-active-contract-unestablished;missing-signing-is-uncertainty-not-absence
NBA_1988,NBA,1988,24,1,1987-10-29,precise,draft-roster-status-unresolved,unresolved,moorero01,Ron Moore,NYK,DET,The Detroit Pistons traded Sidney Green to the New York Knicks for Ron Moore and a 1988 2nd round draft pick (Fennis Dembo was later selected).,draft-year=1987;prior-dated-active-contract-unestablished;missing-signing-is-uncertainty-not-absence
NBA_1988,NBA,1988,28,0,1987-11-03,precise,draft-roster-status-unresolved,unresolved,comegda01,Dallas Comegys,ATL,NJN,The Atlanta Hawks traded Dallas Comegys to the New Jersey Nets for a 1990 2nd round draft pick (Les Jepsen was later selected).,draft-year=1987;prior-dated-active-contract-unestablished;missing-signing-is-uncertainty-not-absence
NBA_1988,NBA,1988,126,0,1988-06-28,precise,draft-roster-status-unresolved,unresolved,grantga01,Gary Grant,SEA,LAC,The Los Angeles Clippers traded Michael Cage to the Seattle SuperSonics for Gary Grant and a 1989 1st round draft pick (Kenny Payne was later selected).,draft-year=1988;prior-dated-active-contract-unestablished;missing-signing-is-uncertainty-not-absence
NBA_1988,NBA,1988,126,1,1988-06-28,precise,draft-roster-status-unresolved,unresolved,hawkihe01,Hersey Hawkins,LAC,PHI,The Los Angeles Clippers traded Hersey Hawkins and a 1989 1st round draft pick (Kenny Payne was later selected) to the Philadelphia 76ers for Charles Smith.,draft-year=1988;prior-dated-active-contract-unestablished;missing-signing-is-uncertainty-not-absence
NBA_1988,NBA,1988,126,1,1988-06-28,precise,draft-roster-status-unresolved,unresolved,smithch01,Charles Smith,PHI,LAC,The Los Angeles Clippers traded Hersey Hawkins and a 1989 1st round draft pick (Kenny Payne was later selected) to the Philadelphia 76ers for Charles Smith.,draft-year=1988;prior-dated-active-contract-unestablished;missing-signing-is-uncertainty-not-absence
NBA_1988,NBA,1988,126,2,1988-06-28,precise,draft-roster-status-unresolved,unresolved,maxweve01,Vernon Maxwell,DEN,SAS,The Denver Nuggets traded Vernon Maxwell to the San Antonio Spurs for a 1989 2nd round draft pick (Reggie Turner was later selected).,draft-year=1988;prior-dated-active-contract-unestablished;missing-signing-is-uncertainty-not-absence
NBA_1989,NBA,1989,33,1,1988-10-04,precise,draft-roster-status-unresolved,unresolved,stephev01,Everette Stephens,PHI,IND,The Indiana Pacers traded Ron Anderson to the Philadelphia 76ers for Everette Stephens.,draft-year=1988;prior-dated-active-contract-unestablished;missing-signing-is-uncertainty-not-absence
NBA_1989,NBA,1989,62,0,1988-11-22,precise,draft-roster-status-unresolved,unresolved,jonessh01,Shelton Jones,SAS,GSW,The Golden State Warriors traded Jerome Whitehead to the San Antonio Spurs for Shelton Jones.,draft-year=1988;prior-dated-active-contract-unestablished;missing-signing-is-uncertainty-not-absence
NBA_1989,NBA,1989,142,3,1989-06-27,precise,draft-roster-status-unresolved,unresolved,nixdy01,Dyron Nix,CHH,IND,The Charlotte Hornets traded Dyron Nix to the Indiana Pacers for Stuart Gray.,draft-year=1989;prior-dated-active-contract-unestablished;missing-signing-is-uncertainty-not-absence
NBA_1989,NBA,1989,142,4,1989-06-27,precise,draft-roster-status-unresolved,unresolved,battlke01,Kenny Battle,DET,PHO,The Detroit Pistons traded Kenny Battle and Micheal Williams to the Phoenix Suns for Anthony Cook.,draft-year=1989;prior-dated-active-contract-unestablished;missing-signing-is-uncertainty-not-absence
NBA_1989,NBA,1989,142,4,1989-06-27,precise,draft-roster-status-unresolved,unresolved,cookan01,Anthony Cook,PHO,DET,The Detroit Pistons traded Kenny Battle and Micheal Williams to the Phoenix Suns for Anthony Cook.,draft-year=1989;prior-dated-active-contract-unestablished;missing-signing-is-uncertainty-not-absence
NBA_1990,NBA,1990,70,0,1989-10-26,precise,draft-roster-status-unresolved,unresolved,durhapa01,Pat Durham,DAL,MIL,The Dallas Mavericks traded Pat Durham to the Milwaukee Bucks for a 1993 2nd round draft pick (Eric Riley was later selected).,draft-year=1989;prior-dated-active-contract-unestablished;missing-signing-is-uncertainty-not-absence
NBA_1990,NBA,1990,82,0,1989-11-16,precise,draft-roster-status-unresolved,unresolved,ferryda01,Danny Ferry,LAC,CLE,"The Cleveland Cavaliers traded Ron Harper, a 1990 1st round draft pick (Loy Vaught was later selected), a 1991 2nd round draft pick (Joe Wylie was later selected) and a 1992 1st round draft pick (Elmore Spencer was later selected) to the Los Angeles Clippers for Danny Ferry and Reggie Williams.",draft-year=1989;prior-dated-active-contract-unestablished;missing-signing-is-uncertainty-not-absence
NBA_1990,NBA,1990,161,2,1990-06-27,precise,draft-roster-status-unresolved,unresolved,colesbi01,Bimbo Coles,SAC,MIA,The Miami Heat traded Rory Sparrow to the Sacramento Kings for Bimbo Coles.,draft-year=1990;prior-dated-active-contract-unestablished;missing-signing-is-uncertainty-not-absence
NBA_1990,NBA,1990,161,3,1990-06-27,precise,draft-roster-status-unresolved,unresolved,ruscost01,Stefano Rusconi,CLE,PHO,The Cleveland Cavaliers traded Stefano Rusconi to the Phoenix Suns for Miloš Babić.,draft-year=1990;prior-dated-active-contract-unestablished;missing-signing-is-uncertainty-not-absence
NBA_1990,NBA,1990,161,3,1990-06-27,precise,draft-roster-status-unresolved,unresolved,babicmi01,Miloš Babić,PHO,CLE,The Cleveland Cavaliers traded Stefano Rusconi to the Phoenix Suns for Miloš Babić.,draft-year=1990;prior-dated-active-contract-unestablished;missing-signing-is-uncertainty-not-absence
NBA_1990,NBA,1990,161,4,1990-06-27,precise,draft-roster-status-unresolved,unresolved,buechju01,Jud Buechler,SEA,NJN,The Seattle SuperSonics traded Jud Buechler to the New Jersey Nets. New Jersey agreed not to select Dennis Scott in the 1990 draft.,draft-year=1990;prior-dated-active-contract-unestablished;missing-signing-is-uncertainty-not-absence
NBA_1990,NBA,1990,161,5,1990-06-27,precise,draft-roster-status-unresolved,unresolved,kesslal01,Alec Kessler,HOU,MIA,The Houston Rockets traded Alec Kessler to the Miami Heat for Carl Herrera and Dave Jamerson.,draft-year=1990;prior-dated-active-contract-unestablished;missing-signing-is-uncertainty-not-absence
NBA_1990,NBA,1990,161,5,1990-06-27,precise,draft-roster-status-unresolved,unresolved,herreca01,Carl Herrera,MIA,HOU,The Houston Rockets traded Alec Kessler to the Miami Heat for Carl Herrera and Dave Jamerson.,draft-year=1990;prior-dated-active-contract-unestablished;missing-signing-is-uncertainty-not-absence
NBA_1990,NBA,1990,161,5,1990-06-27,precise,draft-roster-status-unresolved,unresolved,jamerda01,Dave Jamerson,MIA,HOU,The Houston Rockets traded Alec Kessler to the Miami Heat for Carl Herrera and Dave Jamerson.,draft-year=1990;prior-dated-active-contract-unestablished;missing-signing-is-uncertainty-not-absence
NBA_1991,NBA,1991,12,3,1990-08-01,precise,draft-roster-status-unresolved,unresolved,millste01,Terry Mills,MIL,DEN,The Denver Nuggets traded Danny Schayes to the Milwaukee Bucks for Terry Mills.,draft-year=1990;prior-dated-active-contract-unestablished;missing-signing-is-uncertainty-not-absence
NBA_1991,NBA,1991,66,0,1990-10-28,precise,draft-roster-status-unresolved,unresolved,willija01,Jayson Williams,PHO,PHI,The Philadelphia 76ers traded a 1994 1st round draft pick (Sharone Wright was later selected) to the Phoenix Suns for Jayson Williams.,draft-year=1990;prior-dated-active-contract-unestablished;missing-signing-is-uncertainty-not-absence
NBA_1991,NBA,1991,163,1,1991-06-26,precise,draft-roster-status-unresolved,unresolved,strotla01,Lamont Strothers,GSW,POR,The Golden State Warriors traded Lamont Strothers to the Portland Trail Blazers for a 1995 2nd round draft pick (Tyus Edney was later selected) and a 1999 2nd round draft pick (Tim Young was later selected).,draft-year=1991;prior-dated-active-contract-unestablished;missing-signing-is-uncertainty-not-absence
NBA_1991,NBA,1991,163,2,1991-06-26,precise,draft-roster-status-unresolved,unresolved,hugheke02,Keith Hughes,HOU,CLE,The Cleveland Cavaliers traded a 1996 2nd round draft pick (Terrell Bell was later selected) to the Houston Rockets for Keith Hughes.,draft-year=1991;prior-dated-active-contract-unestablished;missing-signing-is-uncertainty-not-absence
NBA_1992,NBA,1992,0,1,1991-07-01,precise,draft-roster-status-unresolved,unresolved,aventan01,Anthony Avent,ATL,MIL,"In a 3-team trade, the Atlanta Hawks traded a 1993 2nd round draft pick (Josh Grant was later selected) to the Denver Nuggets; the Atlanta Hawks traded Anthony Avent to the Milwaukee Bucks; the Denver Nuggets traded Blair Rasmussen to the Atlanta Hawks; and the Milwaukee Bucks traded Kevin Brooks and a 1994 2nd round draft pick (Rodney Dent was later selected) to the Denver Nuggets.",draft-year=1991;prior-dated-active-contract-unestablished;missing-signing-is-uncertainty-not-absence
NBA_1992,NBA,1992,0,1,1991-07-01,precise,draft-roster-status-unresolved,unresolved,brookke01,Kevin Brooks,MIL,DEN,"In a 3-team trade, the Atlanta Hawks traded a 1993 2nd round draft pick (Josh Grant was later selected) to the Denver Nuggets; the Atlanta Hawks traded Anthony Avent to the Milwaukee Bucks; the Denver Nuggets traded Blair Rasmussen to the Atlanta Hawks; and the Milwaukee Bucks traded Kevin Brooks and a 1994 2nd round draft pick (Rodney Dent was later selected) to the Denver Nuggets.",draft-year=1991;prior-dated-active-contract-unestablished;missing-signing-is-uncertainty-not-absence
NBA_1992,NBA,1992,1,0,1991-07-03,precise,draft-roster-status-unresolved,unresolved,wyliejo01,Joe Wylie,LAC,NYK,The Los Angeles Clippers traded Joe Wylie to the New York Knicks for a 1993 2nd round draft pick (Leonard White was later selected).,draft-year=1991;prior-dated-active-contract-unestablished;missing-signing-is-uncertainty-not-absence
NBA_1992,NBA,1992,59,1,1991-11-01,precise,draft-roster-status-unresolved,unresolved,owensbi01,Billy Owens,SAC,GSW,"The Golden State Warriors traded Les Jepsen, Mitch Richmond and a 1995 2nd round draft pick (Tyus Edney was later selected) to the Sacramento Kings for Billy Owens.",draft-year=1991;prior-dated-active-contract-unestablished;missing-signing-is-uncertainty-not-absence
NBA_1992,NBA,1992,165,1,1992-06-24,precise,draft-roster-status-unresolved,unresolved,macledo01,Don MacLean,DET,LAC,"The Detroit Pistons traded William Bedford and Don MacLean to the Los Angeles Clippers for Olden Polynice, a 1996 2nd round draft pick (Russ Millard was later selected) and a 1997 2nd round draft pick (Eddie Elisma was later selected).",draft-year=1992;prior-dated-active-contract-unestablished;missing-signing-is-uncertainty-not-absence
NBA_1993,NBA,1993,0,0,1992-07-01,precise,draft-roster-status-unresolved,unresolved,murratr01,Tracy Murray,MIL,POR,The Milwaukee Bucks traded Tracy Murray to the Portland Trail Blazers for Alaa Abdelnaby.,draft-year=1992;prior-dated-active-contract-unestablished;missing-signing-is-uncertainty-not-absence
NBA_1993,NBA,1993,0,1,1992-07-01,precise,draft-roster-status-unresolved,unresolved,murratr01,Tracy Murray,SAS,MIL,The Milwaukee Bucks traded Dale Ellis to the San Antonio Spurs for Tracy Murray.,draft-year=1992;prior-dated-active-contract-unestablished;missing-signing-is-uncertainty-not-absence
NBA_1993,NBA,1993,3,0,1992-07-07,precise,draft-roster-status-unresolved,unresolved,greenli01,Litterial Green,CHI,ORL,The Chicago Bulls traded Litterial Green to the Orlando Magic for a 1993 2nd round draft pick (Anthony Reed was later selected).,draft-year=1992;prior-dated-active-contract-unestablished;missing-signing-is-uncertainty-not-absence
NBA_1993,NBA,1993,24,2,1992-09-08,precise,draft-roster-status-unresolved,unresolved,morriis01,Isaiah Morris,MIA,DET,The Detroit Pistons traded John Salley to the Miami Heat for Isaiah Morris and a 1993 1st round draft pick (Lindsey Hunter was later selected).,draft-year=1992;prior-dated-active-contract-unestablished;missing-signing-is-uncertainty-not-absence
NBA_1993,NBA,1993,29,1,1992-09-18,precise,draft-roster-status-unresolved,unresolved,houstby01,Byron Houston,CHI,GSW,"In a 3-team trade, the Chicago Bulls traded a 1996 2nd round draft pick (Darnell Robinson was later selected) and a future 2nd round draft pick to the Dallas Mavericks; the Chicago Bulls traded Byron Houston to the Golden State Warriors; the Dallas Mavericks traded Rodney McCray to the Chicago Bulls; and the Golden State Warriors traded a 1994 1st round draft pick (Tony Dumas was later selected) to the Dallas Mavericks. The future 2nd round draft pick traded to Dallas was conditional and was not exercised.",draft-year=1992;prior-dated-active-contract-unestablished;missing-signing-is-uncertainty-not-absence
NBA_1993,NBA,1993,44,6,1992-10-08,precise,draft-roster-status-unresolved,unresolved,macledo01,Don MacLean,LAC,WSB,The Los Angeles Clippers traded William Bedford and Don MacLean to the Washington Bullets for John Williams.,draft-year=1992;prior-dated-active-contract-unestablished;missing-signing-is-uncertainty-not-absence
NBA_1993,NBA,1993,82,1,1992-12-04,precise,draft-roster-status-unresolved,unresolved,barryjo01,Jon Barry,BOS,MIL,The Boston Celtics traded Jon Barry and a 1995 2nd round draft pick (Eric Snow was later selected) to the Milwaukee Bucks for Alaa Abdelnaby.,draft-year=1992;prior-dated-active-contract-unestablished;missing-signing-is-uncertainty-not-absence
NBA_1993,NBA,1993,161,2,1993-06-30,precise,draft-roster-status-unresolved,unresolved,rileyer01,Eric Riley,DAL,HOU,The Dallas Mavericks traded Eric Riley to the Houston Rockets for Popeye Jones.,draft-year=1993;prior-dated-active-contract-unestablished;missing-signing-is-uncertainty-not-absence
NBA_1993,NBA,1993,161,3,1993-06-30,precise,draft-roster-status-unresolved,unresolved,hardaan01,Anfernee Hardaway,GSW,ORL,"The Golden State Warriors traded Anfernee Hardaway, a 1996 1st round draft pick (Todd Fuller was later selected), a 1998 1st round draft pick (Vince Carter was later selected) and a 2000 1st round draft pick (Mike Miller was later selected) to the Orlando Magic for Chris Webber.",draft-year=1993;prior-dated-active-contract-unestablished;missing-signing-is-uncertainty-not-absence
NBA_1993,NBA,1993,161,3,1993-06-30,precise,draft-roster-status-unresolved,unresolved,webbech01,Chris Webber,ORL,GSW,"The Golden State Warriors traded Anfernee Hardaway, a 1996 1st round draft pick (Todd Fuller was later selected), a 1998 1st round draft pick (Vince Carter was later selected) and a 2000 1st round draft pick (Mike Miller was later selected) to the Orlando Magic for Chris Webber.",draft-year=1993;prior-dated-active-contract-unestablished;missing-signing-is-uncertainty-not-absence
NBA_1993,NBA,1993,161,4,1993-06-30,precise,draft-roster-status-unresolved,unresolved,grantjo01,Josh Grant,DEN,GSW,The Denver Nuggets traded Josh Grant and a 1994 2nd round draft pick (Anthony Miller was later selected) to the Golden State Warriors for Darnell Mee.,draft-year=1993;prior-dated-active-contract-unestablished;missing-signing-is-uncertainty-not-absence
NBA_1993,NBA,1993,161,4,1993-06-30,precise,draft-roster-status-unresolved,unresolved,meeda01,Darnell Mee,GSW,DEN,The Denver Nuggets traded Josh Grant and a 1994 2nd round draft pick (Anthony Miller was later selected) to the Golden State Warriors for Darnell Mee.,draft-year=1993;prior-dated-active-contract-unestablished;missing-signing-is-uncertainty-not-absence
NBA_1994,NBA,1994,24,0,1993-09-03,precise,draft-roster-status-unresolved,unresolved,grahagr01,Greg Graham,CHH,PHI,"The Charlotte Hornets traded Dana Barros, Greg Graham, Sidney Green and a 1994 1st round draft pick (Sharone Wright was later selected) to the Philadelphia 76ers for Hersey Hawkins.",draft-year=1993;prior-dated-active-contract-unestablished;missing-signing-is-uncertainty-not-absence
NBA_1994,NBA,1994,162,0,1994-06-29,precise,draft-roster-status-unresolved,unresolved,rebraze01,Željko Rebrača,SEA,MIN,The Minnesota Timberwolves traded a 1996 2nd round draft pick (Joseph Blair was later selected) to the Seattle SuperSonics for Željko Rebrača.,draft-year=1994;prior-dated-active-contract-unestablished;missing-signing-is-uncertainty-not-absence
NBA_1994,NBA,1994,162,1,1994-06-29,precise,draft-roster-status-unresolved,unresolved,fetisan01,Andrei Fetisov,BOS,MIL,The Boston Celtics traded Andrei Fetisov and Ed Pinckney to the Milwaukee Bucks for Blue Edwards and Derek Strong.,draft-year=1994;prior-dated-active-contract-unestablished;missing-signing-is-uncertainty-not-absence
NBA_1995,NBA,1995,1,0,1994-07-01,precise,draft-roster-status-unresolved,unresolved,millean01,Anthony Miller,GSW,LAL,The Golden State Warriors traded Anthony Miller to the Los Angeles Lakers for a 1995 2nd round draft pick (Dwayne Whitfield was later selected).,draft-year=1994;prior-dated-active-contract-unestablished;missing-signing-is-uncertainty-not-absence
NBA_1995,NBA,1995,4,0,1994-07-18,precise,draft-roster-status-unresolved,unresolved,rogerca01,Carlos Rogers,SEA,GSW,"The Golden State Warriors traded Byron Houston and Šarūnas Marčiulionis to the Seattle SuperSonics for Ricky Pierce, Carlos Rogers, a 1995 2nd round draft pick (Martin Lewis was later selected) and a 1995 2nd round draft pick (Michael McDonald was later selected).",draft-year=1994;prior-dated-active-contract-unestablished;missing-signing-is-uncertainty-not-absence
NBA_1995,NBA,1995,5,0,1994-07-19,precise,draft-roster-status-unresolved,unresolved,curlebi01,Bill Curley,SAS,DET,The Detroit Pistons traded Sean Elliott to the San Antonio Spurs for Bill Curley and a 1997 2nd round draft pick (Charles O'Bannon was later selected).,draft-year=1994;prior-dated-active-contract-unestablished;missing-signing-is-uncertainty-not-absence
NBA_1995,NBA,1995,172,1,1995-06-28,precise,draft-roster-status-unresolved,unresolved,renchte01,Terrence Rencher,WSB,MIA,The Miami Heat traded Ed Stokes and Jeff Webster to the Washington Bullets for Rex Chapman and Terrence Rencher.,draft-year=1995;prior-dated-active-contract-unestablished;missing-signing-is-uncertainty-not-absence
NBA_1995,NBA,1995,172,2,1995-06-28,precise,draft-roster-status-unresolved,unresolved,barrybr01,Brent Barry,DEN,LAC,The Denver Nuggets traded Brent Barry and Rodney Rogers to the Los Angeles Clippers for Antonio McDyess and Randy Woods.,draft-year=1995;prior-dated-active-contract-unestablished;missing-signing-is-uncertainty-not-absence
NBA_1995,NBA,1995,172,2,1995-06-28,precise,draft-roster-status-unresolved,unresolved,mcdyean01,Antonio McDyess,LAC,DEN,The Denver Nuggets traded Brent Barry and Rodney Rogers to the Los Angeles Clippers for Antonio McDyess and Randy Woods.,draft-year=1995;prior-dated-active-contract-unestablished;missing-signing-is-uncertainty-not-absence
NBA_1995,NBA,1995,172,3,1995-06-28,precise,draft-roster-status-unresolved,unresolved,trentga01,Gary Trent,MIL,POR,The Milwaukee Bucks traded Gary Trent and a 1997 1st round draft pick (Paul Grant was later selected) to the Portland Trail Blazers for Shawn Respert.,draft-year=1995;prior-dated-active-contract-unestablished;missing-signing-is-uncertainty-not-absence
NBA_1995,NBA,1995,172,3,1995-06-28,precise,draft-roster-status-unresolved,unresolved,respesh01,Shawn Respert,POR,MIL,The Milwaukee Bucks traded Gary Trent and a 1997 1st round draft pick (Paul Grant was later selected) to the Portland Trail Blazers for Shawn Respert.,draft-year=1995;prior-dated-active-contract-unestablished;missing-signing-is-uncertainty-not-absence
NBA_1995,NBA,1995,172,4,1995-06-28,precise,draft-roster-status-unresolved,unresolved,snower01,Eric Snow,MIL,SEA,The Milwaukee Bucks traded Eric Snow to the Seattle SuperSonics for Eurelijus Žukauskas and a 1996 2nd round draft pick (Jeff Nordgaard was later selected).,draft-year=1995;prior-dated-active-contract-unestablished;missing-signing-is-uncertainty-not-absence
NBA_1995,NBA,1995,172,4,1995-06-28,precise,draft-roster-status-unresolved,unresolved,zukauau01,Eurelijus Žukauskas,SEA,MIL,The Milwaukee Bucks traded Eric Snow to the Seattle SuperSonics for Eurelijus Žukauskas and a 1996 2nd round draft pick (Jeff Nordgaard was later selected).,draft-year=1995;prior-dated-active-contract-unestablished;missing-signing-is-uncertainty-not-absence
NBA_1996,NBA,1996,5,1,1995-09-18,precise,draft-roster-status-unresolved,unresolved,lewisma01,Martin Lewis,GSW,TOR,"The Golden State Warriors traded Victor Alexander, Martin Lewis, Michael McDonald, Carlos Rogers and Dwayne Whitfield to the Toronto Raptors for B.J. Armstrong.",draft-year=1995;prior-dated-active-contract-unestablished;missing-signing-is-uncertainty-not-absence
NBA_1996,NBA,1996,5,1,1995-09-18,precise,draft-roster-status-unresolved,unresolved,mcdonmi01,Michael McDonald,GSW,TOR,"The Golden State Warriors traded Victor Alexander, Martin Lewis, Michael McDonald, Carlos Rogers and Dwayne Whitfield to the Toronto Raptors for B.J. Armstrong.",draft-year=1995;prior-dated-active-contract-unestablished;missing-signing-is-uncertainty-not-absence
NBA_1996,NBA,1996,5,1,1995-09-18,precise,draft-roster-status-unresolved,unresolved,whitfdw01,Dwayne Whitfield,GSW,TOR,"The Golden State Warriors traded Victor Alexander, Martin Lewis, Michael McDonald, Carlos Rogers and Dwayne Whitfield to the Toronto Raptors for B.J. Armstrong.",draft-year=1995;prior-dated-active-contract-unestablished;missing-signing-is-uncertainty-not-absence
NBA_1996,NBA,1996,7,0,1995-09-20,precise,draft-roster-status-unresolved,unresolved,childra01,Randolph Childress,DET,POR,The Detroit Pistons traded Randolph Childress and Bill Curley to the Portland Trail Blazers for Otis Thorpe.,draft-year=1995;prior-dated-active-contract-unestablished;missing-signing-is-uncertainty-not-absence
NBA_1996,NBA,1996,139,0,1996-06-26,precise,draft-roster-status-unresolved,unresolved,muursma01,Martin Müürsepp,UTA,MIA,The Miami Heat traded a 2000 1st round draft pick (DeShawn Stevenson was later selected) to the Utah Jazz for Martin Müürsepp.,draft-year=1996;prior-dated-active-contract-unestablished;missing-signing-is-uncertainty-not-absence
NBA_1996,NBA,1996,139,1,1996-06-26,precise,draft-roster-status-unresolved,unresolved,marbust01,Stephon Marbury,MIL,MIN,The Milwaukee Bucks traded Stephon Marbury to the Minnesota Timberwolves for Ray Allen and a 1998 1st round draft pick (Rasho Nesterović was later selected).,draft-year=1996;prior-dated-active-contract-unestablished;missing-signing-is-uncertainty-not-absence
NBA_1996,NBA,1996,139,1,1996-06-26,precise,draft-roster-status-unresolved,unresolved,allenra02,Ray Allen,MIN,MIL,The Milwaukee Bucks traded Stephon Marbury to the Minnesota Timberwolves for Ray Allen and a 1998 1st round draft pick (Rasho Nesterović was later selected).,draft-year=1996;prior-dated-active-contract-unestablished;missing-signing-is-uncertainty-not-absence
NBA_1996,NBA,1996,141,0,1996-06-28,precise,draft-roster-status-unresolved,unresolved,rileyro02,Ron Riley,SEA,DET,The Detroit Pistons traded a 1997 2nd round draft pick (Eddie Elisma was later selected) to the Seattle SuperSonics for Ron Riley.,draft-year=1996;prior-dated-active-contract-unestablished;missing-signing-is-uncertainty-not-absence
NBA_1997,NBA,1997,2,6,1996-07-11,precise,draft-roster-status-unresolved,unresolved,bryanko01,Kobe Bryant,CHH,LAL,The Charlotte Hornets traded Kobe Bryant to the Los Angeles Lakers for Vlade Divac.,draft-year=1996;prior-dated-active-contract-unestablished;missing-signing-is-uncertainty-not-absence
NBA_1997,NBA,1997,183,1,1997-06-25,precise,draft-roster-status-unresolved,unresolved,fortsda01,Danny Fortson,MIL,DEN,"The Denver Nuggets traded Ervin Johnson to the Milwaukee Bucks for Danny Fortson, Johnny Newman and Joe Wolf.",draft-year=1997;prior-dated-active-contract-unestablished;missing-signing-is-uncertainty-not-absence
NBA_1997,NBA,1997,183,3,1997-06-25,precise,draft-roster-status-unresolved,unresolved,catoke01,Kelvin Cato,DAL,POR,The Dallas Mavericks traded Kelvin Cato to the Portland Trail Blazers for Chris Anstey and cash.,draft-year=1997;prior-dated-active-contract-unestablished;missing-signing-is-uncertainty-not-absence
NBA_1997,NBA,1997,183,3,1997-06-25,precise,draft-roster-status-unresolved,unresolved,anstech01,Chris Anstey,POR,DAL,The Dallas Mavericks traded Kelvin Cato to the Portland Trail Blazers for Chris Anstey and cash.,draft-year=1997;prior-dated-active-contract-unestablished;missing-signing-is-uncertainty-not-absence
NBA_1997,NBA,1997,183,4,1997-06-25,precise,draft-roster-status-unresolved,unresolved,collija01,James Collins,PHI,LAC,The Los Angeles Clippers traded a 1998 2nd round draft pick (Jelani McCoy was later selected) to the Philadelphia 76ers for James Collins.,draft-year=1997;prior-dated-active-contract-unestablished;missing-signing-is-uncertainty-not-absence
NBA_1997,NBA,1997,183,5,1997-06-25,precise,draft-roster-status-unresolved,unresolved,cottoja02,James Cotton,DEN,SEA,The Denver Nuggets traded James Cotton and a 1998 2nd round draft pick (Rashard Lewis was later selected) to the Seattle SuperSonics for Bobby Jackson.,draft-year=1997;prior-dated-active-contract-unestablished;missing-signing-is-uncertainty-not-absence
NBA_1997,NBA,1997,183,5,1997-06-25,precise,draft-roster-status-unresolved,unresolved,jacksbo01,Bobby Jackson,SEA,DEN,The Denver Nuggets traded James Cotton and a 1998 2nd round draft pick (Rashard Lewis was later selected) to the Seattle SuperSonics for Bobby Jackson.,draft-year=1997;prior-dated-active-contract-unestablished;missing-signing-is-uncertainty-not-absence
NBA_1997,NBA,1997,183,6,1997-06-25,precise,draft-roster-status-unresolved,unresolved,lawsoja01,Jason Lawson,DEN,ORL,The Denver Nuggets traded Jason Lawson to the Orlando Magic for Eric Washington and a 1999 2nd round draft pick (Kris Clack was later selected).,draft-year=1997;prior-dated-active-contract-unestablished;missing-signing-is-uncertainty-not-absence
NBA_1997,NBA,1997,183,6,1997-06-25,precise,draft-roster-status-unresolved,unresolved,washier01,Eric Washington,ORL,DEN,The Denver Nuggets traded Jason Lawson to the Orlando Magic for Eric Washington and a 1999 2nd round draft pick (Kris Clack was later selected).,draft-year=1997;prior-dated-active-contract-unestablished;missing-signing-is-uncertainty-not-absence
NBA_1998,NBA,1998,61,0,1997-10-22,precise,draft-roster-status-unresolved,unresolved,thomajo02,John Thomas,NYK,BOS,"The Boston Celtics traded Chris Mills, a 1998 2nd round draft pick (DeMarco Johnson was later selected) and a 2000 2nd round draft pick (Lavor Postell was later selected) to the New York Knicks for Scott Brooks, Dontae' Jones, Walter McCarty and John Thomas.",draft-year=1997;prior-dated-active-contract-unestablished;missing-signing-is-uncertainty-not-absence
NBA_1998,NBA,1998,79,1,1997-11-21,precise,draft-roster-status-unresolved,unresolved,milicma01,Marko Milič,PHI,PHO,The Philadelphia 76ers traded Marko Milič to the Phoenix Suns for Tom Chambers.,draft-year=1997;prior-dated-active-contract-unestablished;missing-signing-is-uncertainty-not-absence
NBA_1998,NBA,1998,169,0,1998-06-24,precise,draft-roster-status-unresolved,unresolved,luety01,Tyronn Lue,DEN,LAL,The Denver Nuggets traded Tony Battie and Tyronn Lue to the Los Angeles Lakers for Nick Van Exel.,draft-year=1998;prior-dated-active-contract-unestablished;missing-signing-is-uncertainty-not-absence
NBA_1998,NBA,1998,169,1,1998-06-24,precise,draft-roster-status-unresolved,unresolved,cartevi01,Vince Carter,GSW,TOR,The Golden State Warriors traded Vince Carter and cash to the Toronto Raptors for Antawn Jamison.,draft-year=1998;prior-dated-active-contract-unestablished;missing-signing-is-uncertainty-not-absence
NBA_1998,NBA,1998,169,1,1998-06-24,precise,draft-roster-status-unresolved,unresolved,jamisan01,Antawn Jamison,TOR,GSW,The Golden State Warriors traded Vince Carter and cash to the Toronto Raptors for Antawn Jamison.,draft-year=1998;prior-dated-active-contract-unestablished;missing-signing-is-uncertainty-not-absence
NBA_1998,NBA,1998,169,2,1998-06-24,precise,draft-roster-status-unresolved,unresolved,lopezfe01,Felipe López,SAS,VAN,The San Antonio Spurs traded Carl Herrera and Felipe López to the Vancouver Grizzlies for Antonio Daniels.,draft-year=1998;prior-dated-active-contract-unestablished;missing-signing-is-uncertainty-not-absence
NBA_1998,NBA,1998,169,3,1998-06-24,precise,draft-roster-status-unresolved,unresolved,mohamna01,Nazr Mohammed,UTA,PHI,The Philadelphia 76ers traded a 1999 1st round draft pick (Quincy Lewis was later selected) to the Utah Jazz for Nazr Mohammed.,draft-year=1998;prior-dated-active-contract-unestablished;missing-signing-is-uncertainty-not-absence
NBA_1998,NBA,1998,169,4,1998-06-24,precise,draft-roster-status-unresolved,unresolved,garripa01,Pat Garrity,DAL,PHO,"The Dallas Mavericks traded Pat Garrity, Martin Müürsepp, Bubba Wells and a 1999 1st round draft pick (Shawn Marion was later selected) to the Phoenix Suns for Steve Nash.",draft-year=1998;prior-dated-active-contract-unestablished;missing-signing-is-uncertainty-not-absence
NBA_1998,NBA,1998,169,5,1998-06-24,precise,draft-roster-status-unresolved,unresolved,traylro01,Robert Traylor,DAL,MIL,The Dallas Mavericks traded Robert Traylor to the Milwaukee Bucks for Pat Garrity and Dirk Nowitzki.,draft-year=1998;prior-dated-active-contract-unestablished;missing-signing-is-uncertainty-not-absence
NBA_1998,NBA,1998,169,5,1998-06-24,precise,draft-roster-status-unresolved,unresolved,garripa01,Pat Garrity,MIL,DAL,The Dallas Mavericks traded Robert Traylor to the Milwaukee Bucks for Pat Garrity and Dirk Nowitzki.,draft-year=1998;prior-dated-active-contract-unestablished;missing-signing-is-uncertainty-not-absence
NBA_1998,NBA,1998,169,5,1998-06-24,precise,draft-roster-status-unresolved,unresolved,nowitdi01,Dirk Nowitzki,MIL,DAL,The Dallas Mavericks traded Robert Traylor to the Milwaukee Bucks for Pat Garrity and Dirk Nowitzki.,draft-year=1998;prior-dated-active-contract-unestablished;missing-signing-is-uncertainty-not-absence
NBA_1998,NBA,1998,169,6,1998-06-24,precise,draft-roster-status-unresolved,unresolved,carrco01,Cory Carr,ATL,CHI,"The Atlanta Hawks traded Cory Carr, a 1999 2nd round draft pick (Lari Ketner was later selected) and a 2000 2nd round draft pick (Khalid El-Amin was later selected) to the Chicago Bulls for Shammond Williams.",draft-year=1998;prior-dated-active-contract-unestablished;missing-signing-is-uncertainty-not-absence
NBA_1998,NBA,1998,169,6,1998-06-24,precise,draft-roster-status-unresolved,unresolved,willish01,Shammond Williams,CHI,ATL,"The Atlanta Hawks traded Cory Carr, a 1999 2nd round draft pick (Lari Ketner was later selected) and a 2000 2nd round draft pick (Khalid El-Amin was later selected) to the Chicago Bulls for Shammond Williams.",draft-year=1998;prior-dated-active-contract-unestablished;missing-signing-is-uncertainty-not-absence
NBA_1998,NBA,1998,170,0,1998-06-25,precise,draft-roster-status-unresolved,unresolved,marksse01,Sean Marks,NYK,TOR,"The New York Knicks traded Sean Marks, Charles Oakley and cash to the Toronto Raptors for Marcus Camby.",draft-year=1998;prior-dated-active-contract-unestablished;missing-signing-is-uncertainty-not-absence
NBA_2000,NBA,2000,1,2,1999-08-01,precise,draft-roster-status-unresolved,unresolved,bendejo01,Jonathan Bender,TOR,IND,The Indiana Pacers traded Antonio Davis to the Toronto Raptors for Jonathan Bender.,draft-year=1999;prior-dated-active-contract-unestablished;missing-signing-is-uncertainty-not-absence
NBA_2000,NBA,2000,21,0,1999-08-27,precise,draft-roster-status-unresolved,unresolved,francst01,Steve Francis,VAN,HOU,"In a 3-team trade, the Houston Rockets traded Antoine Carr, Michael Dickerson, Othella Harrington, Brent Price and a 2003 1st round draft pick (Marcus Banks was later selected) to the Vancouver Grizzlies; the Orlando Magic traded Don MacLean and a 2001 1st round draft pick (Jason Collins was later selected) to the Houston Rockets; the Orlando Magic traded a 2002 2nd round draft pick (Matt Barnes was later selected) to the Vancouver Grizzlies; the Vancouver Grizzlies traded Steve Francis and Tony Massenburg to the Houston Rockets; and the Vancouver Grizzlies traded Lee Mayberry, Makhtar N'Diaye, Rodrick Rhodes and Michael Smith to the Orlando Magic. Trade originally included promised 1st-rd pick that became 2001 pick after it was acquired by Orlando from Phoenix",draft-year=1999;prior-dated-active-contract-unestablished;missing-signing-is-uncertainty-not-absence
NBA_2000,NBA,2000,32,2,1999-09-22,precise,draft-roster-status-unresolved,unresolved,profila01,Laron Profit,ORL,WAS,The Orlando Magic traded Laron Profit to the Washington Wizards for a 2001 2nd round draft pick (Omar Cook was later selected).,draft-year=1999;prior-dated-active-contract-unestablished;missing-signing-is-uncertainty-not-absence
NBA_2001,NBA,2001,0,0,2000-06-28,precise,draft-roster-status-unresolved,unresolved,hightco01,Cory Hightower,SAS,LAL,The Los Angeles Lakers traded a 2001 2nd round draft pick (Robetas Javtokas was later selected) and a 2002 2nd round draft pick (Randy Holcomb was later selected) to the San Antonio Spurs for Cory Hightower.,draft-year=2000;prior-dated-active-contract-unestablished;missing-signing-is-uncertainty-not-absence
NBA_2001,NBA,2001,123,0,2001-06-27,precise,draft-roster-status-unresolved,unresolved,morrite01,Terence Morris,ATL,HOU,The Atlanta Hawks traded Terence Morris to the Houston Rockets for a 2003 1st round draft pick (Carlos Delfino was later selected).,draft-year=2001;prior-dated-active-contract-unestablished;missing-signing-is-uncertainty-not-absence
NBA_2001,NBA,2001,123,1,2001-06-27,precise,draft-roster-status-unresolved,unresolved,simmobo01,Bobby Simmons,SEA,WAS,The Seattle SuperSonics traded Bobby Simmons to the Washington Wizards for Predrag Drobnjak.,draft-year=2001;prior-dated-active-contract-unestablished;missing-signing-is-uncertainty-not-absence
NBA_2001,NBA,2001,123,2,2001-06-27,precise,draft-roster-status-unresolved,unresolved,gasolpa01,Pau Gasol,ATL,VAN,"The Atlanta Hawks traded Pau Gasol, Brevin Knight and Lorenzen Wright to the Vancouver Grizzlies for Shareef Abdur-Rahim and Jamaal Tinsley.",draft-year=2001;prior-dated-active-contract-unestablished;missing-signing-is-uncertainty-not-absence
NBA_2001,NBA,2001,123,2,2001-06-27,precise,draft-roster-status-unresolved,unresolved,tinslja01,Jamaal Tinsley,VAN,ATL,"The Atlanta Hawks traded Pau Gasol, Brevin Knight and Lorenzen Wright to the Vancouver Grizzlies for Shareef Abdur-Rahim and Jamaal Tinsley.",draft-year=2001;prior-dated-active-contract-unestablished;missing-signing-is-uncertainty-not-absence
NBA_2001,NBA,2001,123,3,2001-06-27,precise,draft-roster-status-unresolved,unresolved,tinslja01,Jamaal Tinsley,ATL,IND,The Atlanta Hawks traded Jamaal Tinsley to the Indiana Pacers for a 2003 1st round draft pick (Boris Diaw was later selected).,draft-year=2001;prior-dated-active-contract-unestablished;missing-signing-is-uncertainty-not-absence
NBA_2001,NBA,2001,123,5,2001-06-27,precise,draft-roster-status-unresolved,unresolved,chandty01,Tyson Chandler,LAC,CHI,The Chicago Bulls traded Elton Brand to the Los Angeles Clippers for Tyson Chandler and Brian Skinner.,draft-year=2001;prior-dated-active-contract-unestablished;missing-signing-is-uncertainty-not-absence
NBA_2001,NBA,2001,123,6,2001-06-27,precise,draft-roster-status-unresolved,unresolved,haywobr01,Brendan Haywood,CLE,ORL,The Cleveland Cavaliers traded Brendan Haywood to the Orlando Magic for Michael Doleac.,draft-year=2001;prior-dated-active-contract-unestablished;missing-signing-is-uncertainty-not-absence
NBA_2001,NBA,2001,123,7,2001-06-27,precise,draft-roster-status-unresolved,unresolved,armstbr01,Brandon Armstrong,HOU,NJN,"The Houston Rockets traded Brandon Armstrong, Jason Collins and Richard Jefferson to the New Jersey Nets for Eddie Griffin.",draft-year=2001;prior-dated-active-contract-unestablished;missing-signing-is-uncertainty-not-absence
NBA_2001,NBA,2001,123,7,2001-06-27,precise,draft-roster-status-unresolved,unresolved,collija04,Jason Collins,HOU,NJN,"The Houston Rockets traded Brandon Armstrong, Jason Collins and Richard Jefferson to the New Jersey Nets for Eddie Griffin.",draft-year=2001;prior-dated-active-contract-unestablished;missing-signing-is-uncertainty-not-absence
NBA_2001,NBA,2001,123,7,2001-06-27,precise,draft-roster-status-unresolved,unresolved,jefferi01,Richard Jefferson,HOU,NJN,"The Houston Rockets traded Brandon Armstrong, Jason Collins and Richard Jefferson to the New Jersey Nets for Eddie Griffin.",draft-year=2001;prior-dated-active-contract-unestablished;missing-signing-is-uncertainty-not-absence
NBA_2001,NBA,2001,123,7,2001-06-27,precise,draft-roster-status-unresolved,unresolved,griffed01,Eddie Griffin,NJN,HOU,"The Houston Rockets traded Brandon Armstrong, Jason Collins and Richard Jefferson to the New Jersey Nets for Eddie Griffin.",draft-year=2001;prior-dated-active-contract-unestablished;missing-signing-is-uncertainty-not-absence
NBA_2002,NBA,2002,11,1,2001-08-01,precise,draft-roster-status-unresolved,unresolved,haywobr01,Brendan Haywood,ORL,WAS,The Orlando Magic traded Brendan Haywood to the Washington Wizards for Laron Profit and a 2005 1st round draft pick (Julius Hodge was later selected).,draft-year=2001;prior-dated-active-contract-unestablished;missing-signing-is-uncertainty-not-absence
NBA_2002,NBA,2002,17,0,2001-08-10,precise,draft-roster-status-unresolved,unresolved,hillky01,Kyle Hill,DAL,HOU,"In a 3-team trade, the Dallas Mavericks traded Kyle Hill to the Houston Rockets; the Dallas Mavericks traded Howard Eisley to the New York Knicks; the Houston Rockets traded Shandon Anderson to the New York Knicks; the New York Knicks traded Muggsy Bogues to the Dallas Mavericks; and the New York Knicks traded Glen Rice to the Houston Rockets. Dallas also received a trade exception from Houston.",draft-year=2001;prior-dated-active-contract-unestablished;missing-signing-is-uncertainty-not-absence
NBA_2002,NBA,2002,36,0,2001-09-25,precise,draft-roster-status-unresolved,unresolved,satteke01,Kenny Satterfield,DAL,DEN,The Dallas Mavericks traded Kenny Satterfield to the Denver Nuggets for a future 2nd round draft pick. The future 2nd round draft pick traded to Dallas was conditional and was not exercised.,draft-year=2001;prior-dated-active-contract-unestablished;missing-signing-is-uncertainty-not-absence
NBA_2002,NBA,2002,41,0,2001-10-01,precise,draft-roster-status-unresolved,unresolved,lamplse01,Sean Lampley,CHI,MIA,The Chicago Bulls traded Sean Lampley to the Miami Heat for a 2003 2nd round draft pick (Tommy Smith was later selected).,draft-year=2001;prior-dated-active-contract-unestablished;missing-signing-is-uncertainty-not-absence
NBA_2002,NBA,2002,121,0,2002-06-26,precise,draft-roster-status-unresolved,unresolved,kasunma01,Mario Kasun,LAC,ORL,The Los Angeles Clippers traded Mario Kasun to the Orlando Magic for future considerations.,draft-year=2002;prior-dated-active-contract-unestablished;missing-signing-is-uncertainty-not-absence
NBA_2002,NBA,2002,121,1,2002-06-26,precise,draft-roster-status-unresolved,unresolved,welscji01,Jiří Welsch,PHI,GSW,The Golden State Warriors traded a 2004 2nd round draft pick (Viktor Sanikidze was later selected) and a 2005 1st round draft pick (Joey Graham was later selected) to the Philadelphia 76ers for Jiří Welsch.,draft-year=2002;prior-dated-active-contract-unestablished;missing-signing-is-uncertainty-not-absence
NBA_2002,NBA,2002,121,2,2002-06-26,precise,draft-roster-status-unresolved,unresolved,borchcu01,Curtis Borchardt,ORL,UTA,The Orlando Magic traded Curtis Borchardt to the Utah Jazz for Ryan Humphrey and Jamal Sampson.,draft-year=2002;prior-dated-active-contract-unestablished;missing-signing-is-uncertainty-not-absence
NBA_2002,NBA,2002,121,2,2002-06-26,precise,draft-roster-status-unresolved,unresolved,humphry01,Ryan Humphrey,UTA,ORL,The Orlando Magic traded Curtis Borchardt to the Utah Jazz for Ryan Humphrey and Jamal Sampson.,draft-year=2002;prior-dated-active-contract-unestablished;missing-signing-is-uncertainty-not-absence
NBA_2002,NBA,2002,121,2,2002-06-26,precise,draft-roster-status-unresolved,unresolved,sampsja01,Jamal Sampson,UTA,ORL,The Orlando Magic traded Curtis Borchardt to the Utah Jazz for Ryan Humphrey and Jamal Sampson.,draft-year=2002;prior-dated-active-contract-unestablished;missing-signing-is-uncertainty-not-absence
NBA_2002,NBA,2002,121,3,2002-06-26,precise,draft-roster-status-unresolved,unresolved,sampsja01,Jamal Sampson,ORL,MIL,The Milwaukee Bucks traded Rashard Griffith to the Orlando Magic for Jamal Sampson.,draft-year=2002;prior-dated-active-contract-unestablished;missing-signing-is-uncertainty-not-absence
NBA_2002,NBA,2002,121,4,2002-06-26,precise,draft-roster-status-unresolved,unresolved,willifr02,Frank Williams,DEN,NYK,"The Denver Nuggets traded Antonio McDyess, Frank Williams and a 2003 2nd round draft pick (Maciej Lampe was later selected) to the New York Knicks for Marcus Camby, Nenê and Mark Jackson.",draft-year=2002;prior-dated-active-contract-unestablished;missing-signing-is-uncertainty-not-absence
NBA_2002,NBA,2002,121,4,2002-06-26,precise,draft-roster-status-unresolved,unresolved,hilarne01,Nenê,NYK,DEN,"The Denver Nuggets traded Antonio McDyess, Frank Williams and a 2003 2nd round draft pick (Maciej Lampe was later selected) to the New York Knicks for Marcus Camby, Nenê and Mark Jackson.",draft-year=2002;prior-dated-active-contract-unestablished;missing-signing-is-uncertainty-not-absence
NBA_2002,NBA,2002,121,5,2002-06-26,precise,draft-roster-status-unresolved,unresolved,holcora01,Randy Holcomb,SAS,PHI,"The Philadelphia 76ers traded Speedy Claxton to the San Antonio Spurs for Mark Bryant, Randy Holcomb and John Salmons.",draft-year=2002;prior-dated-active-contract-unestablished;missing-signing-is-uncertainty-not-absence
NBA_2002,NBA,2002,121,5,2002-06-26,precise,draft-roster-status-unresolved,unresolved,salmojo01,John Salmons,SAS,PHI,"The Philadelphia 76ers traded Speedy Claxton to the San Antonio Spurs for Mark Bryant, Randy Holcomb and John Salmons.",draft-year=2002;prior-dated-active-contract-unestablished;missing-signing-is-uncertainty-not-absence
NBA_2002,NBA,2002,121,6,2002-06-26,precise,draft-roster-status-unresolved,unresolved,jeffech01,Chris Jefferies,LAL,TOR,"The Los Angeles Lakers traded Lindsey Hunter, Chris Jefferies and a 2003 2nd round draft pick (Remon van de Hare was later selected) to the Toronto Raptors for Tracy Murray, Kareem Rush and a 2003 2nd round draft pick (Luke Walton was later selected).",draft-year=2002;prior-dated-active-contract-unestablished;missing-signing-is-uncertainty-not-absence
NBA_2002,NBA,2002,121,6,2002-06-26,precise,draft-roster-status-unresolved,unresolved,rushka01,Kareem Rush,TOR,LAL,"The Los Angeles Lakers traded Lindsey Hunter, Chris Jefferies and a 2003 2nd round draft pick (Remon van de Hare was later selected) to the Toronto Raptors for Tracy Murray, Kareem Rush and a 2003 2nd round draft pick (Luke Walton was later selected).",draft-year=2002;prior-dated-active-contract-unestablished;missing-signing-is-uncertainty-not-absence
NBA_2002,NBA,2002,121,7,2002-06-26,precise,draft-roster-status-unresolved,unresolved,barnema02,Matt Barnes,MEM,CLE,The Cleveland Cavaliers traded Wesley Person to the Memphis Grizzlies for Nick Anderson and Matt Barnes.,draft-year=2002;prior-dated-active-contract-unestablished;missing-signing-is-uncertainty-not-absence
NBA_2002,NBA,2002,121,8,2002-06-26,precise,draft-roster-status-unresolved,unresolved,owensch01,Chris Owens,MIL,MEM,The Memphis Grizzlies traded a 2003 2nd round draft pick (Szymon Szewczyk was later selected) to the Milwaukee Bucks for Chris Owens.,draft-year=2002;prior-dated-active-contract-unestablished;missing-signing-is-uncertainty-not-absence
NBA_2002,NBA,2002,121,10,2002-06-26,precise,draft-roster-status-unresolved,unresolved,dickada01,Dan Dickau,SAC,ATL,The Atlanta Hawks traded a 2003 1st round draft pick (Carlos Delfino was later selected) to the Sacramento Kings for Dan Dickau.,draft-year=2002;prior-dated-active-contract-unestablished;missing-signing-is-uncertainty-not-absence
NBA_2003,NBA,2003,124,0,2003-06-23,precise,draft-roster-status-unresolved,unresolved,yuyanxu01,Xue Yuyang,DAL,DEN,The Dallas Mavericks traded Xue Yuyang to the Denver Nuggets for a 2004 2nd round draft pick (Vassilis Spanoulis was later selected).,draft-year=2003;prior-dated-active-contract-unestablished;missing-signing-is-uncertainty-not-absence
NBA_2003,NBA,2003,126,0,2003-06-26,precise,draft-roster-status-unresolved,unresolved,bonnema01,Matt Bonner,CHI,TOR,The Chicago Bulls traded Matt Bonner to the Toronto Raptors for a 2004 2nd round draft pick (Chris Duhon was later selected).,draft-year=2003;prior-dated-active-contract-unestablished;missing-signing-is-uncertainty-not-absence
NBA_2003,NBA,2003,126,2,2003-06-26,precise,draft-roster-status-unresolved,unresolved,belltr01,Troy Bell,BOS,MEM,The Boston Celtics traded Troy Bell and Dahntay Jones to the Memphis Grizzlies for Marcus Banks and Kendrick Perkins.,draft-year=2003;prior-dated-active-contract-unestablished;missing-signing-is-uncertainty-not-absence
NBA_2003,NBA,2003,126,2,2003-06-26,precise,draft-roster-status-unresolved,unresolved,jonesda02,Dahntay Jones,BOS,MEM,The Boston Celtics traded Troy Bell and Dahntay Jones to the Memphis Grizzlies for Marcus Banks and Kendrick Perkins.,draft-year=2003;prior-dated-active-contract-unestablished;missing-signing-is-uncertainty-not-absence
NBA_2003,NBA,2003,126,2,2003-06-26,precise,draft-roster-status-unresolved,unresolved,banksma01,Marcus Banks,MEM,BOS,The Boston Celtics traded Troy Bell and Dahntay Jones to the Memphis Grizzlies for Marcus Banks and Kendrick Perkins.,draft-year=2003;prior-dated-active-contract-unestablished;missing-signing-is-uncertainty-not-absence
NBA_2003,NBA,2003,126,2,2003-06-26,precise,draft-roster-status-unresolved,unresolved,perkike01,Kendrick Perkins,MEM,BOS,The Boston Celtics traded Troy Bell and Dahntay Jones to the Memphis Grizzlies for Marcus Banks and Kendrick Perkins.,draft-year=2003;prior-dated-active-contract-unestablished;missing-signing-is-uncertainty-not-absence
NBA_2003,NBA,2003,126,3,2003-06-26,precise,draft-roster-status-unresolved,unresolved,morlepa01,Paccelis Morlende,PHI,SEA,The Philadelphia 76ers traded Paccelis Morlende to the Seattle SuperSonics for Willie Green.,draft-year=2003;prior-dated-active-contract-unestablished;missing-signing-is-uncertainty-not-absence
NBA_2003,NBA,2003,126,3,2003-06-26,precise,draft-roster-status-unresolved,unresolved,greenwi01,Willie Green,SEA,PHI,The Philadelphia 76ers traded Paccelis Morlende to the Seattle SuperSonics for Willie Green.,draft-year=2003;prior-dated-active-contract-unestablished;missing-signing-is-uncertainty-not-absence
NBA_2003,NBA,2003,126,4,2003-06-26,precise,draft-roster-status-unresolved,unresolved,barbole01,Leandro Barbosa,SAS,PHO,The Phoenix Suns traded a 2005 1st round draft pick (David Lee was later selected) to the San Antonio Spurs for Leandro Barbosa.,draft-year=2003;prior-dated-active-contract-unestablished;missing-signing-is-uncertainty-not-absence
NBA_2003,NBA,2003,126,5,2003-06-26,precise,draft-roster-status-unresolved,unresolved,boganke01,Keith Bogans,MIL,ORL,The Milwaukee Bucks traded Keith Bogans to the Orlando Magic for cash.,draft-year=2003;prior-dated-active-contract-unestablished;missing-signing-is-uncertainty-not-absence
NBA_2004,NBA,2004,165,0,2004-06-24,precise,draft-roster-status-unresolved,unresolved,sanikvi01,Viktor Sanikidze,ATL,SAS,The Atlanta Hawks traded Viktor Sanikidze to the San Antonio Spurs for cash and a 2005 2nd round draft pick (Cenk Akyol was later selected).,draft-year=2004;prior-dated-active-contract-unestablished;missing-signing-is-uncertainty-not-absence
NBA_2004,NBA,2004,165,1,2004-06-24,precise,draft-roster-status-unresolved,unresolved,podkopa01,Pavel Podkolzin,UTA,DAL,The Dallas Mavericks traded a 2005 1st round draft pick (Linas Kleiza was later selected) to the Utah Jazz for Pavel Podkolzin.,draft-year=2004;prior-dated-active-contract-unestablished;missing-signing-is-uncertainty-not-absence
NBA_2004,NBA,2004,165,2,2004-06-24,precise,draft-roster-status-unresolved,unresolved,nelsoja01,Jameer Nelson,DEN,ORL,The Denver Nuggets traded Jameer Nelson to the Orlando Magic for a 2005 1st round draft pick (Julius Hodge was later selected).,draft-year=2004;prior-dated-active-contract-unestablished;missing-signing-is-uncertainty-not-absence
NBA_2004,NBA,2004,165,3,2004-06-24,precise,draft-roster-status-unresolved,unresolved,vromaja01,Jackson Vroman,CHI,PHO,The Chicago Bulls traded Jackson Vroman and a 2005 1st round draft pick (Nate Robinson was later selected) to the Phoenix Suns for Luol Deng.,draft-year=2004;prior-dated-active-contract-unestablished;missing-signing-is-uncertainty-not-absence
NBA_2004,NBA,2004,165,3,2004-06-24,precise,draft-roster-status-unresolved,unresolved,denglu01,Luol Deng,PHO,CHI,The Chicago Bulls traded Jackson Vroman and a 2005 1st round draft pick (Nate Robinson was later selected) to the Phoenix Suns for Luol Deng.,draft-year=2004;prior-dated-active-contract-unestablished;missing-signing-is-uncertainty-not-absence
NBA_2004,NBA,2004,165,4,2004-06-24,precise,draft-roster-status-unresolved,unresolved,spanova01,Vassilis Spanoulis,DAL,HOU,The Dallas Mavericks traded Vassilis Spanoulis to the Houston Rockets for Luis Flores.,draft-year=2004;prior-dated-active-contract-unestablished;missing-signing-is-uncertainty-not-absence
NBA_2004,NBA,2004,165,4,2004-06-24,precise,draft-roster-status-unresolved,unresolved,florelu01,Luis Flores,HOU,DAL,The Dallas Mavericks traded Vassilis Spanoulis to the Houston Rockets for Luis Flores.,draft-year=2004;prior-dated-active-contract-unestablished;missing-signing-is-uncertainty-not-absence
NBA_2004,NBA,2004,165,5,2004-06-24,precise,draft-roster-status-unresolved,unresolved,harride01,Devin Harris,WAS,DAL,"The Dallas Mavericks traded Antawn Jamison to the Washington Wizards for Devin Harris, Christian Laettner and Jerry Stackhouse.",draft-year=2004;prior-dated-active-contract-unestablished;missing-signing-is-uncertainty-not-absence
NBA_2004,NBA,2004,165,6,2004-06-24,precise,draft-roster-status-unresolved,unresolved,khryavi01,Viktor Khryapa,NJN,POR,The New Jersey Nets traded Viktor Khryapa to the Portland Trail Blazers for Eddie Gill.,draft-year=2004;prior-dated-active-contract-unestablished;missing-signing-is-uncertainty-not-absence
NBA_2004,NBA,2004,165,7,2004-06-24,precise,draft-roster-status-unresolved,unresolved,emmetan01,Andre Emmett,SEA,MEM,The Memphis Grizzlies traded a 2005 2nd round draft pick (Mickaël Gelabale was later selected) to the Seattle SuperSonics for Andre Emmett.,draft-year=2004;prior-dated-active-contract-unestablished;missing-signing-is-uncertainty-not-absence
NBA_2004,NBA,2004,165,9,2004-06-24,precise,draft-roster-status-unresolved,unresolved,sowpa01,Pape Sow,MIA,TOR,The Miami Heat traded Pape Sow and a 2005 2nd round draft pick (Uroš Slokar was later selected) to the Toronto Raptors for Albert Miralles.,draft-year=2004;prior-dated-active-contract-unestablished;missing-signing-is-uncertainty-not-absence
NBA_2004,NBA,2004,165,9,2004-06-24,precise,draft-roster-status-unresolved,unresolved,miralal01,Albert Miralles,TOR,MIA,The Miami Heat traded Pape Sow and a 2005 2nd round draft pick (Uroš Slokar was later selected) to the Toronto Raptors for Albert Miralles.,draft-year=2004;prior-dated-active-contract-unestablished;missing-signing-is-uncertainty-not-absence
NBA_2005,NBA,2005,8,0,2004-07-23,precise,draft-roster-status-unresolved,unresolved,varejan01,Anderson Varejão,ORL,CLE,"The Cleveland Cavaliers traded Tony Battie, a 2005 2nd round draft pick (Martynas Andriuškevičius was later selected) and a 2007 2nd round draft pick (Brad Newley was later selected) to the Orlando Magic for Drew Gooden, Steven Hunter and Anderson Varejão.",draft-year=2004;prior-dated-active-contract-unestablished;missing-signing-is-uncertainty-not-absence
NBA_2005,NBA,2005,28,0,2004-08-24,precise,draft-roster-status-unresolved,unresolved,florelu01,Luis Flores,DAL,GSW,"The Dallas Mavericks traded Luis Flores, Christian Laettner, Eduardo Nájera, Mladen Sekularac, cash, a 2007 1st round draft pick (Petteri Koponen was later selected) and a future 1st round draft pick to the Golden State Warriors for Erick Dampier, Dan Dickau, Evan Eschmeyer and Steve Logan. Golden State also received a trade exception from Dallas.",draft-year=2004;prior-dated-active-contract-unestablished;missing-signing-is-uncertainty-not-absence
NBA_2005,NBA,2005,135,1,2005-06-28,precise,draft-roster-status-unresolved,unresolved,andrima01,Martynas Andriuškevičius,ORL,CLE,The Cleveland Cavaliers traded future considerations and a 2006 2nd round draft pick (Ejike Ugboaja was later selected) to the Orlando Magic for Martynas Andriuškevičius.,draft-year=2005;prior-dated-active-contract-unestablished;missing-signing-is-uncertainty-not-absence
NBA_2005,NBA,2005,135,2,2005-06-28,precise,draft-roster-status-unresolved,unresolved,roberla01,Lawrence Roberts,SEA,MEM,"The Memphis Grizzlies traded cash, a 2006 2nd round draft pick (Yotam Halperin was later selected) and a 2007 2nd round draft pick (Carl Landry was later selected) to the Seattle SuperSonics for Lawrence Roberts.",draft-year=2005;prior-dated-active-contract-unestablished;missing-signing-is-uncertainty-not-absence
NBA_2005,NBA,2005,135,3,2005-06-28,precise,draft-roster-status-unresolved,unresolved,thompdi01,Dijon Thompson,NYK,PHO,"The New York Knicks traded Kurt Thomas and Dijon Thompson to the Phoenix Suns for Quentin Richardson, Nate Robinson and future considerations.",draft-year=2005;prior-dated-active-contract-unestablished;missing-signing-is-uncertainty-not-absence
NBA_2005,NBA,2005,135,3,2005-06-28,precise,draft-roster-status-unresolved,unresolved,robinna01,Nate Robinson,PHO,NYK,"The New York Knicks traded Kurt Thomas and Dijon Thompson to the Phoenix Suns for Quentin Richardson, Nate Robinson and future considerations.",draft-year=2005;prior-dated-active-contract-unestablished;missing-signing-is-uncertainty-not-absence
NBA_2005,NBA,2005,135,5,2005-06-28,precise,draft-roster-status-unresolved,unresolved,jackja01,Jarrett Jack,DEN,POR,The Denver Nuggets traded Jarrett Jack to the Portland Trail Blazers for Linas Kleiza and Ricky Sánchez.,draft-year=2005;prior-dated-active-contract-unestablished;missing-signing-is-uncertainty-not-absence
NBA_2005,NBA,2005,135,5,2005-06-28,precise,draft-roster-status-unresolved,unresolved,kleizli01,Linas Kleiza,POR,DEN,The Denver Nuggets traded Jarrett Jack to the Portland Trail Blazers for Linas Kleiza and Ricky Sánchez.,draft-year=2005;prior-dated-active-contract-unestablished;missing-signing-is-uncertainty-not-absence
NBA_2005,NBA,2005,135,5,2005-06-28,precise,draft-roster-status-unresolved,unresolved,sanchri01,Ricky Sánchez,POR,DEN,The Denver Nuggets traded Jarrett Jack to the Portland Trail Blazers for Linas Kleiza and Ricky Sánchez.,draft-year=2005;prior-dated-active-contract-unestablished;missing-signing-is-uncertainty-not-absence
NBA_2005,NBA,2005,135,6,2005-06-28,precise,draft-roster-status-unresolved,unresolved,gortama01,Marcin Gortat,PHO,ORL,The Orlando Magic traded future considerations to the Phoenix Suns for Marcin Gortat.,draft-year=2005;prior-dated-active-contract-unestablished;missing-signing-is-uncertainty-not-absence
NBA_2006,NBA,2006,147,3,2006-06-28,precise,draft-roster-status-unresolved,unresolved,rondora01,Rajon Rondo,PHO,BOS,The Boston Celtics traded a 2007 1st round draft pick (Rudy Fernández was later selected) to the Phoenix Suns for Brian Grant and Rajon Rondo.,draft-year=2006;prior-dated-active-contract-unestablished;missing-signing-is-uncertainty-not-absence
NBA_2006,NBA,2006,147,4,2006-06-28,precise,draft-roster-status-unresolved,unresolved,markoda01,Damir Markota,SAS,MIL,The Milwaukee Bucks traded a 2007 2nd round draft pick (Marcus Williams was later selected) to the San Antonio Spurs for Damir Markota.,draft-year=2006;prior-dated-active-contract-unestablished;missing-signing-is-uncertainty-not-absence
NBA_2006,NBA,2006,147,5,2006-06-28,precise,draft-roster-status-unresolved,unresolved,powele01,Leon Powe,DEN,BOS,The Boston Celtics traded a 2007 2nd round draft pick (Aaron Gray was later selected) to the Denver Nuggets for Leon Powe.,draft-year=2006;prior-dated-active-contract-unestablished;missing-signing-is-uncertainty-not-absence
NBA_2006,NBA,2006,147,6,2006-06-28,precise,draft-roster-status-unresolved,unresolved,aldrila01,LaMarcus Aldridge,CHI,POR,The Chicago Bulls traded LaMarcus Aldridge and a 2007 2nd round draft pick (Demetris Nichols was later selected) to the Portland Trail Blazers for Viktor Khryapa and Tyrus Thomas.,draft-year=2006;prior-dated-active-contract-unestablished;missing-signing-is-uncertainty-not-absence
NBA_2006,NBA,2006,147,6,2006-06-28,precise,draft-roster-status-unresolved,unresolved,thomaty01,Tyrus Thomas,POR,CHI,The Chicago Bulls traded LaMarcus Aldridge and a 2007 2nd round draft pick (Demetris Nichols was later selected) to the Portland Trail Blazers for Viktor Khryapa and Tyrus Thomas.,draft-year=2006;prior-dated-active-contract-unestablished;missing-signing-is-uncertainty-not-absence
NBA_2006,NBA,2006,147,7,2006-06-28,precise,draft-roster-status-unresolved,unresolved,johnsal01,Alexander Johnson,IND,POR,"The Indiana Pacers traded Alexander Johnson, a 2007 2nd round draft pick (Derrick Byars was later selected) and a 2008 2nd round draft pick (Mike Taylor was later selected) to the Portland Trail Blazers for James White.",draft-year=2006;prior-dated-active-contract-unestablished;missing-signing-is-uncertainty-not-absence
NBA_2006,NBA,2006,147,7,2006-06-28,precise,draft-roster-status-unresolved,unresolved,whiteja02,James White,POR,IND,"The Indiana Pacers traded Alexander Johnson, a 2007 2nd round draft pick (Derrick Byars was later selected) and a 2008 2nd round draft pick (Mike Taylor was later selected) to the Portland Trail Blazers for James White.",draft-year=2006;prior-dated-active-contract-unestablished;missing-signing-is-uncertainty-not-absence
NBA_2006,NBA,2006,147,8,2006-06-28,precise,draft-roster-status-unresolved,unresolved,johnsal01,Alexander Johnson,POR,MEM,The Memphis Grizzlies traded a 2008 2nd round draft pick (Joey Dorsey was later selected) to the Portland Trail Blazers for Alexander Johnson.,draft-year=2006;prior-dated-active-contract-unestablished;missing-signing-is-uncertainty-not-absence
NBA_2006,NBA,2006,147,9,2006-06-28,precise,draft-roster-status-unresolved,unresolved,pinnojr01,J.R. Pinnock,DAL,LAL,The Dallas Mavericks traded J.R. Pinnock to the Los Angeles Lakers for a 2007 2nd round draft pick (Renaldas Seibutis was later selected).,draft-year=2006;prior-dated-active-contract-unestablished;missing-signing-is-uncertainty-not-absence
NBA_2006,NBA,2006,147,10,2006-06-28,precise,draft-roster-status-unresolved,unresolved,foyera01,Randy Foye,BOS,POR,"The Boston Celtics traded Dan Dickau, Randy Foye and Raef LaFrentz to the Portland Trail Blazers for Theo Ratliff, Sebastian Telfair and a 2008 2nd round draft pick (Trent Plaisted was later selected).",draft-year=2006;prior-dated-active-contract-unestablished;missing-signing-is-uncertainty-not-absence
NBA_2006,NBA,2006,147,11,2006-06-28,precise,draft-roster-status-unresolved,unresolved,roybr01,Brandon Roy,MIN,POR,The Minnesota Timberwolves traded Brandon Roy to the Portland Trail Blazers for Randy Foye.,draft-year=2006;prior-dated-active-contract-unestablished;missing-signing-is-uncertainty-not-absence
NBA_2006,NBA,2006,147,11,2006-06-28,precise,draft-roster-status-unresolved,unresolved,foyera01,Randy Foye,POR,MIN,The Minnesota Timberwolves traded Brandon Roy to the Portland Trail Blazers for Randy Foye.,draft-year=2006;prior-dated-active-contract-unestablished;missing-signing-is-uncertainty-not-absence
NBA_2006,NBA,2006,147,12,2006-06-28,precise,draft-roster-status-unresolved,unresolved,sambch01,Cheikh Samb,LAL,DET,The Detroit Pistons traded Maurice Evans to the Los Angeles Lakers for Cheikh Samb.,draft-year=2006;prior-dated-active-contract-unestablished;missing-signing-is-uncertainty-not-absence
NBA_2006,NBA,2006,147,13,2006-06-28,precise,draft-roster-status-unresolved,unresolved,carnero01,Rodney Carney,CHI,PHI,"The Chicago Bulls traded Rodney Carney, cash and a 2007 2nd round draft pick (Kyrylo Fesenko was later selected) to the Philadelphia 76ers for Thabo Sefolosha.",draft-year=2006;prior-dated-active-contract-unestablished;missing-signing-is-uncertainty-not-absence
NBA_2006,NBA,2006,147,13,2006-06-28,precise,draft-roster-status-unresolved,unresolved,sefolth01,Thabo Sefolosha,PHI,CHI,"The Chicago Bulls traded Rodney Carney, cash and a 2007 2nd round draft pick (Kyrylo Fesenko was later selected) to the Philadelphia 76ers for Thabo Sefolosha.",draft-year=2006;prior-dated-active-contract-unestablished;missing-signing-is-uncertainty-not-absence
NBA_2006,NBA,2006,147,14,2006-06-28,precise,draft-roster-status-unresolved,unresolved,jonesbo02,Bobby Jones,MIN,PHI,The Minnesota Timberwolves traded Bobby Jones to the Philadelphia 76ers for cash and a 2007 2nd round draft pick (Chris Richard was later selected).,draft-year=2006;prior-dated-active-contract-unestablished;missing-signing-is-uncertainty-not-absence
NBA_2007,NBA,2007,4,1,2006-07-12,precise,draft-roster-status-unresolved,unresolved,gayru01,Rudy Gay,HOU,MEM,The Houston Rockets traded Rudy Gay and Stromile Swift to the Memphis Grizzlies for Shane Battier.,draft-year=2006;prior-dated-active-contract-unestablished;missing-signing-is-uncertainty-not-absence
NBA_2007,NBA,2007,146,1,2007-06-28,precise,draft-roster-status-unresolved,unresolved,fesenky01,Kyrylo Fesenko,PHI,UTA,The Philadelphia 76ers traded Kyrylo Fesenko to the Utah Jazz for Herbert Hill.,draft-year=2007;prior-dated-active-contract-unestablished;missing-signing-is-uncertainty-not-absence
NBA_2007,NBA,2007,146,1,2007-06-28,precise,draft-roster-status-unresolved,unresolved,hillhe02,Herbert Hill,UTA,PHI,The Philadelphia 76ers traded Kyrylo Fesenko to the Utah Jazz for Herbert Hill.,draft-year=2007;prior-dated-active-contract-unestablished;missing-signing-is-uncertainty-not-absence
NBA_2007,NBA,2007,146,2,2007-06-28,precise,draft-roster-status-unresolved,unresolved,printgi01,Georgios Printezis,SAS,TOR,The San Antonio Spurs traded Georgios Printezis to the Toronto Raptors for a 2008 2nd round draft pick (Goran Dragić was later selected).,draft-year=2007;prior-dated-active-contract-unestablished;missing-signing-is-uncertainty-not-absence
NBA_2007,NBA,2007,146,3,2007-06-28,precise,draft-roster-status-unresolved,unresolved,baracst01,Stanko Barać,MIA,IND,The Indiana Pacers traded a 2009 2nd round draft pick (Marcus Thornton was later selected) to the Miami Heat for Stanko Barać.,draft-year=2007;prior-dated-active-contract-unestablished;missing-signing-is-uncertainty-not-absence
NBA_2007,NBA,2007,146,4,2007-06-28,precise,draft-roster-status-unresolved,unresolved,koponpe01,Petteri Koponen,PHI,POR,The Philadelphia 76ers traded Petteri Koponen to the Portland Trail Blazers for Derrick Byars and cash.,draft-year=2007;prior-dated-active-contract-unestablished;missing-signing-is-uncertainty-not-absence
NBA_2007,NBA,2007,146,4,2007-06-28,precise,draft-roster-status-unresolved,unresolved,byarsde01,Derrick Byars,POR,PHI,The Philadelphia 76ers traded Petteri Koponen to the Portland Trail Blazers for Derrick Byars and cash.,draft-year=2007;prior-dated-active-contract-unestablished;missing-signing-is-uncertainty-not-absence
NBA_2007,NBA,2007,146,5,2007-06-28,precise,draft-roster-status-unresolved,unresolved,rakovmi01,Milovan Raković,DAL,ORL,The Dallas Mavericks traded Milovan Raković to the Orlando Magic for Reyshawn Terry.,draft-year=2007;prior-dated-active-contract-unestablished;missing-signing-is-uncertainty-not-absence
NBA_2007,NBA,2007,146,5,2007-06-28,precise,draft-roster-status-unresolved,unresolved,terryre01,Reyshawn Terry,ORL,DAL,The Dallas Mavericks traded Milovan Raković to the Orlando Magic for Reyshawn Terry.,draft-year=2007;prior-dated-active-contract-unestablished;missing-signing-is-uncertainty-not-absence
NBA_2007,NBA,2007,146,6,2007-06-28,precise,draft-roster-status-unresolved,unresolved,landrca01,Carl Landry,SEA,HOU,The Houston Rockets traded cash and a 2008 2nd round draft pick (Sasha Kaun was later selected) to the Seattle SuperSonics for Carl Landry.,draft-year=2007;prior-dated-active-contract-unestablished;missing-signing-is-uncertainty-not-absence
NBA_2007,NBA,2007,146,7,2007-06-28,precise,draft-roster-status-unresolved,unresolved,greenje02,Jeff Green,BOS,SEA,"The Boston Celtics traded Jeff Green, Wally Szczerbiak, Delonte West and a 2008 2nd round draft pick (Trent Plaisted was later selected) to the Seattle SuperSonics for Ray Allen and Glen Davis.",draft-year=2007;prior-dated-active-contract-unestablished;missing-signing-is-uncertainty-not-absence
NBA_2007,NBA,2007,146,7,2007-06-28,precise,draft-roster-status-unresolved,unresolved,davisgl01,Glen Davis,SEA,BOS,"The Boston Celtics traded Jeff Green, Wally Szczerbiak, Delonte West and a 2008 2nd round draft pick (Trent Plaisted was later selected) to the Seattle SuperSonics for Ray Allen and Glen Davis.",draft-year=2007;prior-dated-active-contract-unestablished;missing-signing-is-uncertainty-not-absence
NBA_2007,NBA,2007,146,9,2007-06-28,precise,draft-roster-status-unresolved,unresolved,smithja02,Jason Smith,MIA,PHI,"The Miami Heat traded Jason Smith to the Philadelphia 76ers for Daequan Cook, cash and a 2009 2nd round draft pick (Nick Calathes was later selected).",draft-year=2007;prior-dated-active-contract-unestablished;missing-signing-is-uncertainty-not-absence
NBA_2007,NBA,2007,146,9,2007-06-28,precise,draft-roster-status-unresolved,unresolved,cookda02,Daequan Cook,PHI,MIA,"The Miami Heat traded Jason Smith to the Philadelphia 76ers for Daequan Cook, cash and a 2009 2nd round draft pick (Nick Calathes was later selected).",draft-year=2007;prior-dated-active-contract-unestablished;missing-signing-is-uncertainty-not-absence
NBA_2007,NBA,2007,146,10,2007-06-28,precise,draft-roster-status-unresolved,unresolved,wrighbr03,Brandan Wright,CHA,GSW,The Charlotte Bobcats traded Brandan Wright to the Golden State Warriors for Jermareo Davidson and Jason Richardson.,draft-year=2007;prior-dated-active-contract-unestablished;missing-signing-is-uncertainty-not-absence
NBA_2007,NBA,2007,146,10,2007-06-28,precise,draft-roster-status-unresolved,unresolved,davidje01,Jermareo Davidson,GSW,CHA,The Charlotte Bobcats traded Brandan Wright to the Golden State Warriors for Jermareo Davidson and Jason Richardson.,draft-year=2007;prior-dated-active-contract-unestablished;missing-signing-is-uncertainty-not-absence
NBA_2007,NBA,2007,146,11,2007-06-28,precise,draft-roster-status-unresolved,unresolved,nichode01,Demetris Nichols,POR,NYK,The New York Knicks traded a 2008 2nd round draft pick (Ömer Aşık was later selected) to the Portland Trail Blazers for Demetris Nichols.,draft-year=2007;prior-dated-active-contract-unestablished;missing-signing-is-uncertainty-not-absence
NBA_2008,NBA,2008,4,2,2007-07-11,precise,draft-roster-status-unresolved,unresolved,fernaru01,Rudy Fernández,PHO,POR,The Phoenix Suns traded Rudy Fernández and James Jones to the Portland Trail Blazers for cash.,draft-year=2007;prior-dated-active-contract-unestablished;missing-signing-is-uncertainty-not-absence
NBA_2008,NBA,2008,168,0,2008-06-26,precise,draft-roster-status-unresolved,unresolved,taylomi01,Mike Taylor,POR,LAC,The Los Angeles Clippers traded a 2009 2nd round draft pick (Dante Cunningham was later selected) to the Portland Trail Blazers for Mike Taylor.,draft-year=2008;prior-dated-active-contract-unestablished;missing-signing-is-uncertainty-not-absence
NBA_2008,NBA,2008,168,1,2008-06-26,precise,draft-roster-status-unresolved,unresolved,chalmma01,Mario Chalmers,MIN,MIA,"The Miami Heat traded cash, a 2009 2nd round draft pick (Nick Calathes was later selected) and a 2009 2nd round draft pick (Henk Norel was later selected) to the Minnesota Timberwolves for Mario Chalmers.",draft-year=2008;prior-dated-active-contract-unestablished;missing-signing-is-uncertainty-not-absence
NBA_2008,NBA,2008,168,2,2008-06-26,precise,draft-roster-status-unresolved,unresolved,jacksda01,Darnell Jackson,MIA,CLE,The Cleveland Cavaliers traded a 2009 2nd round draft pick (Robert Dozier was later selected) to the Miami Heat for Darnell Jackson.,draft-year=2008;prior-dated-active-contract-unestablished;missing-signing-is-uncertainty-not-absence
NBA_2008,NBA,2008,168,3,2008-06-26,precise,draft-roster-status-unresolved,unresolved,whitedj01,D.J. White,DET,SEA,The Detroit Pistons traded D.J. White to the Seattle SuperSonics for Trent Plaisted and Walter Sharpe.,draft-year=2008;prior-dated-active-contract-unestablished;missing-signing-is-uncertainty-not-absence
NBA_2008,NBA,2008,168,3,2008-06-26,precise,draft-roster-status-unresolved,unresolved,plaistr01,Trent Plaisted,SEA,DET,The Detroit Pistons traded D.J. White to the Seattle SuperSonics for Trent Plaisted and Walter Sharpe.,draft-year=2008;prior-dated-active-contract-unestablished;missing-signing-is-uncertainty-not-absence
NBA_2008,NBA,2008,168,3,2008-06-26,precise,draft-roster-status-unresolved,unresolved,sharpwa01,Walter Sharpe,SEA,DET,The Detroit Pistons traded D.J. White to the Seattle SuperSonics for Trent Plaisted and Walter Sharpe.,draft-year=2008;prior-dated-active-contract-unestablished;missing-signing-is-uncertainty-not-absence
NBA_2008,NBA,2008,168,7,2008-06-26,precise,draft-roster-status-unresolved,unresolved,batumni01,Nicolas Batum,HOU,POR,"In a 3-team trade, the Houston Rockets traded Nicolas Batum to the Portland Trail Blazers; the Memphis Grizzlies traded Donté Greene and a 2009 2nd round draft pick (Sam Young was later selected) to the Houston Rockets; the Portland Trail Blazers traded Joey Dorsey to the Houston Rockets; and the Portland Trail Blazers traded Darrell Arthur to the Memphis Grizzlies.",draft-year=2008;prior-dated-active-contract-unestablished;missing-signing-is-uncertainty-not-absence
NBA_2008,NBA,2008,168,7,2008-06-26,precise,draft-roster-status-unresolved,unresolved,greendo01,Donté Greene,MEM,HOU,"In a 3-team trade, the Houston Rockets traded Nicolas Batum to the Portland Trail Blazers; the Memphis Grizzlies traded Donté Greene and a 2009 2nd round draft pick (Sam Young was later selected) to the Houston Rockets; the Portland Trail Blazers traded Joey Dorsey to the Houston Rockets; and the Portland Trail Blazers traded Darrell Arthur to the Memphis Grizzlies.",draft-year=2008;prior-dated-active-contract-unestablished;missing-signing-is-uncertainty-not-absence
NBA_2008,NBA,2008,168,7,2008-06-26,precise,draft-roster-status-unresolved,unresolved,dorsejo01,Joey Dorsey,POR,HOU,"In a 3-team trade, the Houston Rockets traded Nicolas Batum to the Portland Trail Blazers; the Memphis Grizzlies traded Donté Greene and a 2009 2nd round draft pick (Sam Young was later selected) to the Houston Rockets; the Portland Trail Blazers traded Joey Dorsey to the Houston Rockets; and the Portland Trail Blazers traded Darrell Arthur to the Memphis Grizzlies.",draft-year=2008;prior-dated-active-contract-unestablished;missing-signing-is-uncertainty-not-absence
NBA_2008,NBA,2008,168,7,2008-06-26,precise,draft-roster-status-unresolved,unresolved,arthuda01,Darrell Arthur,POR,MEM,"In a 3-team trade, the Houston Rockets traded Nicolas Batum to the Portland Trail Blazers; the Memphis Grizzlies traded Donté Greene and a 2009 2nd round draft pick (Sam Young was later selected) to the Houston Rockets; the Portland Trail Blazers traded Joey Dorsey to the Houston Rockets; and the Portland Trail Blazers traded Darrell Arthur to the Memphis Grizzlies.",draft-year=2008;prior-dated-active-contract-unestablished;missing-signing-is-uncertainty-not-absence
NBA_2008,NBA,2008,168,8,2008-06-26,precise,draft-roster-status-unresolved,unresolved,loveke01,Kevin Love,MEM,MIN,"The Memphis Grizzlies traded Brian Cardinal, Jason Collins, Kevin Love and Mike Miller to the Minnesota Timberwolves for Greg Buckner, Marko Jarić, O.J. Mayo and Antoine Walker.",draft-year=2008;prior-dated-active-contract-unestablished;missing-signing-is-uncertainty-not-absence
NBA_2008,NBA,2008,168,8,2008-06-26,precise,draft-roster-status-unresolved,unresolved,mayooj01,O.J. Mayo,MIN,MEM,"The Memphis Grizzlies traded Brian Cardinal, Jason Collins, Kevin Love and Mike Miller to the Minnesota Timberwolves for Greg Buckner, Marko Jarić, O.J. Mayo and Antoine Walker.",draft-year=2008;prior-dated-active-contract-unestablished;missing-signing-is-uncertainty-not-absence
NBA_2009,NBA,2009,2,0,2008-07-09,precise,draft-roster-status-unresolved,unresolved,jawaina01,Nathan Jawai,IND,TOR,"The Indiana Pacers traded Nathan Jawai and Jermaine O'Neal to the Toronto Raptors for Maceo Baston, T.J. Ford, Roy Hibbert and Rasho Nesterović.",draft-year=2008;prior-dated-active-contract-unestablished;missing-signing-is-uncertainty-not-absence
NBA_2009,NBA,2009,2,0,2008-07-09,precise,draft-roster-status-unresolved,unresolved,hibbero01,Roy Hibbert,TOR,IND,"The Indiana Pacers traded Nathan Jawai and Jermaine O'Neal to the Toronto Raptors for Maceo Baston, T.J. Ford, Roy Hibbert and Rasho Nesterović.",draft-year=2008;prior-dated-active-contract-unestablished;missing-signing-is-uncertainty-not-absence
NBA_2009,NBA,2009,2,4,2008-07-09,precise,draft-roster-status-unresolved,unresolved,bayleje01,Jerryd Bayless,IND,POR,"The Indiana Pacers traded Jerryd Bayless and Ike Diogu to the Portland Trail Blazers for Jarrett Jack, Josh McRoberts and Brandon Rush.",draft-year=2008;prior-dated-active-contract-unestablished;missing-signing-is-uncertainty-not-absence
NBA_2009,NBA,2009,2,4,2008-07-09,precise,draft-roster-status-unresolved,unresolved,rushbr01,Brandon Rush,POR,IND,"The Indiana Pacers traded Jerryd Bayless and Ike Diogu to the Portland Trail Blazers for Jarrett Jack, Josh McRoberts and Brandon Rush.",draft-year=2008;prior-dated-active-contract-unestablished;missing-signing-is-uncertainty-not-absence
NBA_2009,NBA,2009,24,0,2008-08-11,precise,draft-roster-status-unresolved,unresolved,weaveky01,Kyle Weaver,CHA,OKC,The Charlotte Bobcats traded Kyle Weaver to the Oklahoma City Thunder for a 2009 2nd round draft pick (Derrick Brown was later selected).,draft-year=2008;prior-dated-active-contract-unestablished;missing-signing-is-uncertainty-not-absence
NBA_2009,NBA,2009,26,1,2008-08-14,precise,draft-roster-status-unresolved,unresolved,greendo01,Donté Greene,HOU,SAC,"The Houston Rockets traded Donté Greene, Bobby Jackson and a 2009 1st round draft pick (Omri Casspi was later selected) to the Sacramento Kings for Metta World Peace, Patrick Ewing and Sean Singletary.",draft-year=2008;prior-dated-active-contract-unestablished;missing-signing-is-uncertainty-not-absence
NBA_2009,NBA,2009,26,1,2008-08-14,precise,draft-roster-status-unresolved,unresolved,ewingpa02,Patrick Ewing,SAC,HOU,"The Houston Rockets traded Donté Greene, Bobby Jackson and a 2009 1st round draft pick (Omri Casspi was later selected) to the Sacramento Kings for Metta World Peace, Patrick Ewing and Sean Singletary.",draft-year=2008;prior-dated-active-contract-unestablished;missing-signing-is-uncertainty-not-absence
NBA_2009,NBA,2009,26,1,2008-08-14,precise,draft-roster-status-unresolved,unresolved,singlse01,Sean Singletary,SAC,HOU,"The Houston Rockets traded Donté Greene, Bobby Jackson and a 2009 1st round draft pick (Omri Casspi was later selected) to the Sacramento Kings for Metta World Peace, Patrick Ewing and Sean Singletary.",draft-year=2008;prior-dated-active-contract-unestablished;missing-signing-is-uncertainty-not-absence
NBA_2009,NBA,2009,31,0,2008-08-25,precise,draft-roster-status-unresolved,unresolved,singlse01,Sean Singletary,HOU,PHO,The Houston Rockets traded Sean Singletary to the Phoenix Suns for D.J. Strawberry.,draft-year=2008;prior-dated-active-contract-unestablished;missing-signing-is-uncertainty-not-absence
NBA_2009,NBA,2009,33,0,2008-08-29,precise,draft-roster-status-unresolved,unresolved,ewingpa02,Patrick Ewing,HOU,NYK,The Houston Rockets traded Patrick Ewing to the New York Knicks for Frederic Weis.,draft-year=2008;prior-dated-active-contract-unestablished;missing-signing-is-uncertainty-not-absence
NBA_2009,NBA,2009,77,0,2008-12-10,precise,draft-roster-status-unresolved,unresolved,singlse01,Sean Singletary,PHO,CHA,"The Charlotte Bobcats traded Jared Dudley, Jason Richardson and a 2010 2nd round draft pick (Gani Lawal was later selected) to the Phoenix Suns for Raja Bell, Boris Diaw and Sean Singletary.",draft-year=2008;prior-dated-active-contract-unestablished;missing-signing-is-uncertainty-not-absence
NBA_2009,NBA,2009,165,0,2009-06-25,precise,draft-roster-status-unresolved,unresolved,lawsoty01,Ty Lawson,MIN,DEN,The Denver Nuggets traded a 2010 1st round draft pick (Luke Babbitt was later selected) to the Minnesota Timberwolves for Ty Lawson.,draft-year=2009;prior-dated-active-contract-unestablished;missing-signing-is-uncertainty-not-absence
NBA_2009,NBA,2009,165,1,2009-06-25,precise,draft-roster-status-unresolved,unresolved,mulleby01,Byron Mullens,DAL,OKC,The Dallas Mavericks traded Byron Mullens to the Oklahoma City Thunder for Rodrigue Beaubois and a 2010 2nd round draft pick (Solomon Alabi was later selected).,draft-year=2009;prior-dated-active-contract-unestablished;missing-signing-is-uncertainty-not-absence
NBA_2009,NBA,2009,165,1,2009-06-25,precise,draft-roster-status-unresolved,unresolved,beaubro01,Rodrigue Beaubois,OKC,DAL,The Dallas Mavericks traded Byron Mullens to the Oklahoma City Thunder for Rodrigue Beaubois and a 2010 2nd round draft pick (Solomon Alabi was later selected).,draft-year=2009;prior-dated-active-contract-unestablished;missing-signing-is-uncertainty-not-absence
NBA_2009,NBA,2009,165,2,2009-06-25,precise,draft-roster-status-unresolved,unresolved,douglto01,Toney Douglas,LAL,NYK,The Los Angeles Lakers traded Toney Douglas to the New York Knicks for cash and a 2011 2nd round draft pick (Andrew Goudelock was later selected).,draft-year=2009;prior-dated-active-contract-unestablished;missing-signing-is-uncertainty-not-absence
NBA_2009,NBA,2009,165,3,2009-06-25,precise,draft-roster-status-unresolved,unresolved,brockjo01,Jon Brockman,POR,SAC,"The Portland Trail Blazers traded Jon Brockman, Sergio Rodríguez and cash to the Sacramento Kings for Jeff Ayres.",draft-year=2009;prior-dated-active-contract-unestablished;missing-signing-is-uncertainty-not-absence
NBA_2009,NBA,2009,165,3,2009-06-25,precise,draft-roster-status-unresolved,unresolved,pendeje02,Jeff Ayres,SAC,POR,"The Portland Trail Blazers traded Jon Brockman, Sergio Rodríguez and cash to the Sacramento Kings for Jeff Ayres.",draft-year=2009;prior-dated-active-contract-unestablished;missing-signing-is-uncertainty-not-absence
NBA_2009,NBA,2009,165,5,2009-06-25,precise,draft-roster-status-unresolved,unresolved,beverpa01,Patrick Beverley,LAL,MIA,The Los Angeles Lakers traded Patrick Beverley to the Miami Heat for cash and a 2011 2nd round draft pick (Ater Majok was later selected).,draft-year=2009;prior-dated-active-contract-unestablished;missing-signing-is-uncertainty-not-absence
NBA_2009,NBA,2009,165,6,2009-06-25,precise,draft-roster-status-unresolved,unresolved,thornma01,Marcus Thornton,MIA,NOH,The Miami Heat traded Marcus Thornton to the New Orleans Hornets for a 2010 2nd round draft pick (Jarvis Varnado was later selected) and a 2012 2nd round draft pick (Jae Crowder was later selected).,draft-year=2009;prior-dated-active-contract-unestablished;missing-signing-is-uncertainty-not-absence
NBA_2009,NBA,2009,165,7,2009-06-25,precise,draft-roster-status-unresolved,unresolved,budinch01,Chase Budinger,DET,HOU,The Detroit Pistons traded Chase Budinger to the Houston Rockets for cash and a 2012 2nd round draft pick (Kim English was later selected).,draft-year=2009;prior-dated-active-contract-unestablished;missing-signing-is-uncertainty-not-absence
NBA_2009,NBA,2009,165,10,2009-06-25,precise,draft-roster-status-unresolved,unresolved,calatni01,Nick Calathes,MIN,DAL,The Dallas Mavericks traded a 2010 2nd round draft pick (Magnum Rolle was later selected) to the Minnesota Timberwolves for Nick Calathes.,draft-year=2009;prior-dated-active-contract-unestablished;missing-signing-is-uncertainty-not-absence
NBA_2010,NBA,2010,85,2,2009-12-22,precise,draft-roster-status-unresolved,unresolved,maynoer01,Eric Maynor,UTA,OKC,The Oklahoma City Thunder traded Peter Fehse to the Utah Jazz for Matt Harpring and Eric Maynor.,draft-year=2009;prior-dated-active-contract-unestablished;missing-signing-is-uncertainty-not-absence
NBA_2010,NBA,2010,177,0,2010-06-24,precise,draft-roster-status-unresolved,unresolved,aldrico01,Cole Aldrich,NOH,OKC,The New Orleans Hornets traded Cole Aldrich and Morris Peterson to the Oklahoma City Thunder for Craig Brackins and Quincy Pondexter.,draft-year=2010;prior-dated-active-contract-unestablished;missing-signing-is-uncertainty-not-absence
NBA_2010,NBA,2010,177,0,2010-06-24,precise,draft-roster-status-unresolved,unresolved,brackcr01,Craig Brackins,OKC,NOH,The New Orleans Hornets traded Cole Aldrich and Morris Peterson to the Oklahoma City Thunder for Craig Brackins and Quincy Pondexter.,draft-year=2010;prior-dated-active-contract-unestablished;missing-signing-is-uncertainty-not-absence
NBA_2010,NBA,2010,177,0,2010-06-24,precise,draft-roster-status-unresolved,unresolved,pondequ01,Quincy Pondexter,OKC,NOH,The New Orleans Hornets traded Cole Aldrich and Morris Peterson to the Oklahoma City Thunder for Craig Brackins and Quincy Pondexter.,draft-year=2010;prior-dated-active-contract-unestablished;missing-signing-is-uncertainty-not-absence
NBA_2010,NBA,2010,177,1,2010-06-24,precise,draft-roster-status-unresolved,unresolved,babbilu01,Luke Babbitt,MIN,POR,The Minnesota Timberwolves traded Luke Babbitt and Ryan Gomes to the Portland Trail Blazers for Martell Webster.,draft-year=2010;prior-dated-active-contract-unestablished;missing-signing-is-uncertainty-not-absence
NBA_2010,NBA,2010,177,2,2010-06-24,precise,draft-roster-status-unresolved,unresolved,serapke01,Kevin Séraphin,CHI,WAS,"The Chicago Bulls traded Kirk Hinrich, Kevin Séraphin and cash to the Washington Wizards for Vladimir Veremeenko. Chicago also received a trade exception from Washington.",draft-year=2010;prior-dated-active-contract-unestablished;missing-signing-is-uncertainty-not-absence
NBA_2010,NBA,2010,177,3,2010-06-24,precise,draft-roster-status-unresolved,unresolved,bledser01,Eric Bledsoe,OKC,LAC,The Los Angeles Clippers traded a 2012 1st round draft pick (Fab Melo was later selected) to the Oklahoma City Thunder for Eric Bledsoe.,draft-year=2010;prior-dated-active-contract-unestablished;missing-signing-is-uncertainty-not-absence
NBA_2010,NBA,2010,177,4,2010-06-24,precise,draft-roster-status-unresolved,unresolved,booketr01,Trevor Booker,MIN,WAS,The Minnesota Timberwolves traded Trevor Booker and Hamady N'Diaye to the Washington Wizards for Nemanja Bjelica and Lazar Hayward.,draft-year=2010;prior-dated-active-contract-unestablished;missing-signing-is-uncertainty-not-absence
NBA_2010,NBA,2010,177,4,2010-06-24,precise,draft-roster-status-unresolved,unresolved,ndiayha01,Hamady N'Diaye,MIN,WAS,The Minnesota Timberwolves traded Trevor Booker and Hamady N'Diaye to the Washington Wizards for Nemanja Bjelica and Lazar Hayward.,draft-year=2010;prior-dated-active-contract-unestablished;missing-signing-is-uncertainty-not-absence
NBA_2010,NBA,2010,177,4,2010-06-24,precise,draft-roster-status-unresolved,unresolved,bjeline01,Nemanja Bjelica,WAS,MIN,The Minnesota Timberwolves traded Trevor Booker and Hamady N'Diaye to the Washington Wizards for Nemanja Bjelica and Lazar Hayward.,draft-year=2010;prior-dated-active-contract-unestablished;missing-signing-is-uncertainty-not-absence
NBA_2010,NBA,2010,177,4,2010-06-24,precise,draft-roster-status-unresolved,unresolved,haywala01,Lazar Hayward,WAS,MIN,The Minnesota Timberwolves traded Trevor Booker and Hamady N'Diaye to the Washington Wizards for Nemanja Bjelica and Lazar Hayward.,draft-year=2010;prior-dated-active-contract-unestablished;missing-signing-is-uncertainty-not-absence
NBA_2010,NBA,2010,177,5,2010-06-24,precise,draft-roster-status-unresolved,unresolved,jamesda01,Damion James,ATL,NJN,The Atlanta Hawks traded Damion James to the New Jersey Nets for Jordan Crawford and Tibor Pleiß.,draft-year=2010;prior-dated-active-contract-unestablished;missing-signing-is-uncertainty-not-absence
NBA_2010,NBA,2010,177,5,2010-06-24,precise,draft-roster-status-unresolved,unresolved,crawfjo02,Jordan Crawford,NJN,ATL,The Atlanta Hawks traded Damion James to the New Jersey Nets for Jordan Crawford and Tibor Pleiß.,draft-year=2010;prior-dated-active-contract-unestablished;missing-signing-is-uncertainty-not-absence
NBA_2010,NBA,2010,177,5,2010-06-24,precise,draft-roster-status-unresolved,unresolved,pleisti01,Tibor Pleiß,NJN,ATL,The Atlanta Hawks traded Damion James to the New Jersey Nets for Jordan Crawford and Tibor Pleiß.,draft-year=2010;prior-dated-active-contract-unestablished;missing-signing-is-uncertainty-not-absence
NBA_2010,NBA,2010,177,9,2010-06-24,precise,draft-roster-status-unresolved,unresolved,willila01,Latavious Williams,MIA,OKC,The Miami Heat traded Latavious Williams to the Oklahoma City Thunder for a 2011 2nd round draft pick (Milan Mačvan was later selected).,draft-year=2010;prior-dated-active-contract-unestablished;missing-signing-is-uncertainty-not-absence
NBA_2010,NBA,2010,177,10,2010-06-24,precise,draft-roster-status-unresolved,unresolved,alabiso01,Solomon Alabi,DAL,TOR,The Dallas Mavericks traded Solomon Alabi to the Toronto Raptors for cash and a 2013 2nd round draft pick (Jamaal Franklin was later selected).,draft-year=2010;prior-dated-active-contract-unestablished;missing-signing-is-uncertainty-not-absence
NBA_2010,NBA,2010,177,11,2010-06-24,precise,draft-roster-status-unresolved,unresolved,reidry01,Ryan Reid,IND,OKC,The Indiana Pacers traded Ryan Reid to the Oklahoma City Thunder for Magnum Rolle.,draft-year=2010;prior-dated-active-contract-unestablished;missing-signing-is-uncertainty-not-absence
NBA_2010,NBA,2010,177,11,2010-06-24,precise,draft-roster-status-unresolved,unresolved,rollema01,Magnum Rolle,OKC,IND,The Indiana Pacers traded Ryan Reid to the Oklahoma City Thunder for Magnum Rolle.,draft-year=2010;prior-dated-active-contract-unestablished;missing-signing-is-uncertainty-not-absence
NBA_2011,NBA,2011,46,0,2010-09-23,precise,draft-roster-status-unresolved,unresolved,brackcr01,Craig Brackins,NOH,PHI,The New Orleans Hornets traded Craig Brackins and Darius Songaila to the Philadelphia 76ers for Willie Green and Jason Smith.,draft-year=2010;prior-dated-active-contract-unestablished;missing-signing-is-uncertainty-not-absence
NBA_2011,NBA,2011,187,0,2011-06-23,precise,draft-roster-status-unresolved,unresolved,bertada01,Dāvis Bertāns,IND,SAS,"The Indiana Pacers traded Dāvis Bertāns, Kawhi Leonard and Erazem Lorbek to the San Antonio Spurs for George Hill.",draft-year=2011;prior-dated-active-contract-unestablished;missing-signing-is-uncertainty-not-absence
NBA_2011,NBA,2011,187,0,2011-06-23,precise,draft-roster-status-unresolved,unresolved,leonaka01,Kawhi Leonard,IND,SAS,"The Indiana Pacers traded Dāvis Bertāns, Kawhi Leonard and Erazem Lorbek to the San Antonio Spurs for George Hill.",draft-year=2011;prior-dated-active-contract-unestablished;missing-signing-is-uncertainty-not-absence
NBA_2011,NBA,2011,187,1,2011-06-23,precise,draft-roster-status-unresolved,unresolved,brookma01,MarShon Brooks,BOS,NJN,The Boston Celtics traded MarShon Brooks to the New Jersey Nets for JaJuan Johnson and a 2014 2nd round draft pick (Russ Smith was later selected).,draft-year=2011;prior-dated-active-contract-unestablished;missing-signing-is-uncertainty-not-absence
NBA_2011,NBA,2011,187,1,2011-06-23,precise,draft-roster-status-unresolved,unresolved,johnsja02,JaJuan Johnson,NJN,BOS,The Boston Celtics traded MarShon Brooks to the New Jersey Nets for JaJuan Johnson and a 2014 2nd round draft pick (Russ Smith was later selected).,draft-year=2011;prior-dated-active-contract-unestablished;missing-signing-is-uncertainty-not-absence
NBA_2011,NBA,2011,187,2,2011-06-23,precise,draft-roster-status-unresolved,unresolved,harrito02,Tobias Harris,CHA,MIL,"In a 3-team trade, the Charlotte Bobcats traded Tobias Harris, Stephen Jackson and Shaun Livingston to the Milwaukee Bucks; the Milwaukee Bucks traded Corey Maggette to the Charlotte Bobcats; the Milwaukee Bucks traded Jimmer Fredette and John Salmons to the Sacramento Kings; the Sacramento Kings traded Bismack Biyombo to the Charlotte Bobcats; and the Sacramento Kings traded Beno Udrih to the Milwaukee Bucks.",draft-year=2011;prior-dated-active-contract-unestablished;missing-signing-is-uncertainty-not-absence
NBA_2011,NBA,2011,187,2,2011-06-23,precise,draft-roster-status-unresolved,unresolved,fredeji01,Jimmer Fredette,MIL,SAC,"In a 3-team trade, the Charlotte Bobcats traded Tobias Harris, Stephen Jackson and Shaun Livingston to the Milwaukee Bucks; the Milwaukee Bucks traded Corey Maggette to the Charlotte Bobcats; the Milwaukee Bucks traded Jimmer Fredette and John Salmons to the Sacramento Kings; the Sacramento Kings traded Bismack Biyombo to the Charlotte Bobcats; and the Sacramento Kings traded Beno Udrih to the Milwaukee Bucks.",draft-year=2011;prior-dated-active-contract-unestablished;missing-signing-is-uncertainty-not-absence
NBA_2011,NBA,2011,187,2,2011-06-23,precise,draft-roster-status-unresolved,unresolved,biyombi01,Bismack Biyombo,SAC,CHA,"In a 3-team trade, the Charlotte Bobcats traded Tobias Harris, Stephen Jackson and Shaun Livingston to the Milwaukee Bucks; the Milwaukee Bucks traded Corey Maggette to the Charlotte Bobcats; the Milwaukee Bucks traded Jimmer Fredette and John Salmons to the Sacramento Kings; the Sacramento Kings traded Bismack Biyombo to the Charlotte Bobcats; and the Sacramento Kings traded Beno Udrih to the Milwaukee Bucks.",draft-year=2011;prior-dated-active-contract-unestablished;missing-signing-is-uncertainty-not-absence
NBA_2011,NBA,2011,187,3,2011-06-23,precise,draft-roster-status-unresolved,unresolved,mirotni01,Nikola Mirotić,HOU,MIN,"The Houston Rockets traded Brad Miller, Nikola Mirotić, Chandler Parsons and a 2013 1st round draft pick (Andre Roberson was later selected) to the Minnesota Timberwolves for Jonny Flynn, Donatas Motiejūnas and a 2012 2nd round draft pick (Will Barton was later selected).",draft-year=2011;prior-dated-active-contract-unestablished;missing-signing-is-uncertainty-not-absence
NBA_2011,NBA,2011,187,3,2011-06-23,precise,draft-roster-status-unresolved,unresolved,parsoch01,Chandler Parsons,HOU,MIN,"The Houston Rockets traded Brad Miller, Nikola Mirotić, Chandler Parsons and a 2013 1st round draft pick (Andre Roberson was later selected) to the Minnesota Timberwolves for Jonny Flynn, Donatas Motiejūnas and a 2012 2nd round draft pick (Will Barton was later selected).",draft-year=2011;prior-dated-active-contract-unestablished;missing-signing-is-uncertainty-not-absence
NBA_2011,NBA,2011,187,3,2011-06-23,precise,draft-roster-status-unresolved,unresolved,motiedo01,Donatas Motiejūnas,MIN,HOU,"The Houston Rockets traded Brad Miller, Nikola Mirotić, Chandler Parsons and a 2013 1st round draft pick (Andre Roberson was later selected) to the Minnesota Timberwolves for Jonny Flynn, Donatas Motiejūnas and a 2012 2nd round draft pick (Will Barton was later selected).",draft-year=2011;prior-dated-active-contract-unestablished;missing-signing-is-uncertainty-not-absence
NBA_2011,NBA,2011,187,4,2011-06-23,precise,draft-roster-status-unresolved,unresolved,hamiljo02,Jordan Hamilton,DAL,POR,"In a 3-team trade, the Dallas Mavericks traded Jordan Hamilton and Tanguy Ngombo to the Portland Trail Blazers; the Denver Nuggets traded Raymond Felton to the Portland Trail Blazers; the Portland Trail Blazers traded Rudy Fernández and Petteri Koponen to the Dallas Mavericks; and the Portland Trail Blazers traded Jordan Hamilton, Andre Miller and a 2014 2nd round draft pick (Devyn Marble was later selected) to the Denver Nuggets.",draft-year=2011;prior-dated-active-contract-unestablished;missing-signing-is-uncertainty-not-absence
NBA_2011,NBA,2011,187,4,2011-06-23,precise,draft-roster-status-unresolved,unresolved,ngombta01,Tanguy Ngombo,DAL,POR,"In a 3-team trade, the Dallas Mavericks traded Jordan Hamilton and Tanguy Ngombo to the Portland Trail Blazers; the Denver Nuggets traded Raymond Felton to the Portland Trail Blazers; the Portland Trail Blazers traded Rudy Fernández and Petteri Koponen to the Dallas Mavericks; and the Portland Trail Blazers traded Jordan Hamilton, Andre Miller and a 2014 2nd round draft pick (Devyn Marble was later selected) to the Denver Nuggets.",draft-year=2011;prior-dated-active-contract-unestablished;missing-signing-is-uncertainty-not-absence
NBA_2011,NBA,2011,187,4,2011-06-23,precise,draft-roster-status-unresolved,unresolved,hamiljo02,Jordan Hamilton,POR,DEN,"In a 3-team trade, the Dallas Mavericks traded Jordan Hamilton and Tanguy Ngombo to the Portland Trail Blazers; the Denver Nuggets traded Raymond Felton to the Portland Trail Blazers; the Portland Trail Blazers traded Rudy Fernández and Petteri Koponen to the Dallas Mavericks; and the Portland Trail Blazers traded Jordan Hamilton, Andre Miller and a 2014 2nd round draft pick (Devyn Marble was later selected) to the Denver Nuggets.",draft-year=2011;prior-dated-active-contract-unestablished;missing-signing-is-uncertainty-not-absence
NBA_2011,NBA,2011,187,5,2011-06-23,precise,draft-roster-status-unresolved,unresolved,harrejo01,Josh Harrellson,NOH,NYK,The New Orleans Hornets traded Josh Harrellson to the New York Knicks for cash.,draft-year=2011;prior-dated-active-contract-unestablished;missing-signing-is-uncertainty-not-absence
NBA_2011,NBA,2011,187,6,2011-06-23,precise,draft-roster-status-unresolved,unresolved,harpeju01,Justin Harper,CLE,ORL,The Cleveland Cavaliers traded Justin Harper to the Orlando Magic for a 2013 2nd round draft pick (Allen Crabbe was later selected) and a 2014 2nd round draft pick (Joe Harris was later selected).,draft-year=2011;prior-dated-active-contract-unestablished;missing-signing-is-uncertainty-not-absence
NBA_2011,NBA,2011,187,7,2011-06-23,precise,draft-roster-status-unresolved,unresolved,tylerje01,Jeremy Tyler,CHA,GSW,The Charlotte Bobcats traded Jeremy Tyler to the Golden State Warriors for cash.,draft-year=2011;prior-dated-active-contract-unestablished;missing-signing-is-uncertainty-not-absence
NBA_2011,NBA,2011,187,8,2011-06-23,precise,draft-roster-status-unresolved,unresolved,coleno01,Norris Cole,CHI,MIN,"The Chicago Bulls traded Norris Cole, Malcolm Lee and cash to the Minnesota Timberwolves for Nikola Mirotić.",draft-year=2011;prior-dated-active-contract-unestablished;missing-signing-is-uncertainty-not-absence
NBA_2011,NBA,2011,187,8,2011-06-23,precise,draft-roster-status-unresolved,unresolved,leema01,Malcolm Lee,CHI,MIN,"The Chicago Bulls traded Norris Cole, Malcolm Lee and cash to the Minnesota Timberwolves for Nikola Mirotić.",draft-year=2011;prior-dated-active-contract-unestablished;missing-signing-is-uncertainty-not-absence
NBA_2011,NBA,2011,187,8,2011-06-23,precise,draft-roster-status-unresolved,unresolved,mirotni01,Nikola Mirotić,MIN,CHI,"The Chicago Bulls traded Norris Cole, Malcolm Lee and cash to the Minnesota Timberwolves for Nikola Mirotić.",draft-year=2011;prior-dated-active-contract-unestablished;missing-signing-is-uncertainty-not-absence
NBA_2011,NBA,2011,187,9,2011-06-23,precise,draft-roster-status-unresolved,unresolved,bogdabo02,Bojan Bogdanović,MIA,MIN,The Miami Heat traded Bojan Bogdanović to the Minnesota Timberwolves for Norris Cole.,draft-year=2011;prior-dated-active-contract-unestablished;missing-signing-is-uncertainty-not-absence
NBA_2011,NBA,2011,187,9,2011-06-23,precise,draft-roster-status-unresolved,unresolved,coleno01,Norris Cole,MIN,MIA,The Miami Heat traded Bojan Bogdanović to the Minnesota Timberwolves for Norris Cole.,draft-year=2011;prior-dated-active-contract-unestablished;missing-signing-is-uncertainty-not-absence
NBA_2011,NBA,2011,187,10,2011-06-23,precise,draft-roster-status-unresolved,unresolved,maduach01,Chukwudiebere Maduabum,LAL,DEN,The Denver Nuggets traded a 2013 2nd round draft pick (Alex Oriakhi was later selected) to the Los Angeles Lakers for Chukwudiebere Maduabum.,draft-year=2011;prior-dated-active-contract-unestablished;missing-signing-is-uncertainty-not-absence
NBA_2011,NBA,2011,187,11,2011-06-23,precise,draft-roster-status-unresolved,unresolved,bogdabo02,Bojan Bogdanović,MIN,NJN,The Minnesota Timberwolves traded Bojan Bogdanović to the New Jersey Nets for cash and a 2013 2nd round draft pick (Lorenzo Brown was later selected).,draft-year=2011;prior-dated-active-contract-unestablished;missing-signing-is-uncertainty-not-absence
NBA_2011,NBA,2011,187,12,2011-06-23,precise,draft-roster-status-unresolved,unresolved,parsoch01,Chandler Parsons,MIN,HOU,The Houston Rockets traded cash to the Minnesota Timberwolves for Chandler Parsons.,draft-year=2011;prior-dated-active-contract-unestablished;missing-signing-is-uncertainty-not-absence
NBA_2011,NBA,2011,188,0,2011-06-27,precise,draft-roster-status-unresolved,unresolved,ngombta01,Tanguy Ngombo,POR,MIN,The Minnesota Timberwolves traded a 2015 2nd round draft pick (Richaun Holmes was later selected) to the Portland Trail Blazers for Tanguy Ngombo.,draft-year=2011;prior-dated-active-contract-unestablished;missing-signing-is-uncertainty-not-absence
NBA_2012,NBA,2012,118,0,2012-06-29,precise,draft-roster-status-unresolved,unresolved,moultar01,Arnett Moultrie,MIA,PHI,"The Miami Heat traded Arnett Moultrie to the Philadelphia 76ers for Justin Hamilton, a 2015 2nd round draft pick (Jordan Mickey was later selected) and a 2016 2nd round draft pick (Deyonta Davis was later selected).",draft-year=2012;prior-dated-active-contract-unestablished;missing-signing-is-uncertainty-not-absence
NBA_2012,NBA,2012,118,0,2012-06-29,precise,draft-roster-status-unresolved,unresolved,hamilju01,Justin Hamilton,PHI,MIA,"The Miami Heat traded Arnett Moultrie to the Philadelphia 76ers for Justin Hamilton, a 2015 2nd round draft pick (Jordan Mickey was later selected) and a 2016 2nd round draft pick (Deyonta Davis was later selected).",draft-year=2012;prior-dated-active-contract-unestablished;missing-signing-is-uncertainty-not-absence
NBA_2012,NBA,2012,118,1,2012-06-29,precise,draft-roster-status-unresolved,unresolved,johnsor01,Orlando Johnson,SAC,IND,The Indiana Pacers traded cash to the Sacramento Kings for Orlando Johnson.,draft-year=2012;prior-dated-active-contract-unestablished;missing-signing-is-uncertainty-not-absence
NBA_2012,NBA,2012,118,2,2012-06-29,precise,draft-roster-status-unresolved,unresolved,crowdja01,Jae Crowder,CLE,DAL,"The Cleveland Cavaliers traded Jae Crowder, Jared Cunningham and Bernard James to the Dallas Mavericks for Kelenna Azubuike and Tyler Zeller.",draft-year=2012;prior-dated-active-contract-unestablished;missing-signing-is-uncertainty-not-absence
NBA_2012,NBA,2012,118,2,2012-06-29,precise,draft-roster-status-unresolved,unresolved,cunnija01,Jared Cunningham,CLE,DAL,"The Cleveland Cavaliers traded Jae Crowder, Jared Cunningham and Bernard James to the Dallas Mavericks for Kelenna Azubuike and Tyler Zeller.",draft-year=2012;prior-dated-active-contract-unestablished;missing-signing-is-uncertainty-not-absence
NBA_2012,NBA,2012,118,2,2012-06-29,precise,draft-roster-status-unresolved,unresolved,jamesbe01,Bernard James,CLE,DAL,"The Cleveland Cavaliers traded Jae Crowder, Jared Cunningham and Bernard James to the Dallas Mavericks for Kelenna Azubuike and Tyler Zeller.",draft-year=2012;prior-dated-active-contract-unestablished;missing-signing-is-uncertainty-not-absence
NBA_2012,NBA,2012,118,2,2012-06-29,precise,draft-roster-status-unresolved,unresolved,zellety01,Tyler Zeller,DAL,CLE,"The Cleveland Cavaliers traded Jae Crowder, Jared Cunningham and Bernard James to the Dallas Mavericks for Kelenna Azubuike and Tyler Zeller.",draft-year=2012;prior-dated-active-contract-unestablished;missing-signing-is-uncertainty-not-absence
NBA_2012,NBA,2012,118,3,2012-06-29,precise,draft-roster-status-unresolved,unresolved,shengto01,Tornike Shengelia,PHI,NJN,The New Jersey Nets traded cash to the Philadelphia 76ers for Tornike Shengelia.,draft-year=2012;prior-dated-active-contract-unestablished;missing-signing-is-uncertainty-not-absence
NBA_2012,NBA,2012,118,4,2012-06-29,precise,draft-roster-status-unresolved,unresolved,johnsda03,Darius Johnson-Odom,DAL,LAL,The Dallas Mavericks traded Darius Johnson-Odom to the Los Angeles Lakers for cash.,draft-year=2012;prior-dated-active-contract-unestablished;missing-signing-is-uncertainty-not-absence
NBA_2012,NBA,2012,118,5,2012-06-29,precise,draft-roster-status-unresolved,unresolved,tayloty01,Tyshawn Taylor,POR,NJN,The New Jersey Nets traded cash to the Portland Trail Blazers for Tyshawn Taylor.,draft-year=2012;prior-dated-active-contract-unestablished;missing-signing-is-uncertainty-not-absence
NBA_2012,NBA,2012,118,6,2012-06-29,precise,draft-roster-status-unresolved,unresolved,aldemfu01,Furkan Aldemir,LAC,HOU,"In a 4-team trade, the Dallas Mavericks traded Lamar Odom to the Los Angeles Clippers; the Dallas Mavericks traded Shan Foster to the Utah Jazz; the Houston Rockets traded cash to the Dallas Mavericks; the Los Angeles Clippers traded Furkan Aldemir to the Houston Rockets; the Los Angeles Clippers traded Mo Williams to the Utah Jazz; and the Utah Jazz traded Tadija Dragićević to the Dallas Mavericks.",draft-year=2012;prior-dated-active-contract-unestablished;missing-signing-is-uncertainty-not-absence
NBA_2013,NBA,2013,7,5,2012-07-16,precise,draft-roster-status-unresolved,unresolved,papanko01,Kostas Papanikolaou,NYK,POR,"The New York Knicks traded Dan Gadzuric, Jared Jeffries, Kostas Papanikolaou, Georgios Printezis, cash and a 2016 2nd round draft pick (Chinanu Onuaku was later selected) to the Portland Trail Blazers for Raymond Felton and Kurt Thomas.",draft-year=2012;prior-dated-active-contract-unestablished;missing-signing-is-uncertainty-not-absence
NBA_2013,NBA,2013,26,0,2012-08-10,precise,draft-roster-status-unresolved,unresolved,harklma01,Maurice Harkless,PHI,ORL,"In a 4-team trade, the Denver Nuggets traded Arron Afflalo, Al Harrington, a 2013 2nd round draft pick (Romero Osby was later selected) and a 2014 1st round draft pick (Dario Šarić was later selected) to the Orlando Magic; the Los Angeles Lakers traded Christian Eyenga, Josh McRoberts and a 2017 2nd round draft pick (Wesley Iwundu was later selected) to the Orlando Magic; the Los Angeles Lakers traded Andrew Bynum to the Philadelphia 76ers; the Orlando Magic traded Earl Clark, Chris Duhon and Dwight Howard to the Los Angeles Lakers; the Orlando Magic traded Jason Richardson to the Philadelphia 76ers; the Philadelphia 76ers traded Andre Iguodala to the Denver Nuggets; and the Philadelphia 76ers traded Maurice Harkless, Nikola Vučević and a 2018 1st round draft pick (Landry Shamet was later selected) to the Orlando Magic.",draft-year=2012;prior-dated-active-contract-unestablished;missing-signing-is-uncertainty-not-absence
NBA_2013,NBA,2013,70,5,2012-10-27,precise,draft-roster-status-unresolved,unresolved,lambje01,Jeremy Lamb,HOU,OKC,"The Houston Rockets traded Jeremy Lamb, Kevin Martin, a 2013 1st round draft pick (Steven Adams was later selected), a 2013 2nd round draft pick (Álex Abrines was later selected) and a 2014 1st round draft pick (Mitch McGary was later selected) to the Oklahoma City Thunder for Cole Aldrich, Daequan Cook, James Harden and Lazar Hayward.",draft-year=2012;prior-dated-active-contract-unestablished;missing-signing-is-uncertainty-not-absence
NBA_2013,NBA,2013,221,0,2013-06-27,precise,draft-roster-status-unresolved,unresolved,burketr01,Trey Burke,MIN,UTA,The Minnesota Timberwolves traded Trey Burke to the Utah Jazz for Gorgui Dieng and Shabazz Muhammad.,draft-year=2013;prior-dated-active-contract-unestablished;missing-signing-is-uncertainty-not-absence
NBA_2013,NBA,2013,221,0,2013-06-27,precise,draft-roster-status-unresolved,unresolved,dienggo01,Gorgui Dieng,UTA,MIN,The Minnesota Timberwolves traded Trey Burke to the Utah Jazz for Gorgui Dieng and Shabazz Muhammad.,draft-year=2013;prior-dated-active-contract-unestablished;missing-signing-is-uncertainty-not-absence
NBA_2013,NBA,2013,221,0,2013-06-27,precise,draft-roster-status-unresolved,unresolved,muhamsh01,Shabazz Muhammad,UTA,MIN,The Minnesota Timberwolves traded Trey Burke to the Utah Jazz for Gorgui Dieng and Shabazz Muhammad.,draft-year=2013;prior-dated-active-contract-unestablished;missing-signing-is-uncertainty-not-absence
NBA_2013,NBA,2013,221,1,2013-06-27,precise,draft-roster-status-unresolved,unresolved,roberan03,Andre Roberson,MIN,GSW,The Golden State Warriors traded cash and a 2014 2nd round draft pick (Alessandro Gentile was later selected) to the Minnesota Timberwolves for Malcolm Lee and Andre Roberson.,draft-year=2013;prior-dated-active-contract-unestablished;missing-signing-is-uncertainty-not-absence
NBA_2013,NBA,2013,221,2,2013-06-27,precise,draft-roster-status-unresolved,unresolved,roberan03,Andre Roberson,GSW,OKC,The Golden State Warriors traded Andre Roberson to the Oklahoma City Thunder for Archie Goodwin and cash.,draft-year=2013;prior-dated-active-contract-unestablished;missing-signing-is-uncertainty-not-absence
NBA_2013,NBA,2013,221,2,2013-06-27,precise,draft-roster-status-unresolved,unresolved,goodwar01,Archie Goodwin,OKC,GSW,The Golden State Warriors traded Andre Roberson to the Oklahoma City Thunder for Archie Goodwin and cash.,draft-year=2013;prior-dated-active-contract-unestablished;missing-signing-is-uncertainty-not-absence
NBA_2013,NBA,2013,221,3,2013-06-27,precise,draft-roster-status-unresolved,unresolved,crabbal01,Allen Crabbe,CLE,POR,The Cleveland Cavaliers traded Allen Crabbe to the Portland Trail Blazers for a 2015 2nd round draft pick (Sir'Dominic Pointer was later selected) and a 2016 2nd round draft pick (Paul Zipser was later selected).,draft-year=2013;prior-dated-active-contract-unestablished;missing-signing-is-uncertainty-not-absence
NBA_2013,NBA,2013,221,4,2013-06-27,precise,draft-roster-status-unresolved,unresolved,noguelu01,Lucas Nogueira,BOS,DAL,"The Boston Celtics traded Lucas Nogueira, a 2014 2nd round draft pick (Cleanthony Early was later selected) and a 2014 2nd round draft pick (Russ Smith was later selected) to the Dallas Mavericks for Kelly Olynyk.",draft-year=2013;prior-dated-active-contract-unestablished;missing-signing-is-uncertainty-not-absence
NBA_2013,NBA,2013,221,4,2013-06-27,precise,draft-roster-status-unresolved,unresolved,olynyke01,Kelly Olynyk,DAL,BOS,"The Boston Celtics traded Lucas Nogueira, a 2014 2nd round draft pick (Cleanthony Early was later selected) and a 2014 2nd round draft pick (Russ Smith was later selected) to the Dallas Mavericks for Kelly Olynyk.",draft-year=2013;prior-dated-active-contract-unestablished;missing-signing-is-uncertainty-not-absence
NBA_2013,NBA,2013,221,5,2013-06-27,precise,draft-roster-status-unresolved,unresolved,larkish01,Shane Larkin,ATL,DAL,"The Atlanta Hawks traded Shane Larkin and cash to the Dallas Mavericks for Jared Cunningham, Mike Muscala and Lucas Nogueira.",draft-year=2013;prior-dated-active-contract-unestablished;missing-signing-is-uncertainty-not-absence
NBA_2013,NBA,2013,221,5,2013-06-27,precise,draft-roster-status-unresolved,unresolved,muscami01,Mike Muscala,DAL,ATL,"The Atlanta Hawks traded Shane Larkin and cash to the Dallas Mavericks for Jared Cunningham, Mike Muscala and Lucas Nogueira.",draft-year=2013;prior-dated-active-contract-unestablished;missing-signing-is-uncertainty-not-absence
NBA_2013,NBA,2013,221,5,2013-06-27,precise,draft-roster-status-unresolved,unresolved,noguelu01,Lucas Nogueira,DAL,ATL,"The Atlanta Hawks traded Shane Larkin and cash to the Dallas Mavericks for Jared Cunningham, Mike Muscala and Lucas Nogueira.",draft-year=2013;prior-dated-active-contract-unestablished;missing-signing-is-uncertainty-not-absence
NBA_2013,NBA,2013,221,6,2013-06-27,precise,draft-roster-status-unresolved,unresolved,goberru01,Rudy Gobert,DEN,UTA,The Denver Nuggets traded Rudy Gobert to the Utah Jazz for Erick Green and cash.,draft-year=2013;prior-dated-active-contract-unestablished;missing-signing-is-uncertainty-not-absence
NBA_2013,NBA,2013,221,6,2013-06-27,precise,draft-roster-status-unresolved,unresolved,greener01,Erick Green,UTA,DEN,The Denver Nuggets traded Rudy Gobert to the Utah Jazz for Erick Green and cash.,draft-year=2013;prior-dated-active-contract-unestablished;missing-signing-is-uncertainty-not-absence
NBA_2013,NBA,2013,221,7,2013-06-27,precise,draft-roster-status-unresolved,unresolved,goodwar01,Archie Goodwin,GSW,PHO,The Golden State Warriors traded Archie Goodwin and Malcolm Lee to the Phoenix Suns for Nemanja Nedović.,draft-year=2013;prior-dated-active-contract-unestablished;missing-signing-is-uncertainty-not-absence
NBA_2013,NBA,2013,221,7,2013-06-27,precise,draft-roster-status-unresolved,unresolved,nedovne01,Nemanja Nedović,PHO,GSW,The Golden State Warriors traded Archie Goodwin and Malcolm Lee to the Phoenix Suns for Nemanja Nedović.,draft-year=2013;prior-dated-active-contract-unestablished;missing-signing-is-uncertainty-not-absence
NBA_2013,NBA,2013,221,8,2013-06-27,precise,draft-roster-status-unresolved,unresolved,ricegl02,Glen Rice Jr.,PHI,WAS,The Philadelphia 76ers traded Glen Rice Jr. to the Washington Wizards for Arsalan Kazemi and Nate Wolters.,draft-year=2013;prior-dated-active-contract-unestablished;missing-signing-is-uncertainty-not-absence
NBA_2013,NBA,2013,221,8,2013-06-27,precise,draft-roster-status-unresolved,unresolved,kazemar01,Arsalan Kazemi,WAS,PHI,The Philadelphia 76ers traded Glen Rice Jr. to the Washington Wizards for Arsalan Kazemi and Nate Wolters.,draft-year=2013;prior-dated-active-contract-unestablished;missing-signing-is-uncertainty-not-absence
NBA_2013,NBA,2013,221,8,2013-06-27,precise,draft-roster-status-unresolved,unresolved,woltena01,Nate Wolters,WAS,PHI,The Philadelphia 76ers traded Glen Rice Jr. to the Washington Wizards for Arsalan Kazemi and Nate Wolters.,draft-year=2013;prior-dated-active-contract-unestablished;missing-signing-is-uncertainty-not-absence
NBA_2013,NBA,2013,221,9,2013-06-27,precise,draft-roster-status-unresolved,unresolved,jerregr01,Grant Jerrett,POR,OKC,The Oklahoma City Thunder traded cash to the Portland Trail Blazers for Grant Jerrett.,draft-year=2013;prior-dated-active-contract-unestablished;missing-signing-is-uncertainty-not-absence
NBA_2013,NBA,2013,221,10,2013-06-27,precise,draft-roster-status-unresolved,unresolved,ennisja01,James Ennis,ATL,MIA,The Atlanta Hawks traded James Ennis to the Miami Heat for a 2017 2nd round draft pick (Sterling Brown was later selected).,draft-year=2013;prior-dated-active-contract-unestablished;missing-signing-is-uncertainty-not-absence
NBA_2013,NBA,2013,221,11,2013-06-27,precise,draft-roster-status-unresolved,unresolved,iversco01,Colton Iverson,IND,BOS,The Boston Celtics traded cash to the Indiana Pacers for Colton Iverson.,draft-year=2013;prior-dated-active-contract-unestablished;missing-signing-is-uncertainty-not-absence
NBA_2013,NBA,2013,221,12,2013-06-27,precise,draft-roster-status-unresolved,unresolved,lauvejo01,Joffrey Lauvergne,MEM,DEN,The Denver Nuggets traded Kosta Koufos to the Memphis Grizzlies for Darrell Arthur and Joffrey Lauvergne.,draft-year=2013;prior-dated-active-contract-unestablished;missing-signing-is-uncertainty-not-absence
NBA_2013,NBA,2013,221,13,2013-06-27,precise,draft-roster-status-unresolved,unresolved,ledori01,Ricky Ledo,PHI,DAL,The Dallas Mavericks traded a 2014 2nd round draft pick (Russ Smith was later selected) to the Philadelphia 76ers for Ricky Ledo.,draft-year=2013;prior-dated-active-contract-unestablished;missing-signing-is-uncertainty-not-absence
NBA_2013,NBA,2013,221,14,2013-06-27,precise,draft-roster-status-unresolved,unresolved,netora01,Raul Neto,ATL,UTA,The Atlanta Hawks traded Raul Neto to the Utah Jazz for a 2015 2nd round draft pick (Pat Connaughton was later selected).,draft-year=2013;prior-dated-active-contract-unestablished;missing-signing-is-uncertainty-not-absence
NBA_2013,NBA,2013,221,16,2013-06-27,precise,draft-roster-status-unresolved,unresolved,ledori01,Ricky Ledo,MIL,PHI,The Milwaukee Bucks traded Ricky Ledo and a 2014 2nd round draft pick (Nemanja Dangubić was later selected) to the Philadelphia 76ers for Nate Wolters.,draft-year=2013;prior-dated-active-contract-unestablished;missing-signing-is-uncertainty-not-absence
NBA_2013,NBA,2013,221,16,2013-06-27,precise,draft-roster-status-unresolved,unresolved,woltena01,Nate Wolters,PHI,MIL,The Milwaukee Bucks traded Ricky Ledo and a 2014 2nd round draft pick (Nemanja Dangubić was later selected) to the Philadelphia 76ers for Nate Wolters.,draft-year=2013;prior-dated-active-contract-unestablished;missing-signing-is-uncertainty-not-absence
NBA_2014,NBA,2014,5,8,2013-07-10,precise,draft-roster-status-unresolved,unresolved,todorma01,Marko Todorović,POR,HOU,"The Houston Rockets traded Thomas Robinson to the Portland Trail Blazers for Kostas Papanikolaou, Marko Todorović, a 2015 2nd round draft pick (Richaun Holmes was later selected) and a 2017 2nd round draft pick (Dillon Brooks was later selected).",draft-year=2013;prior-dated-active-contract-unestablished;missing-signing-is-uncertainty-not-absence
NBA_2014,NBA,2014,5,17,2013-07-10,precise,draft-roster-status-unresolved,unresolved,witheje01,Jeff Withey,POR,NOP,"In a 3-team trade, the New Orleans Pelicans traded Terrel Harris and Robin Lopez to the Portland Trail Blazers; the New Orleans Pelicans traded Greivis Vásquez to the Sacramento Kings; the Portland Trail Blazers traded Jeff Withey to the New Orleans Pelicans; the Portland Trail Blazers traded cash, a 2016 2nd round draft pick (Malcolm Brogdon was later selected) and a 2016 2nd round draft pick (Chinanu Onuaku was later selected) to the Sacramento Kings; and the Sacramento Kings traded Tyreke Evans to the New Orleans Pelicans.",draft-year=2013;prior-dated-active-contract-unestablished;missing-signing-is-uncertainty-not-absence
NBA_2014,NBA,2014,7,8,2013-07-12,precise,draft-roster-status-unresolved,unresolved,noelne01,Nerlens Noel,NOP,PHI,The New Orleans Pelicans traded Nerlens Noel and a 2014 1st round draft pick (Elfrid Payton was later selected) to the Philadelphia 76ers for Jrue Holiday and Pierre Jackson.,draft-year=2013;prior-dated-active-contract-unestablished;missing-signing-is-uncertainty-not-absence
NBA_2014,NBA,2014,7,8,2013-07-12,precise,draft-roster-status-unresolved,unresolved,jackspi01,Pierre Jackson,PHI,NOP,The New Orleans Pelicans traded Nerlens Noel and a 2014 1st round draft pick (Elfrid Payton was later selected) to the Philadelphia 76ers for Jrue Holiday and Pierre Jackson.,draft-year=2013;prior-dated-active-contract-unestablished;missing-signing-is-uncertainty-not-absence
NBA_2014,NBA,2014,236,0,2014-06-26,precise,draft-roster-status-unresolved,unresolved,harriga01,Gary Harris,CHI,DEN,"The Chicago Bulls traded Gary Harris, Jusuf Nurkić and a 2015 2nd round draft pick (Sir'Dominic Pointer was later selected) to the Denver Nuggets for Doug McDermott and Anthony Randolph.",draft-year=2014;prior-dated-active-contract-unestablished;missing-signing-is-uncertainty-not-absence
NBA_2014,NBA,2014,236,0,2014-06-26,precise,draft-roster-status-unresolved,unresolved,nurkiju01,Jusuf Nurkić,CHI,DEN,"The Chicago Bulls traded Gary Harris, Jusuf Nurkić and a 2015 2nd round draft pick (Sir'Dominic Pointer was later selected) to the Denver Nuggets for Doug McDermott and Anthony Randolph.",draft-year=2014;prior-dated-active-contract-unestablished;missing-signing-is-uncertainty-not-absence
NBA_2014,NBA,2014,236,0,2014-06-26,precise,draft-roster-status-unresolved,unresolved,mcderdo01,Doug McDermott,DEN,CHI,"The Chicago Bulls traded Gary Harris, Jusuf Nurkić and a 2015 2nd round draft pick (Sir'Dominic Pointer was later selected) to the Denver Nuggets for Doug McDermott and Anthony Randolph.",draft-year=2014;prior-dated-active-contract-unestablished;missing-signing-is-uncertainty-not-absence
NBA_2014,NBA,2014,236,1,2014-06-26,precise,draft-roster-status-unresolved,unresolved,stokeja01,Jarnell Stokes,UTA,MEM,The Memphis Grizzlies traded a 2016 2nd round draft pick (Joel Bolomboy was later selected) to the Utah Jazz for Jarnell Stokes.,draft-year=2014;prior-dated-active-contract-unestablished;missing-signing-is-uncertainty-not-absence
NBA_2014,NBA,2014,236,2,2014-06-26,precise,draft-roster-status-unresolved,unresolved,saricda01,Dario Šarić,ORL,PHI,"The Orlando Magic traded Dario Šarić, a 2015 2nd round draft pick (Willy Hernangómez was later selected) and a 2018 1st round draft pick (Landry Shamet was later selected) to the Philadelphia 76ers for Elfrid Payton.",draft-year=2014;prior-dated-active-contract-unestablished;missing-signing-is-uncertainty-not-absence
NBA_2014,NBA,2014,236,2,2014-06-26,precise,draft-roster-status-unresolved,unresolved,paytoel01,Elfrid Payton,PHI,ORL,"The Orlando Magic traded Dario Šarić, a 2015 2nd round draft pick (Willy Hernangómez was later selected) and a 2018 1st round draft pick (Landry Shamet was later selected) to the Philadelphia 76ers for Elfrid Payton.",draft-year=2014;prior-dated-active-contract-unestablished;missing-signing-is-uncertainty-not-absence
NBA_2014,NBA,2014,236,3,2014-06-26,precise,draft-roster-status-unresolved,unresolved,dangune01,Nemanja Dangubić,PHI,SAS,The Philadelphia 76ers traded Nemanja Dangubić to the San Antonio Spurs for Jordan McRae.,draft-year=2014;prior-dated-active-contract-unestablished;missing-signing-is-uncertainty-not-absence
NBA_2014,NBA,2014,236,3,2014-06-26,precise,draft-roster-status-unresolved,unresolved,mcraejo01,Jordan McRae,SAS,PHI,The Philadelphia 76ers traded Nemanja Dangubić to the San Antonio Spurs for Jordan McRae.,draft-year=2014;prior-dated-active-contract-unestablished;missing-signing-is-uncertainty-not-absence
NBA_2014,NBA,2014,236,4,2014-06-26,precise,draft-roster-status-unresolved,unresolved,jeffeco01,Cory Jefferson,SAS,BRK,The Brooklyn Nets traded cash to the San Antonio Spurs for Cory Jefferson.,draft-year=2014;prior-dated-active-contract-unestablished;missing-signing-is-uncertainty-not-absence
NBA_2014,NBA,2014,236,5,2014-06-26,precise,draft-roster-status-unresolved,unresolved,gential01,Alessandro Gentile,MIN,HOU,The Houston Rockets traded cash to the Minnesota Timberwolves for Alessandro Gentile.,draft-year=2014;prior-dated-active-contract-unestablished;missing-signing-is-uncertainty-not-absence
NBA_2014,NBA,2014,237,0,2014-06-27,precise,draft-roster-status-unresolved,unresolved,pattela01,Lamar Patterson,MIL,ATL,The Atlanta Hawks traded a 2015 2nd round draft pick (Pat Connaughton was later selected) to the Milwaukee Bucks for Lamar Patterson.,draft-year=2014;prior-dated-active-contract-unestablished;missing-signing-is-uncertainty-not-absence
NBA_2014,NBA,2014,237,1,2014-06-27,precise,draft-roster-status-unresolved,unresolved,brownma02,Markel Brown,MIN,BRK,The Brooklyn Nets traded cash to the Minnesota Timberwolves for Markel Brown.,draft-year=2014;prior-dated-active-contract-unestablished;missing-signing-is-uncertainty-not-absence
NBA_2014,NBA,2014,237,2,2014-06-27,precise,draft-roster-status-unresolved,unresolved,thamexa01,Xavier Thames,TOR,BRK,The Brooklyn Nets traded cash to the Toronto Raptors for Xavier Thames.,draft-year=2014;prior-dated-active-contract-unestablished;missing-signing-is-uncertainty-not-absence
NBA_2014,NBA,2014,237,3,2014-06-27,precise,draft-roster-status-unresolved,unresolved,napiesh01,Shabazz Napier,CHA,MIA,"The Charlotte Bobcats traded Shabazz Napier to the Miami Heat for Semaj Christon, P.J. Hairston, cash and a 2019 2nd round draft pick (Jaylen Nowell was later selected).",draft-year=2014;prior-dated-active-contract-unestablished;missing-signing-is-uncertainty-not-absence
NBA_2014,NBA,2014,237,3,2014-06-27,precise,draft-roster-status-unresolved,unresolved,chrisse01,Semaj Christon,MIA,CHA,"The Charlotte Bobcats traded Shabazz Napier to the Miami Heat for Semaj Christon, P.J. Hairston, cash and a 2019 2nd round draft pick (Jaylen Nowell was later selected).",draft-year=2014;prior-dated-active-contract-unestablished;missing-signing-is-uncertainty-not-absence
NBA_2014,NBA,2014,237,3,2014-06-27,precise,draft-roster-status-unresolved,unresolved,hairspj02,P.J. Hairston,MIA,CHA,"The Charlotte Bobcats traded Shabazz Napier to the Miami Heat for Semaj Christon, P.J. Hairston, cash and a 2019 2nd round draft pick (Jaylen Nowell was later selected).",draft-year=2014;prior-dated-active-contract-unestablished;missing-signing-is-uncertainty-not-absence
NBA_2014,NBA,2014,237,4,2014-06-27,precise,draft-roster-status-unresolved,unresolved,marblde01,Devyn Marble,DEN,ORL,The Denver Nuggets traded Evan Fournier and Devyn Marble to the Orlando Magic for Arron Afflalo.,draft-year=2014;prior-dated-active-contract-unestablished;missing-signing-is-uncertainty-not-absence
NBA_2014,NBA,2014,237,5,2014-06-27,precise,draft-roster-status-unresolved,unresolved,clarkjo01,Jordan Clarkson,WAS,LAL,The Los Angeles Lakers traded cash to the Washington Wizards for Jordan Clarkson.,draft-year=2014;prior-dated-active-contract-unestablished;missing-signing-is-uncertainty-not-absence
NBA_2014,NBA,2014,237,6,2014-06-27,precise,draft-roster-status-unresolved,unresolved,labeylo01,Louis Labeyrie,IND,NYK,The Indiana Pacers traded Louis Labeyrie to the New York Knicks for cash.,draft-year=2014;prior-dated-active-contract-unestablished;missing-signing-is-uncertainty-not-absence
NBA_2015,NBA,2015,0,0,2014-06-27,precise,draft-roster-status-unresolved,unresolved,smithru01,Russ Smith,PHI,NOP,The New Orleans Pelicans traded Pierre Jackson to the Philadelphia 76ers for Russ Smith.,draft-year=2014;prior-dated-active-contract-unestablished;missing-signing-is-uncertainty-not-absence
NBA_2015,NBA,2015,11,0,2014-07-12,precise,draft-roster-status-unresolved,unresolved,poweldw01,Dwight Powell,CHA,CLE,The Charlotte Bobcats traded Brendan Haywood and Dwight Powell to the Cleveland Cavaliers for Scotty Hopson.,draft-year=2014;prior-dated-active-contract-unestablished;missing-signing-is-uncertainty-not-absence
NBA_2015,NBA,2015,269,0,2015-06-25,precise,draft-roster-status-unresolved,unresolved,connapa01,Pat Connaughton,BRK,POR,The Brooklyn Nets traded Pat Connaughton and Mason Plumlee to the Portland Trail Blazers for Steve Blake and Rondae Hollis-Jefferson.,draft-year=2015;prior-dated-active-contract-unestablished;missing-signing-is-uncertainty-not-absence
NBA_2015,NBA,2015,269,0,2015-06-25,precise,draft-roster-status-unresolved,unresolved,holliro01,Rondae Hollis-Jefferson,POR,BRK,The Brooklyn Nets traded Pat Connaughton and Mason Plumlee to the Portland Trail Blazers for Steve Blake and Rondae Hollis-Jefferson.,draft-year=2015;prior-dated-active-contract-unestablished;missing-signing-is-uncertainty-not-absence
NBA_2015,NBA,2015,269,1,2015-06-25,precise,draft-roster-status-unresolved,unresolved,grantje02,Jerian Grant,ATL,NYK,"In a 3-team trade, the Atlanta Hawks traded Jerian Grant to the New York Knicks; the Atlanta Hawks traded Kelly Oubre Jr. to the Washington Wizards; the New York Knicks traded Tim Hardaway Jr. to the Atlanta Hawks; and the Washington Wizards traded a 2015 1st round draft pick (Jerian Grant was later selected) and a 2019 2nd round draft pick (Cody Martin was later selected) to the Atlanta Hawks.",
NBA_2015,NBA,2015,269,1,2015-06-25,precise,draft-roster-status-unresolved,unresolved,oubreke01,Kelly Oubre Jr.,ATL,WAS,"In a 3-team trade, the Atlanta Hawks traded Jerian Grant to the New York Knicks; the Atlanta Hawks traded Kelly Oubre Jr. to the Washington Wizards; the New York Knicks traded Tim Hardaway Jr. to the Atlanta Hawks; and the Washington Wizards traded a 2015 1st round draft pick (Jerian Grant was later selected) and a 2019 2nd round draft pick (Cody Martin was later selected) to the Atlanta Hawks.",draft-year=2015;prior-dated-active-contract-unestablished;missing-signing-is-uncertainty-not-absence
NBA_2015,NBA,2015,269,2,2015-06-25,precise,draft-roster-status-unresolved,unresolved,harrian01,Andrew Harrison,PHO,MEM,The Memphis Grizzlies traded Jon Leuer to the Phoenix Suns for Andrew Harrison.,draft-year=2015;prior-dated-active-contract-unestablished;missing-signing-is-uncertainty-not-absence
NBA_2015,NBA,2015,269,3,2015-06-25,precise,draft-roster-status-unresolved,unresolved,dawsobr01,Branden Dawson,NOP,LAC,The Los Angeles Clippers traded cash to the New Orleans Pelicans for Branden Dawson.,draft-year=2015;prior-dated-active-contract-unestablished;missing-signing-is-uncertainty-not-absence
NBA_2015,NBA,2015,269,4,2015-06-25,precise,draft-roster-status-unresolved,unresolved,diezda01,Dani Díez,UTA,POR,The Portland Trail Blazers traded cash to the Utah Jazz for Dani Díez.,draft-year=2015;prior-dated-active-contract-unestablished;missing-signing-is-uncertainty-not-absence
NBA_2015,NBA,2015,269,5,2015-06-25,precise,draft-roster-status-unresolved,unresolved,vauleju01,Juan Pablo Vaulet,CHO,BRK,"The Brooklyn Nets traded cash, a 2018 2nd round draft pick (Arnoldas Kulboka was later selected) and a 2019 2nd round draft pick (Talen Horton-Tucker was later selected) to the Charlotte Hornets for Juan Pablo Vaulet.",draft-year=2015;prior-dated-active-contract-unestablished;missing-signing-is-uncertainty-not-absence
NBA_2015,NBA,2015,269,6,2015-06-25,precise,draft-roster-status-unresolved,unresolved,jonesty01,Tyus Jones,CLE,MIN,"The Cleveland Cavaliers traded Tyus Jones to the Minnesota Timberwolves for a 2015 2nd round draft pick (Rakeem Christmas was later selected), a 2015 2nd round draft pick (Cedi Osman was later selected) and a 2019 2nd round draft pick (Justin James was later selected).",draft-year=2015;prior-dated-active-contract-unestablished;missing-signing-is-uncertainty-not-absence
NBA_2015,NBA,2015,269,10,2015-06-25,precise,draft-roster-status-unresolved,unresolved,powelno01,Norman Powell,MIL,TOR,The Milwaukee Bucks traded Norman Powell and a 2017 1st round draft pick (OG Anunoby was later selected) to the Toronto Raptors for Greivis Vásquez.,draft-year=2015;prior-dated-active-contract-unestablished;missing-signing-is-uncertainty-not-absence
NBA_2016,NBA,2016,6,36,2015-07-09,precise,draft-roster-status-unresolved,unresolved,gudaiar01,Artūras Gudaitis,PHI,SAC,"The Philadelphia 76ers traded Artūras Gudaitis, Luka Mitrović and a 2017 1st round draft pick (De'Aaron Fox was later selected) to the Sacramento Kings for Carl Landry, Nik Stauskas, Jason Thompson, a 2017 1st round draft pick (Jayson Tatum was later selected) and a 2019 1st round draft pick (Romeo Langford was later selected). (76ers exercised right to swap picks in 2017 NBA Draft, taking #3 overall pick and sending back #5 overall pick)",draft-year=2015;prior-dated-active-contract-unestablished;missing-signing-is-uncertainty-not-absence
NBA_2016,NBA,2016,6,36,2015-07-09,precise,draft-roster-status-unresolved,unresolved,mitrolu01,Luka Mitrović,PHI,SAC,"The Philadelphia 76ers traded Artūras Gudaitis, Luka Mitrović and a 2017 1st round draft pick (De'Aaron Fox was later selected) to the Sacramento Kings for Carl Landry, Nik Stauskas, Jason Thompson, a 2017 1st round draft pick (Jayson Tatum was later selected) and a 2019 1st round draft pick (Romeo Langford was later selected). (76ers exercised right to swap picks in 2017 NBA Draft, taking #3 overall pick and sending back #5 overall pick)",draft-year=2015;prior-dated-active-contract-unestablished;missing-signing-is-uncertainty-not-absence
NBA_2016,NBA,2016,20,0,2015-07-23,precise,draft-roster-status-unresolved,unresolved,chrisra01,Rakeem Christmas,CLE,IND,The Cleveland Cavaliers traded Rakeem Christmas to the Indiana Pacers for a 2019 2nd round draft pick (Eric Paschall was later selected). (Lakers 2nd round pick),draft-year=2015;prior-dated-active-contract-unestablished;missing-signing-is-uncertainty-not-absence
NBA_2016,NBA,2016,276,0,2016-06-23,precise,draft-roster-status-unresolved,unresolved,sabondo01,Domantas Sabonis,ORL,OKC,"The Oklahoma City Thunder traded Serge Ibaka to the Orlando Magic for Ersan İlyasova, Victor Oladipo and Domantas Sabonis.",draft-year=2016;prior-dated-active-contract-unestablished;missing-signing-is-uncertainty-not-absence
NBA_2016,NBA,2016,276,1,2016-06-23,precise,draft-roster-status-unresolved,unresolved,labissk01,Skal Labissière,PHO,SAC,"The Phoenix Suns traded Bogdan Bogdanović, Skal Labissière, Georgios Papagiannis and a 2020 2nd round draft pick (Xavier Tillman Sr. was later selected) to the Sacramento Kings for Marquese Chriss. 2020 2nd-rd pick is DET's pick",draft-year=2016;prior-dated-active-contract-unestablished;missing-signing-is-uncertainty-not-absence
NBA_2016,NBA,2016,276,1,2016-06-23,precise,draft-roster-status-unresolved,unresolved,papagge01,Georgios Papagiannis,PHO,SAC,"The Phoenix Suns traded Bogdan Bogdanović, Skal Labissière, Georgios Papagiannis and a 2020 2nd round draft pick (Xavier Tillman Sr. was later selected) to the Sacramento Kings for Marquese Chriss. 2020 2nd-rd pick is DET's pick",draft-year=2016;prior-dated-active-contract-unestablished;missing-signing-is-uncertainty-not-absence
NBA_2016,NBA,2016,276,1,2016-06-23,precise,draft-roster-status-unresolved,unresolved,chrisma01,Marquese Chriss,SAC,PHO,"The Phoenix Suns traded Bogdan Bogdanović, Skal Labissière, Georgios Papagiannis and a 2020 2nd round draft pick (Xavier Tillman Sr. was later selected) to the Sacramento Kings for Marquese Chriss. 2020 2nd-rd pick is DET's pick",draft-year=2016;prior-dated-active-contract-unestablished;missing-signing-is-uncertainty-not-absence
NBA_2016,NBA,2016,276,2,2016-06-23,precise,draft-roster-status-unresolved,unresolved,davisde01,Deyonta Davis,BOS,MEM,The Boston Celtics traded Deyonta Davis and Rade Zagorac to the Memphis Grizzlies for a 2019 1st round draft pick (Matisse Thybulle was later selected). 2019 1st-rd pick is protected pick from LAC,draft-year=2016;prior-dated-active-contract-unestablished;missing-signing-is-uncertainty-not-absence
NBA_2016,NBA,2016,276,2,2016-06-23,precise,draft-roster-status-unresolved,unresolved,zagorra01,Rade Zagorac,BOS,MEM,The Boston Celtics traded Deyonta Davis and Rade Zagorac to the Memphis Grizzlies for a 2019 1st round draft pick (Matisse Thybulle was later selected). 2019 1st-rd pick is protected pick from LAC,draft-year=2016;prior-dated-active-contract-unestablished;missing-signing-is-uncertainty-not-absence
NBA_2016,NBA,2016,276,3,2016-06-23,precise,draft-roster-status-unresolved,unresolved,diallch01,Cheick Diallo,LAC,NOP,The Los Angeles Clippers traded Cheick Diallo to the New Orleans Pelicans for David Michineau and Diamond Stone.,draft-year=2016;prior-dated-active-contract-unestablished;missing-signing-is-uncertainty-not-absence
NBA_2016,NBA,2016,276,3,2016-06-23,precise,draft-roster-status-unresolved,unresolved,michida01,David Michineau,NOP,LAC,The Los Angeles Clippers traded Cheick Diallo to the New Orleans Pelicans for David Michineau and Diamond Stone.,draft-year=2016;prior-dated-active-contract-unestablished;missing-signing-is-uncertainty-not-absence
NBA_2016,NBA,2016,276,3,2016-06-23,precise,draft-roster-status-unresolved,unresolved,stonedi01,Diamond Stone,NOP,LAC,The Los Angeles Clippers traded Cheick Diallo to the New Orleans Pelicans for David Michineau and Diamond Stone.,draft-year=2016;prior-dated-active-contract-unestablished;missing-signing-is-uncertainty-not-absence
NBA_2016,NBA,2016,276,4,2016-06-23,precise,draft-roster-status-unresolved,unresolved,mccawpa01,Patrick McCaw,MIL,GSW,The Golden State Warriors traded $2.4M cash to the Milwaukee Bucks for Patrick McCaw.,draft-year=2016;prior-dated-active-contract-unestablished;missing-signing-is-uncertainty-not-absence
NBA_2016,NBA,2016,276,5,2016-06-23,precise,draft-roster-status-unresolved,unresolved,paigema01,Marcus Paige,BRK,UTA,The Brooklyn Nets traded Marcus Paige and $3M cash to the Utah Jazz for Isaiah Whitehead.,draft-year=2016;prior-dated-active-contract-unestablished;missing-signing-is-uncertainty-not-absence
NBA_2016,NBA,2016,276,5,2016-06-23,precise,draft-roster-status-unresolved,unresolved,whiteis01,Isaiah Whitehead,UTA,BRK,The Brooklyn Nets traded Marcus Paige and $3M cash to the Utah Jazz for Isaiah Whitehead.,draft-year=2016;prior-dated-active-contract-unestablished;missing-signing-is-uncertainty-not-absence
NBA_2016,NBA,2016,276,6,2016-06-23,precise,draft-roster-status-unresolved,unresolved,laymaja01,Jake Layman,ORL,POR,The Orlando Magic traded Jake Layman to the Portland Trail Blazers for $1.2M cash and a 2019 2nd round draft pick (Jaylen Hands was later selected).,draft-year=2016;prior-dated-active-contract-unestablished;missing-signing-is-uncertainty-not-absence
NBA_2016,NBA,2016,276,7,2016-06-23,precise,draft-roster-status-unresolved,unresolved,feldeka01,Kay Felder,ATL,CLE,The Atlanta Hawks traded Kay Felder to the Cleveland Cavaliers for $2.4M cash.,draft-year=2016;prior-dated-active-contract-unestablished;missing-signing-is-uncertainty-not-absence
NBA_2016,NBA,2016,276,8,2016-06-23,precise,draft-roster-status-unresolved,unresolved,hamilda02,Daniel Hamilton,DEN,OKC,The Denver Nuggets traded Daniel Hamilton to the Oklahoma City Thunder for $730K cash.,draft-year=2016;prior-dated-active-contract-unestablished;missing-signing-is-uncertainty-not-absence
NBA_2017,NBA,2017,2,0,2016-07-07,precise,draft-roster-status-unresolved,unresolved,richama01,Malachi Richardson,CHO,SAC,The Charlotte Hornets traded Malachi Richardson to the Sacramento Kings for Marco Belinelli.,draft-year=2016;prior-dated-active-contract-unestablished;missing-signing-is-uncertainty-not-absence
NBA_2017,NBA,2017,2,2,2016-07-07,precise,draft-roster-status-unresolved,unresolved,leverca01,Caris LeVert,IND,BRK,"The Brooklyn Nets traded Thaddeus Young to the Indiana Pacers for Caris LeVert and a 2021 2nd round draft pick (Kessler Edwards was later selected). 2nd-rd pick protected 45-60 from 2017-22, conveyed 2021",draft-year=2016;prior-dated-active-contract-unestablished;missing-signing-is-uncertainty-not-absence
NBA_2017,NBA,2017,2,8,2016-07-07,precise,draft-roster-status-unresolved,unresolved,princta02,Taurean Prince,UTA,ATL,"In a 3-team trade, the Atlanta Hawks traded Jeff Teague to the Indiana Pacers; the Indiana Pacers traded George Hill to the Utah Jazz; and the Utah Jazz traded Taurean Prince to the Atlanta Hawks.",draft-year=2016;prior-dated-active-contract-unestablished;missing-signing-is-uncertainty-not-absence
NBA_2017,NBA,2017,272,0,2017-06-22,precise,draft-roster-status-unresolved,unresolved,sumneed01,Edmond Sumner,NOP,IND,The Indiana Pacers traded $1M cash to the New Orleans Pelicans for Edmond Sumner.,draft-year=2017;prior-dated-active-contract-unestablished;missing-signing-is-uncertainty-not-absence
NBA_2017,NBA,2017,272,1,2017-06-22,precise,draft-roster-status-unresolved,unresolved,brookdi01,Dillon Brooks,HOU,MEM,The Houston Rockets traded Dillon Brooks to the Memphis Grizzlies for a 2018 2nd round draft pick (De'Anthony Melton was later selected).,draft-year=2017;prior-dated-active-contract-unestablished;missing-signing-is-uncertainty-not-absence
NBA_2017,NBA,2017,272,2,2017-06-22,precise,draft-roster-status-unresolved,unresolved,belljo01,Jordan Bell,CHI,GSW,The Chicago Bulls traded Jordan Bell to the Golden State Warriors for $3.5M cash.,draft-year=2017;prior-dated-active-contract-unestablished;missing-signing-is-uncertainty-not-absence
NBA_2017,NBA,2017,272,3,2017-06-22,precise,draft-roster-status-unresolved,unresolved,jacksfr01,Frank Jackson,CHO,NOP,The Charlotte Hornets traded Frank Jackson to the New Orleans Pelicans for Dwayne Bacon and $1.8M cash.,draft-year=2017;prior-dated-active-contract-unestablished;missing-signing-is-uncertainty-not-absence
NBA_2017,NBA,2017,272,3,2017-06-22,precise,draft-roster-status-unresolved,unresolved,bacondw01,Dwayne Bacon,NOP,CHO,The Charlotte Hornets traded Frank Jackson to the New Orleans Pelicans for Dwayne Bacon and $1.8M cash.,draft-year=2017;prior-dated-active-contract-unestablished;missing-signing-is-uncertainty-not-absence
NBA_2017,NBA,2017,272,4,2017-06-22,precise,draft-roster-status-unresolved,unresolved,bradlto01,Tony Bradley,LAL,UTA,The Los Angeles Lakers traded Tony Bradley to the Utah Jazz for Thomas Bryant and Josh Hart.,draft-year=2017;prior-dated-active-contract-unestablished;missing-signing-is-uncertainty-not-absence
NBA_2017,NBA,2017,272,4,2017-06-22,precise,draft-roster-status-unresolved,unresolved,bryanth01,Thomas Bryant,UTA,LAL,The Los Angeles Lakers traded Tony Bradley to the Utah Jazz for Thomas Bryant and Josh Hart.,draft-year=2017;prior-dated-active-contract-unestablished;missing-signing-is-uncertainty-not-absence
NBA_2017,NBA,2017,272,4,2017-06-22,precise,draft-roster-status-unresolved,unresolved,hartjo01,Josh Hart,UTA,LAL,The Los Angeles Lakers traded Tony Bradley to the Utah Jazz for Thomas Bryant and Josh Hart.,draft-year=2017;prior-dated-active-contract-unestablished;missing-signing-is-uncertainty-not-absence
NBA_2017,NBA,2017,272,5,2017-06-22,precise,draft-roster-status-unresolved,unresolved,rabbiv01,Ivan Rabb,ORL,MEM,The Memphis Grizzlies traded a 2019 2nd round draft pick (Talen Horton-Tucker was later selected) to the Orlando Magic for Ivan Rabb. (2019 2nd-Rd pick is Nets pick),draft-year=2017;prior-dated-active-contract-unestablished;missing-signing-is-uncertainty-not-absence
NBA_2017,NBA,2017,272,6,2017-06-22,precise,draft-roster-status-unresolved,unresolved,pasecan01,Anžejs Pasečņiks,ORL,PHI,The Orlando Magic traded Anžejs Pasečņiks to the Philadelphia 76ers for a 2020 1st round draft pick (Tyrese Maxey was later selected) and a 2020 2nd round draft pick (Yam Madar was later selected). (2020 2nd-rd pick is less favorable between Nets and Knicks picks),draft-year=2017;prior-dated-active-contract-unestablished;missing-signing-is-uncertainty-not-absence
NBA_2017,NBA,2017,272,7,2017-06-22,precise,draft-roster-status-unresolved,unresolved,kuzmaky01,Kyle Kuzma,BRK,LAL,The Brooklyn Nets traded Kyle Kuzma and Brook Lopez to the Los Angeles Lakers for Timofey Mozgov and D'Angelo Russell.,draft-year=2017;prior-dated-active-contract-unestablished;missing-signing-is-uncertainty-not-absence
NBA_2017,NBA,2017,272,8,2017-06-22,precise,draft-roster-status-unresolved,unresolved,mitchdo01,Donovan Mitchell,DEN,UTA,The Denver Nuggets traded Donovan Mitchell to the Utah Jazz for Tyler Lydon and Trey Lyles.,draft-year=2017;prior-dated-active-contract-unestablished;missing-signing-is-uncertainty-not-absence
NBA_2017,NBA,2017,272,8,2017-06-22,precise,draft-roster-status-unresolved,unresolved,lydonty01,Tyler Lydon,UTA,DEN,The Denver Nuggets traded Donovan Mitchell to the Utah Jazz for Tyler Lydon and Trey Lyles.,draft-year=2017;prior-dated-active-contract-unestablished;missing-signing-is-uncertainty-not-absence
NBA_2017,NBA,2017,272,9,2017-06-22,precise,draft-roster-status-unresolved,unresolved,gilesha01,Harry Giles,POR,SAC,The Portland Trail Blazers traded Harry Giles and Justin Jackson to the Sacramento Kings for Zach Collins.,draft-year=2017;prior-dated-active-contract-unestablished;missing-signing-is-uncertainty-not-absence
NBA_2017,NBA,2017,272,9,2017-06-22,precise,draft-roster-status-unresolved,unresolved,jacksju01,Justin Jackson,POR,SAC,The Portland Trail Blazers traded Harry Giles and Justin Jackson to the Sacramento Kings for Zach Collins.,draft-year=2017;prior-dated-active-contract-unestablished;missing-signing-is-uncertainty-not-absence
NBA_2017,NBA,2017,272,9,2017-06-22,precise,draft-roster-status-unresolved,unresolved,colliza01,Zach Collins,SAC,POR,The Portland Trail Blazers traded Harry Giles and Justin Jackson to the Sacramento Kings for Zach Collins.,draft-year=2017;prior-dated-active-contract-unestablished;missing-signing-is-uncertainty-not-absence
NBA_2017,NBA,2017,272,10,2017-06-22,precise,draft-roster-status-unresolved,unresolved,pattoju01,Justin Patton,CHI,MIN,"The Chicago Bulls traded Jimmy Butler and Justin Patton to the Minnesota Timberwolves for Kris Dunn, Zach LaVine and Lauri Markkanen.",draft-year=2017;prior-dated-active-contract-unestablished;missing-signing-is-uncertainty-not-absence
NBA_2017,NBA,2017,272,10,2017-06-22,precise,draft-roster-status-unresolved,unresolved,markkla01,Lauri Markkanen,MIN,CHI,"The Chicago Bulls traded Jimmy Butler and Justin Patton to the Minnesota Timberwolves for Kris Dunn, Zach LaVine and Lauri Markkanen.",draft-year=2017;prior-dated-active-contract-unestablished;missing-signing-is-uncertainty-not-absence
NBA_2017,NBA,2017,273,1,2017-06-23,precise,draft-roster-status-unresolved,unresolved,thornsi01,Sindarius Thornwell,MIL,LAC,The Los Angeles Clippers traded $2M cash to the Milwaukee Bucks for Sindarius Thornwell.,draft-year=2017;prior-dated-active-contract-unestablished;missing-signing-is-uncertainty-not-absence
NBA_2018,NBA,2018,5,4,2017-07-06,precise,draft-roster-status-unresolved,unresolved,evansja01,Jawun Evans,PHI,LAC,The Los Angeles Clippers traded $3.2M cash to the Philadelphia 76ers for Jawun Evans.,draft-year=2017;prior-dated-active-contract-unestablished;missing-signing-is-uncertainty-not-absence
NBA_2018,NBA,2018,5,5,2017-07-06,precise,draft-roster-status-unresolved,unresolved,brownst02,Sterling Brown,PHI,MIL,The Milwaukee Bucks traded $1.9M cash to the Philadelphia 76ers for Sterling Brown.,draft-year=2017;prior-dated-active-contract-unestablished;missing-signing-is-uncertainty-not-absence
NBA_2018,NBA,2018,278,0,2018-06-21,precise,draft-roster-status-unresolved,unresolved,doncilu01,Luka Dončić,ATL,DAL,The Atlanta Hawks traded Luka Dončić to the Dallas Mavericks for Trae Young and a 2019 1st round draft pick (Cam Reddish was later selected). (2019 1st-rd pick is top-5 protected.),draft-year=2018;prior-dated-active-contract-unestablished;missing-signing-is-uncertainty-not-absence
NBA_2018,NBA,2018,278,0,2018-06-21,precise,draft-roster-status-unresolved,unresolved,youngtr01,Trae Young,DAL,ATL,The Atlanta Hawks traded Luka Dončić to the Dallas Mavericks for Trae Young and a 2019 1st round draft pick (Cam Reddish was later selected). (2019 1st-rd pick is top-5 protected.),draft-year=2018;prior-dated-active-contract-unestablished;missing-signing-is-uncertainty-not-absence
NBA_2018,NBA,2018,278,1,2018-06-21,precise,draft-roster-status-unresolved,unresolved,bridgmi01,Mikal Bridges,PHI,PHO,The Philadelphia 76ers traded Mikal Bridges to the Phoenix Suns for Zhaire Smith and a 2021 1st round draft pick (Tre Mann was later selected). 2021 1st-rd pick is MIA own,draft-year=2018;prior-dated-active-contract-unestablished;missing-signing-is-uncertainty-not-absence
NBA_2018,NBA,2018,278,1,2018-06-21,precise,draft-roster-status-unresolved,unresolved,smithzh01,Zhaire Smith,PHO,PHI,The Philadelphia 76ers traded Mikal Bridges to the Phoenix Suns for Zhaire Smith and a 2021 1st round draft pick (Tre Mann was later selected). 2021 1st-rd pick is MIA own,draft-year=2018;prior-dated-active-contract-unestablished;missing-signing-is-uncertainty-not-absence
NBA_2018,NBA,2018,278,2,2018-06-21,precise,draft-roster-status-unresolved,unresolved,grahade01,Devonte' Graham,ATL,CHO,The Atlanta Hawks traded Devonte' Graham to the Charlotte Hornets for a 2019 2nd round draft pick (Bol Bol was later selected) and a 2023 2nd round draft pick (Colby Jones was later selected).,draft-year=2018;prior-dated-active-contract-unestablished;missing-signing-is-uncertainty-not-absence
NBA_2018,NBA,2018,278,3,2018-06-21,precise,draft-roster-status-unresolved,unresolved,gilgesh01,Shai Gilgeous-Alexander,CHO,LAC,"The Charlotte Hornets traded Shai Gilgeous-Alexander to the Los Angeles Clippers for Miles Bridges, a 2020 2nd round draft pick (Vernon Carey Jr. was later selected) and a 2021 2nd round draft pick (Scottie Lewis was later selected). (CHO's 2020 2nd-rd pick from LAC is CLE's pick.)",draft-year=2018;prior-dated-active-contract-unestablished;missing-signing-is-uncertainty-not-absence
NBA_2018,NBA,2018,278,3,2018-06-21,precise,draft-roster-status-unresolved,unresolved,bridgmi02,Miles Bridges,LAC,CHO,"The Charlotte Hornets traded Shai Gilgeous-Alexander to the Los Angeles Clippers for Miles Bridges, a 2020 2nd round draft pick (Vernon Carey Jr. was later selected) and a 2021 2nd round draft pick (Scottie Lewis was later selected). (CHO's 2020 2nd-rd pick from LAC is CLE's pick.)",draft-year=2018;prior-dated-active-contract-unestablished;missing-signing-is-uncertainty-not-absence
NBA_2018,NBA,2018,278,4,2018-06-21,precise,draft-roster-status-unresolved,unresolved,miltosh01,Shake Milton,DAL,PHI,The Dallas Mavericks traded Shake Milton to the Philadelphia 76ers for Kostas Antetokounmpo and Ray Spalding.,draft-year=2018;prior-dated-active-contract-unestablished;missing-signing-is-uncertainty-not-absence
NBA_2018,NBA,2018,278,4,2018-06-21,precise,draft-roster-status-unresolved,unresolved,antetko01,Kostas Antetokounmpo,PHI,DAL,The Dallas Mavericks traded Shake Milton to the Philadelphia 76ers for Kostas Antetokounmpo and Ray Spalding.,draft-year=2018;prior-dated-active-contract-unestablished;missing-signing-is-uncertainty-not-absence
NBA_2018,NBA,2018,278,4,2018-06-21,precise,draft-roster-status-unresolved,unresolved,spaldra01,Ray Spalding,PHI,DAL,The Dallas Mavericks traded Shake Milton to the Philadelphia 76ers for Kostas Antetokounmpo and Ray Spalding.,draft-year=2018;prior-dated-active-contract-unestablished;missing-signing-is-uncertainty-not-absence
NBA_2018,NBA,2018,278,5,2018-06-21,precise,draft-roster-status-unresolved,unresolved,jacksju02,Justin Jackson,DEN,ORL,"The Denver Nuggets traded Justin Jackson and a 2019 2nd round draft pick (Cody Martin was later selected) to the Orlando Magic for Jarred Vanderbilt. (DEN 2019 2nd-rd pick would be sent to MIL if it falls between 56-60, in which case ORL would receive WAS 2nd-rd pick.)",draft-year=2018;prior-dated-active-contract-unestablished;missing-signing-is-uncertainty-not-absence
NBA_2018,NBA,2018,278,5,2018-06-21,precise,draft-roster-status-unresolved,unresolved,vandeja01,Jarred Vanderbilt,ORL,DEN,"The Denver Nuggets traded Justin Jackson and a 2019 2nd round draft pick (Cody Martin was later selected) to the Orlando Magic for Jarred Vanderbilt. (DEN 2019 2nd-rd pick would be sent to MIL if it falls between 56-60, in which case ORL would receive WAS 2nd-rd pick.)",draft-year=2018;prior-dated-active-contract-unestablished;missing-signing-is-uncertainty-not-absence
NBA_2018,NBA,2018,278,6,2018-06-21,precise,draft-roster-status-unresolved,unresolved,thomakh01,Khyri Thomas,PHI,DET,The Detroit Pistons traded a 2021 2nd round draft pick (Jeremiah Robinson-Earl was later selected) and a 2023 2nd round draft pick (James Nnaji was later selected) to the Philadelphia 76ers for Khyri Thomas.,draft-year=2018;prior-dated-active-contract-unestablished;missing-signing-is-uncertainty-not-absence
NBA_2018,NBA,2018,278,7,2018-06-21,precise,draft-roster-status-unresolved,unresolved,trentga02,Gary Trent Jr.,SAC,POR,"The Portland Trail Blazers traded cash, a 2019 2nd round draft pick (Justin James was later selected) and a 2021 2nd round draft pick (Sharife Cooper was later selected) to the Sacramento Kings for Gary Trent Jr.. (2019 2nd-rd pick is from either MIN or LAL, whichever is more favorable.) 2021 2nd-rd pick is MIA own $1.5MM",draft-year=2018;prior-dated-active-contract-unestablished;missing-signing-is-uncertainty-not-absence
NBA_2018,NBA,2018,279,0,2018-06-22,precise,draft-roster-status-unresolved,unresolved,edwarvi01,Vince Edwards,UTA,HOU,The Houston Rockets traded cash to the Utah Jazz for Vince Edwards.,draft-year=2018;prior-dated-active-contract-unestablished;missing-signing-is-uncertainty-not-absence
NBA_2019,NBA,2019,5,0,2018-07-06,precise,draft-roster-status-unresolved,unresolved,diallha01,Hamidou Diallo,BRK,CHO,"The Brooklyn Nets traded Hamidou Diallo, Timofey Mozgov, cash and a 2021 2nd round draft pick (Balša Koprivica was later selected) to the Charlotte Hornets for Dwight Howard. $5MM",draft-year=2018;prior-dated-active-contract-unestablished;missing-signing-is-uncertainty-not-absence
NBA_2019,NBA,2019,5,1,2018-07-06,precise,draft-roster-status-unresolved,unresolved,diallha01,Hamidou Diallo,CHO,OKC,"The Charlotte Hornets traded Hamidou Diallo to the Oklahoma City Thunder for cash and a 2019 2nd round draft pick (Jalen McDaniels was later selected). $243,000",draft-year=2018;prior-dated-active-contract-unestablished;missing-signing-is-uncertainty-not-absence
NBA_2019,NBA,2019,5,2,2018-07-06,precise,draft-roster-status-unresolved,unresolved,bongais01,Isaac Bonga,PHI,LAL,The Los Angeles Lakers traded cash and a 2019 2nd round draft pick (Bruno Fernando was later selected) to the Philadelphia 76ers for Isaac Bonga. (2019 2nd-rd pick is CHI's pick.) $1.5MM,draft-year=2018;prior-dated-active-contract-unestablished;missing-signing-is-uncertainty-not-absence
NBA_2019,NBA,2019,50,3,2018-08-31,precise,draft-roster-status-unresolved,unresolved,meltode01,De'Anthony Melton,HOU,PHO,The Houston Rockets traded Ryan Anderson and De'Anthony Melton to the Phoenix Suns for Marquese Chriss and Brandon Knight.,draft-year=2018;prior-dated-active-contract-unestablished;missing-signing-is-uncertainty-not-absence
NBA_2019,NBA,2019,273,1,2019-06-20,precise,draft-roster-status-unresolved,unresolved,porteke02,Kevin Porter Jr.,MIL,DET,The Detroit Pistons traded Jon Leuer to the Milwaukee Bucks for Kevin Porter Jr. and Tony Snell.,draft-year=2019;prior-dated-active-contract-unestablished;missing-signing-is-uncertainty-not-absence
NBA_2019,NBA,2019,273,2,2019-06-20,precise,draft-roster-status-unresolved,unresolved,smailal01,Alen Smailagić,NOP,GSW,"The Golden State Warriors traded cash, a 2021 2nd round draft pick (David Johnson was later selected) and a 2023 2nd round draft pick (Emoni Bates was later selected) to the New Orleans Pelicans for Alen Smailagić. $1MM",draft-year=2019;prior-dated-active-contract-unestablished;missing-signing-is-uncertainty-not-absence
NBA_2019,NBA,2019,273,3,2019-06-20,precise,draft-roster-status-unresolved,unresolved,hortota01,Talen Horton-Tucker,ORL,LAL,The Los Angeles Lakers traded cash and a 2020 2nd round draft pick (Paul Reed was later selected) to the Orlando Magic for Talen Horton-Tucker. $2.2MM,draft-year=2019;prior-dated-active-contract-unestablished;missing-signing-is-uncertainty-not-absence
NBA_2019,NBA,2019,274,0,2019-06-21,precise,draft-roster-status-unresolved,unresolved,bolbo01,Bol Bol,MIA,DEN,"The Denver Nuggets traded cash and a 2022 2nd round draft pick to the Miami Heat for Bol Bol. $1.2MM 2022 2nd-rd pick is least favorable of DEN and PHI, forfeited as of 12/01/21",draft-year=2019;prior-dated-active-contract-unestablished;missing-signing-is-uncertainty-not-absence
NBA_2019,NBA,2019,274,1,2019-06-21,precise,draft-roster-status-unresolved,unresolved,thybuma01,Matisse Thybulle,BOS,PHI,The Boston Celtics traded Matisse Thybulle to the Philadelphia 76ers for Carsen Edwards and Ty Jerome.,draft-year=2019;prior-dated-active-contract-unestablished;missing-signing-is-uncertainty-not-absence
NBA_2019,NBA,2019,274,1,2019-06-21,precise,draft-roster-status-unresolved,unresolved,edwarca01,Carsen Edwards,PHI,BOS,The Boston Celtics traded Matisse Thybulle to the Philadelphia 76ers for Carsen Edwards and Ty Jerome.,draft-year=2019;prior-dated-active-contract-unestablished;missing-signing-is-uncertainty-not-absence
NBA_2019,NBA,2019,274,1,2019-06-21,precise,draft-roster-status-unresolved,unresolved,jeromty01,Ty Jerome,PHI,BOS,The Boston Celtics traded Matisse Thybulle to the Philadelphia 76ers for Carsen Edwards and Ty Jerome.,draft-year=2019;prior-dated-active-contract-unestablished;missing-signing-is-uncertainty-not-absence
NBA_2019,NBA,2019,274,2,2019-06-21,precise,draft-roster-status-unresolved,unresolved,kabenmf01,Mfiondu Kabengele,BRK,LAC,The Brooklyn Nets traded Mfiondu Kabengele to the Los Angeles Clippers for Jaylen Hands and a 2020 1st round draft pick (Saddiq Bey was later selected).,draft-year=2019;prior-dated-active-contract-unestablished;missing-signing-is-uncertainty-not-absence
NBA_2019,NBA,2019,274,2,2019-06-21,precise,draft-roster-status-unresolved,unresolved,handsja01,Jaylen Hands,LAC,BRK,The Brooklyn Nets traded Mfiondu Kabengele to the Los Angeles Clippers for Jaylen Hands and a 2020 1st round draft pick (Saddiq Bey was later selected).,draft-year=2019;prior-dated-active-contract-unestablished;missing-signing-is-uncertainty-not-absence
NBA_2019,NBA,2019,274,3,2019-06-21,precise,draft-roster-status-unresolved,unresolved,brantja01,Jarrell Brantley,IND,UTA,The Indiana Pacers traded Jarrell Brantley to the Utah Jazz for cash and a 2021 2nd round draft pick (Georgios Kalaitzakis was later selected). $1MM,draft-year=2019;prior-dated-active-contract-unestablished;missing-signing-is-uncertainty-not-absence
NBA_2019,NBA,2019,274,4,2019-06-21,precise,draft-roster-status-unresolved,unresolved,guyky01,Kyle Guy,NYK,SAC,The New York Knicks traded Kyle Guy and cash to the Sacramento Kings for Ignas Brazdeikis. $1MM,draft-year=2019;prior-dated-active-contract-unestablished;missing-signing-is-uncertainty-not-absence
NBA_2019,NBA,2019,274,4,2019-06-21,precise,draft-roster-status-unresolved,unresolved,brazdig01,Ignas Brazdeikis,SAC,NYK,The New York Knicks traded Kyle Guy and cash to the Sacramento Kings for Ignas Brazdeikis. $1MM,draft-year=2019;prior-dated-active-contract-unestablished;missing-signing-is-uncertainty-not-absence
NBA_2019,NBA,2019,274,5,2019-06-21,precise,draft-roster-status-unresolved,unresolved,onimi01,Miye Oni,GSW,UTA,The Golden State Warriors traded Miye Oni to the Utah Jazz for cash. $2MM,draft-year=2019;prior-dated-active-contract-unestablished;missing-signing-is-uncertainty-not-absence
NBA_2019,NBA,2019,274,6,2019-06-21,precise,draft-roster-status-unresolved,unresolved,schofad01,Admiral Schofield,PHI,WAS,The Philadelphia 76ers traded Admiral Schofield and Jonathon Simmons to the Washington Wizards for cash. $2MM,draft-year=2019;prior-dated-active-contract-unestablished;missing-signing-is-uncertainty-not-absence
NBA_2019,NBA,2019,276,0,2019-06-26,precise,draft-roster-status-unresolved,unresolved,porteke02,Kevin Porter Jr.,DET,CLE,"The Cleveland Cavaliers traded cash, a 2020 2nd round draft pick (Justinian Jessup was later selected), a 2021 2nd round draft pick (Brandon Boston Jr. was later selected), a 2023 2nd round draft pick (Julian Phillips was later selected) and a 2024 2nd round draft pick to the Detroit Pistons for Kevin Porter Jr.. (Pick is UTA's 2020 second-round pick) 2021 2nd-rd pick is POR own 2023 2nd-rd pick was POR own (Pick was MIA 2024 second-round pick, top-55 protected. Did not convey) $5MM",draft-year=2019;prior-dated-active-contract-unestablished;missing-signing-is-uncertainty-not-absence
NBA_2019,NBA,2019,276,1,2019-06-26,precise,draft-roster-status-unresolved,unresolved,sirvyde01,Deividas Sirvydis,DAL,DET,"The Dallas Mavericks traded Deividas Sirvydis to the Detroit Pistons for Isaiah Roby, a 2020 2nd round draft pick (Justinian Jessup was later selected) and a 2021 2nd round draft pick (Brandon Boston Jr. was later selected). (Pick is UTA's 2020 second-round pick) 2021 2nd-rd pick is POR own",draft-year=2019;prior-dated-active-contract-unestablished;missing-signing-is-uncertainty-not-absence
NBA_2019,NBA,2019,276,1,2019-06-26,precise,draft-roster-status-unresolved,unresolved,robyis01,Isaiah Roby,DET,DAL,"The Dallas Mavericks traded Deividas Sirvydis to the Detroit Pistons for Isaiah Roby, a 2020 2nd round draft pick (Justinian Jessup was later selected) and a 2021 2nd round draft pick (Brandon Boston Jr. was later selected). (Pick is UTA's 2020 second-round pick) 2021 2nd-rd pick is POR own",draft-year=2019;prior-dated-active-contract-unestablished;missing-signing-is-uncertainty-not-absence
NBA_2020,NBA,2020,5,8,2019-07-06,precise,draft-roster-status-unresolved,unresolved,okpalkz01,KZ Okpala,PHO,MIA,"In a 3-team trade, the Indiana Pacers traded cash to the Phoenix Suns; the Miami Heat traded a 2022 2nd round draft pick (Luke Travers was later selected), a 2025 2nd round draft pick (Koby Brea was later selected) and a 2026 2nd round draft pick (Maliq Brown was later selected) to the Indiana Pacers; the Phoenix Suns traded T.J. Warren to the Indiana Pacers; and the Phoenix Suns traded KZ Okpala to the Miami Heat. 2025 2nd-rd pick is MIA own 2026 2nd-rd pick was MIA own $1.1MM",draft-year=2019;prior-dated-active-contract-unestablished;missing-signing-is-uncertainty-not-absence
NBA_2020,NBA,2020,5,9,2019-07-06,precise,draft-roster-status-unresolved,unresolved,alexani01,Nickeil Alexander-Walker,BRK,ATL,"The Atlanta Hawks traded Taurean Prince and a 2021 2nd round draft pick (Marcus Zegarowski was later selected) to the Brooklyn Nets for Nickeil Alexander-Walker, Allen Crabbe and a 2020 1st round draft pick (Aleksej Pokusevski was later selected).",draft-year=2019;prior-dated-active-contract-unestablished;missing-signing-is-uncertainty-not-absence
NBA_2020,NBA,2020,5,10,2019-07-06,precise,draft-roster-status-unresolved,unresolved,bazleda01,Darius Bazley,UTA,MEM,"The Memphis Grizzlies traded Mike Conley to the Utah Jazz for Grayson Allen, Darius Bazley, Jae Crowder, Kyle Korver and a 2022 1st round draft pick (Walker Kessler was later selected). conditional pick protected in 2020 and 2021, conveyed 2022",draft-year=2019;prior-dated-active-contract-unestablished;missing-signing-is-uncertainty-not-absence
NBA_2020,NBA,2020,5,11,2019-07-06,precise,draft-roster-status-unresolved,unresolved,johnsca02,Cameron Johnson,MIN,PHO,The Minnesota Timberwolves traded Cameron Johnson and Dario Šarić to the Phoenix Suns for Jarrett Culver.,draft-year=2019;prior-dated-active-contract-unestablished;missing-signing-is-uncertainty-not-absence
NBA_2020,NBA,2020,5,11,2019-07-06,precise,draft-roster-status-unresolved,unresolved,culveja01,Jarrett Culver,PHO,MIN,The Minnesota Timberwolves traded Cameron Johnson and Dario Šarić to the Phoenix Suns for Jarrett Culver.,draft-year=2019;prior-dated-active-contract-unestablished;missing-signing-is-uncertainty-not-absence
NBA_2020,NBA,2020,5,12,2019-07-06,precise,draft-roster-status-unresolved,unresolved,jeromty01,Ty Jerome,BOS,PHO,The Boston Celtics traded Aron Baynes and Ty Jerome to the Phoenix Suns for a 2020 1st round draft pick (Desmond Bane was later selected). (top-7 protected),draft-year=2019;prior-dated-active-contract-unestablished;missing-signing-is-uncertainty-not-absence
NBA_2020,NBA,2020,5,22,2019-07-06,precise,draft-roster-status-unresolved,unresolved,huntede01,De'Andre Hunter,LAL,NOP,"In a 3-team trade, the Los Angeles Lakers traded Lonzo Ball, Josh Hart, De'Andre Hunter, Brandon Ingram, cash, a 2022 1st round draft pick (Dyson Daniels was later selected), a 2023 1st round draft pick and a 2025 1st round draft pick (Drake Powell was later selected) to the New Orleans Pelicans; the Los Angeles Lakers traded Isaac Bonga, Jemerrio Jones, Moritz Wagner and a 2022 2nd round draft pick (Kennedy Chandler was later selected) to the Washington Wizards; the New Orleans Pelicans traded Anthony Davis to the Los Angeles Lakers; and the Washington Wizards traded cash to the New Orleans Pelicans. (9-30 protected, unprotected in 2022) 2023 first-round pick was right to swap with LAL NOP exercised option to defer 2024 first-round pick to 2025. $1MM $1.1MM 2022 2nd-rd pick is LAL own",draft-year=2019;prior-dated-active-contract-unestablished;missing-signing-is-uncertainty-not-absence
NBA_2020,NBA,2020,5,23,2019-07-06,precise,draft-roster-status-unresolved,unresolved,bazleda01,Darius Bazley,MEM,OKC,The Memphis Grizzlies traded Darius Bazley and a 2024 2nd round draft pick (Bobi Klintman was later selected) to the Oklahoma City Thunder for Brandon Clarke.,draft-year=2019;prior-dated-active-contract-unestablished;missing-signing-is-uncertainty-not-absence
NBA_2020,NBA,2020,5,23,2019-07-06,precise,draft-roster-status-unresolved,unresolved,clarkbr01,Brandon Clarke,OKC,MEM,The Memphis Grizzlies traded Darius Bazley and a 2024 2nd round draft pick (Bobi Klintman was later selected) to the Oklahoma City Thunder for Brandon Clarke.,draft-year=2019;prior-dated-active-contract-unestablished;missing-signing-is-uncertainty-not-absence
NBA_2020,NBA,2020,6,7,2019-07-07,precise,draft-roster-status-unresolved,unresolved,alexani01,Nickeil Alexander-Walker,ATL,NOP,"The Atlanta Hawks traded Nickeil Alexander-Walker, Jaxson Hayes, Marcos Louzada Silva, a 2021 2nd round draft pick (Herbert Jones was later selected) and a 2022 2nd round draft pick (Vince Williams Jr. was later selected) to the New Orleans Pelicans for Jordan Bone, Solomon Hill, De'Andre Hunter and a 2023 2nd round draft pick (Seth Lundy was later selected). 2023 2nd-rd pick was 31-45 protected 2020 1st-rd pick did not convey, becomes two 2nd-rd picks in 2021 and 2022 2022 2nd-rd pick is CLE own",draft-year=2019;prior-dated-active-contract-unestablished;missing-signing-is-uncertainty-not-absence
NBA_2020,NBA,2020,6,7,2019-07-07,precise,draft-roster-status-unresolved,unresolved,hayesja02,Jaxson Hayes,ATL,NOP,"The Atlanta Hawks traded Nickeil Alexander-Walker, Jaxson Hayes, Marcos Louzada Silva, a 2021 2nd round draft pick (Herbert Jones was later selected) and a 2022 2nd round draft pick (Vince Williams Jr. was later selected) to the New Orleans Pelicans for Jordan Bone, Solomon Hill, De'Andre Hunter and a 2023 2nd round draft pick (Seth Lundy was later selected). 2023 2nd-rd pick was 31-45 protected 2020 1st-rd pick did not convey, becomes two 2nd-rd picks in 2021 and 2022 2022 2nd-rd pick is CLE own",draft-year=2019;prior-dated-active-contract-unestablished;missing-signing-is-uncertainty-not-absence
NBA_2020,NBA,2020,6,7,2019-07-07,precise,draft-roster-status-unresolved,unresolved,louzama01,Marcos Louzada Silva,ATL,NOP,"The Atlanta Hawks traded Nickeil Alexander-Walker, Jaxson Hayes, Marcos Louzada Silva, a 2021 2nd round draft pick (Herbert Jones was later selected) and a 2022 2nd round draft pick (Vince Williams Jr. was later selected) to the New Orleans Pelicans for Jordan Bone, Solomon Hill, De'Andre Hunter and a 2023 2nd round draft pick (Seth Lundy was later selected). 2023 2nd-rd pick was 31-45 protected 2020 1st-rd pick did not convey, becomes two 2nd-rd picks in 2021 and 2022 2022 2nd-rd pick is CLE own",draft-year=2019;prior-dated-active-contract-unestablished;missing-signing-is-uncertainty-not-absence
NBA_2020,NBA,2020,6,7,2019-07-07,precise,draft-roster-status-unresolved,unresolved,bonejo01,Jordan Bone,NOP,ATL,"The Atlanta Hawks traded Nickeil Alexander-Walker, Jaxson Hayes, Marcos Louzada Silva, a 2021 2nd round draft pick (Herbert Jones was later selected) and a 2022 2nd round draft pick (Vince Williams Jr. was later selected) to the New Orleans Pelicans for Jordan Bone, Solomon Hill, De'Andre Hunter and a 2023 2nd round draft pick (Seth Lundy was later selected). 2023 2nd-rd pick was 31-45 protected 2020 1st-rd pick did not convey, becomes two 2nd-rd picks in 2021 and 2022 2022 2nd-rd pick is CLE own",draft-year=2019;prior-dated-active-contract-unestablished;missing-signing-is-uncertainty-not-absence
NBA_2020,NBA,2020,6,7,2019-07-07,precise,draft-roster-status-unresolved,unresolved,huntede01,De'Andre Hunter,NOP,ATL,"The Atlanta Hawks traded Nickeil Alexander-Walker, Jaxson Hayes, Marcos Louzada Silva, a 2021 2nd round draft pick (Herbert Jones was later selected) and a 2022 2nd round draft pick (Vince Williams Jr. was later selected) to the New Orleans Pelicans for Jordan Bone, Solomon Hill, De'Andre Hunter and a 2023 2nd round draft pick (Seth Lundy was later selected). 2023 2nd-rd pick was 31-45 protected 2020 1st-rd pick did not convey, becomes two 2nd-rd picks in 2021 and 2022 2022 2nd-rd pick is CLE own",draft-year=2019;prior-dated-active-contract-unestablished;missing-signing-is-uncertainty-not-absence
NBA_2020,NBA,2020,6,8,2019-07-07,precise,draft-roster-status-unresolved,unresolved,bonejo01,Jordan Bone,ATL,PHI,"The Atlanta Hawks traded Jordan Bone, a 2020 2nd round draft pick (Théo Maledon was later selected) and a 2023 2nd round draft pick (Colby Jones was later selected) to the Philadelphia 76ers for Bruno Fernando. 2020 2nd-rd pick was 56-60 protected most favorable 2023 2nd-rd pick ended up as CHO own",draft-year=2019;prior-dated-active-contract-unestablished;missing-signing-is-uncertainty-not-absence
NBA_2020,NBA,2020,6,8,2019-07-07,precise,draft-roster-status-unresolved,unresolved,fernabr01,Bruno Fernando,PHI,ATL,"The Atlanta Hawks traded Jordan Bone, a 2020 2nd round draft pick (Théo Maledon was later selected) and a 2023 2nd round draft pick (Colby Jones was later selected) to the Philadelphia 76ers for Bruno Fernando. 2020 2nd-rd pick was 56-60 protected most favorable 2023 2nd-rd pick ended up as CHO own",draft-year=2019;prior-dated-active-contract-unestablished;missing-signing-is-uncertainty-not-absence
NBA_2020,NBA,2020,6,9,2019-07-07,precise,draft-roster-status-unresolved,unresolved,bonejo01,Jordan Bone,PHI,DET,The Detroit Pistons traded cash and a 2024 2nd round draft pick to the Philadelphia 76ers for Jordan Bone. (2024 second-round pick was MIA pick. Did not convey.) $2MM,draft-year=2019;prior-dated-active-contract-unestablished;missing-signing-is-uncertainty-not-absence
NBA_2021,NBA,2021,3,0,2020-11-18,precise,draft-roster-status-unresolved,unresolved,mcdanja02,Jaden McDaniels,LAL,OKC,The Los Angeles Lakers traded Danny Green and Jaden McDaniels to the Oklahoma City Thunder for Dennis Schroder.,draft-year=2020;prior-dated-active-contract-unestablished;missing-signing-is-uncertainty-not-absence
NBA_2021,NBA,2021,3,1,2020-11-18,precise,draft-roster-status-unresolved,unresolved,beyty01,Tyler Bey,PHI,DAL,The Dallas Mavericks traded Seth Curry to the Philadelphia 76ers for Tyler Bey and Josh Richardson. Philadelphia also received a trade exception from Dallas,draft-year=2020;prior-dated-active-contract-unestablished;missing-signing-is-uncertainty-not-absence
NBA_2021,NBA,2021,3,2,2020-11-18,precise,draft-roster-status-unresolved,unresolved,leesa01,Saben Lee,UTA,DET,The Detroit Pistons traded cash to the Utah Jazz for Tony Bradley and Saben Lee.,draft-year=2020;prior-dated-active-contract-unestablished;missing-signing-is-uncertainty-not-absence
NBA_2021,NBA,2021,4,0,2020-11-19,precise,draft-roster-status-unresolved,unresolved,richani01,Nick Richards,NOP,CHO,The Charlotte Hornets traded a 2024 2nd round draft pick (Tyler Kolek was later selected) to the New Orleans Pelicans for Nick Richards. 2024 2nd-rd pick is CHO own,draft-year=2020;prior-dated-active-contract-unestablished;missing-signing-is-uncertainty-not-absence
NBA_2021,NBA,2021,4,1,2020-11-19,precise,draft-roster-status-unresolved,unresolved,hugheel01,Elijah Hughes,NOP,UTA,The New Orleans Pelicans traded Elijah Hughes to the Utah Jazz for cash and a 2022 2nd round draft pick (Karlo Matković was later selected). 2022 2nd-rd pick is UTA own,draft-year=2020;prior-dated-active-contract-unestablished;missing-signing-is-uncertainty-not-absence
NBA_2021,NBA,2021,4,11,2020-11-19,precise,draft-roster-status-unresolved,unresolved,woodaro01,Robert Woodard,MEM,SAC,The Memphis Grizzlies traded Robert Woodard and a 2022 2nd round draft pick (Isaiah Mobley was later selected) to the Sacramento Kings for Xavier Tillman Sr.. 2022 2nd-rd pick is CHI own,draft-year=2020;prior-dated-active-contract-unestablished;missing-signing-is-uncertainty-not-absence
NBA_2021,NBA,2021,4,11,2020-11-19,precise,draft-roster-status-unresolved,unresolved,tillmxa01,Xavier Tillman Sr.,SAC,MEM,The Memphis Grizzlies traded Robert Woodard and a 2022 2nd round draft pick (Isaiah Mobley was later selected) to the Sacramento Kings for Xavier Tillman Sr.. 2022 2nd-rd pick is CHI own,draft-year=2020;prior-dated-active-contract-unestablished;missing-signing-is-uncertainty-not-absence
NBA_2021,NBA,2021,4,12,2020-11-19,precise,draft-roster-status-unresolved,unresolved,winstca01,Cassius Winston,OKC,WAS,The Oklahoma City Thunder traded Cassius Winston and a 2024 2nd round draft pick (Bobi Klintman was later selected) to the Washington Wizards for Vit Krejci and Admiral Schofield. 2024 2nd-rd pick is MEM own Washington received a trade exception from Oklahoma City,draft-year=2020;prior-dated-active-contract-unestablished;missing-signing-is-uncertainty-not-absence
NBA_2021,NBA,2021,4,12,2020-11-19,precise,draft-roster-status-unresolved,unresolved,krejcvi01,Vit Krejci,WAS,OKC,The Oklahoma City Thunder traded Cassius Winston and a 2024 2nd round draft pick (Bobi Klintman was later selected) to the Washington Wizards for Vit Krejci and Admiral Schofield. 2024 2nd-rd pick is MEM own Washington received a trade exception from Oklahoma City,draft-year=2020;prior-dated-active-contract-unestablished;missing-signing-is-uncertainty-not-absence
NBA_2021,NBA,2021,4,14,2020-11-19,precise,draft-roster-status-unresolved,unresolved,oturuda01,Daniel Oturu,MIN,LAC,The Los Angeles Clippers traded Mathias Lessort and a 2023 2nd round draft pick (James Nnaji was later selected) to the Minnesota Timberwolves for Daniel Oturu. 2023 2nd-rd pick was DET own,draft-year=2020;prior-dated-active-contract-unestablished;missing-signing-is-uncertainty-not-absence
NBA_2021,NBA,2021,4,28,2020-11-19,precise,draft-roster-status-unresolved,unresolved,beysa01,Saddiq Bey,BRK,DET,"In a 3-team trade, the Brooklyn Nets traded Saddiq Bey, Jaylen Hands, Dzanan Musa and a 2021 2nd round draft pick (JT Thor was later selected) to the Detroit Pistons; the Brooklyn Nets traded Jay Scrubb to the Los Angeles Clippers; the Detroit Pistons traded Bruce Brown to the Brooklyn Nets; the Detroit Pistons traded Luke Kennard, Justin Patton, a 2023 2nd round draft pick (Julian Phillips was later selected), a 2024 2nd round draft pick (Jonathan Mogbo was later selected), a 2025 2nd round draft pick (Bogoljub Markovic was later selected) and a 2026 2nd round draft pick (Jaron Pierre Jr. was later selected) to the Los Angeles Clippers; the Los Angeles Clippers traded Reggie Perry and Landry Shamet to the Brooklyn Nets; and the Los Angeles Clippers traded Rodney McGruder and cash to the Detroit Pistons. 2023 2nd-rd pick is POR own 2024 2nd-rd pick is DET own 2025 2nd-rd pick is DET's own 2026 2nd-rd pick was DET own 2021 2nd-rd pick is TOR own",draft-year=2020;prior-dated-active-contract-unestablished;missing-signing-is-uncertainty-not-absence
NBA_2021,NBA,2021,4,28,2020-11-19,precise,draft-roster-status-unresolved,unresolved,scrubja01,Jay Scrubb,BRK,LAC,"In a 3-team trade, the Brooklyn Nets traded Saddiq Bey, Jaylen Hands, Dzanan Musa and a 2021 2nd round draft pick (JT Thor was later selected) to the Detroit Pistons; the Brooklyn Nets traded Jay Scrubb to the Los Angeles Clippers; the Detroit Pistons traded Bruce Brown to the Brooklyn Nets; the Detroit Pistons traded Luke Kennard, Justin Patton, a 2023 2nd round draft pick (Julian Phillips was later selected), a 2024 2nd round draft pick (Jonathan Mogbo was later selected), a 2025 2nd round draft pick (Bogoljub Markovic was later selected) and a 2026 2nd round draft pick (Jaron Pierre Jr. was later selected) to the Los Angeles Clippers; the Los Angeles Clippers traded Reggie Perry and Landry Shamet to the Brooklyn Nets; and the Los Angeles Clippers traded Rodney McGruder and cash to the Detroit Pistons. 2023 2nd-rd pick is POR own 2024 2nd-rd pick is DET own 2025 2nd-rd pick is DET's own 2026 2nd-rd pick was DET own 2021 2nd-rd pick is TOR own",draft-year=2020;prior-dated-active-contract-unestablished;missing-signing-is-uncertainty-not-absence
NBA_2021,NBA,2021,4,28,2020-11-19,precise,draft-roster-status-unresolved,unresolved,perryre01,Reggie Perry,LAC,BRK,"In a 3-team trade, the Brooklyn Nets traded Saddiq Bey, Jaylen Hands, Dzanan Musa and a 2021 2nd round draft pick (JT Thor was later selected) to the Detroit Pistons; the Brooklyn Nets traded Jay Scrubb to the Los Angeles Clippers; the Detroit Pistons traded Bruce Brown to the Brooklyn Nets; the Detroit Pistons traded Luke Kennard, Justin Patton, a 2023 2nd round draft pick (Julian Phillips was later selected), a 2024 2nd round draft pick (Jonathan Mogbo was later selected), a 2025 2nd round draft pick (Bogoljub Markovic was later selected) and a 2026 2nd round draft pick (Jaron Pierre Jr. was later selected) to the Los Angeles Clippers; the Los Angeles Clippers traded Reggie Perry and Landry Shamet to the Brooklyn Nets; and the Los Angeles Clippers traded Rodney McGruder and cash to the Detroit Pistons. 2023 2nd-rd pick is POR own 2024 2nd-rd pick is DET own 2025 2nd-rd pick is DET's own 2026 2nd-rd pick was DET own 2021 2nd-rd pick is TOR own",draft-year=2020;prior-dated-active-contract-unestablished;missing-signing-is-uncertainty-not-absence
NBA_2021,NBA,2021,5,3,2020-11-20,precise,draft-roster-status-unresolved,unresolved,banede01,Desmond Bane,BOS,MEM,"In a 3-team trade, the Boston Celtics traded Desmond Bane to the Memphis Grizzlies; the Boston Celtics traded Enes Kanter to the Portland Trail Blazers; the Memphis Grizzlies traded a 2023 2nd round draft pick (Keyonte Johnson was later selected) and a 2025 2nd round draft pick (Kobe Sanders was later selected) to the Boston Celtics; the Memphis Grizzlies traded cash to the Portland Trail Blazers; and the Portland Trail Blazers traded Mario Hezonja to the Memphis Grizzlies. 2025 2nd-rd pick is MEM own",draft-year=2020;prior-dated-active-contract-unestablished;missing-signing-is-uncertainty-not-absence
NBA_2021,NBA,2021,5,4,2020-11-20,precise,draft-roster-status-unresolved,unresolved,pokusal01,Aleksej Pokusevski,MIN,OKC,"In a 3-team trade, the Minnesota Timberwolves traded Mathias Lessort and a 2023 2nd round draft pick (James Nnaji was later selected) to the New York Knicks; the Minnesota Timberwolves traded James Johnson, Aleksej Pokusevski and a 2024 2nd round draft pick (Kevin McCullar Jr. was later selected) to the Oklahoma City Thunder; the New York Knicks traded a 2020 1st round draft pick (Leandro Bolmaro was later selected) to the Minnesota Timberwolves; the Oklahoma City Thunder traded Jaden McDaniels and Ricky Rubio to the Minnesota Timberwolves; and the Oklahoma City Thunder traded Immanuel Quickley to the New York Knicks. 2023 2nd-rd pick was DET own 2024 2nd-rd pick is MIN own",draft-year=2020;prior-dated-active-contract-unestablished;missing-signing-is-uncertainty-not-absence
NBA_2021,NBA,2021,5,4,2020-11-20,precise,draft-roster-status-unresolved,unresolved,mcdanja02,Jaden McDaniels,OKC,MIN,"In a 3-team trade, the Minnesota Timberwolves traded Mathias Lessort and a 2023 2nd round draft pick (James Nnaji was later selected) to the New York Knicks; the Minnesota Timberwolves traded James Johnson, Aleksej Pokusevski and a 2024 2nd round draft pick (Kevin McCullar Jr. was later selected) to the Oklahoma City Thunder; the New York Knicks traded a 2020 1st round draft pick (Leandro Bolmaro was later selected) to the Minnesota Timberwolves; the Oklahoma City Thunder traded Jaden McDaniels and Ricky Rubio to the Minnesota Timberwolves; and the Oklahoma City Thunder traded Immanuel Quickley to the New York Knicks. 2023 2nd-rd pick was DET own 2024 2nd-rd pick is MIN own",draft-year=2020;prior-dated-active-contract-unestablished;missing-signing-is-uncertainty-not-absence
NBA_2021,NBA,2021,5,4,2020-11-20,precise,draft-roster-status-unresolved,unresolved,quickim01,Immanuel Quickley,OKC,NYK,"In a 3-team trade, the Minnesota Timberwolves traded Mathias Lessort and a 2023 2nd round draft pick (James Nnaji was later selected) to the New York Knicks; the Minnesota Timberwolves traded James Johnson, Aleksej Pokusevski and a 2024 2nd round draft pick (Kevin McCullar Jr. was later selected) to the Oklahoma City Thunder; the New York Knicks traded a 2020 1st round draft pick (Leandro Bolmaro was later selected) to the Minnesota Timberwolves; the Oklahoma City Thunder traded Jaden McDaniels and Ricky Rubio to the Minnesota Timberwolves; and the Oklahoma City Thunder traded Immanuel Quickley to the New York Knicks. 2023 2nd-rd pick was DET own 2024 2nd-rd pick is MIN own",draft-year=2020;prior-dated-active-contract-unestablished;missing-signing-is-uncertainty-not-absence
NBA_2021,NBA,2021,7,9,2020-11-22,precise,draft-roster-status-unresolved,unresolved,stewais01,Isaiah Stewart,POR,HOU,"The Houston Rockets traded Robert Covington to the Portland Trail Blazers for Trevor Ariza, Isaiah Stewart and a 2021 1st round draft pick (Usman Garuba was later selected). 2021 1rst-rd pick is lottery protected Portland received a trade exception.",draft-year=2020;prior-dated-active-contract-unestablished;missing-signing-is-uncertainty-not-absence
NBA_2021,NBA,2021,8,27,2020-11-23,precise,draft-roster-status-unresolved,unresolved,hamptrj01,R.J. Hampton,MIL,DEN,"In a 4-team trade, the Denver Nuggets traded a 2023 1st round draft pick (Nick Smith Jr. was later selected) to the Oklahoma City Thunder; the Milwaukee Bucks traded R.J. Hampton to the Denver Nuggets; the Milwaukee Bucks traded Eric Bledsoe, a 2024 1st round draft pick (Yves Missi was later selected), a 2025 1st round draft pick (Nolan Traoré was later selected), a 2026 1st round draft pick and a 2027 1st round draft pick to the New Orleans Pelicans; the Milwaukee Bucks traded George Hill to the Oklahoma City Thunder; the New Orleans Pelicans traded Jrue Holiday, Sam Merrill and a 2024 1st round draft pick (A.J. Johnson was later selected) to the Milwaukee Bucks; the New Orleans Pelicans traded Zylan Cheatham, Joshia Gray, Darius Miller, Kenrich Williams, a 2023 2nd round draft pick (Hunter Tyson was later selected) and a 2024 2nd round draft pick (Tyler Kolek was later selected) to the Oklahoma City Thunder; and the Oklahoma City Thunder traded Steven Adams to the New Orleans Pelicans. New Orleans acquires right to swap 2024 1st-rd pick with Milwaukee 2025 1st-rd pick is MIL own New Orleans acquired right to swap 2026 1st-rd pick with Milwaukee, did not convey 2027 1st-rd pick is MIL own 2023 top-14 protected 1st-rd pick was DEN own 2023 2nd-rd pick was WAS own 2024 2nd-rd pick is CHO own",draft-year=2020;prior-dated-active-contract-unestablished;missing-signing-is-uncertainty-not-absence
NBA_2021,NBA,2021,8,27,2020-11-23,precise,draft-roster-status-unresolved,unresolved,merrisa01,Sam Merrill,NOP,MIL,"In a 4-team trade, the Denver Nuggets traded a 2023 1st round draft pick (Nick Smith Jr. was later selected) to the Oklahoma City Thunder; the Milwaukee Bucks traded R.J. Hampton to the Denver Nuggets; the Milwaukee Bucks traded Eric Bledsoe, a 2024 1st round draft pick (Yves Missi was later selected), a 2025 1st round draft pick (Nolan Traoré was later selected), a 2026 1st round draft pick and a 2027 1st round draft pick to the New Orleans Pelicans; the Milwaukee Bucks traded George Hill to the Oklahoma City Thunder; the New Orleans Pelicans traded Jrue Holiday, Sam Merrill and a 2024 1st round draft pick (A.J. Johnson was later selected) to the Milwaukee Bucks; the New Orleans Pelicans traded Zylan Cheatham, Joshia Gray, Darius Miller, Kenrich Williams, a 2023 2nd round draft pick (Hunter Tyson was later selected) and a 2024 2nd round draft pick (Tyler Kolek was later selected) to the Oklahoma City Thunder; and the Oklahoma City Thunder traded Steven Adams to the New Orleans Pelicans. New Orleans acquires right to swap 2024 1st-rd pick with Milwaukee 2025 1st-rd pick is MIL own New Orleans acquired right to swap 2026 1st-rd pick with Milwaukee, did not convey 2027 1st-rd pick is MIL own 2023 top-14 protected 1st-rd pick was DEN own 2023 2nd-rd pick was WAS own 2024 2nd-rd pick is CHO own",draft-year=2020;prior-dated-active-contract-unestablished;missing-signing-is-uncertainty-not-absence
NBA_2021,NBA,2021,9,7,2020-11-24,precise,draft-roster-status-unresolved,unresolved,stewais01,Isaiah Stewart,HOU,DET,"The Detroit Pistons traded Christian Wood, a 2021 2nd round draft pick (Luka Garza was later selected) and a 2025 1st round draft pick (Joan Beringer was later selected) to the Houston Rockets for Trevor Ariza, Isaiah Stewart, cash and a 2027 2nd round draft pick. 1st-rd pick did not convey in 2021 or 2022, remains protected in 2023, 2024 2021 2nd-rd pick is LAL own 2027 2nd-rd pick is HOU own",draft-year=2020;prior-dated-active-contract-unestablished;missing-signing-is-uncertainty-not-absence
NBA_2021,NBA,2021,10,7,2020-11-25,precise,draft-roster-status-unresolved,unresolved,martike04,Kenyon Martin Jr.,SAC,HOU,The Houston Rockets traded cash and a 2021 2nd round draft pick (Luka Garza was later selected) to the Sacramento Kings for Kenyon Martin Jr.. 2021 2nd-rd pick is LAL own,draft-year=2020;prior-dated-active-contract-unestablished;missing-signing-is-uncertainty-not-absence
NBA_2021,NBA,2021,23,1,2020-12-08,precise,draft-roster-status-unresolved,unresolved,maledth01,Théo Maledon,PHI,OKC,"The Oklahoma City Thunder traded Terrance Ferguson, Danny Green and Vincent Poirier to the Philadelphia 76ers for Al Horford, Théo Maledon, Vasilije Micić and a 2026 1st round draft pick (Ebuka Okorie was later selected). 2025 1st-rd pick (PHI own) was top-6 protected, did not convey, became 2026 1st-rd pick (PHI own) which was top-4 protected and conveyed Philadelphia received a trade exception from Oklahoma City",draft-year=2020;prior-dated-active-contract-unestablished;missing-signing-is-uncertainty-not-absence
NBA_2022,NBA,2022,4,0,2021-07-29,precise,draft-roster-status-unresolved,unresolved,prestja01,Jason Preston,ORL,LAC,The Los Angeles Clippers traded cash and a 2026 2nd round draft pick (Jaron Pierre Jr. was later selected) to the Orlando Magic for Jason Preston. 2026 2nd-rd pick was DET own,draft-year=2021;prior-dated-active-contract-unestablished;missing-signing-is-uncertainty-not-absence
NBA_2022,NBA,2022,5,2,2021-07-30,precise,draft-roster-status-unresolved,unresolved,kalaige01,Georgios Kalaitzakis,IND,MIL,"The Indiana Pacers traded Georgios Kalaitzakis, Sandro Mamukelashvili, a 2024 2nd round draft pick (Cam Christie was later selected) and a 2026 2nd round draft pick (Richie Saunders was later selected) to the Milwaukee Bucks for Isaiah Todd. 2024 2nd-rd pick is more favorable 2026 2nd-rd pick was more favorable of IND and MIA, became IND 2026 2nd-rd pick",draft-year=2021;prior-dated-active-contract-unestablished;missing-signing-is-uncertainty-not-absence
NBA_2022,NBA,2022,5,2,2021-07-30,precise,draft-roster-status-unresolved,unresolved,mamuksa01,Sandro Mamukelashvili,IND,MIL,"The Indiana Pacers traded Georgios Kalaitzakis, Sandro Mamukelashvili, a 2024 2nd round draft pick (Cam Christie was later selected) and a 2026 2nd round draft pick (Richie Saunders was later selected) to the Milwaukee Bucks for Isaiah Todd. 2024 2nd-rd pick is more favorable 2026 2nd-rd pick was more favorable of IND and MIA, became IND 2026 2nd-rd pick",draft-year=2021;prior-dated-active-contract-unestablished;missing-signing-is-uncertainty-not-absence
NBA_2022,NBA,2022,5,2,2021-07-30,precise,draft-roster-status-unresolved,unresolved,toddis01,Isaiah Todd,MIL,IND,"The Indiana Pacers traded Georgios Kalaitzakis, Sandro Mamukelashvili, a 2024 2nd round draft pick (Cam Christie was later selected) and a 2026 2nd round draft pick (Richie Saunders was later selected) to the Milwaukee Bucks for Isaiah Todd. 2024 2nd-rd pick is more favorable 2026 2nd-rd pick was more favorable of IND and MIA, became IND 2026 2nd-rd pick",draft-year=2021;prior-dated-active-contract-unestablished;missing-signing-is-uncertainty-not-absence
NBA_2022,NBA,2022,5,3,2021-07-30,precise,draft-roster-status-unresolved,unresolved,joneska01,Kai Jones,NYK,CHO,"The Charlotte Hornets traded a 2026 2nd round draft pick (Emanuel Sharp was later selected) and a 2027 2nd round draft pick to the New York Knicks for Kai Jones. 1st-rd pick (CHO own) was protected 2022-25, did not convey and became 2026 and 2027 CHO 2nd-rd picks",draft-year=2021;prior-dated-active-contract-unestablished;missing-signing-is-uncertainty-not-absence
NBA_2022,NBA,2022,5,4,2021-07-30,precise,draft-roster-status-unresolved,unresolved,grimequ01,Quentin Grimes,LAC,NYK,The Los Angeles Clippers traded Quentin Grimes and a 2024 2nd round draft pick (Jonathan Mogbo was later selected) to the New York Knicks for Keon Johnson. 2024 2nd-rd pick is DET own,draft-year=2021;prior-dated-active-contract-unestablished;missing-signing-is-uncertainty-not-absence
NBA_2022,NBA,2022,5,4,2021-07-30,precise,draft-roster-status-unresolved,unresolved,johnske07,Keon Johnson,NYK,LAC,The Los Angeles Clippers traded Quentin Grimes and a 2024 2nd round draft pick (Jonathan Mogbo was later selected) to the New York Knicks for Keon Johnson. 2024 2nd-rd pick is DET own,draft-year=2021;prior-dated-active-contract-unestablished;missing-signing-is-uncertainty-not-absence
NBA_2022,NBA,2022,5,5,2021-07-30,precise,draft-roster-status-unresolved,unresolved,robinje02,Jeremiah Robinson-Earl,NYK,OKC,The New York Knicks traded Jeremiah Robinson-Earl to the Oklahoma City Thunder for Rokas Jokubaitis and Miles McBride.,draft-year=2021;prior-dated-active-contract-unestablished;missing-signing-is-uncertainty-not-absence
NBA_2022,NBA,2022,5,5,2021-07-30,precise,draft-roster-status-unresolved,unresolved,jokubro01,Rokas Jokubaitis,OKC,NYK,The New York Knicks traded Jeremiah Robinson-Earl to the Oklahoma City Thunder for Rokas Jokubaitis and Miles McBride.,draft-year=2021;prior-dated-active-contract-unestablished;missing-signing-is-uncertainty-not-absence
NBA_2022,NBA,2022,5,5,2021-07-30,precise,draft-roster-status-unresolved,unresolved,mcbrimi01,Miles McBride,OKC,NYK,The New York Knicks traded Jeremiah Robinson-Earl to the Oklahoma City Thunder for Rokas Jokubaitis and Miles McBride.,draft-year=2021;prior-dated-active-contract-unestablished;missing-signing-is-uncertainty-not-absence
NBA_2022,NBA,2022,5,6,2021-07-30,precise,draft-roster-status-unresolved,unresolved,sengual01,Alperen Şengün,OKC,HOU,"The Houston Rockets traded a 2025 1st round draft pick (Joan Beringer was later selected), a 2026 2nd round draft pick (Bruce Thornton was later selected) and a 2027 2nd round draft pick to the Oklahoma City Thunder for Alperen Şengün. 2022 conditional 1st-rd pick was DET own, did not convey; became 2025 1st-rd pick 1st-rd pick was protected 2023-26, did not convey and became 2026 and 2027 WAS 2nd-rd picks",draft-year=2021;prior-dated-active-contract-unestablished;missing-signing-is-uncertainty-not-absence
NBA_2022,NBA,2022,5,7,2021-07-30,precise,draft-roster-status-unresolved,unresolved,browngr01,Greg Brown III,NOP,POR,The New Orleans Pelicans traded Greg Brown III to the Portland Trail Blazers for cash and a 2026 2nd round draft pick (Ja'Kobi Gillespie was later selected). 2026 2nd-rd pick was POR own,draft-year=2021;prior-dated-active-contract-unestablished;missing-signing-is-uncertainty-not-absence
NBA_2022,NBA,2022,12,0,2021-08-06,precise,draft-roster-status-unresolved,unresolved,sharpda01,Day'Ron Sharpe,PHO,BRK,The Brooklyn Nets traded Landry Shamet to the Phoenix Suns for Jevon Carter and Day'Ron Sharpe. Brooklyn received a trade exception.,draft-year=2021;prior-dated-active-contract-unestablished;missing-signing-is-uncertainty-not-absence
NBA_2022,NBA,2022,12,9,2021-08-06,precise,draft-roster-status-unresolved,unresolved,toddis01,Isaiah Todd,IND,WAS,"In a 5-team trade, the Brooklyn Nets traded Spencer Dinwiddie and a 2025 2nd round draft pick (Javon Small was later selected) to the Washington Wizards; the Indiana Pacers traded Aaron Holiday and Isaiah Todd to the Washington Wizards; the Los Angeles Lakers traded Isaiah Jackson to the Indiana Pacers; the Los Angeles Lakers traded Kentavious Caldwell-Pope, Montrezl Harrell and Kyle Kuzma to the Washington Wizards; the San Antonio Spurs traded Nikola Milutinov to the Brooklyn Nets; the Washington Wizards traded a 2024 2nd round draft pick (Kyle Filipowski was later selected) and a 2025 2nd round draft pick (Noah Penda was later selected) to the Brooklyn Nets; the Washington Wizards traded Russell Westbrook, a 2023 2nd round draft pick (Tristan Vukcevic was later selected), a 2024 2nd round draft pick (Bobi Klintman was later selected) and a 2028 2nd round draft pick to the Los Angeles Lakers; and the Washington Wizards traded Chandler Hutchison and a 2022 2nd round draft pick (Christian Koloko was later selected) to the San Antonio Spurs. 2023 conditional 2nd-rd pick was CHI own 2024 2nd-rd pick is least favorable 2028 2nd-rd pick is WAS own 2024 2nd-rd pick is more favorable swap 2022 2nd-rd more favorable of CHI/LAL/DET Indiana received a trade exception. Brooklyn received a trade exception.",draft-year=2021;prior-dated-active-contract-unestablished;missing-signing-is-uncertainty-not-absence
NBA_2022,NBA,2022,12,9,2021-08-06,precise,draft-roster-status-unresolved,unresolved,jacksis01,Isaiah Jackson,LAL,IND,"In a 5-team trade, the Brooklyn Nets traded Spencer Dinwiddie and a 2025 2nd round draft pick (Javon Small was later selected) to the Washington Wizards; the Indiana Pacers traded Aaron Holiday and Isaiah Todd to the Washington Wizards; the Los Angeles Lakers traded Isaiah Jackson to the Indiana Pacers; the Los Angeles Lakers traded Kentavious Caldwell-Pope, Montrezl Harrell and Kyle Kuzma to the Washington Wizards; the San Antonio Spurs traded Nikola Milutinov to the Brooklyn Nets; the Washington Wizards traded a 2024 2nd round draft pick (Kyle Filipowski was later selected) and a 2025 2nd round draft pick (Noah Penda was later selected) to the Brooklyn Nets; the Washington Wizards traded Russell Westbrook, a 2023 2nd round draft pick (Tristan Vukcevic was later selected), a 2024 2nd round draft pick (Bobi Klintman was later selected) and a 2028 2nd round draft pick to the Los Angeles Lakers; and the Washington Wizards traded Chandler Hutchison and a 2022 2nd round draft pick (Christian Koloko was later selected) to the San Antonio Spurs. 2023 conditional 2nd-rd pick was CHI own 2024 2nd-rd pick is least favorable 2028 2nd-rd pick is WAS own 2024 2nd-rd pick is more favorable swap 2022 2nd-rd more favorable of CHI/LAL/DET Indiana received a trade exception. Brooklyn received a trade exception.",draft-year=2021;prior-dated-active-contract-unestablished;missing-signing-is-uncertainty-not-absence
NBA_2022,NBA,2022,12,61,2021-08-06,precise,draft-roster-status-unresolved,unresolved,kopriba01,Balša Koprivica,CHO,DET,The Charlotte Hornets traded Balša Koprivica to the Detroit Pistons for Mason Plumlee and JT Thor. Detroit received a trade exception.,draft-year=2021;prior-dated-active-contract-unestablished;missing-signing-is-uncertainty-not-absence
NBA_2022,NBA,2022,12,61,2021-08-06,precise,draft-roster-status-unresolved,unresolved,thorjt01,JT Thor,DET,CHO,The Charlotte Hornets traded Balša Koprivica to the Detroit Pistons for Mason Plumlee and JT Thor. Detroit received a trade exception.,draft-year=2021;prior-dated-active-contract-unestablished;missing-signing-is-uncertainty-not-absence
NBA_2022,NBA,2022,13,3,2021-08-07,precise,draft-roster-status-unresolved,unresolved,butleja02,Jared Butler,MEM,UTA,"The Memphis Grizzlies traded Jared Butler, a 2022 2nd round draft pick (Jabari Walker was later selected) and a 2026 2nd round draft pick (Baba Miller was later selected) to the Utah Jazz for Santi Aldama. 2022 2nd-rd pick is MEM own 2026 2nd-rd pick was MEM own (protected 43-60) and conveyed",draft-year=2021;prior-dated-active-contract-unestablished;missing-signing-is-uncertainty-not-absence
NBA_2022,NBA,2022,13,3,2021-08-07,precise,draft-roster-status-unresolved,unresolved,aldamsa01,Santi Aldama,UTA,MEM,"The Memphis Grizzlies traded Jared Butler, a 2022 2nd round draft pick (Jabari Walker was later selected) and a 2026 2nd round draft pick (Baba Miller was later selected) to the Utah Jazz for Santi Aldama. 2022 2nd-rd pick is MEM own 2026 2nd-rd pick was MEM own (protected 43-60) and conveyed",draft-year=2021;prior-dated-active-contract-unestablished;missing-signing-is-uncertainty-not-absence
NBA_2022,NBA,2022,13,4,2021-08-07,precise,draft-roster-status-unresolved,unresolved,bostobr01,Brandon Boston Jr.,NOP,LAC,"The Los Angeles Clippers traded cash and a 2022 2nd round draft pick to the New Orleans Pelicans for Brandon Boston Jr.. Conditional 2022 2nd-rd pick is SAC own, did not convey",draft-year=2021;prior-dated-active-contract-unestablished;missing-signing-is-uncertainty-not-absence
NBA_2022,NBA,2022,13,8,2021-08-07,precise,draft-roster-status-unresolved,unresolved,bostobr01,Brandon Boston Jr.,MEM,NOP,"In a 3-team trade, the Charlotte Hornets traded Devonte' Graham to the New Orleans Pelicans; the Memphis Grizzlies traded Tyler Harvey to the Charlotte Hornets; the Memphis Grizzlies traded Brandon Boston Jr., Trey Murphy III and Jonas Valančiūnas to the New Orleans Pelicans; the New Orleans Pelicans traded Wesley Iwundu, cash and a 2022 1st round draft pick (Mark Williams was later selected) to the Charlotte Hornets; and the New Orleans Pelicans traded Steven Adams, Eric Bledsoe, Jared Butler, Ziaire Williams, a 2022 2nd round draft pick (Vince Williams Jr. was later selected) and a 2025 2nd round draft pick (Ryan Kalkbrenner was later selected) to the Memphis Grizzlies. via sign and trade 2022 conditional 1st-rd pick did not convey, becomes 2022 2nd-rd pick and 2025 2nd-rd pick 2025 2nd-rd pick is NOP own 2022 conditional 1st-rd pick is NOP own",draft-year=2021;prior-dated-active-contract-unestablished;missing-signing-is-uncertainty-not-absence
NBA_2022,NBA,2022,13,8,2021-08-07,precise,draft-roster-status-unresolved,unresolved,murphtr02,Trey Murphy III,MEM,NOP,"In a 3-team trade, the Charlotte Hornets traded Devonte' Graham to the New Orleans Pelicans; the Memphis Grizzlies traded Tyler Harvey to the Charlotte Hornets; the Memphis Grizzlies traded Brandon Boston Jr., Trey Murphy III and Jonas Valančiūnas to the New Orleans Pelicans; the New Orleans Pelicans traded Wesley Iwundu, cash and a 2022 1st round draft pick (Mark Williams was later selected) to the Charlotte Hornets; and the New Orleans Pelicans traded Steven Adams, Eric Bledsoe, Jared Butler, Ziaire Williams, a 2022 2nd round draft pick (Vince Williams Jr. was later selected) and a 2025 2nd round draft pick (Ryan Kalkbrenner was later selected) to the Memphis Grizzlies. via sign and trade 2022 conditional 1st-rd pick did not convey, becomes 2022 2nd-rd pick and 2025 2nd-rd pick 2025 2nd-rd pick is NOP own 2022 conditional 1st-rd pick is NOP own",draft-year=2021;prior-dated-active-contract-unestablished;missing-signing-is-uncertainty-not-absence
NBA_2022,NBA,2022,13,8,2021-08-07,precise,draft-roster-status-unresolved,unresolved,butleja02,Jared Butler,NOP,MEM,"In a 3-team trade, the Charlotte Hornets traded Devonte' Graham to the New Orleans Pelicans; the Memphis Grizzlies traded Tyler Harvey to the Charlotte Hornets; the Memphis Grizzlies traded Brandon Boston Jr., Trey Murphy III and Jonas Valančiūnas to the New Orleans Pelicans; the New Orleans Pelicans traded Wesley Iwundu, cash and a 2022 1st round draft pick (Mark Williams was later selected) to the Charlotte Hornets; and the New Orleans Pelicans traded Steven Adams, Eric Bledsoe, Jared Butler, Ziaire Williams, a 2022 2nd round draft pick (Vince Williams Jr. was later selected) and a 2025 2nd round draft pick (Ryan Kalkbrenner was later selected) to the Memphis Grizzlies. via sign and trade 2022 conditional 1st-rd pick did not convey, becomes 2022 2nd-rd pick and 2025 2nd-rd pick 2025 2nd-rd pick is NOP own 2022 conditional 1st-rd pick is NOP own",draft-year=2021;prior-dated-active-contract-unestablished;missing-signing-is-uncertainty-not-absence
NBA_2022,NBA,2022,13,8,2021-08-07,precise,draft-roster-status-unresolved,unresolved,willizi02,Ziaire Williams,NOP,MEM,"In a 3-team trade, the Charlotte Hornets traded Devonte' Graham to the New Orleans Pelicans; the Memphis Grizzlies traded Tyler Harvey to the Charlotte Hornets; the Memphis Grizzlies traded Brandon Boston Jr., Trey Murphy III and Jonas Valančiūnas to the New Orleans Pelicans; the New Orleans Pelicans traded Wesley Iwundu, cash and a 2022 1st round draft pick (Mark Williams was later selected) to the Charlotte Hornets; and the New Orleans Pelicans traded Steven Adams, Eric Bledsoe, Jared Butler, Ziaire Williams, a 2022 2nd round draft pick (Vince Williams Jr. was later selected) and a 2025 2nd round draft pick (Ryan Kalkbrenner was later selected) to the Memphis Grizzlies. via sign and trade 2022 conditional 1st-rd pick did not convey, becomes 2022 2nd-rd pick and 2025 2nd-rd pick 2025 2nd-rd pick is NOP own 2022 conditional 1st-rd pick is NOP own",draft-year=2021;prior-dated-active-contract-unestablished;missing-signing-is-uncertainty-not-absence
NBA_2022,NBA,2022,251,1,2022-06-23,precise,draft-roster-status-unresolved,unresolved,diengou01,Ousmane Dieng,NYK,OKC,"The New York Knicks traded Ousmane Dieng to the Oklahoma City Thunder for a 2023 1st round draft pick (Nick Smith Jr. was later selected), a 2025 1st round draft pick (Joan Beringer was later selected), a 2026 2nd round draft pick (Bruce Thornton was later selected) and a 2027 2nd round draft pick. 2023 conditional 1st-rd pick was DEN own 2023 conditional 1st-rd pick was DET own, did not convey; became 2025 1st-rd pick 1st-rd pick was protected 2023-26, did not convey and became 2026 and 2027 WAS 2nd-rd picks",draft-year=2022;prior-dated-active-contract-unestablished;missing-signing-is-uncertainty-not-absence
NBA_2022,NBA,2022,251,2,2022-06-23,precise,draft-roster-status-unresolved,unresolved,durenja01,Jalen Duren,CHO,NYK,"The Charlotte Hornets traded Jalen Duren to the New York Knicks for a 2023 1st round draft pick (Nick Smith Jr. was later selected), a 2023 2nd round draft pick (Amari Bailey was later selected), a 2023 2nd round draft pick (Jaylen Clark was later selected), a 2023 2nd round draft pick (Mouhamed Gueye was later selected) and a 2024 2nd round draft pick (Cam Spencer was later selected). Conditional 2023 1st-rd pick was DEN own 2023 2nd-rd pick was OKC own 2023 2nd-rd pick was UTA own 2023 2nd-rd was NYK own 2024 2nd-rd pick is NYK own",draft-year=2022;prior-dated-active-contract-unestablished;missing-signing-is-uncertainty-not-absence
NBA_2022,NBA,2022,251,3,2022-06-23,precise,draft-roster-status-unresolved,unresolved,watsope01,Peyton Watson,OKC,DEN,"The Denver Nuggets traded JaMychal Green and a 2027 1st round draft pick to the Oklahoma City Thunder for Peyton Watson, a 2023 2nd round draft pick (Maxwell Lewis was later selected) and a 2024 2nd round draft pick (Tyler Kolek was later selected). Conditional 2027 1st-rd pick is DEN own 2023 2nd-rd pick was DAL own Denver received a trade exception.",draft-year=2022;prior-dated-active-contract-unestablished;missing-signing-is-uncertainty-not-absence
NBA_2022,NBA,2022,251,4,2022-06-23,precise,draft-roster-status-unresolved,unresolved,chandke01,Kennedy Chandler,SAS,MEM,The Memphis Grizzlies traded cash and a 2024 2nd round draft pick (Harrison Ingram was later selected) to the San Antonio Spurs for Kennedy Chandler. 2024 2nd-rd pick is LAL own,draft-year=2022;prior-dated-active-contract-unestablished;missing-signing-is-uncertainty-not-absence
NBA_2022,NBA,2022,251,5,2022-06-23,precise,draft-roster-status-unresolved,unresolved,hardyja02,Jaden Hardy,SAC,DAL,The Dallas Mavericks traded a 2024 2nd round draft pick (Anton Watson was later selected) and a 2028 2nd round draft pick to the Sacramento Kings for Jaden Hardy. 2024 2nd-rd pick is DAL own 2028 2nd-rd pick is DAL own,draft-year=2022;prior-dated-active-contract-unestablished;missing-signing-is-uncertainty-not-absence
NBA_2022,NBA,2022,251,6,2022-06-23,precise,draft-roster-status-unresolved,unresolved,minotjo01,Josh Minott,CHO,MIN,The Charlotte Hornets traded Josh Minott and a 2023 2nd round draft pick (Jaylen Clark was later selected) to the Minnesota Timberwolves for Bryce McGowens. 2023 2nd-rd pick was NYK own,draft-year=2022;prior-dated-active-contract-unestablished;missing-signing-is-uncertainty-not-absence
NBA_2022,NBA,2022,251,6,2022-06-23,precise,draft-roster-status-unresolved,unresolved,mcgowbr01,Bryce McGowens,MIN,CHO,The Charlotte Hornets traded Josh Minott and a 2023 2nd round draft pick (Jaylen Clark was later selected) to the Minnesota Timberwolves for Bryce McGowens. 2023 2nd-rd pick was NYK own,draft-year=2022;prior-dated-active-contract-unestablished;missing-signing-is-uncertainty-not-absence
NBA_2022,NBA,2022,251,7,2022-06-23,precise,draft-roster-status-unresolved,unresolved,rolliry01,Ryan Rollins,ATL,GSW,The Atlanta Hawks traded Ryan Rollins to the Golden State Warriors for Tyrese Martin and cash.,draft-year=2022;prior-dated-active-contract-unestablished;missing-signing-is-uncertainty-not-absence
NBA_2022,NBA,2022,251,7,2022-06-23,precise,draft-roster-status-unresolved,unresolved,martity01,Tyrese Martin,GSW,ATL,The Atlanta Hawks traded Ryan Rollins to the Golden State Warriors for Tyrese Martin and cash.,draft-year=2022;prior-dated-active-contract-unestablished;missing-signing-is-uncertainty-not-absence
NBA_2022,NBA,2022,252,0,2022-06-24,precise,draft-roster-status-unresolved,unresolved,moorewe01,Wendell Moore Jr.,DAL,HOU,"The Dallas Mavericks traded Sterling Brown, Trey Burke, Marquese Chriss, Boban Marjanović and Wendell Moore Jr. to the Houston Rockets for Christian Wood. Dallas received a trade exception. Houston received a trade exception.",draft-year=2022;prior-dated-active-contract-unestablished;missing-signing-is-uncertainty-not-absence
NBA_2022,NBA,2022,252,1,2022-06-24,precise,draft-roster-status-unresolved,unresolved,kesslwa01,Walker Kessler,MEM,MIN,The Memphis Grizzlies traded Walker Kessler and TyTy Washington Jr. to the Minnesota Timberwolves for Jake LaRavia and a 2023 2nd round draft pick (Gregory Jackson was later selected). 2023 2nd-rd pick was MIN own,draft-year=2022;prior-dated-active-contract-unestablished;missing-signing-is-uncertainty-not-absence
NBA_2022,NBA,2022,252,1,2022-06-24,precise,draft-roster-status-unresolved,unresolved,washity02,TyTy Washington Jr.,MEM,MIN,The Memphis Grizzlies traded Walker Kessler and TyTy Washington Jr. to the Minnesota Timberwolves for Jake LaRavia and a 2023 2nd round draft pick (Gregory Jackson was later selected). 2023 2nd-rd pick was MIN own,draft-year=2022;prior-dated-active-contract-unestablished;missing-signing-is-uncertainty-not-absence
NBA_2022,NBA,2022,252,1,2022-06-24,precise,draft-roster-status-unresolved,unresolved,laravja01,Jake LaRavia,MIN,MEM,The Memphis Grizzlies traded Walker Kessler and TyTy Washington Jr. to the Minnesota Timberwolves for Jake LaRavia and a 2023 2nd round draft pick (Gregory Jackson was later selected). 2023 2nd-rd pick was MIN own,draft-year=2022;prior-dated-active-contract-unestablished;missing-signing-is-uncertainty-not-absence
NBA_2022,NBA,2022,252,2,2022-06-24,precise,draft-roster-status-unresolved,unresolved,brownke03,Kendall Brown,MIN,IND,"The Indiana Pacers traded cash to the Minnesota Timberwolves for Kendall Brown and a 2026 2nd round draft pick (Trey Kaufman-Renn was later selected). 2026 2nd-rd pick was least favorable of MIA/IND/SAS, became SAS 2026 2nd-rd pick",draft-year=2022;prior-dated-active-contract-unestablished;missing-signing-is-uncertainty-not-absence
NBA_2022,NBA,2022,252,3,2022-06-24,precise,draft-roster-status-unresolved,unresolved,bessohu01,Hugo Besson,IND,MIL,The Indiana Pacers traded Hugo Besson to the Milwaukee Bucks for cash.,draft-year=2022;prior-dated-active-contract-unestablished;missing-signing-is-uncertainty-not-absence
NBA_2022,NBA,2022,252,4,2022-06-24,precise,draft-roster-status-unresolved,unresolved,moorewe01,Wendell Moore Jr.,HOU,MIN,"The Houston Rockets traded Wendell Moore Jr. to the Minnesota Timberwolves for TyTy Washington Jr., a 2025 2nd round draft pick (Mohamed Diawara was later selected) and a 2027 2nd round draft pick. 2025 2nd-rd pick is MIN own 2027 2nd-rd pick is MIN own",draft-year=2022;prior-dated-active-contract-unestablished;missing-signing-is-uncertainty-not-absence
NBA_2022,NBA,2022,252,4,2022-06-24,precise,draft-roster-status-unresolved,unresolved,washity02,TyTy Washington Jr.,MIN,HOU,"The Houston Rockets traded Wendell Moore Jr. to the Minnesota Timberwolves for TyTy Washington Jr., a 2025 2nd round draft pick (Mohamed Diawara was later selected) and a 2027 2nd round draft pick. 2025 2nd-rd pick is MIN own 2027 2nd-rd pick is MIN own",draft-year=2022;prior-dated-active-contract-unestablished;missing-signing-is-uncertainty-not-absence
NBA_2022,NBA,2022,252,5,2022-06-24,precise,draft-roster-status-unresolved,unresolved,roddyda01,David Roddy,PHI,MEM,The Memphis Grizzlies traded De'Anthony Melton to the Philadelphia 76ers for Danny Green and David Roddy.,draft-year=2022;prior-dated-active-contract-unestablished;missing-signing-is-uncertainty-not-absence
NBA_2023,NBA,2023,5,0,2022-07-06,precise,draft-roster-status-unresolved,unresolved,kesslwa01,Walker Kessler,MIN,UTA,"The Minnesota Timberwolves traded Malik Beasley, Patrick Beverley, Leandro Bolmaro, Walker Kessler, Jarred Vanderbilt, a 2023 1st round draft pick (Keyonte George was later selected), a 2025 1st round draft pick (Will Riley was later selected), a 2026 1st round draft pick, a 2027 1st round draft pick and a 2029 1st round draft pick to the Utah Jazz for Rudy Gobert. 2025 1st-rd pick is MIN own 2026 1st-rd pick was a right to swap, did not convey 2027 1st-rd pick is MIN own conditional 2029 1st-rd pick is MIN own Minnesota received a trade exception. Utah received a trade exception.",draft-year=2022;prior-dated-active-contract-unestablished;missing-signing-is-uncertainty-not-absence
NBA_2023,NBA,2023,5,1,2022-07-06,precise,draft-roster-status-unresolved,unresolved,kamagis01,Ismael Kamagate,DET,POR,"The Detroit Pistons traded Jerami Grant and Ismael Kamagate to the Portland Trail Blazers for Gabriele Procida, a 2025 1st round draft pick (Nolan Traoré was later selected), a 2025 2nd round draft pick (Bogoljub Markovic was later selected) and a 2026 2nd round draft pick (Braden Smith was later selected). conditional 2025 1st-rd pick is MIL own 2025 2nd-rd pick is DET own 2026 2nd-rd pick was more favorable of POR and NOP, became NOP 2026 2nd-rd pick Detroit received a trade exception.",draft-year=2022;prior-dated-active-contract-unestablished;missing-signing-is-uncertainty-not-absence
NBA_2023,NBA,2023,5,1,2022-07-06,precise,draft-roster-status-unresolved,unresolved,prociga01,Gabriele Procida,POR,DET,"The Detroit Pistons traded Jerami Grant and Ismael Kamagate to the Portland Trail Blazers for Gabriele Procida, a 2025 1st round draft pick (Nolan Traoré was later selected), a 2025 2nd round draft pick (Bogoljub Markovic was later selected) and a 2026 2nd round draft pick (Braden Smith was later selected). conditional 2025 1st-rd pick is MIL own 2025 2nd-rd pick is DET own 2026 2nd-rd pick was more favorable of POR and NOP, became NOP 2026 2nd-rd pick Detroit received a trade exception.",draft-year=2022;prior-dated-active-contract-unestablished;missing-signing-is-uncertainty-not-absence
NBA_2023,NBA,2023,5,4,2022-07-06,precise,draft-roster-status-unresolved,unresolved,kamagis01,Ismael Kamagate,POR,DEN,The Denver Nuggets traded a 2024 2nd round draft pick (Tyler Kolek was later selected) to the Portland Trail Blazers for Ismael Kamagate. 2023 2nd-rd pick is more favorable,draft-year=2022;prior-dated-active-contract-unestablished;missing-signing-is-uncertainty-not-absence
NBA_2023,NBA,2023,5,45,2022-07-06,precise,draft-roster-status-unresolved,unresolved,durenja01,Jalen Duren,NYK,DET,The Detroit Pistons traded a 2025 1st round draft pick (Nolan Traoré was later selected) to the New York Knicks for Jalen Duren and Kemba Walker. conditional 2025 1st-rd pick is MIL own New York received a trade exception.,draft-year=2022;prior-dated-active-contract-unestablished;missing-signing-is-uncertainty-not-absence
NBA_2023,NBA,2023,199,0,2023-06-22,precise,draft-roster-status-unresolved,unresolved,jacksan01,Andre Jackson,ORL,MIL,The Milwaukee Bucks traded cash and a 2030 2nd round draft pick to the Orlando Magic for Andre Jackson. 2030 2nd-rd pick is MIL own,draft-year=2023;prior-dated-active-contract-unestablished;missing-signing-is-uncertainty-not-absence
NBA_2023,NBA,2023,200,0,2023-06-23,precise,draft-roster-status-unresolved,unresolved,millele01,Leonard Miller,SAS,MIN,The Minnesota Timberwolves traded a 2026 2nd round draft pick (Trevon Brazile was later selected) and a 2028 2nd round draft pick to the San Antonio Spurs for Leonard Miller. 2026 2nd-rd pick was UTA own 2028 2nd-rd pick is MIN own,draft-year=2023;prior-dated-active-contract-unestablished;missing-signing-is-uncertainty-not-absence
NBA_2023,NBA,2023,200,1,2023-06-23,precise,draft-roster-status-unresolved,unresolved,jackstr02,Trayce Jackson-Davis,WAS,GSW,The Golden State Warriors traded cash to the Washington Wizards for Trayce Jackson-Davis.,draft-year=2023;prior-dated-active-contract-unestablished;missing-signing-is-uncertainty-not-absence
NBA_2023,NBA,2023,200,2,2023-06-23,precise,draft-roster-status-unresolved,unresolved,phillju01,Julian Phillips,BOS,WAS,"In a 3-team trade, the Boston Celtics traded Marcus Smart to the Memphis Grizzlies; the Boston Celtics traded Danilo Gallinari, Mike Muscala and Julian Phillips to the Washington Wizards; the Memphis Grizzlies traded Marcus Sasser and a 2024 1st round draft pick (Bub Carrington was later selected) to the Boston Celtics; the Memphis Grizzlies traded Tyus Jones to the Washington Wizards; and the Washington Wizards traded Kristaps Porzingis to the Boston Celtics. 2023 top-4 protected pick is GSW own",draft-year=2023;prior-dated-active-contract-unestablished;missing-signing-is-uncertainty-not-absence
NBA_2023,NBA,2023,200,2,2023-06-23,precise,draft-roster-status-unresolved,unresolved,sassema01,Marcus Sasser,MEM,BOS,"In a 3-team trade, the Boston Celtics traded Marcus Smart to the Memphis Grizzlies; the Boston Celtics traded Danilo Gallinari, Mike Muscala and Julian Phillips to the Washington Wizards; the Memphis Grizzlies traded Marcus Sasser and a 2024 1st round draft pick (Bub Carrington was later selected) to the Boston Celtics; the Memphis Grizzlies traded Tyus Jones to the Washington Wizards; and the Washington Wizards traded Kristaps Porzingis to the Boston Celtics. 2023 top-4 protected pick is GSW own",draft-year=2023;prior-dated-active-contract-unestablished;missing-signing-is-uncertainty-not-absence
NBA_2023,NBA,2023,200,3,2023-06-23,precise,draft-roster-status-unresolved,unresolved,lewisma05,Maxwell Lewis,DEN,LAL,"In a 4-team trade, the Denver Nuggets traded Maxwell Lewis to the Los Angeles Lakers; the Denver Nuggets traded a 2029 1st round draft pick to the Oklahoma City Thunder; the Indiana Pacers traded Jalen Pickett and Julian Strawther to the Denver Nuggets; the Los Angeles Lakers traded Mojave King and cash to the Indiana Pacers; the Oklahoma City Thunder traded Hunter Tyson and a 2024 2nd round draft pick (Kevin McCullar Jr. was later selected) to the Denver Nuggets; and the Oklahoma City Thunder traded a 2024 1st round draft pick (Isaiah Collier was later selected) to the Indiana Pacers. 2024 2nd-rd pick is least favorable of MIN and CHO 2029 protected 1st-rd pick is DEN own 2024 top-4 protected pick is least favorable of OKC, LAC, and HOU",draft-year=2023;prior-dated-active-contract-unestablished;missing-signing-is-uncertainty-not-absence
NBA_2023,NBA,2023,200,3,2023-06-23,precise,draft-roster-status-unresolved,unresolved,pickeja02,Jalen Pickett,IND,DEN,"In a 4-team trade, the Denver Nuggets traded Maxwell Lewis to the Los Angeles Lakers; the Denver Nuggets traded a 2029 1st round draft pick to the Oklahoma City Thunder; the Indiana Pacers traded Jalen Pickett and Julian Strawther to the Denver Nuggets; the Los Angeles Lakers traded Mojave King and cash to the Indiana Pacers; the Oklahoma City Thunder traded Hunter Tyson and a 2024 2nd round draft pick (Kevin McCullar Jr. was later selected) to the Denver Nuggets; and the Oklahoma City Thunder traded a 2024 1st round draft pick (Isaiah Collier was later selected) to the Indiana Pacers. 2024 2nd-rd pick is least favorable of MIN and CHO 2029 protected 1st-rd pick is DEN own 2024 top-4 protected pick is least favorable of OKC, LAC, and HOU",draft-year=2023;prior-dated-active-contract-unestablished;missing-signing-is-uncertainty-not-absence
NBA_2023,NBA,2023,200,3,2023-06-23,precise,draft-roster-status-unresolved,unresolved,strawju01,Julian Strawther,IND,DEN,"In a 4-team trade, the Denver Nuggets traded Maxwell Lewis to the Los Angeles Lakers; the Denver Nuggets traded a 2029 1st round draft pick to the Oklahoma City Thunder; the Indiana Pacers traded Jalen Pickett and Julian Strawther to the Denver Nuggets; the Los Angeles Lakers traded Mojave King and cash to the Indiana Pacers; the Oklahoma City Thunder traded Hunter Tyson and a 2024 2nd round draft pick (Kevin McCullar Jr. was later selected) to the Denver Nuggets; and the Oklahoma City Thunder traded a 2024 1st round draft pick (Isaiah Collier was later selected) to the Indiana Pacers. 2024 2nd-rd pick is least favorable of MIN and CHO 2029 protected 1st-rd pick is DEN own 2024 top-4 protected pick is least favorable of OKC, LAC, and HOU",draft-year=2023;prior-dated-active-contract-unestablished;missing-signing-is-uncertainty-not-absence
NBA_2023,NBA,2023,200,3,2023-06-23,precise,draft-roster-status-unresolved,unresolved,kingmo01,Mojave King,LAL,IND,"In a 4-team trade, the Denver Nuggets traded Maxwell Lewis to the Los Angeles Lakers; the Denver Nuggets traded a 2029 1st round draft pick to the Oklahoma City Thunder; the Indiana Pacers traded Jalen Pickett and Julian Strawther to the Denver Nuggets; the Los Angeles Lakers traded Mojave King and cash to the Indiana Pacers; the Oklahoma City Thunder traded Hunter Tyson and a 2024 2nd round draft pick (Kevin McCullar Jr. was later selected) to the Denver Nuggets; and the Oklahoma City Thunder traded a 2024 1st round draft pick (Isaiah Collier was later selected) to the Indiana Pacers. 2024 2nd-rd pick is least favorable of MIN and CHO 2029 protected 1st-rd pick is DEN own 2024 top-4 protected pick is least favorable of OKC, LAC, and HOU",draft-year=2023;prior-dated-active-contract-unestablished;missing-signing-is-uncertainty-not-absence
NBA_2023,NBA,2023,200,3,2023-06-23,precise,draft-roster-status-unresolved,unresolved,tysonhu01,Hunter Tyson,OKC,DEN,"In a 4-team trade, the Denver Nuggets traded Maxwell Lewis to the Los Angeles Lakers; the Denver Nuggets traded a 2029 1st round draft pick to the Oklahoma City Thunder; the Indiana Pacers traded Jalen Pickett and Julian Strawther to the Denver Nuggets; the Los Angeles Lakers traded Mojave King and cash to the Indiana Pacers; the Oklahoma City Thunder traded Hunter Tyson and a 2024 2nd round draft pick (Kevin McCullar Jr. was later selected) to the Denver Nuggets; and the Oklahoma City Thunder traded a 2024 1st round draft pick (Isaiah Collier was later selected) to the Indiana Pacers. 2024 2nd-rd pick is least favorable of MIN and CHO 2029 protected 1st-rd pick is DEN own 2024 top-4 protected pick is least favorable of OKC, LAC, and HOU",draft-year=2023;prior-dated-active-contract-unestablished;missing-signing-is-uncertainty-not-absence
NBA_2023,NBA,2023,200,5,2023-06-23,precise,draft-roster-status-unresolved,unresolved,coulibi01,Bilal Coulibaly,IND,WAS,"In a 3-team trade, the Indiana Pacers traded Bilal Coulibaly to the Washington Wizards; the Phoenix Suns traded a 2028 2nd round draft pick to the Indiana Pacers; the Phoenix Suns traded Chris Paul, Landry Shamet, cash, a 2024 1st round draft pick, a 2024 2nd round draft pick (Melvin Ajinça was later selected), a 2025 2nd round draft pick (Micah Peavy was later selected), a 2026 1st round draft pick, a 2026 2nd round draft pick (Tobi Lawal was later selected), a 2027 2nd round draft pick, a 2028 1st round draft pick, a 2030 1st round draft pick and a 2030 2nd round draft pick to the Washington Wizards; the Washington Wizards traded Jarace Walker and a 2029 2nd round draft pick to the Indiana Pacers; and the Washington Wizards traded Bradley Beal, Jordan Goodwin and Isaiah Todd to the Phoenix Suns. 2024 1st-rd pick was a right to swap, did not convey 2026 1st-rd pick was a right to swap, did not convey 2028 1st-rd pick is a right to swap 2030 1st-rd pick is a right to swap 2025 2nd-rd pick is PHO own 2026 2nd-rd pick was PHO own",draft-year=2023;prior-dated-active-contract-unestablished;missing-signing-is-uncertainty-not-absence
NBA_2023,NBA,2023,200,5,2023-06-23,precise,draft-roster-status-unresolved,unresolved,walkeja02,Jarace Walker,WAS,IND,"In a 3-team trade, the Indiana Pacers traded Bilal Coulibaly to the Washington Wizards; the Phoenix Suns traded a 2028 2nd round draft pick to the Indiana Pacers; the Phoenix Suns traded Chris Paul, Landry Shamet, cash, a 2024 1st round draft pick, a 2024 2nd round draft pick (Melvin Ajinça was later selected), a 2025 2nd round draft pick (Micah Peavy was later selected), a 2026 1st round draft pick, a 2026 2nd round draft pick (Tobi Lawal was later selected), a 2027 2nd round draft pick, a 2028 1st round draft pick, a 2030 1st round draft pick and a 2030 2nd round draft pick to the Washington Wizards; the Washington Wizards traded Jarace Walker and a 2029 2nd round draft pick to the Indiana Pacers; and the Washington Wizards traded Bradley Beal, Jordan Goodwin and Isaiah Todd to the Phoenix Suns. 2024 1st-rd pick was a right to swap, did not convey 2026 1st-rd pick was a right to swap, did not convey 2028 1st-rd pick is a right to swap 2030 1st-rd pick is a right to swap 2025 2nd-rd pick is PHO own 2026 2nd-rd pick was PHO own",draft-year=2023;prior-dated-active-contract-unestablished;missing-signing-is-uncertainty-not-absence
NBA_2023,NBA,2023,203,2,2023-06-28,precise,draft-roster-status-unresolved,unresolved,sassema01,Marcus Sasser,BOS,DET,"The Boston Celtics traded Marcus Sasser to the Detroit Pistons for James Nnaji, a 2025 2nd round draft pick (Noah Penda was later selected) and a 2026 2nd round draft pick (Braden Smith was later selected). 2025 2nd-rd pick is more favorable 2026 2nd-rd pick was most favorable of POR, NOP, NYK, and MIN, became NOP 2026 2nd-rd pick",draft-year=2023;prior-dated-active-contract-unestablished;missing-signing-is-uncertainty-not-absence
NBA_2023,NBA,2023,203,2,2023-06-28,precise,draft-roster-status-unresolved,unresolved,nnajija01,James Nnaji,DET,BOS,"The Boston Celtics traded Marcus Sasser to the Detroit Pistons for James Nnaji, a 2025 2nd round draft pick (Noah Penda was later selected) and a 2026 2nd round draft pick (Braden Smith was later selected). 2025 2nd-rd pick is more favorable 2026 2nd-rd pick was most favorable of POR, NOP, NYK, and MIN, became NOP 2026 2nd-rd pick",draft-year=2023;prior-dated-active-contract-unestablished;missing-signing-is-uncertainty-not-absence
NBA_2023,NBA,2023,203,3,2023-06-28,precise,draft-roster-status-unresolved,unresolved,nnajija01,James Nnaji,BOS,CHO,The Boston Celtics traded James Nnaji to the Charlotte Hornets for Mouhamed Gueye and Colby Jones.,draft-year=2023;prior-dated-active-contract-unestablished;missing-signing-is-uncertainty-not-absence
NBA_2023,NBA,2023,203,3,2023-06-28,precise,draft-roster-status-unresolved,unresolved,gueyemo02,Mouhamed Gueye,CHO,BOS,The Boston Celtics traded James Nnaji to the Charlotte Hornets for Mouhamed Gueye and Colby Jones.,draft-year=2023;prior-dated-active-contract-unestablished;missing-signing-is-uncertainty-not-absence
NBA_2023,NBA,2023,203,3,2023-06-28,precise,draft-roster-status-unresolved,unresolved,jonesco02,Colby Jones,CHO,BOS,The Boston Celtics traded James Nnaji to the Charlotte Hornets for Mouhamed Gueye and Colby Jones.,draft-year=2023;prior-dated-active-contract-unestablished;missing-signing-is-uncertainty-not-absence
NBA_2023,NBA,2023,203,4,2023-06-28,precise,draft-roster-status-unresolved,unresolved,jonesco02,Colby Jones,BOS,SAC,The Boston Celtics traded Colby Jones to the Sacramento Kings for Jordan Walsh and a 2024 2nd round draft pick (Anton Watson was later selected). 2024 2nd-rd pick is DAL own,draft-year=2023;prior-dated-active-contract-unestablished;missing-signing-is-uncertainty-not-absence
NBA_2023,NBA,2023,203,4,2023-06-28,precise,draft-roster-status-unresolved,unresolved,walshjo01,Jordan Walsh,SAC,BOS,The Boston Celtics traded Colby Jones to the Sacramento Kings for Jordan Walsh and a 2024 2nd round draft pick (Anton Watson was later selected). 2024 2nd-rd pick is DAL own,draft-year=2023;prior-dated-active-contract-unestablished;missing-signing-is-uncertainty-not-absence
NBA_2023,NBA,2023,203,5,2023-06-28,precise,draft-roster-status-unresolved,unresolved,gueyemo02,Mouhamed Gueye,BOS,ATL,The Atlanta Hawks traded a 2027 2nd round draft pick to the Boston Celtics for Mouhamed Gueye. 2027 2nd-rd pick is ATL own,draft-year=2023;prior-dated-active-contract-unestablished;missing-signing-is-uncertainty-not-absence
NBA_2023,NBA,2023,203,6,2023-06-28,precise,draft-roster-status-unresolved,unresolved,phillju01,Julian Phillips,WAS,CHI,The Chicago Bulls traded a 2026 2nd round draft pick (Jack Kayil was later selected) and a 2027 2nd round draft pick to the Washington Wizards for Julian Phillips. 2026 2nd-rd pick was CHI own 2027 2nd-rd pick is CHI own,draft-year=2023;prior-dated-active-contract-unestablished;missing-signing-is-uncertainty-not-absence
NBA_2024,NBA,2024,5,13,2023-07-06,precise,draft-roster-status-unresolved,unresolved,prospol01,Olivier-Maxence Prosper,SAC,DAL,The Dallas Mavericks traded cash to the Sacramento Kings for Richaun Holmes and Olivier-Maxence Prosper.,draft-year=2023;prior-dated-active-contract-unestablished;missing-signing-is-uncertainty-not-absence
NBA_2024,NBA,2024,5,15,2023-07-06,precise,draft-roster-status-unresolved,unresolved,wallaca01,Cason Wallace,DAL,OKC,The Dallas Mavericks traded Davis Bertans and Cason Wallace to the Oklahoma City Thunder for Dereck Lively II.,draft-year=2023;prior-dated-active-contract-unestablished;missing-signing-is-uncertainty-not-absence
NBA_2024,NBA,2024,5,15,2023-07-06,precise,draft-roster-status-unresolved,unresolved,livelde01,Dereck Lively II,OKC,DAL,The Dallas Mavericks traded Davis Bertans and Cason Wallace to the Oklahoma City Thunder for Dereck Lively II.,draft-year=2023;prior-dated-active-contract-unestablished;missing-signing-is-uncertainty-not-absence
NBA_2025,NBA,2025,0,0,2024-06-26,precise,draft-roster-status-unresolved,unresolved,georgky01,Kyshawn George,NYK,WAS,The New York Knicks traded Kyshawn George to the Washington Wizards for Dillon Jones and a 2024 2nd round draft pick (Melvin Ajinça was later selected).,draft-year=2024;prior-dated-active-contract-unestablished;missing-signing-is-uncertainty-not-absence
NBA_2025,NBA,2025,0,0,2024-06-26,precise,draft-roster-status-unresolved,unresolved,jonesdi01,Dillon Jones,WAS,NYK,The New York Knicks traded Kyshawn George to the Washington Wizards for Dillon Jones and a 2024 2nd round draft pick (Melvin Ajinça was later selected).,draft-year=2024;prior-dated-active-contract-unestablished;missing-signing-is-uncertainty-not-absence
NBA_2025,NBA,2025,0,1,2024-06-26,precise,draft-roster-status-unresolved,unresolved,dilliro01,Rob Dillingham,SAS,MIN,The Minnesota Timberwolves traded a 2030 1st round draft pick and a 2031 1st round draft pick to the San Antonio Spurs for Rob Dillingham. 2030 1st-rd pick is a right to swap 2031 1st-rd pick is MIN own,draft-year=2024;prior-dated-active-contract-unestablished;missing-signing-is-uncertainty-not-absence
NBA_2025,NBA,2025,0,2,2024-06-26,precise,draft-roster-status-unresolved,unresolved,jonesdi01,Dillon Jones,NYK,OKC,"The New York Knicks traded Dillon Jones to the Oklahoma City Thunder for a 2025 2nd round draft pick (Kobe Sanders was later selected), a 2026 2nd round draft pick (Otega Oweh was later selected), a 2027 2nd round draft pick, a 2027 2nd round draft pick and a 2027 2nd round draft pick. 2025 2nd-rd pick is more favorable; became MEM pick 2026 2nd-rd pick was GSW own 2027 2nd-rd pick is most favorable 2027 2nd-rd pick is MIN own",draft-year=2024;prior-dated-active-contract-unestablished;missing-signing-is-uncertainty-not-absence
NBA_2025,NBA,2025,1,0,2024-06-27,precise,draft-roster-status-unresolved,unresolved,postqu01,Quinten Post,GSW,OKC,The Golden State Warriors traded Quinten Post to the Oklahoma City Thunder for Lindy Waters III.,draft-year=2024;prior-dated-active-contract-unestablished;missing-signing-is-uncertainty-not-absence
NBA_2025,NBA,2025,1,1,2024-06-27,precise,draft-roster-status-unresolved,unresolved,postqu01,Quinten Post,OKC,POR,The Oklahoma City Thunder traded Quinten Post and cash to the Portland Trail Blazers for Oso Ighodaro.,draft-year=2024;prior-dated-active-contract-unestablished;missing-signing-is-uncertainty-not-absence
NBA_2025,NBA,2025,1,1,2024-06-27,precise,draft-roster-status-unresolved,unresolved,ighodos01,Oso Ighodaro,POR,OKC,The Oklahoma City Thunder traded Quinten Post and cash to the Portland Trail Blazers for Oso Ighodaro.,draft-year=2024;prior-dated-active-contract-unestablished;missing-signing-is-uncertainty-not-absence
NBA_2025,NBA,2025,1,2,2024-06-27,precise,draft-roster-status-unresolved,unresolved,mitchaj01,Ajay Mitchell,NYK,OKC,The New York Knicks traded Ajay Mitchell to the Oklahoma City Thunder for Oso Ighodaro and cash.,draft-year=2024;prior-dated-active-contract-unestablished;missing-signing-is-uncertainty-not-absence
NBA_2025,NBA,2025,1,2,2024-06-27,precise,draft-roster-status-unresolved,unresolved,ighodos01,Oso Ighodaro,OKC,NYK,The New York Knicks traded Ajay Mitchell to the Oklahoma City Thunder for Oso Ighodaro and cash.,draft-year=2024;prior-dated-active-contract-unestablished;missing-signing-is-uncertainty-not-absence
NBA_2025,NBA,2025,1,3,2024-06-27,precise,draft-roster-status-unresolved,unresolved,hukpoar01,Ariel Hukporti,DAL,NYK,"The Dallas Mavericks traded Ariel Hukporti, Petteri Koponen and cash to the New York Knicks for Melvin Ajinca.",draft-year=2024;prior-dated-active-contract-unestablished;missing-signing-is-uncertainty-not-absence
NBA_2025,NBA,2025,1,3,2024-06-27,precise,draft-roster-status-unresolved,unresolved,ajincme01,Melvin Ajinca,NYK,DAL,"The Dallas Mavericks traded Ariel Hukporti, Petteri Koponen and cash to the New York Knicks for Melvin Ajinca.",draft-year=2024;prior-dated-active-contract-unestablished;missing-signing-is-uncertainty-not-absence
NBA_2025,NBA,2025,1,4,2024-06-27,precise,draft-roster-status-unresolved,unresolved,ighodos01,Osasere Ighodaro,NYK,PHO,The New York Knicks traded Osasere Ighodaro to the Phoenix Suns for Kevin McCullar Jr. and a 2028 2nd round draft pick. 2028 2nd-rd pick is BOS own,draft-year=2024;prior-dated-active-contract-unestablished;missing-signing-is-uncertainty-not-absence
NBA_2025,NBA,2025,1,4,2024-06-27,precise,draft-roster-status-unresolved,unresolved,mcculke01,Kevin McCullar Jr.,PHO,NYK,The New York Knicks traded Osasere Ighodaro to the Phoenix Suns for Kevin McCullar Jr. and a 2028 2nd round draft pick. 2028 2nd-rd pick is BOS own,draft-year=2024;prior-dated-active-contract-unestablished;missing-signing-is-uncertainty-not-absence
NBA_2025,NBA,2025,1,5,2024-06-27,precise,draft-roster-status-unresolved,unresolved,reevean01,Antonio Reeves,ORL,NOP,The New Orleans Pelicans traded a 2030 2nd round draft pick and a 2031 2nd round draft pick to the Orlando Magic for Antonio Reeves. 2030 2nd round pick is a right to swap 2031 2nd round pick is a right to swap,draft-year=2024;prior-dated-active-contract-unestablished;missing-signing-is-uncertainty-not-absence
NBA_2025,NBA,2025,1,6,2024-06-27,precise,draft-roster-status-unresolved,unresolved,larsspe01,Pelle Larsson,HOU,MIA,"In a 3-team trade, the Atlanta Hawks traded A.J. Griffin to the Houston Rockets; the Atlanta Hawks traded cash to the Miami Heat; the Houston Rockets traded Pelle Larsson to the Miami Heat; and the Miami Heat traded Nikola Djurisic to the Atlanta Hawks. Atlanta received a trade exception.",draft-year=2024;prior-dated-active-contract-unestablished;missing-signing-is-uncertainty-not-absence
NBA_2025,NBA,2025,1,6,2024-06-27,precise,draft-roster-status-unresolved,unresolved,djurini01,Nikola Djurisic,MIA,ATL,"In a 3-team trade, the Atlanta Hawks traded A.J. Griffin to the Houston Rockets; the Atlanta Hawks traded cash to the Miami Heat; the Houston Rockets traded Pelle Larsson to the Miami Heat; and the Miami Heat traded Nikola Djurisic to the Atlanta Hawks. Atlanta received a trade exception.",draft-year=2024;prior-dated-active-contract-unestablished;missing-signing-is-uncertainty-not-absence
NBA_2025,NBA,2025,1,7,2024-06-27,precise,draft-roster-status-unresolved,unresolved,kolekty01,Tyler Kolek,POR,NYK,"The New York Knicks traded Daniel Diez, a 2027 2nd round draft pick, a 2029 2nd round draft pick and a 2030 2nd round draft pick to the Portland Trail Blazers for Tyler Kolek. 2027 2nd-rd pick is MIN own 2029 2nd-rd pick is least favorable 2030 2nd-rd pick is NYK own",draft-year=2024;prior-dated-active-contract-unestablished;missing-signing-is-uncertainty-not-absence
NBA_2025,NBA,2025,2,1,2024-06-28,precise,draft-roster-status-unresolved,unresolved,sheadja01,Jamal Shead,SAC,TOR,"The Sacramento Kings traded Davion Mitchell, Jamal Shead, Sasha Vezenkov and a 2025 2nd round draft pick (Alijah Martin was later selected) to the Toronto Raptors for Jalen McDaniels. 2025 2nd-rd pick is POR own Sacramento received multiple trade exceptions.",draft-year=2024;prior-dated-active-contract-unestablished;missing-signing-is-uncertainty-not-absence
NBA_2025,NBA,2025,10,15,2024-07-06,precise,draft-roster-status-unresolved,unresolved,spencca01,Cam Spencer,DET,MEM,"In a 4-team trade, the Detroit Pistons traded Cam Spencer to the Memphis Grizzlies; the Memphis Grizzlies traded a 2030 2nd round draft pick to the Minnesota Timberwolves; the Memphis Grizzlies traded Ulrich Chomche to the Toronto Raptors; and the Minnesota Timberwolves traded Bobi Klintman and Wendell Moore Jr. to the Detroit Pistons. conditional 2030 2nd-rd pick is MEM own Minnesota received a trade exception.",draft-year=2024;prior-dated-active-contract-unestablished;missing-signing-is-uncertainty-not-absence
NBA_2025,NBA,2025,10,15,2024-07-06,precise,draft-roster-status-unresolved,unresolved,chomcul01,Ulrich Chomche,MEM,TOR,"In a 4-team trade, the Detroit Pistons traded Cam Spencer to the Memphis Grizzlies; the Memphis Grizzlies traded a 2030 2nd round draft pick to the Minnesota Timberwolves; the Memphis Grizzlies traded Ulrich Chomche to the Toronto Raptors; and the Minnesota Timberwolves traded Bobi Klintman and Wendell Moore Jr. to the Detroit Pistons. conditional 2030 2nd-rd pick is MEM own Minnesota received a trade exception.",draft-year=2024;prior-dated-active-contract-unestablished;missing-signing-is-uncertainty-not-absence
NBA_2025,NBA,2025,10,15,2024-07-06,precise,draft-roster-status-unresolved,unresolved,klintbo01,Bobi Klintman,MIN,DET,"In a 4-team trade, the Detroit Pistons traded Cam Spencer to the Memphis Grizzlies; the Memphis Grizzlies traded a 2030 2nd round draft pick to the Minnesota Timberwolves; the Memphis Grizzlies traded Ulrich Chomche to the Toronto Raptors; and the Minnesota Timberwolves traded Bobi Klintman and Wendell Moore Jr. to the Detroit Pistons. conditional 2030 2nd-rd pick is MEM own Minnesota received a trade exception.",draft-year=2024;prior-dated-active-contract-unestablished;missing-signing-is-uncertainty-not-absence
NBA_2025,NBA,2025,10,21,2024-07-06,precise,draft-roster-status-unresolved,unresolved,carrica01,Carlton Carrington,POR,WAS,"The Portland Trail Blazers traded Malcolm Brogdon, Carlton Carrington, a 2028 2nd round draft pick, a 2029 1st round draft pick and a 2030 2nd round draft pick to the Washington Wizards for Deni Avdija. 2028 2nd-rd pick is GSW own 2029 1st-rd pick is POR own 2030 2nd-rd pick is POR own Portland received a trade exception.",draft-year=2024;prior-dated-active-contract-unestablished;missing-signing-is-uncertainty-not-absence
NBA_2025,NBA,2025,10,23,2024-07-06,precise,draft-roster-status-unresolved,unresolved,postqu01,Quinten Post,POR,GSW,The Golden State Warriors traded cash to the Portland Trail Blazers for Quinten Post.,draft-year=2024;prior-dated-active-contract-unestablished;missing-signing-is-uncertainty-not-absence
NBA_2025,NBA,2025,10,36,2024-07-06,precise,draft-roster-status-unresolved,unresolved,nunezju01,Juan Nunez,IND,SAS,The Indiana Pacers traded Juan Nunez and cash to the San Antonio Spurs for Johnny Furphy.,draft-year=2024;prior-dated-active-contract-unestablished;missing-signing-is-uncertainty-not-absence
NBA_2025,NBA,2025,10,36,2024-07-06,precise,draft-roster-status-unresolved,unresolved,furphjo01,Johnny Furphy,SAS,IND,The Indiana Pacers traded Juan Nunez and cash to the San Antonio Spurs for Johnny Furphy.,draft-year=2024;prior-dated-active-contract-unestablished;missing-signing-is-uncertainty-not-absence
NBA_2025,NBA,2025,204,0,2025-06-25,precise,draft-roster-status-unresolved,unresolved,yangha01,Hansen Yang,MEM,POR,"The Memphis Grizzlies traded Hansen Yang, a 2027 2nd round draft pick, a 2028 1st round draft pick and a 2028 2nd round draft pick to the Portland Trail Blazers for Cedric Coward. 2028 1st-rd pick is ORL own 2027 2nd-rd pick is ATL own 2028 2nd-rd pick is SAC own",draft-year=2025;prior-dated-active-contract-unestablished;missing-signing-is-uncertainty-not-absence
NBA_2025,NBA,2025,204,0,2025-06-25,precise,draft-roster-status-unresolved,unresolved,cowarce01,Cedric Coward,POR,MEM,"The Memphis Grizzlies traded Hansen Yang, a 2027 2nd round draft pick, a 2028 1st round draft pick and a 2028 2nd round draft pick to the Portland Trail Blazers for Cedric Coward. 2028 1st-rd pick is ORL own 2027 2nd-rd pick is ATL own 2028 2nd-rd pick is SAC own",draft-year=2025;prior-dated-active-contract-unestablished;missing-signing-is-uncertainty-not-absence
NBA_2025,NBA,2025,204,1,2025-06-25,precise,draft-roster-status-unresolved,unresolved,queende01,Derik Queen,ATL,NOP,"The Atlanta Hawks traded Derik Queen to the New Orleans Pelicans for Asa Newell and a 2026 1st round draft pick (Kingston Flemings was later selected). 2026 1st-rd pick was most favorable of NOP and MIL, became NOP",draft-year=2025;prior-dated-active-contract-unestablished;missing-signing-is-uncertainty-not-absence
NBA_2025,NBA,2025,204,1,2025-06-25,precise,draft-roster-status-unresolved,unresolved,newelas01,Asa Newell,NOP,ATL,"The Atlanta Hawks traded Derik Queen to the New Orleans Pelicans for Asa Newell and a 2026 1st round draft pick (Kingston Flemings was later selected). 2026 1st-rd pick was most favorable of NOP and MIL, became NOP",draft-year=2025;prior-dated-active-contract-unestablished;missing-signing-is-uncertainty-not-absence
NBA_2025,NBA,2025,204,2,2025-06-25,precise,draft-roster-status-unresolved,unresolved,cliffni01,Nique Clifford,OKC,SAC,The Oklahoma City Thunder traded Nique Clifford to the Sacramento Kings for a 2027 1st round draft pick. 2027 1st-rd pick is protected,draft-year=2025;prior-dated-active-contract-unestablished;missing-signing-is-uncertainty-not-absence
NBA_2025,NBA,2025,204,3,2025-06-25,precise,draft-roster-status-unresolved,unresolved,rileywi01,Will Riley,UTA,WAS,"The Utah Jazz traded Will Riley, Jamir Watkins, a 2031 2nd round draft pick and a 2032 2nd round draft pick to the Washington Wizards for Walter Clayton Jr.. 2031 2nd-rd pick is more favorable 2032 2nd-rd pick is UTA own",draft-year=2025;prior-dated-active-contract-unestablished;missing-signing-is-uncertainty-not-absence
NBA_2025,NBA,2025,204,3,2025-06-25,precise,draft-roster-status-unresolved,unresolved,watkija01,Jamir Watkins,UTA,WAS,"The Utah Jazz traded Will Riley, Jamir Watkins, a 2031 2nd round draft pick and a 2032 2nd round draft pick to the Washington Wizards for Walter Clayton Jr.. 2031 2nd-rd pick is more favorable 2032 2nd-rd pick is UTA own",draft-year=2025;prior-dated-active-contract-unestablished;missing-signing-is-uncertainty-not-absence
NBA_2025,NBA,2025,204,3,2025-06-25,precise,draft-roster-status-unresolved,unresolved,claytwa01,Walter Clayton Jr.,WAS,UTA,"The Utah Jazz traded Will Riley, Jamir Watkins, a 2031 2nd round draft pick and a 2032 2nd round draft pick to the Washington Wizards for Walter Clayton Jr.. 2031 2nd-rd pick is more favorable 2032 2nd-rd pick is UTA own",draft-year=2025;prior-dated-active-contract-unestablished;missing-signing-is-uncertainty-not-absence
NBA_2025,NBA,2025,205,0,2025-06-26,precise,draft-roster-status-unresolved,unresolved,diawamo01,Mohamed Diawara,LAC,NYK,The Los Angeles Clippers traded Mohamed Diawara and Luka Mitrovic to the New York Knicks for Kobe Sanders.,draft-year=2025;prior-dated-active-contract-unestablished;missing-signing-is-uncertainty-not-absence
NBA_2025,NBA,2025,205,0,2025-06-26,precise,draft-roster-status-unresolved,unresolved,sandeko01,Kobe Sanders,NYK,LAC,The Los Angeles Clippers traded Mohamed Diawara and Luka Mitrovic to the New York Knicks for Kobe Sanders.,draft-year=2025;prior-dated-active-contract-unestablished;missing-signing-is-uncertainty-not-absence
NBA_2025,NBA,2025,205,1,2025-06-26,precise,draft-roster-status-unresolved,unresolved,pendano01,Noah Penda,BOS,ORL,"The Boston Celtics traded Noah Penda to the Orlando Magic for Max Shulga, Amari Williams, a 2026 2nd round draft pick (Dillon Mitchell was later selected) and a 2027 2nd round draft pick. 2026 2nd-rd pick was most favorable of MIL, ORL, and DET, became MIL 2026 2nd-rd pick 2027 2nd-rd pick is most favorable",draft-year=2025;prior-dated-active-contract-unestablished;missing-signing-is-uncertainty-not-absence
NBA_2025,NBA,2025,205,1,2025-06-26,precise,draft-roster-status-unresolved,unresolved,shulgma01,Max Shulga,ORL,BOS,"The Boston Celtics traded Noah Penda to the Orlando Magic for Max Shulga, Amari Williams, a 2026 2nd round draft pick (Dillon Mitchell was later selected) and a 2027 2nd round draft pick. 2026 2nd-rd pick was most favorable of MIL, ORL, and DET, became MIL 2026 2nd-rd pick 2027 2nd-rd pick is most favorable",draft-year=2025;prior-dated-active-contract-unestablished;missing-signing-is-uncertainty-not-absence
NBA_2025,NBA,2025,205,1,2025-06-26,precise,draft-roster-status-unresolved,unresolved,william01,Amari Williams,ORL,BOS,"The Boston Celtics traded Noah Penda to the Orlando Magic for Max Shulga, Amari Williams, a 2026 2nd round draft pick (Dillon Mitchell was later selected) and a 2027 2nd round draft pick. 2026 2nd-rd pick was most favorable of MIL, ORL, and DET, became MIL 2026 2nd-rd pick 2027 2nd-rd pick is most favorable",draft-year=2025;prior-dated-active-contract-unestablished;missing-signing-is-uncertainty-not-absence
NBA_2025,NBA,2025,209,0,2025-06-30,precise,draft-roster-status-unresolved,unresolved,zikarro01,Rocco Zikarsky,CHI,LAL,The Chicago Bulls traded Rocco Zikarsky to the Los Angeles Lakers for Lachlan Olbrich and cash.,draft-year=2025;prior-dated-active-contract-unestablished;missing-signing-is-uncertainty-not-absence
NBA_2025,NBA,2025,209,0,2025-06-30,precise,draft-roster-status-unresolved,unresolved,olbrila01,Lachlan Olbrich,LAL,CHI,The Chicago Bulls traded Rocco Zikarsky to the Los Angeles Lakers for Lachlan Olbrich and cash.,draft-year=2025;prior-dated-active-contract-unestablished;missing-signing-is-uncertainty-not-absence
NBA_2025,NBA,2025,209,1,2025-06-30,precise,draft-roster-status-unresolved,unresolved,mcneeli01,Liam McNeeley,PHO,CHO,"The Charlotte Hornets traded Mark Williams and a 2029 2nd round draft pick to the Phoenix Suns for Liam McNeeley, Vasilije Micić and a 2029 1st round draft pick. 2029 1st-rd pick is least favorable 2029 2nd-rd pick is PHO own Phoenix received a trade exception.",draft-year=2025;prior-dated-active-contract-unestablished;missing-signing-is-uncertainty-not-absence
NBA_2026,NBA,2026,6,10,2025-07-06,precise,draft-roster-status-unresolved,unresolved,mashaja01,Jahmai Mashack,GSW,MEM,"The Golden State Warriors traded Justinian Jessup, Jahmai Mashack and a 2032 2nd round draft pick to the Memphis Grizzlies for Will Richard. 2032 2nd-rd pick is GSW own",draft-year=2025;prior-dated-active-contract-unestablished;missing-signing-is-uncertainty-not-absence
NBA_2026,NBA,2026,6,10,2025-07-06,precise,draft-roster-status-unresolved,unresolved,richawi02,Will Richard,MEM,GSW,"The Golden State Warriors traded Justinian Jessup, Jahmai Mashack and a 2032 2nd round draft pick to the Memphis Grizzlies for Will Richard. 2032 2nd-rd pick is GSW own",draft-year=2025;prior-dated-active-contract-unestablished;missing-signing-is-uncertainty-not-absence
NBA_2026,NBA,2026,6,14,2025-07-06,precise,draft-roster-status-unresolved,unresolved,joneska03,Kam Jones,SAS,IND,The Indiana Pacers traded cash and a 2030 2nd round draft pick to the San Antonio Spurs for Kam Jones. 2030 2nd-rd pick is SAC own,draft-year=2025;prior-dated-active-contract-unestablished;missing-signing-is-uncertainty-not-absence
NBA_2026,NBA,2026,6,18,2025-07-06,precise,draft-roster-status-unresolved,unresolved,peavymi01,Micah Peavy,WAS,NOP,"In a 3-team trade, the Houston Rockets traded Cam Whitmore to the Washington Wizards; the New Orleans Pelicans traded Mojave King to the Houston Rockets; the New Orleans Pelicans traded CJ McCollum, Kelly Olynyk and a 2027 2nd round draft pick to the Washington Wizards; the Washington Wizards traded a 2026 2nd round draft pick (Jack Kayil was later selected) and a 2029 2nd round draft pick to the Houston Rockets; and the Washington Wizards traded Saddiq Bey, Micah Peavy and Jordan Poole to the New Orleans Pelicans. 2026 2nd-rd pick was CHI own 2029 2nd-rd pick is SAC own conditional 2027 2nd-rd pick is CHI own New Orleans received a trade exception. Houston received a trade exception.",draft-year=2025;prior-dated-active-contract-unestablished;missing-signing-is-uncertainty-not-absence
NBA_2026,NBA,2026,6,22,2025-07-06,precise,draft-roster-status-unresolved,unresolved,thierad01,Adou Thiero,BRK,LAL,"In a 7-team trade, the Atlanta Hawks traded Clint Capela to the Houston Rockets; the Atlanta Hawks traded Daeqwon Plowden to the Phoenix Suns; the Brooklyn Nets traded Adou Thiero to the Los Angeles Lakers; the Golden State Warriors traded Koby Brea to the Phoenix Suns; the Houston Rockets traded David Roddy, cash and a 2031 2nd round draft pick to the Atlanta Hawks; the Houston Rockets traded a 2026 2nd round draft pick (Tyler Bilodeau was later selected) and a 2030 2nd round draft pick to the Brooklyn Nets; the Houston Rockets traded Jahmai Mashack to the Golden State Warriors; the Houston Rockets traded Dillon Brooks, Jalen Green, Khaman Maluach, a 2026 2nd round draft pick (Tyler Nickel was later selected) and a 2032 2nd round draft pick to the Phoenix Suns; the Los Angeles Lakers traded Rocco Zikarsky and cash to the Minnesota Timberwolves; the Minnesota Timberwolves traded Rasheer Fleming to the Phoenix Suns; the Phoenix Suns traded Alex Toohey to the Golden State Warriors; the Phoenix Suns traded Kevin Durant to the Houston Rockets; and the Phoenix Suns traded a 2026 2nd round draft pick (Vsevolod Ishchenko was later selected) and a 2032 2nd round draft pick to the Minnesota Timberwolves. 2030 2nd-rd pick is BOS own 2031 2nd-rd pick is a right to swap 2026 2nd-rd pick was least favorable of DEN and GSW, became DEN 2026 2nd-rd pick 2032 2nd-rd pick is more favorable 2026 2nd-rd pick was second-most favorable of OKC/DAL/PHI, became PHI 2026 2nd-rd pick 2032 2nd-rd pick is HOU own conditional 2026 2nd-rd pick was one of LAC/BOS/IND/MIA, became LAC 2026 2nd-rd pick Atlanta received a trade exception.",draft-year=2025;prior-dated-active-contract-unestablished;missing-signing-is-uncertainty-not-absence
NBA_2026,NBA,2026,6,22,2025-07-06,precise,draft-roster-status-unresolved,unresolved,breako01,Koby Brea,GSW,PHO,"In a 7-team trade, the Atlanta Hawks traded Clint Capela to the Houston Rockets; the Atlanta Hawks traded Daeqwon Plowden to the Phoenix Suns; the Brooklyn Nets traded Adou Thiero to the Los Angeles Lakers; the Golden State Warriors traded Koby Brea to the Phoenix Suns; the Houston Rockets traded David Roddy, cash and a 2031 2nd round draft pick to the Atlanta Hawks; the Houston Rockets traded a 2026 2nd round draft pick (Tyler Bilodeau was later selected) and a 2030 2nd round draft pick to the Brooklyn Nets; the Houston Rockets traded Jahmai Mashack to the Golden State Warriors; the Houston Rockets traded Dillon Brooks, Jalen Green, Khaman Maluach, a 2026 2nd round draft pick (Tyler Nickel was later selected) and a 2032 2nd round draft pick to the Phoenix Suns; the Los Angeles Lakers traded Rocco Zikarsky and cash to the Minnesota Timberwolves; the Minnesota Timberwolves traded Rasheer Fleming to the Phoenix Suns; the Phoenix Suns traded Alex Toohey to the Golden State Warriors; the Phoenix Suns traded Kevin Durant to the Houston Rockets; and the Phoenix Suns traded a 2026 2nd round draft pick (Vsevolod Ishchenko was later selected) and a 2032 2nd round draft pick to the Minnesota Timberwolves. 2030 2nd-rd pick is BOS own 2031 2nd-rd pick is a right to swap 2026 2nd-rd pick was least favorable of DEN and GSW, became DEN 2026 2nd-rd pick 2032 2nd-rd pick is more favorable 2026 2nd-rd pick was second-most favorable of OKC/DAL/PHI, became PHI 2026 2nd-rd pick 2032 2nd-rd pick is HOU own conditional 2026 2nd-rd pick was one of LAC/BOS/IND/MIA, became LAC 2026 2nd-rd pick Atlanta received a trade exception.",draft-year=2025;prior-dated-active-contract-unestablished;missing-signing-is-uncertainty-not-absence
NBA_2026,NBA,2026,6,22,2025-07-06,precise,draft-roster-status-unresolved,unresolved,mashaja01,Jahmai Mashack,HOU,GSW,"In a 7-team trade, the Atlanta Hawks traded Clint Capela to the Houston Rockets; the Atlanta Hawks traded Daeqwon Plowden to the Phoenix Suns; the Brooklyn Nets traded Adou Thiero to the Los Angeles Lakers; the Golden State Warriors traded Koby Brea to the Phoenix Suns; the Houston Rockets traded David Roddy, cash and a 2031 2nd round draft pick to the Atlanta Hawks; the Houston Rockets traded a 2026 2nd round draft pick (Tyler Bilodeau was later selected) and a 2030 2nd round draft pick to the Brooklyn Nets; the Houston Rockets traded Jahmai Mashack to the Golden State Warriors; the Houston Rockets traded Dillon Brooks, Jalen Green, Khaman Maluach, a 2026 2nd round draft pick (Tyler Nickel was later selected) and a 2032 2nd round draft pick to the Phoenix Suns; the Los Angeles Lakers traded Rocco Zikarsky and cash to the Minnesota Timberwolves; the Minnesota Timberwolves traded Rasheer Fleming to the Phoenix Suns; the Phoenix Suns traded Alex Toohey to the Golden State Warriors; the Phoenix Suns traded Kevin Durant to the Houston Rockets; and the Phoenix Suns traded a 2026 2nd round draft pick (Vsevolod Ishchenko was later selected) and a 2032 2nd round draft pick to the Minnesota Timberwolves. 2030 2nd-rd pick is BOS own 2031 2nd-rd pick is a right to swap 2026 2nd-rd pick was least favorable of DEN and GSW, became DEN 2026 2nd-rd pick 2032 2nd-rd pick is more favorable 2026 2nd-rd pick was second-most favorable of OKC/DAL/PHI, became PHI 2026 2nd-rd pick 2032 2nd-rd pick is HOU own conditional 2026 2nd-rd pick was one of LAC/BOS/IND/MIA, became LAC 2026 2nd-rd pick Atlanta received a trade exception.",draft-year=2025;prior-dated-active-contract-unestablished;missing-signing-is-uncertainty-not-absence
NBA_2026,NBA,2026,6,22,2025-07-06,precise,draft-roster-status-unresolved,unresolved,maluakh01,Khaman Maluach,HOU,PHO,"In a 7-team trade, the Atlanta Hawks traded Clint Capela to the Houston Rockets; the Atlanta Hawks traded Daeqwon Plowden to the Phoenix Suns; the Brooklyn Nets traded Adou Thiero to the Los Angeles Lakers; the Golden State Warriors traded Koby Brea to the Phoenix Suns; the Houston Rockets traded David Roddy, cash and a 2031 2nd round draft pick to the Atlanta Hawks; the Houston Rockets traded a 2026 2nd round draft pick (Tyler Bilodeau was later selected) and a 2030 2nd round draft pick to the Brooklyn Nets; the Houston Rockets traded Jahmai Mashack to the Golden State Warriors; the Houston Rockets traded Dillon Brooks, Jalen Green, Khaman Maluach, a 2026 2nd round draft pick (Tyler Nickel was later selected) and a 2032 2nd round draft pick to the Phoenix Suns; the Los Angeles Lakers traded Rocco Zikarsky and cash to the Minnesota Timberwolves; the Minnesota Timberwolves traded Rasheer Fleming to the Phoenix Suns; the Phoenix Suns traded Alex Toohey to the Golden State Warriors; the Phoenix Suns traded Kevin Durant to the Houston Rockets; and the Phoenix Suns traded a 2026 2nd round draft pick (Vsevolod Ishchenko was later selected) and a 2032 2nd round draft pick to the Minnesota Timberwolves. 2030 2nd-rd pick is BOS own 2031 2nd-rd pick is a right to swap 2026 2nd-rd pick was least favorable of DEN and GSW, became DEN 2026 2nd-rd pick 2032 2nd-rd pick is more favorable 2026 2nd-rd pick was second-most favorable of OKC/DAL/PHI, became PHI 2026 2nd-rd pick 2032 2nd-rd pick is HOU own conditional 2026 2nd-rd pick was one of LAC/BOS/IND/MIA, became LAC 2026 2nd-rd pick Atlanta received a trade exception.",draft-year=2025;prior-dated-active-contract-unestablished;missing-signing-is-uncertainty-not-absence
NBA_2026,NBA,2026,6,22,2025-07-06,precise,draft-roster-status-unresolved,unresolved,zikarro01,Rocco Zikarsky,LAL,MIN,"In a 7-team trade, the Atlanta Hawks traded Clint Capela to the Houston Rockets; the Atlanta Hawks traded Daeqwon Plowden to the Phoenix Suns; the Brooklyn Nets traded Adou Thiero to the Los Angeles Lakers; the Golden State Warriors traded Koby Brea to the Phoenix Suns; the Houston Rockets traded David Roddy, cash and a 2031 2nd round draft pick to the Atlanta Hawks; the Houston Rockets traded a 2026 2nd round draft pick (Tyler Bilodeau was later selected) and a 2030 2nd round draft pick to the Brooklyn Nets; the Houston Rockets traded Jahmai Mashack to the Golden State Warriors; the Houston Rockets traded Dillon Brooks, Jalen Green, Khaman Maluach, a 2026 2nd round draft pick (Tyler Nickel was later selected) and a 2032 2nd round draft pick to the Phoenix Suns; the Los Angeles Lakers traded Rocco Zikarsky and cash to the Minnesota Timberwolves; the Minnesota Timberwolves traded Rasheer Fleming to the Phoenix Suns; the Phoenix Suns traded Alex Toohey to the Golden State Warriors; the Phoenix Suns traded Kevin Durant to the Houston Rockets; and the Phoenix Suns traded a 2026 2nd round draft pick (Vsevolod Ishchenko was later selected) and a 2032 2nd round draft pick to the Minnesota Timberwolves. 2030 2nd-rd pick is BOS own 2031 2nd-rd pick is a right to swap 2026 2nd-rd pick was least favorable of DEN and GSW, became DEN 2026 2nd-rd pick 2032 2nd-rd pick is more favorable 2026 2nd-rd pick was second-most favorable of OKC/DAL/PHI, became PHI 2026 2nd-rd pick 2032 2nd-rd pick is HOU own conditional 2026 2nd-rd pick was one of LAC/BOS/IND/MIA, became LAC 2026 2nd-rd pick Atlanta received a trade exception.",draft-year=2025;prior-dated-active-contract-unestablished;missing-signing-is-uncertainty-not-absence
NBA_2026,NBA,2026,6,22,2025-07-06,precise,draft-roster-status-unresolved,unresolved,flemira01,Rasheer Fleming,MIN,PHO,"In a 7-team trade, the Atlanta Hawks traded Clint Capela to the Houston Rockets; the Atlanta Hawks traded Daeqwon Plowden to the Phoenix Suns; the Brooklyn Nets traded Adou Thiero to the Los Angeles Lakers; the Golden State Warriors traded Koby Brea to the Phoenix Suns; the Houston Rockets traded David Roddy, cash and a 2031 2nd round draft pick to the Atlanta Hawks; the Houston Rockets traded a 2026 2nd round draft pick (Tyler Bilodeau was later selected) and a 2030 2nd round draft pick to the Brooklyn Nets; the Houston Rockets traded Jahmai Mashack to the Golden State Warriors; the Houston Rockets traded Dillon Brooks, Jalen Green, Khaman Maluach, a 2026 2nd round draft pick (Tyler Nickel was later selected) and a 2032 2nd round draft pick to the Phoenix Suns; the Los Angeles Lakers traded Rocco Zikarsky and cash to the Minnesota Timberwolves; the Minnesota Timberwolves traded Rasheer Fleming to the Phoenix Suns; the Phoenix Suns traded Alex Toohey to the Golden State Warriors; the Phoenix Suns traded Kevin Durant to the Houston Rockets; and the Phoenix Suns traded a 2026 2nd round draft pick (Vsevolod Ishchenko was later selected) and a 2032 2nd round draft pick to the Minnesota Timberwolves. 2030 2nd-rd pick is BOS own 2031 2nd-rd pick is a right to swap 2026 2nd-rd pick was least favorable of DEN and GSW, became DEN 2026 2nd-rd pick 2032 2nd-rd pick is more favorable 2026 2nd-rd pick was second-most favorable of OKC/DAL/PHI, became PHI 2026 2nd-rd pick 2032 2nd-rd pick is HOU own conditional 2026 2nd-rd pick was one of LAC/BOS/IND/MIA, became LAC 2026 2nd-rd pick Atlanta received a trade exception.",draft-year=2025;prior-dated-active-contract-unestablished;missing-signing-is-uncertainty-not-absence
NBA_2026,NBA,2026,6,22,2025-07-06,precise,draft-roster-status-unresolved,unresolved,tooheal01,Alex Toohey,PHO,GSW,"In a 7-team trade, the Atlanta Hawks traded Clint Capela to the Houston Rockets; the Atlanta Hawks traded Daeqwon Plowden to the Phoenix Suns; the Brooklyn Nets traded Adou Thiero to the Los Angeles Lakers; the Golden State Warriors traded Koby Brea to the Phoenix Suns; the Houston Rockets traded David Roddy, cash and a 2031 2nd round draft pick to the Atlanta Hawks; the Houston Rockets traded a 2026 2nd round draft pick (Tyler Bilodeau was later selected) and a 2030 2nd round draft pick to the Brooklyn Nets; the Houston Rockets traded Jahmai Mashack to the Golden State Warriors; the Houston Rockets traded Dillon Brooks, Jalen Green, Khaman Maluach, a 2026 2nd round draft pick (Tyler Nickel was later selected) and a 2032 2nd round draft pick to the Phoenix Suns; the Los Angeles Lakers traded Rocco Zikarsky and cash to the Minnesota Timberwolves; the Minnesota Timberwolves traded Rasheer Fleming to the Phoenix Suns; the Phoenix Suns traded Alex Toohey to the Golden State Warriors; the Phoenix Suns traded Kevin Durant to the Houston Rockets; and the Phoenix Suns traded a 2026 2nd round draft pick (Vsevolod Ishchenko was later selected) and a 2032 2nd round draft pick to the Minnesota Timberwolves. 2030 2nd-rd pick is BOS own 2031 2nd-rd pick is a right to swap 2026 2nd-rd pick was least favorable of DEN and GSW, became DEN 2026 2nd-rd pick 2032 2nd-rd pick is more favorable 2026 2nd-rd pick was second-most favorable of OKC/DAL/PHI, became PHI 2026 2nd-rd pick 2032 2nd-rd pick is HOU own conditional 2026 2nd-rd pick was one of LAC/BOS/IND/MIA, became LAC 2026 2nd-rd pick Atlanta received a trade exception.",draft-year=2025;prior-dated-active-contract-unestablished;missing-signing-is-uncertainty-not-absence
NBA_2026,NBA,2026,7,9,2025-07-07,precise,draft-roster-status-unresolved,unresolved,poweldr01,Drake Powell,ATL,BRK,"In a 3-team trade, the Atlanta Hawks traded Georges Niang and a 2031 2nd round draft pick to the Boston Celtics; the Atlanta Hawks traded Terance Mann and Drake Powell to the Brooklyn Nets; the Boston Celtics traded Kristaps Porzingis and a 2026 2nd round draft pick (Narcisse Ngoy was later selected) to the Atlanta Hawks; and the Brooklyn Nets traded cash to the Boston Celtics. 2031 2nd-rd pick is CLE own 2026 2nd-rd pick was least favorable of BOS and MEM, became BOS 2026 2nd-rd pick Boston received a trade exception.",draft-year=2025;prior-dated-active-contract-unestablished;missing-signing-is-uncertainty-not-absence
