bbr_player_id,display_name,season,canonical_franchise,membership_source,evidence_class,interval_iso,reasons
abdulka01,Kareem Abdul-Jabbar,1976,LAKERS,S2,unresolved,,no-dated-evidence(membership-season-only; S1-window-missing-or-season-past-2022-23)
abdulza01,Zaid Abdul-Aziz,1971,THUNDER,S2,unresolved,,no-season-window(S1-game-table-ends-2022-23-or-season-absent-from-S1); open-stint-without-window
abdursh01,Shareef Abdur-Rahim,2004,HAWKS,S2,unresolved,"[2003-10-29, 2004-02-09)","same-day-game-order-unresolved(S2-player-games=53,S1-season-games=82,S2-team-games=82,interval-capacity=52,departure-day-allowance=1,missing-games-allowance=0,capacity-upper-bound=53)"
abramjo01,John Abramovic,1948,BULLETS-DEFUNCT,S2,unresolved,"[1947-12-09, 1948-04-22)",flagged-transaction-legs(team-unresolved)
abramjo01,John Abramovic,1948,BOMBERS,S2,unresolved,"[1947-10-27, 1948-04-07)",flagged-transaction-legs(team-unresolved)
achiupr01,Precious Achiuwa,2024,KNICKS,S2,unresolved,,no-season-window(S1-game-table-ends-2022-23-or-season-absent-from-S1); open-stint-without-window
achiupr01,Precious Achiuwa,2024,RAPTORS,S2,unresolved,,"no-season-window(S1-game-table-ends-2022-23-or-season-absent-from-S1); departure-after-closed-stint(prior-spell-exit,or-source-noise)"
achiupr01,Precious Achiuwa,2025,KNICKS,S2,unresolved,,no-season-window(S1-game-table-ends-2022-23-or-season-absent-from-S1); open-stint-without-window
achiupr01,Precious Achiuwa,2026,KINGS,S2,unresolved,,no-season-window(S1-game-table-ends-2022-23-or-season-absent-from-S1); open-stint-without-window
acyqu01,Quincy Acy,2013,RAPTORS,S2,unresolved,,no-dated-evidence(membership-season-only; S1-window-missing-or-season-past-2022-23)
adamsal01,Alvan Adams,1977,SUNS,S2,unresolved,,no-dated-evidence(membership-season-only; S1-window-missing-or-season-past-2022-23)
adamsdo01,Don Adams,1971,ROCKETS,S2,unresolved,,no-dated-evidence(membership-season-only; S1-window-missing-or-season-past-2022-23)
adamsdo01,Don Adams,1977,CLIPPERS,S2,unresolved,,no-dated-evidence(membership-season-only; S1-window-missing-or-season-past-2022-23)
adamsha01,Hassan Adams,2009,RAPTORS,S2,unresolved,"[2008-07-08, 2009-01-01)","departure-after-closed-stint(prior-spell-exit,or-source-noise)"
adamsmi01,Michael Adams,1987,WIZARDS,S2,unresolved,"[1986-05-13, 1986-09-25)",stint-entirely-outside-team-season-window(stands-on-transactions-alone)
adamsst01,Steven Adams,2017,THUNDER,S2,unresolved,"[2016-10-31, 2017-04-26)","appearance-count-conflict(S2-player-games=80,S1-season-games=82,S2-team-games=82,interval-capacity=79,departure-day-allowance=0,missing-games-allowance=0,capacity-upper-bound=79)"
adamsst01,Steven Adams,2025,ROCKETS,S2,unresolved,,no-dated-evidence(membership-season-only; S1-window-missing-or-season-past-2022-23)
adamsst01,Steven Adams,2026,ROCKETS,S2,unresolved,,no-dated-evidence(membership-season-only; S1-window-missing-or-season-past-2022-23)
adebaba01,Bam Adebayo,2024,HEAT,S2,unresolved,,no-dated-evidence(membership-season-only; S1-window-missing-or-season-past-2022-23)
adebaba01,Bam Adebayo,2025,HEAT,S2,unresolved,,no-dated-evidence(membership-season-only; S1-window-missing-or-season-past-2022-23)
adebaba01,Bam Adebayo,2026,HEAT,S2,unresolved,,no-dated-evidence(membership-season-only; S1-window-missing-or-season-past-2022-23)
adelmri01,Rick Adelman,1971,TRAIL BLAZERS,S2,unresolved,,no-dated-evidence(membership-season-only; S1-window-missing-or-season-past-2022-23)
adrieje01,Jeff Adrien,2013,BOBCATS-HORNETS2,S2,unresolved,"[2012-09-25, 2012-10-06)",open-stint-without-window
afflaar01,Arron Afflalo,2013,MAGIC,S2,unresolved,,no-season-window(S1-game-table-ends-2022-23-or-season-absent-from-S1); open-stint-without-window
agbajoc01,Ochai Agbaji,2024,RAPTORS,S2,unresolved,,no-season-window(S1-game-table-ends-2022-23-or-season-absent-from-S1); open-stint-without-window
agbajoc01,Ochai Agbaji,2024,JAZZ,S2,unresolved,,"no-season-window(S1-game-table-ends-2022-23-or-season-absent-from-S1); departure-after-closed-stint(prior-spell-exit,or-source-noise)"
agbajoc01,Ochai Agbaji,2025,RAPTORS,S2,unresolved,,no-dated-evidence(membership-season-only; S1-window-missing-or-season-past-2022-23)
agbajoc01,Ochai Agbaji,2026,NETS,S2,unresolved,,no-season-window(S1-game-table-ends-2022-23-or-season-absent-from-S1); open-stint-without-window
agbajoc01,Ochai Agbaji,2026,RAPTORS,S2,unresolved,,"no-season-window(S1-game-table-ends-2022-23-or-season-absent-from-S1); departure-after-closed-stint(prior-spell-exit,or-source-noise)"
akognjo01,Josh Akognon,2013,MAVERICKS,S2,unresolved,,no-season-window(S1-game-table-ends-2022-23-or-season-absent-from-S1); open-stint-without-window
aldamsa01,Santi Aldama,2024,GRIZZLIES,S2,unresolved,,no-dated-evidence(membership-season-only; S1-window-missing-or-season-past-2022-23)
aldamsa01,Santi Aldama,2025,GRIZZLIES,S2,unresolved,,no-dated-evidence(membership-season-only; S1-window-missing-or-season-past-2022-23)
aldamsa01,Santi Aldama,2026,GRIZZLIES,S2,unresolved,,no-season-window(S1-game-table-ends-2022-23-or-season-absent-from-S1); open-stint-without-window
aldrico01,Cole Aldrich,2013,ROCKETS,S2,unresolved,"[2012-10-27, 2013-02-20)",stint-entirely-outside-team-season-window(stands-on-transactions-alone)
aldrico01,Cole Aldrich,2013,KINGS,S2,unresolved,,no-season-window(S1-game-table-ends-2022-23-or-season-absent-from-S1); open-stint-without-window
aldrila01,LaMarcus Aldridge,2013,TRAIL BLAZERS,S2,unresolved,,no-dated-evidence(membership-season-only; S1-window-missing-or-season-past-2022-23)
alexaky01,Kyle Alexander,2020,HEAT,S2,unresolved,"[2019-07-15, 2019-10-19)",stint-entirely-outside-team-season-window(stands-on-transactions-alone)
alexani01,Nickeil Alexander-Walker,2024,TIMBERWOLVES,S2,unresolved,,no-dated-evidence(membership-season-only; S1-window-missing-or-season-past-2022-23)
alexani01,Nickeil Alexander-Walker,2025,TIMBERWOLVES,S2,unresolved,,no-dated-evidence(membership-season-only; S1-window-missing-or-season-past-2022-23)
alexani01,Nickeil Alexander-Walker,2026,HAWKS,S2,unresolved,,same-day-arrival-to-multiple-franchises(ordering-unresolved)
alexatr01,Trey Alexander,2025,NUGGETS,S2,unresolved,,no-season-window(S1-game-table-ends-2022-23-or-season-absent-from-S1); open-stint-without-window
alexatr01,Trey Alexander,2026,HORNETS-PELICANS,S2,unresolved,,no-season-window(S1-game-table-ends-2022-23-or-season-absent-from-S1); open-stint-without-window
allengr01,Grayson Allen,2024,SUNS,S2,unresolved,,no-season-window(S1-game-table-ends-2022-23-or-season-absent-from-S1); open-stint-without-window
allengr01,Grayson Allen,2025,SUNS,S2,unresolved,,no-dated-evidence(membership-season-only; S1-window-missing-or-season-past-2022-23)
allengr01,Grayson Allen,2026,SUNS,S2,unresolved,,no-dated-evidence(membership-season-only; S1-window-missing-or-season-past-2022-23)
allenja01,Jarrett Allen,2024,CAVALIERS,S2,unresolved,,no-dated-evidence(membership-season-only; S1-window-missing-or-season-past-2022-23)
allenja01,Jarrett Allen,2025,CAVALIERS,S2,unresolved,,no-dated-evidence(membership-season-only; S1-window-missing-or-season-past-2022-23)
allenja01,Jarrett Allen,2026,CAVALIERS,S2,unresolved,,no-dated-evidence(membership-season-only; S1-window-missing-or-season-past-2022-23)
allenka01,Kadeem Allen,2019,KNICKS,S2,unresolved,"[2018-07-25, 2018-10-13)",stint-entirely-outside-team-season-window(stands-on-transactions-alone)
allenla01,Lavoy Allen,2013,76ERS,S2,unresolved,,no-dated-evidence(membership-season-only; S1-window-missing-or-season-past-2022-23)
allenlu01,Lucius Allen,1976,LAKERS,S2,unresolved,,no-dated-evidence(membership-season-only; S1-window-missing-or-season-past-2022-23)
allenra01,Randy Allen,1989,KINGS,S2,unresolved,"[1988-10-05, 1988-10-20)",repeat-signing-continues-open-stint; repeat-signing-continues-open-stint; stint-entirely-outside-team-season-window(stands-on-transactions-alone)
allenti01,Timmy Allen,2024,GRIZZLIES,S2,unresolved,"[2023-10-16, 2023-10-18)",open-stint-without-window
alstora01,Rafer Alston,2003,RAPTORS,S2,unresolved,"[2003-01-17, 2003-04-17)","appearance-count-conflict(S2-player-games=47,S1-season-games=82,S2-team-games=82,interval-capacity=43,departure-day-allowance=0,missing-games-allowance=0,capacity-upper-bound=43)"
alvarjo01,Jose Alvarado,2024,HORNETS-PELICANS,S2,unresolved,,no-dated-evidence(membership-season-only; S1-window-missing-or-season-past-2022-23)
alvarjo01,Jose Alvarado,2025,HORNETS-PELICANS,S2,unresolved,,no-dated-evidence(membership-season-only; S1-window-missing-or-season-past-2022-23)
alvarjo01,Jose Alvarado,2026,HORNETS-PELICANS,S2,unresolved,,"no-season-window(S1-game-table-ends-2022-23-or-season-absent-from-S1); departure-after-closed-stint(prior-spell-exit,or-source-noise)"
alvarjo01,Jose Alvarado,2026,KNICKS,S2,unresolved,,no-season-window(S1-game-table-ends-2022-23-or-season-absent-from-S1); open-stint-without-window
aminual01,Al-Farouq Aminu,2013,HORNETS-PELICANS,S2,unresolved,,no-dated-evidence(membership-season-only; S1-window-missing-or-season-past-2022-23)
amundlo01,Lou Amundson,2013,HORNETS-PELICANS,S2,unresolved,,no-season-window(S1-game-table-ends-2022-23-or-season-absent-from-S1); open-stint-without-window
anderal01,Alan Anderson,2013,RAPTORS,S2,unresolved,,no-dated-evidence(membership-season-only; S1-window-missing-or-season-past-2022-23)
andercl01,Cliff Anderson,1971,CAVALIERS,S2,unresolved,,no-season-window(S1-game-table-ends-2022-23-or-season-absent-from-S1); open-stint-without-window
anderda02,Dan Anderson,1976,TRAIL BLAZERS,S2,unresolved,,no-dated-evidence(membership-season-only; S1-window-missing-or-season-past-2022-23)
anderja01,James Anderson,2013,SPURS,S2,unresolved,"[2012-11-21, 2012-12-20)",stint-entirely-outside-team-season-window(stands-on-transactions-alone)
anderju01,Justin Anderson,2022,PACERS,S2,unresolved,"[2021-10-15, 2021-10-16)",repeat-signing-continues-open-stint; repeat-signing-continues-open-stint; stint-entirely-outside-team-season-window(stands-on-transactions-alone)
anderke01,Kenny Anderson,2005,HAWKS,S2,unresolved,"[2004-09-16, 2005-02-24)","departure-after-closed-stint(prior-spell-exit,or-source-noise)"
anderky01,Kyle Anderson,2024,TIMBERWOLVES,S2,unresolved,,no-dated-evidence(membership-season-only; S1-window-missing-or-season-past-2022-23)
anderky01,Kyle Anderson,2025,WARRIORS,S2,unresolved,,same-day-arrival-to-multiple-franchises(ordering-unresolved)
anderky01,Kyle Anderson,2025,HEAT,S2,unresolved,,same-day-arrival-to-multiple-franchises(ordering-unresolved)
anderky01,Kyle Anderson,2026,TIMBERWOLVES,S2,unresolved,,no-season-window(S1-game-table-ends-2022-23-or-season-absent-from-S1); open-stint-without-window
anderri01,Richard Anderson,1988,ROCKETS,S2,unresolved,"[1987-09-01, 1987-12-07)","departure-after-closed-stint(prior-spell-exit,or-source-noise)"
anderry01,Ryan Anderson,2013,HORNETS-PELICANS,S2,unresolved,,no-season-window(S1-game-table-ends-2022-23-or-season-absent-from-S1); open-stint-without-window
antetal01,Alex Antetokounmpo,2026,BUCKS,S2,unresolved,,no-season-window(S1-game-table-ends-2022-23-or-season-absent-from-S1); open-stint-without-window
antetgi01,Giannis Antetokounmpo,2024,BUCKS,S2,unresolved,,no-dated-evidence(membership-season-only; S1-window-missing-or-season-past-2022-23)
antetgi01,Giannis Antetokounmpo,2025,BUCKS,S2,unresolved,,no-dated-evidence(membership-season-only; S1-window-missing-or-season-past-2022-23)
antetgi01,Giannis Antetokounmpo,2026,BUCKS,S2,unresolved,,no-dated-evidence(membership-season-only; S1-window-missing-or-season-past-2022-23)
antetth01,Thanasis Antetokounmpo,2016,KNICKS,S2,unresolved,"[2015-08-07, 2015-10-23)",stint-entirely-outside-team-season-window(stands-on-transactions-alone)
antetth01,Thanasis Antetokounmpo,2024,BUCKS,S2,unresolved,,no-season-window(S1-game-table-ends-2022-23-or-season-absent-from-S1); open-stint-without-window
antetth01,Thanasis Antetokounmpo,2026,BUCKS,S2,unresolved,,no-season-window(S1-game-table-ends-2022-23-or-season-absent-from-S1); open-stint-without-window
anthoco01,Cole Anthony,2024,MAGIC,S2,unresolved,,no-dated-evidence(membership-season-only; S1-window-missing-or-season-past-2022-23)
anthoco01,Cole Anthony,2025,MAGIC,S2,unresolved,,"no-season-window(S1-game-table-ends-2022-23-or-season-absent-from-S1); departure-after-closed-stint(prior-spell-exit,or-source-noise)"
anthojo01,Joel Anthony,2017,SPURS,S2,unresolved,"[2016-09-26, 2016-10-22)",repeat-signing-continues-open-stint; repeat-signing-continues-open-stint; stint-entirely-outside-team-season-window(stands-on-transactions-alone)
anunoog01,OG Anunoby,2024,KNICKS,S2,unresolved,,no-season-window(S1-game-table-ends-2022-23-or-season-absent-from-S1); open-stint-without-window
anunoog01,OG Anunoby,2024,RAPTORS,S2,unresolved,,"no-season-window(S1-game-table-ends-2022-23-or-season-absent-from-S1); departure-after-closed-stint(prior-spell-exit,or-source-noise)"
anunoog01,OG Anunoby,2025,KNICKS,S2,unresolved,,no-season-window(S1-game-table-ends-2022-23-or-season-absent-from-S1); open-stint-without-window
anunoog01,OG Anunoby,2026,KNICKS,S2,unresolved,,no-dated-evidence(membership-season-only; S1-window-missing-or-season-past-2022-23)
applike01,Keith Appling,2016,MAGIC,S2,unresolved,"[2015-09-24, 2015-10-19)",repeat-signing-continues-open-stint; stint-entirely-outside-team-season-window(stands-on-transactions-alone)
architi01,Tiny Archibald,1971,KINGS,S2,unresolved,,no-dated-evidence(membership-season-only; S1-window-missing-or-season-past-2022-23)
architi01,Tiny Archibald,1976,KINGS,S2,unresolved,,no-dated-evidence(membership-season-only; S1-window-missing-or-season-past-2022-23)
architi01,Tiny Archibald,1977,NETS,S2,unresolved,,no-season-window(S1-game-table-ends-2022-23-or-season-absent-from-S1); open-stint-without-window
arcidry01,Ryan Arcidiacono,2021,BULLS,S2,unresolved,"[2020-12-23, 2021-05-17)",multi-team-season(ordering-unresolved): player has dated moves to other franchises this season; bracket-only stint cannot be ordered against them
arizatr01,Trevor Ariza,2013,WIZARDS,S2,unresolved,,no-dated-evidence(membership-season-only; S1-window-missing-or-season-past-2022-23)
arizipa01,Paul Arizin,1961,WARRIORS,S2,unresolved,,no-dated-evidence(membership-season-only; S1-window-missing-or-season-past-2022-23)
arnzebo01,Bob Arnzen,1971,KINGS,S2,unresolved,,no-season-window(S1-game-table-ends-2022-23-or-season-absent-from-S1); open-stint-without-window
arthujo01,John Arthurs,1970,BUCKS,S2,unresolved,"[1969-10-18, 1970-04-21)",multi-team-season(ordering-unresolved): player has dated moves to other franchises this season; bracket-only stint cannot be ordered against them
attleal01,Al Attles,1961,WARRIORS,S2,unresolved,,no-dated-evidence(membership-season-only; S1-window-missing-or-season-past-2022-23)
augmost01,Stacey Augmon,2000,TRAIL BLAZERS,S2,unresolved,"[1999-10-18, 2000-04-20)","departure-after-closed-stint(prior-spell-exit,or-source-noise)"
austijo01,Johnny Austin,1967,WIZARDS,S2,unresolved,,no-season-window(S1-game-table-ends-2022-23-or-season-absent-from-S1); flagged-transaction-legs(team-unresolved)
avdijde01,Deni Avdija,2024,WIZARDS,S2,unresolved,,no-dated-evidence(membership-season-only; S1-window-missing-or-season-past-2022-23)
avdijde01,Deni Avdija,2025,TRAIL BLAZERS,S2,unresolved,,no-season-window(S1-game-table-ends-2022-23-or-season-absent-from-S1); open-stint-without-window
avdijde01,Deni Avdija,2026,TRAIL BLAZERS,S2,unresolved,,no-dated-evidence(membership-season-only; S1-window-missing-or-season-past-2022-23)
averibi01,Bird Averitt,1977,CLIPPERS,S2,unresolved,,no-season-window(S1-game-table-ends-2022-23-or-season-absent-from-S1); open-stint-without-window; flagged-transaction-legs(team-unresolved)
awtrede01,Dennis Awtrey,1977,SUNS,S2,unresolved,,no-dated-evidence(membership-season-only; S1-window-missing-or-season-past-2022-23)
aytonde01,Deandre Ayton,2024,TRAIL BLAZERS,S2,unresolved,,no-season-window(S1-game-table-ends-2022-23-or-season-absent-from-S1); open-stint-without-window
aytonde01,Deandre Ayton,2025,TRAIL BLAZERS,S2,unresolved,,"no-season-window(S1-game-table-ends-2022-23-or-season-absent-from-S1); departure-after-closed-stint(prior-spell-exit,or-source-noise)"
aytonde01,Deandre Ayton,2026,LAKERS,S2,unresolved,,no-season-window(S1-game-table-ends-2022-23-or-season-absent-from-S1); open-stint-without-window
azubuud01,Udoka Azubuike,2024,SUNS,S2,unresolved,,no-season-window(S1-game-table-ends-2022-23-or-season-absent-from-S1); open-stint-without-window
babbilu01,Luke Babbitt,2013,TRAIL BLAZERS,S2,unresolved,,no-dated-evidence(membership-season-only; S1-window-missing-or-season-past-2022-23)
babicmi01,Miloš Babić,1992,HEAT,S2,unresolved,"[1991-10-04, 1991-10-29)",stint-entirely-outside-team-season-window(stands-on-transactions-alone)
badjiib01,Ibou Badji,2024,TRAIL BLAZERS,S2,unresolved,"[2023-07-01, 2023-10-23)",open-stint-without-window
baglema01,Marvin Bagley III,2024,PISTONS,S2,unresolved,,"no-season-window(S1-game-table-ends-2022-23-or-season-absent-from-S1); departure-after-closed-stint(prior-spell-exit,or-source-noise)"
baglema01,Marvin Bagley III,2024,WIZARDS,S2,unresolved,,no-season-window(S1-game-table-ends-2022-23-or-season-absent-from-S1); open-stint-without-window
baglema01,Marvin Bagley III,2025,GRIZZLIES,S2,unresolved,,no-season-window(S1-game-table-ends-2022-23-or-season-absent-from-S1); open-stint-without-window
baglema01,Marvin Bagley III,2025,WIZARDS,S2,unresolved,,"no-season-window(S1-game-table-ends-2022-23-or-season-absent-from-S1); departure-after-closed-stint(prior-spell-exit,or-source-noise)"
baglema01,Marvin Bagley III,2026,MAVERICKS,S2,unresolved,,no-season-window(S1-game-table-ends-2022-23-or-season-absent-from-S1); open-stint-without-window
baglema02,Marcus Bagley,2025,76ERS,S2,unresolved,,no-season-window(S1-game-table-ends-2022-23-or-season-absent-from-S1); open-stint-without-window; repeat-signing-continues-open-stint
baileac01,Ace Bailey,2026,JAZZ,S2,unresolved,,no-season-window(S1-game-table-ends-2022-23-or-season-absent-from-S1); open-stint-without-window
baileam01,Amari Bailey,2024,BOBCATS-HORNETS2,S2,unresolved,,no-season-window(S1-game-table-ends-2022-23-or-season-absent-from-S1); open-stint-without-window
bailegu01,Gus Bailey,1976,ROCKETS,S2,unresolved,,"no-season-window(S1-game-table-ends-2022-23-or-season-absent-from-S1); departure-after-closed-stint(prior-spell-exit,or-source-noise)"
balad01,Adama-Alpha Bal,2026,GRIZZLIES,S2,unresolved,,no-season-window(S1-game-table-ends-2022-23-or-season-absent-from-S1); open-stint-without-window; repeat-signing-continues-open-stint
baldwpa01,Patrick Baldwin Jr.,2024,WIZARDS,S2,unresolved,,no-season-window(S1-game-table-ends-2022-23-or-season-absent-from-S1); open-stint-without-window
baldwpa01,Patrick Baldwin Jr.,2025,CLIPPERS,S2,unresolved,,no-season-window(S1-game-table-ends-2022-23-or-season-absent-from-S1); open-stint-without-window
baldwpa01,Patrick Baldwin Jr.,2025,WIZARDS,S2,unresolved,,"no-season-window(S1-game-table-ends-2022-23-or-season-absent-from-S1); departure-after-closed-stint(prior-spell-exit,or-source-noise)"
baldwpa01,Patrick Baldwin Jr.,2026,CLIPPERS,S2,unresolved,"[2025-08-07, 2025-10-18)","open-stint-without-window; departure-after-closed-stint(prior-spell-exit,or-source-noise)"
baldwpa01,Patrick Baldwin Jr.,2026,76ERS,S2,unresolved,,no-season-window(S1-game-table-ends-2022-23-or-season-absent-from-S1); open-stint-without-window
baldwpa01,Patrick Baldwin Jr.,2026,KINGS,S2,unresolved,,no-season-window(S1-game-table-ends-2022-23-or-season-absent-from-S1); open-stint-without-window
baldwwa01,Wade Baldwin,2019,TRAIL BLAZERS,S2,unresolved,,same-day-arrival-to-multiple-franchises(ordering-unresolved)
ballce01,Cedric Ball,1991,CLIPPERS,S2,unresolved,"[1990-09-20, 1990-10-30)",stint-entirely-outside-team-season-window(stands-on-transactions-alone)
ballla01,LaMelo Ball,2024,BOBCATS-HORNETS2,S2,unresolved,,no-dated-evidence(membership-season-only; S1-window-missing-or-season-past-2022-23)
ballla01,LaMelo Ball,2025,BOBCATS-HORNETS2,S2,unresolved,,no-dated-evidence(membership-season-only; S1-window-missing-or-season-past-2022-23)
ballla01,LaMelo Ball,2026,BOBCATS-HORNETS2,S2,unresolved,,no-dated-evidence(membership-season-only; S1-window-missing-or-season-past-2022-23)
balllo01,Lonzo Ball,2022,BULLS,S2,unresolved,,same-day-arrival-to-multiple-franchises(ordering-unresolved)
balllo01,Lonzo Ball,2025,BULLS,S2,unresolved,,no-dated-evidence(membership-season-only; S1-window-missing-or-season-past-2022-23)
bambamo01,Mo Bamba,2024,76ERS,S2,unresolved,,no-season-window(S1-game-table-ends-2022-23-or-season-absent-from-S1); open-stint-without-window
bambamo01,Mo Bamba,2025,HORNETS-PELICANS,S2,unresolved,,no-season-window(S1-game-table-ends-2022-23-or-season-absent-from-S1); open-stint-without-window
banchpa01,Paolo Banchero,2024,MAGIC,S2,unresolved,,no-dated-evidence(membership-season-only; S1-window-missing-or-season-past-2022-23)
banchpa01,Paolo Banchero,2025,MAGIC,S2,unresolved,,no-dated-evidence(membership-season-only; S1-window-missing-or-season-past-2022-23)
banchpa01,Paolo Banchero,2026,MAGIC,S2,unresolved,,no-dated-evidence(membership-season-only; S1-window-missing-or-season-past-2022-23)
banede01,Desmond Bane,2024,GRIZZLIES,S2,unresolved,,no-dated-evidence(membership-season-only; S1-window-missing-or-season-past-2022-23)
banede01,Desmond Bane,2025,GRIZZLIES,S2,unresolved,,"no-season-window(S1-game-table-ends-2022-23-or-season-absent-from-S1); departure-after-closed-stint(prior-spell-exit,or-source-noise)"
banede01,Desmond Bane,2026,MAGIC,S2,unresolved,,no-dated-evidence(membership-season-only; S1-window-missing-or-season-past-2022-23)
bantoda01,Dalano Banton,2024,TRAIL BLAZERS,S2,unresolved,,no-season-window(S1-game-table-ends-2022-23-or-season-absent-from-S1); open-stint-without-window
bantoda01,Dalano Banton,2025,TRAIL BLAZERS,S2,unresolved,,no-dated-evidence(membership-season-only; S1-window-missing-or-season-past-2022-23)
bantoda01,Dalano Banton,2026,CELTICS,S2,unresolved,,no-season-window(S1-game-table-ends-2022-23-or-season-absent-from-S1); open-stint-without-window; repeat-signing-continues-open-stint
bantoda01,Dalano Banton,2026,CLIPPERS,S2,unresolved,,no-season-window(S1-game-table-ends-2022-23-or-season-absent-from-S1); open-stint-without-window
bantomi01,Mike Bantom,1977,NETS,S2,unresolved,,no-dated-evidence(membership-season-only; S1-window-missing-or-season-past-2022-23)
bantomi01,Mike Bantom,1977,THUNDER,S2,unresolved,,no-dated-evidence(membership-season-only; S1-window-missing-or-season-past-2022-23)
bantomi01,Mike Bantom,1978,PACERS,S2,unresolved,,same-day-arrival-to-multiple-franchises(ordering-unresolved)
barbole01,Leandro Barbosa,2013,CELTICS,S2,unresolved,"[2012-10-18, 2013-02-21)",stint-entirely-outside-team-season-window(stands-on-transactions-alone)
bareajo01,J.J. Barea,2013,TIMBERWOLVES,S2,unresolved,,no-dated-evidence(membership-season-only; S1-window-missing-or-season-past-2022-23)
bargnan01,Andrea Bargnani,2013,RAPTORS,S2,unresolved,,no-dated-evidence(membership-season-only; S1-window-missing-or-season-past-2022-23)
barketo01,Tom Barker,1977,HAWKS,S2,unresolved,,no-dated-evidence(membership-season-only; S1-window-missing-or-season-past-2022-23)
barlodo01,Dominick Barlow,2024,SPURS,S2,unresolved,,no-season-window(S1-game-table-ends-2022-23-or-season-absent-from-S1); open-stint-without-window
barlodo01,Dominick Barlow,2025,HAWKS,S2,unresolved,,no-season-window(S1-game-table-ends-2022-23-or-season-absent-from-S1); open-stint-without-window
barlodo01,Dominick Barlow,2026,76ERS,S2,unresolved,,no-season-window(S1-game-table-ends-2022-23-or-season-absent-from-S1); open-stint-without-window
barnedi01,Dick Barnett,1961,76ERS,S2,unresolved,,no-dated-evidence(membership-season-only; S1-window-missing-or-season-past-2022-23)
barneha02,Harrison Barnes,2024,KINGS,S2,unresolved,,no-dated-evidence(membership-season-only; S1-window-missing-or-season-past-2022-23)
barneha02,Harrison Barnes,2025,SPURS,S2,unresolved,,no-season-window(S1-game-table-ends-2022-23-or-season-absent-from-S1); open-stint-without-window
barneha02,Harrison Barnes,2026,SPURS,S2,unresolved,,no-dated-evidence(membership-season-only; S1-window-missing-or-season-past-2022-23)
barneji01,Jim Barnes,1966,WIZARDS,S2,unresolved,,flagged-transaction-legs(team-unresolved)
barneji01,Jim Barnes,1966,KNICKS,S2,unresolved,,flagged-transaction-legs(team-unresolved)
barneji01,Jim Barnes,1967,LAKERS,S2,unresolved,,flagged-transaction-legs(team-unresolved)
barneji01,Jim Barnes,1971,WIZARDS,S2,unresolved,,flagged-transaction-legs(team-unresolved)
barneji02,Jim Barnett,1970,ROCKETS,S2,unresolved,,flagged-transaction-legs(team-unresolved)
barneji02,Jim Barnett,1971,TRAIL BLAZERS,S2,unresolved,,"no-season-window(S1-game-table-ends-2022-23-or-season-absent-from-S1); departure-after-closed-stint(prior-spell-exit,or-source-noise)"
barneji02,Jim Barnett,1976,KNICKS,S2,unresolved,,no-dated-evidence(membership-season-only; S1-window-missing-or-season-past-2022-23)
barneji02,Jim Barnett,1977,76ERS,S2,unresolved,"[1977-01-14, 1977-04-04)",stint-entirely-outside-team-season-window(stands-on-transactions-alone)
barnema01,Marvin Barnes,1977,PISTONS,S2,unresolved,,flagged-transaction-legs(team-unresolved)
barnema01,Marvin Barnes,1980,CLIPPERS,S2,unresolved,"[1979-09-30, 1979-10-10)",stint-entirely-outside-team-season-window(stands-on-transactions-alone)
barnesc01,Scottie Barnes,2024,RAPTORS,S2,unresolved,,no-dated-evidence(membership-season-only; S1-window-missing-or-season-past-2022-23)
barnesc01,Scottie Barnes,2025,RAPTORS,S2,unresolved,,no-dated-evidence(membership-season-only; S1-window-missing-or-season-past-2022-23)
barnesc01,Scottie Barnes,2026,RAPTORS,S2,unresolved,,no-dated-evidence(membership-season-only; S1-window-missing-or-season-past-2022-23)
barnhbr01,Brooks Barnhizer,2026,THUNDER,S2,unresolved,,no-season-window(S1-game-table-ends-2022-23-or-season-absent-from-S1); open-stint-without-window
barnhjo01,John Barnhill,1967,WIZARDS,S2,unresolved,,no-dated-evidence(membership-season-only; S1-window-missing-or-season-past-2022-23)
barnhjo01,John Barnhill,1969,WIZARDS,S2,unresolved,,flagged-transaction-legs(team-unresolved)
barnhle01,Leo Barnhorst,1951,OLYMPIANS,S2,unresolved,,flagged-transaction-legs(team-unresolved)
barnhle01,Leo Barnhorst,1954,BULLETS-DEFUNCT,S2,unresolved,"[1953-10-31, 1954-02-12)","same-day-game-order-unresolved(S2-player-games=55,S1-season-games=71,S2-team-games=72,interval-capacity=53,departure-day-allowance=1,missing-games-allowance=1,capacity-upper-bound=55)"
barnhno01,Norton Barnhill,1977,THUNDER,S2,unresolved,,"no-season-window(S1-game-table-ends-2022-23-or-season-absent-from-S1); departure-after-closed-stint(prior-spell-exit,or-source-noise)"
barrean01,Andre Barrett,2007,BULLS,S2,unresolved,"[2006-10-31, 2007-05-18)",multi-team-season(ordering-unresolved): player has dated moves to other franchises this season; bracket-only stint cannot be ordered against them
barrerj01,RJ Barrett,2024,KNICKS,S2,unresolved,,"no-season-window(S1-game-table-ends-2022-23-or-season-absent-from-S1); departure-after-closed-stint(prior-spell-exit,or-source-noise)"
barrerj01,RJ Barrett,2024,RAPTORS,S2,unresolved,,no-season-window(S1-game-table-ends-2022-23-or-season-absent-from-S1); open-stint-without-window
barrerj01,RJ Barrett,2025,RAPTORS,S2,unresolved,,no-dated-evidence(membership-season-only; S1-window-missing-or-season-past-2022-23)
barrerj01,RJ Barrett,2026,RAPTORS,S2,unresolved,,no-dated-evidence(membership-season-only; S1-window-missing-or-season-past-2022-23)
barrmi01,Mike Barr,1977,KINGS,S2,unresolved,,no-season-window(S1-game-table-ends-2022-23-or-season-absent-from-S1); flagged-transaction-legs(team-unresolved)
barrmo01,Moe Barr,1971,KINGS,S2,unresolved,,no-season-window(S1-game-table-ends-2022-23-or-season-absent-from-S1); open-stint-without-window
barroea01,Earl Barron,2015,SUNS,S2,unresolved,"[2014-09-26, 2014-10-25)",repeat-signing-continues-open-stint; repeat-signing-continues-open-stint; stint-entirely-outside-team-season-window(stands-on-transactions-alone)
barrydr01,Drew Barry,1998,HAWKS,S2,unresolved,"[1997-09-26, 1997-10-19)",repeat-signing-continues-open-stint; stint-entirely-outside-team-season-window(stands-on-transactions-alone)
barryri01,Rick Barry,1967,WARRIORS,S2,unresolved,,flagged-transaction-legs(team-unresolved)
barteed01,Ed Bartels,1950,NUGGETS-DEFUNCT,S2,unresolved,,fuzzy-dated-rows-bear-on-this-tenure
barteed01,Ed Bartels,1950,KNICKS,S2,unresolved,"[1949-12-06, 1950-04-03)",fuzzy-dated-rows-bear-on-this-tenure(fuzzy-not-guessed)
bartowi01,Will Barton,2013,TRAIL BLAZERS,S2,unresolved,,no-dated-evidence(membership-season-only; S1-window-missing-or-season-past-2022-23)
baskeje01,Jerry Baskerville,1976,76ERS,S2,unresolved,"[1975-05-28, 1975-10-22)",stint-entirely-outside-team-season-window(stands-on-transactions-alone)
baskeje01,Jerry Baskerville,1976,76ERS,S2,unresolved,"[1975-12-10, 1976-03-01)",stint-entirely-outside-team-season-window(stands-on-transactions-alone)
bassech01,Charles Bassey,2024,SPURS,S2,unresolved,,no-dated-evidence(membership-season-only; S1-window-missing-or-season-past-2022-23)
bassech01,Charles Bassey,2025,SPURS,S2,unresolved,,"no-season-window(S1-game-table-ends-2022-23-or-season-absent-from-S1); open-stint-without-window; departure-after-closed-stint(prior-spell-exit,or-source-noise)"
bassech01,Charles Bassey,2026,CELTICS,S2,unresolved,,no-season-window(S1-game-table-ends-2022-23-or-season-absent-from-S1); open-stint-without-window; repeat-signing-continues-open-stint
bassech01,Charles Bassey,2026,WARRIORS,S2,unresolved,,no-season-window(S1-game-table-ends-2022-23-or-season-absent-from-S1); open-stint-without-window
bassech01,Charles Bassey,2026,GRIZZLIES,S2,unresolved,,no-season-window(S1-game-table-ends-2022-23-or-season-absent-from-S1); open-stint-without-window
bassech01,Charles Bassey,2026,76ERS,S2,unresolved,,no-season-window(S1-game-table-ends-2022-23-or-season-absent-from-S1); open-stint-without-window; repeat-signing-continues-open-stint
basseti01,Tim Bassett,1977,NETS,S2,unresolved,,no-dated-evidence(membership-season-only; S1-window-missing-or-season-past-2022-23)
basseti01,Tim Bassett,1980,NETS,S2,unresolved,"[1979-10-12, 1980-03-31)",multi-team-season(ordering-unresolved): player has dated moves to other franchises this season; bracket-only stint cannot be ordered against them
bateeme01,Mengke Bateer,2002,NUGGETS,S2,unresolved,"[2001-10-03, 2001-10-25)",stint-entirely-outside-team-season-window(stands-on-transactions-alone)
batesem01,Emoni Bates,2024,CAVALIERS,S2,unresolved,,no-season-window(S1-game-table-ends-2022-23-or-season-absent-from-S1); open-stint-without-window
batesem01,Emoni Bates,2025,CAVALIERS,S2,unresolved,,no-season-window(S1-game-table-ends-2022-23-or-season-absent-from-S1); open-stint-without-window
bateske01,Keita Bates-Diop,2024,NETS,S2,unresolved,,no-season-window(S1-game-table-ends-2022-23-or-season-absent-from-S1); open-stint-without-window
battlja01,Jamison Battle,2025,RAPTORS,S2,unresolved,,no-season-window(S1-game-table-ends-2022-23-or-season-absent-from-S1); open-stint-without-window; repeat-signing-continues-open-stint
battlja01,Jamison Battle,2026,RAPTORS,S2,unresolved,,no-dated-evidence(membership-season-only; S1-window-missing-or-season-past-2022-23)
battlke01,Kenny Battle,1991,SUNS,S2,unresolved,"[1990-11-02, 1991-01-23)","departure-after-closed-stint(prior-spell-exit,or-source-noise)"
battoda01,Dave Batton,1983,WIZARDS,S2,unresolved,,fuzzy-dated-rows-bear-on-this-tenure
batumni01,Nicolas Batum,2013,TRAIL BLAZERS,S2,unresolved,,no-dated-evidence(membership-season-only; S1-window-missing-or-season-past-2022-23)
batumni01,Nicolas Batum,2024,CLIPPERS,S2,unresolved,,"no-season-window(S1-game-table-ends-2022-23-or-season-absent-from-S1); departure-after-closed-stint(prior-spell-exit,or-source-noise)"
batumni01,Nicolas Batum,2024,76ERS,S2,unresolved,,no-season-window(S1-game-table-ends-2022-23-or-season-absent-from-S1); open-stint-without-window
batumni01,Nicolas Batum,2025,CLIPPERS,S2,unresolved,,no-season-window(S1-game-table-ends-2022-23-or-season-absent-from-S1); open-stint-without-window
batumni01,Nicolas Batum,2026,CLIPPERS,S2,unresolved,,no-season-window(S1-game-table-ends-2022-23-or-season-absent-from-S1); open-stint-without-window
baughda01,Damion Baugh,2025,BOBCATS-HORNETS2,S2,unresolved,,no-season-window(S1-game-table-ends-2022-23-or-season-absent-from-S1); open-stint-without-window
baxtelo01,Lonny Baxter,2004,RAPTORS,S2,unresolved,"[2003-12-01, 2004-02-29)","departure-after-closed-stint(prior-spell-exit,or-source-noise)"
bayloel01,Elgin Baylor,1961,LAKERS,S2,unresolved,,no-dated-evidence(membership-season-only; S1-window-missing-or-season-past-2022-23)
bazleda01,Darius Bazley,2020,THUNDER,S2,unresolved,,same-day-arrival-to-multiple-franchises(ordering-unresolved)
bazleda01,Darius Bazley,2024,76ERS,S2,unresolved,,no-season-window(S1-game-table-ends-2022-23-or-season-absent-from-S1); open-stint-without-window
bazleda01,Darius Bazley,2024,JAZZ,S2,unresolved,,no-season-window(S1-game-table-ends-2022-23-or-season-absent-from-S1); open-stint-without-window
bealbr01,Bradley Beal,2013,WIZARDS,S2,unresolved,,no-dated-evidence(membership-season-only; S1-window-missing-or-season-past-2022-23)
bealbr01,Bradley Beal,2024,SUNS,S2,unresolved,,no-dated-evidence(membership-season-only; S1-window-missing-or-season-past-2022-23)
bealbr01,Bradley Beal,2025,SUNS,S2,unresolved,,no-dated-evidence(membership-season-only; S1-window-missing-or-season-past-2022-23)
bealbr01,Bradley Beal,2026,CLIPPERS,S2,unresolved,,no-season-window(S1-game-table-ends-2022-23-or-season-absent-from-S1); open-stint-without-window
beardbu01,Butch Beard,1976,CAVALIERS,S2,unresolved,"[1975-05-29, 1975-12-01)",stint-entirely-outside-team-season-window(stands-on-transactions-alone)
beardbu01,Butch Beard,1976,KNICKS,S2,unresolved,,no-season-window(S1-game-table-ends-2022-23-or-season-absent-from-S1); open-stint-without-window
beardbu01,Butch Beard,1977,KNICKS,S2,unresolved,,no-dated-evidence(membership-season-only; S1-window-missing-or-season-past-2022-23)
beaslma01,Malik Beasley,2024,BUCKS,S2,unresolved,,no-season-window(S1-game-table-ends-2022-23-or-season-absent-from-S1); open-stint-without-window
beaslma01,Malik Beasley,2025,PISTONS,S2,unresolved,,no-season-window(S1-game-table-ends-2022-23-or-season-absent-from-S1); open-stint-without-window
beaslmi01,Michael Beasley,2013,SUNS,S2,unresolved,,no-season-window(S1-game-table-ends-2022-23-or-season-absent-from-S1); open-stint-without-window
beaubro01,Rodrigue Beaubois,2013,MAVERICKS,S2,unresolved,,no-dated-evidence(membership-season-only; S1-window-missing-or-season-past-2022-23)
beaucma01,MarJon Beauchamp,2024,BUCKS,S2,unresolved,,no-dated-evidence(membership-season-only; S1-window-missing-or-season-past-2022-23)
beaucma01,MarJon Beauchamp,2025,BUCKS,S2,unresolved,,"no-season-window(S1-game-table-ends-2022-23-or-season-absent-from-S1); departure-after-closed-stint(prior-spell-exit,or-source-noise)"
beaucma01,MarJon Beauchamp,2025,KNICKS,S2,unresolved,,no-season-window(S1-game-table-ends-2022-23-or-season-absent-from-S1); open-stint-without-window
beaucma01,MarJon Beauchamp,2026,76ERS,S2,unresolved,"[2025-10-14, 2025-10-18)",open-stint-without-window
beckco01,Corey Beck,1996,HORNETS-PELICANS,S2,unresolved,"[1995-10-04, 1995-11-02)",stint-entirely-outside-team-season-window(stands-on-transactions-alone)
beckemo01,Moe Becker,1947,FALCONS,S2,unresolved,"[1946-11-02, 1947-03-30)",multi-team-season(ordering-unresolved): player has dated moves to other franchises this season; bracket-only stint cannot be ordered against them
becker01,Ernie Beck,1961,HAWKS,S2,unresolved,,no-season-window(S1-game-table-ends-2022-23-or-season-absent-from-S1); open-stint-without-window
becker01,Ernie Beck,1961,76ERS,S2,unresolved,,no-dated-evidence(membership-season-only; S1-window-missing-or-season-past-2022-23)
beekmre01,Reece Beekman,2025,NETS,S2,unresolved,,no-season-window(S1-game-table-ends-2022-23-or-season-absent-from-S1); open-stint-without-window
beendha01,Hank Beenders,1948,STEAMROLLERS,S2,unresolved,"[1947-11-13, 1948-03-21)",multi-team-season(ordering-unresolved): player has dated moves to other franchises this season; bracket-only stint cannot be ordered against them
behagro01,Ron Behagen,1976,JAZZ,S2,unresolved,,no-dated-evidence(membership-season-only; S1-window-missing-or-season-past-2022-23)
behagro01,Ron Behagen,1977,JAZZ,S2,unresolved,,no-dated-evidence(membership-season-only; S1-window-missing-or-season-past-2022-23)
behagro01,Ron Behagen,1978,HAWKS,S2,unresolved,"[1977-10-22, 1977-12-16)","departure-after-closed-stint(prior-spell-exit,or-source-noise)"
bellawa01,Walt Bellamy,1962,WIZARDS,S2,unresolved,,no-dated-evidence(membership-season-only; S1-window-missing-or-season-past-2022-23)
bellawa01,Walt Bellamy,1966,WIZARDS,S2,unresolved,,flagged-transaction-legs(team-unresolved)
bellawa01,Walt Bellamy,1966,KNICKS,S2,unresolved,,flagged-transaction-legs(team-unresolved)
bellde01,Dennis Bell,1976,KNICKS,S2,unresolved,,"no-season-window(S1-game-table-ends-2022-23-or-season-absent-from-S1); departure-after-closed-stint(prior-spell-exit,or-source-noise)"
belljo01,Jordan Bell,2021,WIZARDS,S2,unresolved,"[2020-12-18, 2020-12-19)",repeat-signing-continues-open-stint; stint-entirely-outside-team-season-window(stands-on-transactions-alone)
bellwh01,Whitey Bell,1961,KNICKS,S2,unresolved,,no-dated-evidence(membership-season-only; S1-window-missing-or-season-past-2022-23)
benbole01,Leon Benbow,1976,BULLS,S2,unresolved,,no-dated-evidence(membership-season-only; S1-window-missing-or-season-past-2022-23)
benneme01,Mel Bennett,1977,PACERS,S2,unresolved,,no-season-window(S1-game-table-ends-2022-23-or-season-absent-from-S1); open-stint-without-window
berinjo01,Joan Beringer,2026,TIMBERWOLVES,S2,unresolved,,no-season-window(S1-game-table-ends-2022-23-or-season-absent-from-S1); open-stint-without-window
bernaju01,Jules Bernard,2024,WIZARDS,S2,unresolved,"[2023-10-01, 2023-10-19)",open-stint-without-window
bertada01,Dāvis Bertāns,2024,BOBCATS-HORNETS2,S2,unresolved,,no-season-window(S1-game-table-ends-2022-23-or-season-absent-from-S1); open-stint-without-window
beshode01,Del Beshore,1979,BUCKS,S2,unresolved,"[1978-09-14, 1978-10-12)",stint-entirely-outside-team-season-window(stands-on-transactions-alone)
beverpa01,Patrick Beverley,2024,BUCKS,S2,unresolved,,no-season-window(S1-game-table-ends-2022-23-or-season-absent-from-S1); open-stint-without-window
beysa01,Saddiq Bey,2024,HAWKS,S2,unresolved,,no-dated-evidence(membership-season-only; S1-window-missing-or-season-past-2022-23)
beysa01,Saddiq Bey,2026,HORNETS-PELICANS,S2,unresolved,,no-season-window(S1-game-table-ends-2022-23-or-season-absent-from-S1); open-stint-without-window
bhullsi01,Sim Bhullar,2015,KINGS,S2,unresolved,"[2014-08-15, 2014-10-19)",stint-entirely-outside-team-season-window(stands-on-transactions-alone)
biancal01,Al Bianchi,1961,76ERS,S2,unresolved,,no-dated-evidence(membership-season-only; S1-window-missing-or-season-past-2022-23)
bibbyhe01,Henry Bibby,1976,JAZZ,S2,unresolved,,no-dated-evidence(membership-season-only; S1-window-missing-or-season-past-2022-23)
bibbymi01,Mike Bibby,2008,HAWKS,S2,unresolved,"[2008-02-16, 2008-05-05)","appearance-count-conflict(S2-player-games=33,S1-season-games=82,S2-team-games=82,interval-capacity=32,departure-day-allowance=0,missing-games-allowance=0,capacity-upper-bound=32)"
bigelbo01,Bob Bigelow,1976,KINGS,S2,unresolved,,no-dated-evidence(membership-season-only; S1-window-missing-or-season-past-2022-23)
bigelbo01,Bob Bigelow,1977,KINGS,S2,unresolved,,no-dated-evidence(membership-season-only; S1-window-missing-or-season-past-2022-23)
bingda01,Dave Bing,1967,PISTONS,S2,unresolved,,no-dated-evidence(membership-season-only; S1-window-missing-or-season-past-2022-23)
bingda01,Dave Bing,1971,PISTONS,S2,unresolved,,no-dated-evidence(membership-season-only; S1-window-missing-or-season-past-2022-23)
bitadgo01,Goga Bitadze,2024,MAGIC,S2,unresolved,,no-dated-evidence(membership-season-only; S1-window-missing-or-season-past-2022-23)
bitadgo01,Goga Bitadze,2025,MAGIC,S2,unresolved,,no-season-window(S1-game-table-ends-2022-23-or-season-absent-from-S1); open-stint-without-window
bitadgo01,Goga Bitadze,2026,MAGIC,S2,unresolved,,no-dated-evidence(membership-season-only; S1-window-missing-or-season-past-2022-23)
bitimon01,Onuralp Bitim,2024,BULLS,S2,unresolved,,no-season-window(S1-game-table-ends-2022-23-or-season-absent-from-S1); open-stint-without-window
biyombi01,Bismack Biyombo,2013,BOBCATS-HORNETS2,S2,unresolved,,no-dated-evidence(membership-season-only; S1-window-missing-or-season-past-2022-23)
biyombi01,Bismack Biyombo,2024,THUNDER,S2,unresolved,,no-season-window(S1-game-table-ends-2022-23-or-season-absent-from-S1); open-stint-without-window
biyombi01,Bismack Biyombo,2025,SPURS,S2,unresolved,,no-season-window(S1-game-table-ends-2022-23-or-season-absent-from-S1); open-stint-without-window; repeat-signing-continues-open-stint; repeat-signing-continues-open-stint
biyombi01,Bismack Biyombo,2026,SPURS,S2,unresolved,,no-season-window(S1-game-table-ends-2022-23-or-season-absent-from-S1); open-stint-without-window
blackan01,Anthony Black,2024,MAGIC,S2,unresolved,,no-season-window(S1-game-table-ends-2022-23-or-season-absent-from-S1); open-stint-without-window
blackan01,Anthony Black,2025,MAGIC,S2,unresolved,,no-dated-evidence(membership-season-only; S1-window-missing-or-season-past-2022-23)
blackan01,Anthony Black,2026,MAGIC,S2,unresolved,,no-dated-evidence(membership-season-only; S1-window-missing-or-season-past-2022-23)
blackja01,James Blackwell,1995,HORNETS-PELICANS,S2,unresolved,"[1994-10-03, 1994-11-01)",stint-entirely-outside-team-season-window(stands-on-transactions-alone)
blackle01,Leaky Black,2024,BOBCATS-HORNETS2,S2,unresolved,,no-season-window(S1-game-table-ends-2022-23-or-season-absent-from-S1); open-stint-without-window
blackle01,Leaky Black,2026,WIZARDS,S2,unresolved,"[2025-10-02, 2025-10-12)",open-stint-without-window
blackna01,Nate Blackwell,1988,SPURS,S2,unresolved,"[1987-11-06, 1987-12-01)","departure-after-closed-stint(prior-spell-exit,or-source-noise)"
blackta01,Tarik Black,2015,ROCKETS,S2,unresolved,"[2014-08-27, 2014-12-26)","departure-after-closed-stint(prior-spell-exit,or-source-noise)"
blackto01,Tom Black,1971,KINGS,S2,unresolved,,no-season-window(S1-game-table-ends-2022-23-or-season-absent-from-S1); open-stint-without-window
blanege01,George Blaney,1962,KNICKS,S2,unresolved,,no-dated-evidence(membership-season-only; S1-window-missing-or-season-past-2022-23)
blantri01,Ricky Blanton,1993,BULLS,S2,unresolved,"[1992-10-01, 1992-10-27)",stint-entirely-outside-team-season-window(stands-on-transactions-alone)
bledser01,Eric Bledsoe,2019,BUCKS,S2,unresolved,"[2019-03-04, 2019-05-26)","appearance-count-conflict(S2-player-games=78,S1-season-games=82,S2-team-games=82,interval-capacity=19,departure-day-allowance=0,missing-games-allowance=0,capacity-upper-bound=19)"
blockjo01,John Block,1971,ROCKETS,S2,unresolved,,no-dated-evidence(membership-season-only; S1-window-missing-or-season-past-2022-23)
blockjo01,John Block,1972,BUCKS,S2,unresolved,"[1971-09-12, 1971-12-13)","appearance-count-conflict(S2-player-games=79,S1-season-games=82,S2-team-games=82,interval-capacity=30,departure-day-allowance=0,missing-games-allowance=0,capacity-upper-bound=30)"
blockjo01,John Block,1976,BULLS,S2,unresolved,,no-dated-evidence(membership-season-only; S1-window-missing-or-season-past-2022-23)
bloommi01,Mike Bloom,1949,STAGS,S2,unresolved,"[1949-01-28, 1949-03-25)",fuzzy-dated-rows-bear-on-this-tenure(fuzzy-not-guessed)
bloommi01,Mike Bloom,1949,LAKERS,S2,unresolved,,fuzzy-dated-rows-bear-on-this-tenure
blounma01,Mark Blount,2009,HEAT,S2,unresolved,"[2008-10-29, 2009-05-04)",multi-team-season(ordering-unresolved): player has dated moves to other franchises this season; bracket-only stint cannot be ordered against them
blueva01,Vander Blue,2018,LAKERS,S2,unresolved,"[2017-08-04, 2017-10-14)",stint-entirely-outside-team-season-window(stands-on-transactions-alone)
bockhbu01,Bucky Bockhorn,1961,KINGS,S2,unresolved,,no-dated-evidence(membership-season-only; S1-window-missing-or-season-past-2022-23)
boerwto01,Tom Boerwinkle,1976,BULLS,S2,unresolved,,no-dated-evidence(membership-season-only; S1-window-missing-or-season-past-2022-23)
bogdabo01,Bogdan Bogdanović,2024,HAWKS,S2,unresolved,,no-dated-evidence(membership-season-only; S1-window-missing-or-season-past-2022-23)
bogdabo01,Bogdan Bogdanović,2025,HAWKS,S2,unresolved,,"no-season-window(S1-game-table-ends-2022-23-or-season-absent-from-S1); departure-after-closed-stint(prior-spell-exit,or-source-noise)"
bogdabo01,Bogdan Bogdanović,2025,CLIPPERS,S2,unresolved,,no-season-window(S1-game-table-ends-2022-23-or-season-absent-from-S1); open-stint-without-window
bogdabo01,Bogdan Bogdanović,2026,CLIPPERS,S2,unresolved,,no-dated-evidence(membership-season-only; S1-window-missing-or-season-past-2022-23)
bogdabo02,Bojan Bogdanović,2024,PISTONS,S2,unresolved,,"no-season-window(S1-game-table-ends-2022-23-or-season-absent-from-S1); departure-after-closed-stint(prior-spell-exit,or-source-noise)"
bogdabo02,Bojan Bogdanović,2024,KNICKS,S2,unresolved,,no-season-window(S1-game-table-ends-2022-23-or-season-absent-from-S1); open-stint-without-window
bolbo01,Bol Bol,2022,NUGGETS,S2,unresolved,"[2021-10-20, 2022-01-10)","departure-after-closed-stint(prior-spell-exit,or-source-noise)"
bolbo01,Bol Bol,2024,SUNS,S2,unresolved,,no-season-window(S1-game-table-ends-2022-23-or-season-absent-from-S1); open-stint-without-window
bolbo01,Bol Bol,2025,SUNS,S2,unresolved,,no-season-window(S1-game-table-ends-2022-23-or-season-absent-from-S1); open-stint-without-window
boldema01,Marques Bolden,2020,CAVALIERS,S2,unresolved,"[2019-09-03, 2019-10-19)",stint-entirely-outside-team-season-window(stands-on-transactions-alone)
boldema01,Marques Bolden,2024,BOBCATS-HORNETS2,S2,unresolved,,no-season-window(S1-game-table-ends-2022-23-or-season-absent-from-S1); open-stint-without-window; repeat-signing-continues-open-stint
bolma01,Manute Bol,1994,76ERS,S2,unresolved,"[1994-03-09, 1994-04-25)","departure-after-closed-stint(prior-spell-exit,or-source-noise)"
bonaad01,Adem Bona,2025,76ERS,S2,unresolved,,no-season-window(S1-game-table-ends-2022-23-or-season-absent-from-S1); open-stint-without-window
bonaad01,Adem Bona,2026,76ERS,S2,unresolved,,no-dated-evidence(membership-season-only; S1-window-missing-or-season-past-2022-23)
bonejo01,Jordan Bone,2020,PISTONS,S2,unresolved,,same-day-arrival-to-multiple-franchises(ordering-unresolved)
bonsage01,George Bon Salle,1962,WIZARDS,S2,unresolved,,no-dated-evidence(membership-season-only; S1-window-missing-or-season-past-2022-23)
bookede01,Devin Booker,2024,SUNS,S2,unresolved,,no-dated-evidence(membership-season-only; S1-window-missing-or-season-past-2022-23)
bookede01,Devin Booker,2025,SUNS,S2,unresolved,,no-dated-evidence(membership-season-only; S1-window-missing-or-season-past-2022-23)
bookede01,Devin Booker,2026,SUNS,S2,unresolved,,no-dated-evidence(membership-season-only; S1-window-missing-or-season-past-2022-23)
booketr01,Trevor Booker,2013,WIZARDS,S2,unresolved,,no-dated-evidence(membership-season-only; S1-window-missing-or-season-past-2022-23)
boonero01,Ron Boone,1977,KINGS,S2,unresolved,,no-season-window(S1-game-table-ends-2022-23-or-season-absent-from-S1); flagged-transaction-legs(team-unresolved)
boonero01,Ron Boone,1978,KINGS,S2,unresolved,,same-day-arrival-to-multiple-franchises(ordering-unresolved)
boozebo01,Bob Boozer,1961,KINGS,S2,unresolved,,no-dated-evidence(membership-season-only; S1-window-missing-or-season-past-2022-23)
bostobr01,Brandon Boston Jr.,2022,CLIPPERS,S2,unresolved,,same-day-arrival-to-multiple-franchises(ordering-unresolved)
bostobr01,Brandon Boston Jr.,2024,CLIPPERS,S2,unresolved,,no-dated-evidence(membership-season-only; S1-window-missing-or-season-past-2022-23)
bostobr01,Brandon Boston Jr.,2025,HORNETS-PELICANS,S2,unresolved,,no-season-window(S1-game-table-ends-2022-23-or-season-absent-from-S1); open-stint-without-window
bouchch01,Chris Boucher,2024,RAPTORS,S2,unresolved,,no-dated-evidence(membership-season-only; S1-window-missing-or-season-past-2022-23)
bouchch01,Chris Boucher,2025,RAPTORS,S2,unresolved,,no-dated-evidence(membership-season-only; S1-window-missing-or-season-past-2022-23)
bouknja01,James Bouknight,2024,BOBCATS-HORNETS2,S2,unresolved,,"no-season-window(S1-game-table-ends-2022-23-or-season-absent-from-S1); departure-after-closed-stint(prior-spell-exit,or-source-noise)"
bouyeja01,Jamaree Bouyea,2023,HEAT,S2,unresolved,"[2022-07-13, 2022-10-13)",stint-entirely-outside-team-season-window(stands-on-transactions-alone)
bouyeja01,Jamaree Bouyea,2024,SPURS,S2,unresolved,,no-season-window(S1-game-table-ends-2022-23-or-season-absent-from-S1); open-stint-without-window
bouyeja01,Jamaree Bouyea,2025,BUCKS,S2,unresolved,,no-season-window(S1-game-table-ends-2022-23-or-season-absent-from-S1); open-stint-without-window
bouyeja01,Jamaree Bouyea,2026,SUNS,S2,unresolved,,no-season-window(S1-game-table-ends-2022-23-or-season-absent-from-S1); open-stint-without-window
bowiean01,Anthony Bowie,1990,ROCKETS,S2,unresolved,"[1989-11-03, 1990-05-04)",multi-team-season(ordering-unresolved): player has dated moves to other franchises this season; bracket-only stint cannot be ordered against them
bowmana01,Nate Bowman,1971,CLIPPERS,S2,unresolved,,no-dated-evidence(membership-season-only; S1-window-missing-or-season-past-2022-23)
boydde01,Dennis Boyd,1979,PISTONS,S2,unresolved,"[1978-12-21, 1978-12-29)","same-day-game-order-unresolved(S2-player-games=5,S1-season-games=82,S2-team-games=82,interval-capacity=4,departure-day-allowance=1,missing-games-allowance=0,capacity-upper-bound=5)"
boydfr01,Freddie Boyd,1976,JAZZ,S2,unresolved,,no-season-window(S1-game-table-ends-2022-23-or-season-absent-from-S1); open-stint-without-window
boydfr01,Freddie Boyd,1976,76ERS,S2,unresolved,,"departure-after-closed-stint(prior-spell-exit,or-source-noise)"
boydfr01,Freddie Boyd,1977,JAZZ,S2,unresolved,,no-dated-evidence(membership-season-only; S1-window-missing-or-season-past-2022-23)
boykiea01,Earl Boykins,2000,CAVALIERS,S2,unresolved,"[2000-02-08, 2000-04-20)","departure-after-closed-stint(prior-spell-exit,or-source-noise); repeat-signing-continues-open-stint"
bradlbi01,Bill Bradley,1976,KNICKS,S2,unresolved,,no-dated-evidence(membership-season-only; S1-window-missing-or-season-past-2022-23)
bradlbi01,Bill Bradley,1977,KNICKS,S2,unresolved,,no-dated-evidence(membership-season-only; S1-window-missing-or-season-past-2022-23)
bradlto01,Tony Bradley,2025,PACERS,S2,unresolved,,no-season-window(S1-game-table-ends-2022-23-or-season-absent-from-S1); open-stint-without-window; repeat-signing-continues-open-stint; repeat-signing-continues-open-stint
bradlto01,Tony Bradley,2026,HAWKS,S2,unresolved,,no-season-window(S1-game-table-ends-2022-23-or-season-absent-from-S1); open-stint-without-window
bradlto01,Tony Bradley,2026,PACERS,S2,unresolved,,"no-season-window(S1-game-table-ends-2022-23-or-season-absent-from-S1); open-stint-without-window; departure-after-closed-stint(prior-spell-exit,or-source-noise); repeat-signing-continues-open-stint"
brandel01,Elton Brand,2013,MAVERICKS,S2,unresolved,,no-season-window(S1-game-table-ends-2022-23-or-season-absent-from-S1); open-stint-without-window
branhma01,Malaki Branham,2024,SPURS,S2,unresolved,,no-dated-evidence(membership-season-only; S1-window-missing-or-season-past-2022-23)
branhma01,Malaki Branham,2025,SPURS,S2,unresolved,,no-dated-evidence(membership-season-only; S1-window-missing-or-season-past-2022-23)
braunca01,Carl Braun,1961,KNICKS,S2,unresolved,,"no-season-window(S1-game-table-ends-2022-23-or-season-absent-from-S1); departure-after-closed-stint(prior-spell-exit,or-source-noise)"
braunch01,Christian Braun,2024,NUGGETS,S2,unresolved,,no-dated-evidence(membership-season-only; S1-window-missing-or-season-past-2022-23)
braunch01,Christian Braun,2025,NUGGETS,S2,unresolved,,no-dated-evidence(membership-season-only; S1-window-missing-or-season-past-2022-23)
braunch01,Christian Braun,2026,NUGGETS,S2,unresolved,,no-dated-evidence(membership-season-only; S1-window-missing-or-season-past-2022-23)
breako01,Koby Brea,2026,SUNS,S2,unresolved,,no-season-window(S1-game-table-ends-2022-23-or-season-absent-from-S1); open-stint-without-window; repeat-signing-continues-open-stint
breauti01,Tim Breaux,1998,BUCKS,S2,unresolved,"[1997-08-06, 1997-11-16)","departure-after-closed-stint(prior-spell-exit,or-source-noise)"
breuera01,Randy Breuer,1992,TIMBERWOLVES,S2,unresolved,"[1991-11-01, 1992-04-20)",multi-team-season(ordering-unresolved): player has dated moves to other franchises this season; bracket-only stint cannot be ordered against them
brewero01,Ron Brewer,1982,SPURS,S2,unresolved,"[1981-10-30, 1981-12-23)","same-day-game-order-unresolved(S2-player-games=25,S1-season-games=82,S2-team-games=82,interval-capacity=24,departure-day-allowance=1,missing-games-allowance=0,capacity-upper-bound=25)"
brewero01,Ron Brewer,1986,BULLS,S2,unresolved,"[1985-11-05, 1986-04-23)","departure-after-closed-stint(prior-spell-exit,or-source-noise)"
brewero02,Ronnie Brewer,2013,KNICKS,S2,unresolved,"[2012-07-25, 2013-02-21)",stint-entirely-outside-team-season-window(stands-on-transactions-alone)
bridgja01,Jalen Bridges,2025,SUNS,S2,unresolved,,no-season-window(S1-game-table-ends-2022-23-or-season-absent-from-S1); open-stint-without-window
bridgju01,Junior Bridgeman,1977,BUCKS,S2,unresolved,,no-dated-evidence(membership-season-only; S1-window-missing-or-season-past-2022-23)
bridgmi01,Mikal Bridges,2024,NETS,S2,unresolved,,no-dated-evidence(membership-season-only; S1-window-missing-or-season-past-2022-23)
bridgmi01,Mikal Bridges,2025,KNICKS,S2,unresolved,,no-season-window(S1-game-table-ends-2022-23-or-season-absent-from-S1); open-stint-without-window
bridgmi01,Mikal Bridges,2026,KNICKS,S2,unresolved,,no-dated-evidence(membership-season-only; S1-window-missing-or-season-past-2022-23)
bridgmi02,Miles Bridges,2024,BOBCATS-HORNETS2,S2,unresolved,,no-season-window(S1-game-table-ends-2022-23-or-season-absent-from-S1); open-stint-without-window
bridgmi02,Miles Bridges,2025,BOBCATS-HORNETS2,S2,unresolved,,no-season-window(S1-game-table-ends-2022-23-or-season-absent-from-S1); open-stint-without-window
bridgmi02,Miles Bridges,2026,BOBCATS-HORNETS2,S2,unresolved,,no-dated-evidence(membership-season-only; S1-window-missing-or-season-past-2022-23)
brimaam01,Amida Brimah,2021,PACERS,S2,unresolved,"[2020-11-29, 2020-12-18)",stint-entirely-outside-team-season-window(stands-on-transactions-alone)
brissos01,Oshae Brissett,2024,CELTICS,S2,unresolved,,no-season-window(S1-game-table-ends-2022-23-or-season-absent-from-S1); open-stint-without-window
brissos01,Oshae Brissett,2025,76ERS,S2,unresolved,,no-season-window(S1-game-table-ends-2022-23-or-season-absent-from-S1); open-stint-without-window
brittmi01,Mike Brittain,1987,SPURS,S2,unresolved,"[1987-03-12, 1987-04-20)","departure-after-closed-stint(prior-spell-exit,or-source-noise)"
brockiz01,Izaiah Brockington,2024,HORNETS-PELICANS,S2,unresolved,"[2023-10-16, 2023-10-21)",open-stint-without-window
brogdma01,Malcolm Brogdon,2020,PACERS,S2,unresolved,,same-day-arrival-to-multiple-franchises(ordering-unresolved)
brogdma01,Malcolm Brogdon,2024,TRAIL BLAZERS,S2,unresolved,,no-season-window(S1-game-table-ends-2022-23-or-season-absent-from-S1); open-stint-without-window
brogdma01,Malcolm Brogdon,2025,WIZARDS,S2,unresolved,,no-season-window(S1-game-table-ends-2022-23-or-season-absent-from-S1); open-stint-without-window
brokaga01,Gary Brokaw,1977,BUCKS,S2,unresolved,,"no-season-window(S1-game-table-ends-2022-23-or-season-absent-from-S1); departure-after-closed-stint(prior-spell-exit,or-source-noise)"
brookdi01,Dillon Brooks,2020,GRIZZLIES,S2,unresolved,"[2020-02-05, 2020-08-14)","appearance-count-conflict(S2-player-games=73,S1-season-games=73,S2-team-games=73,interval-capacity=23,departure-day-allowance=0,missing-games-allowance=0,capacity-upper-bound=23)"
brookdi01,Dillon Brooks,2024,ROCKETS,S2,unresolved,,same-day-arrival-to-multiple-franchises(ordering-unresolved)
brookdi01,Dillon Brooks,2025,ROCKETS,S2,unresolved,,no-dated-evidence(membership-season-only; S1-window-missing-or-season-past-2022-23)
brookdi01,Dillon Brooks,2026,SUNS,S2,unresolved,,no-season-window(S1-game-table-ends-2022-23-or-season-absent-from-S1); open-stint-without-window
brookke02,Keion Brooks Jr.,2025,HORNETS-PELICANS,S2,unresolved,"[2024-09-24, 2024-10-16)",open-stint-without-window
broomjo01,Johni Broome,2026,76ERS,S2,unresolved,,no-season-window(S1-game-table-ends-2022-23-or-season-absent-from-S1); open-stint-without-window
brownbr01,Bruce Brown,2024,RAPTORS,S2,unresolved,,no-season-window(S1-game-table-ends-2022-23-or-season-absent-from-S1); open-stint-without-window
brownbr01,Bruce Brown,2025,HORNETS-PELICANS,S2,unresolved,,no-season-window(S1-game-table-ends-2022-23-or-season-absent-from-S1); open-stint-without-window
brownbr01,Bruce Brown,2025,RAPTORS,S2,unresolved,,"no-season-window(S1-game-table-ends-2022-23-or-season-absent-from-S1); departure-after-closed-stint(prior-spell-exit,or-source-noise)"
brownbr01,Bruce Brown,2026,NUGGETS,S2,unresolved,,no-season-window(S1-game-table-ends-2022-23-or-season-absent-from-S1); open-stint-without-window
brownch02,Charlie Brown Jr.,2024,KNICKS,S2,unresolved,,no-season-window(S1-game-table-ends-2022-23-or-season-absent-from-S1); open-stint-without-window; repeat-signing-continues-open-stint
brownch05,Chaundee Brown Jr.,2022,LAKERS,S2,unresolved,"[2021-08-10, 2021-10-15)",stint-entirely-outside-team-season-window(stands-on-transactions-alone)
brownde02,Devin Brown,2003,SPURS,S2,unresolved,"[2002-09-30, 2002-10-24)",stint-entirely-outside-team-season-window(stands-on-transactions-alone)
brownde02,Devin Brown,2007,HORNETS-PELICANS,S2,unresolved,"[2006-12-22, 2007-04-19)","departure-after-closed-stint(prior-spell-exit,or-source-noise)"
brownde04,Derrick Brown,2011,BOBCATS-HORNETS2,S2,unresolved,"[2010-10-27, 2011-02-24)","departure-after-closed-stint(prior-spell-exit,or-source-noise)"
brownfr01,Fred Brown,1977,THUNDER,S2,unresolved,,no-dated-evidence(membership-season-only; S1-window-missing-or-season-past-2022-23)
browngr01,Greg Brown III,2024,MAVERICKS,S2,unresolved,,no-season-window(S1-game-table-ends-2022-23-or-season-absent-from-S1); open-stint-without-window; repeat-signing-continues-open-stint
brownja01,Jabari Brown,2015,LAKERS,S2,unresolved,"[2014-09-23, 2014-10-25)",repeat-signing-continues-open-stint; repeat-signing-continues-open-stint; stint-entirely-outside-team-season-window(stands-on-transactions-alone)
brownja02,Jaylen Brown,2024,CELTICS,S2,unresolved,,no-dated-evidence(membership-season-only; S1-window-missing-or-season-past-2022-23)
brownja02,Jaylen Brown,2025,CELTICS,S2,unresolved,,no-dated-evidence(membership-season-only; S1-window-missing-or-season-past-2022-23)
brownja02,Jaylen Brown,2026,CELTICS,S2,unresolved,,no-dated-evidence(membership-season-only; S1-window-missing-or-season-past-2022-23)
brownjo01,John Brown,1976,HAWKS,S2,unresolved,,no-dated-evidence(membership-season-only; S1-window-missing-or-season-past-2022-23)
brownjo01,John Brown,1977,HAWKS,S2,unresolved,,no-dated-evidence(membership-season-only; S1-window-missing-or-season-past-2022-23)
brownke03,Kendall Brown,2024,PACERS,S2,unresolved,,no-season-window(S1-game-table-ends-2022-23-or-season-absent-from-S1); open-stint-without-window
brownko01,Kobe Brown,2024,CLIPPERS,S2,unresolved,,no-season-window(S1-game-table-ends-2022-23-or-season-absent-from-S1); open-stint-without-window
brownko01,Kobe Brown,2025,CLIPPERS,S2,unresolved,,no-dated-evidence(membership-season-only; S1-window-missing-or-season-past-2022-23)
brownko01,Kobe Brown,2026,PACERS,S2,unresolved,,no-season-window(S1-game-table-ends-2022-23-or-season-absent-from-S1); open-stint-without-window
brownko01,Kobe Brown,2026,CLIPPERS,S2,unresolved,,"no-season-window(S1-game-table-ends-2022-23-or-season-absent-from-S1); departure-after-closed-stint(prior-spell-exit,or-source-noise)"
brownkw01,Kwame Brown,2013,76ERS,S2,unresolved,,no-season-window(S1-game-table-ends-2022-23-or-season-absent-from-S1); open-stint-without-window
brownmi01,Mike Brown,1988,BULLS,S2,unresolved,,flagged-transaction-legs(team-unresolved)
brownmo01,Moses Brown,2021,THUNDER,S2,unresolved,"[2020-12-08, 2021-03-28)","same-day-arrival-and-departure(ordering-flagged); departure-after-closed-stint(prior-spell-exit,or-source-noise)"
brownmo01,Moses Brown,2024,TRAIL BLAZERS,S2,unresolved,,no-season-window(S1-game-table-ends-2022-23-or-season-absent-from-S1); open-stint-without-window
brownmo01,Moses Brown,2025,MAVERICKS,S2,unresolved,,no-season-window(S1-game-table-ends-2022-23-or-season-absent-from-S1); open-stint-without-window
brownra01,Raymond Brown,1990,JAZZ,S2,unresolved,"[1989-09-29, 1989-10-30)",stint-entirely-outside-team-season-window(stands-on-transactions-alone)
brownsh01,Shannon Brown,2013,SUNS,S2,unresolved,,no-dated-evidence(membership-season-only; S1-window-missing-or-season-past-2022-23)
brownto01,Tony Brown,1992,THUNDER,S2,unresolved,"[1992-02-20, 1992-05-15)","appearance-count-conflict(S2-player-games=35,S1-season-games=82,S2-team-games=82,interval-capacity=30,departure-day-allowance=0,missing-games-allowance=0,capacity-upper-bound=30)"
brunsja01,Jalen Brunson,2024,KNICKS,S2,unresolved,,no-dated-evidence(membership-season-only; S1-window-missing-or-season-past-2022-23)
brunsja01,Jalen Brunson,2025,KNICKS,S2,unresolved,,no-dated-evidence(membership-season-only; S1-window-missing-or-season-past-2022-23)
brunsja01,Jalen Brunson,2026,KNICKS,S2,unresolved,,no-dated-evidence(membership-season-only; S1-window-missing-or-season-past-2022-23)
brunsri01,Rick Brunson,2002,TRAIL BLAZERS,S2,unresolved,"[2001-12-21, 2002-04-18)","appearance-count-conflict(S2-player-games=59,S1-season-games=82,S2-team-games=82,interval-capacity=58,departure-day-allowance=0,missing-games-allowance=0,capacity-upper-bound=58)"
bryanca01,Carter Bryant,2026,SPURS,S2,unresolved,,no-season-window(S1-game-table-ends-2022-23-or-season-absent-from-S1); open-stint-without-window
bryanem01,Em Bryant,1971,CLIPPERS,S2,unresolved,,no-dated-evidence(membership-season-only; S1-window-missing-or-season-past-2022-23)
bryanth01,Thomas Bryant,2024,HEAT,S2,unresolved,,no-season-window(S1-game-table-ends-2022-23-or-season-absent-from-S1); open-stint-without-window
bryanth01,Thomas Bryant,2025,PACERS,S2,unresolved,,no-season-window(S1-game-table-ends-2022-23-or-season-absent-from-S1); open-stint-without-window
bryanth01,Thomas Bryant,2026,CAVALIERS,S2,unresolved,,no-season-window(S1-game-table-ends-2022-23-or-season-absent-from-S1); open-stint-without-window
buchash01,Shaq Buchanan,2022,GRIZZLIES,S2,unresolved,"[2021-09-23, 2021-10-08)",stint-entirely-outside-team-season-window(stands-on-transactions-alone)
buckncl01,Cleveland Buckner,1962,KNICKS,S2,unresolved,,no-dated-evidence(membership-season-only; S1-window-missing-or-season-past-2022-23)
bucknqu01,Quinn Buckner,1977,BUCKS,S2,unresolved,,no-dated-evidence(membership-season-only; S1-window-missing-or-season-past-2022-23)
buddda01,Dave Budd,1961,KNICKS,S2,unresolved,,no-season-window(S1-game-table-ends-2022-23-or-season-absent-from-S1); flagged-transaction-legs(team-unresolved)
buddda01,Dave Budd,1962,KNICKS,S2,unresolved,,no-dated-evidence(membership-season-only; S1-window-missing-or-season-past-2022-23)
budinch01,Chase Budinger,2013,TIMBERWOLVES,S2,unresolved,,no-dated-evidence(membership-season-only; S1-window-missing-or-season-past-2022-23)
bufkiko01,Kobe Bufkin,2024,HAWKS,S2,unresolved,,no-season-window(S1-game-table-ends-2022-23-or-season-absent-from-S1); open-stint-without-window
bufkiko01,Kobe Bufkin,2025,HAWKS,S2,unresolved,,no-dated-evidence(membership-season-only; S1-window-missing-or-season-past-2022-23)
bullore01,Reggie Bullock,2024,ROCKETS,S2,unresolved,,no-season-window(S1-game-table-ends-2022-23-or-season-absent-from-S1); open-stint-without-window
burdeti01,Ticky Burden,1977,KNICKS,S2,unresolved,,no-dated-evidence(membership-season-only; S1-window-missing-or-season-past-2022-23)
burketr01,Trey Burke,2018,KNICKS,S2,unresolved,"[2017-10-11, 2017-10-14)",stint-entirely-outside-team-season-window(stands-on-transactions-alone)
burksal01,Alec Burks,2013,JAZZ,S2,unresolved,,no-dated-evidence(membership-season-only; S1-window-missing-or-season-past-2022-23)
burksal01,Alec Burks,2024,PISTONS,S2,unresolved,,"no-season-window(S1-game-table-ends-2022-23-or-season-absent-from-S1); departure-after-closed-stint(prior-spell-exit,or-source-noise)"
burksal01,Alec Burks,2024,KNICKS,S2,unresolved,,no-season-window(S1-game-table-ends-2022-23-or-season-absent-from-S1); open-stint-without-window
burksal01,Alec Burks,2025,HEAT,S2,unresolved,,no-season-window(S1-game-table-ends-2022-23-or-season-absent-from-S1); open-stint-without-window
burleto01,Tom Burleson,1977,THUNDER,S2,unresolved,,"no-season-window(S1-game-table-ends-2022-23-or-season-absent-from-S1); departure-after-closed-stint(prior-spell-exit,or-source-noise)"
burtoed01,Ed Burton,1962,KNICKS,S2,unresolved,,no-dated-evidence(membership-season-only; S1-window-missing-or-season-past-2022-23)
burtoty01,Tyler Burton,2026,GRIZZLIES,S2,unresolved,"[2025-09-06, 2025-10-13)",open-stint-without-window; repeat-signing-continues-open-stint
burtowi01,Willie Burton,1997,HAWKS,S2,unresolved,"[1996-09-12, 1996-10-28)","stint-entirely-outside-team-season-window(stands-on-transactions-alone); appearance-count-conflict(S2-player-games=24,S1-season-games=82,S2-team-games=82,interval-capacity=21,departure-day-allowance=1,missing-games-allowance=0,capacity-upper-bound=22)"
burtowi01,Willie Burton,1997,HAWKS,S2,unresolved,"[1996-11-14, 1997-01-07)","appearance-count-conflict(S2-player-games=24,S1-season-games=82,S2-team-games=82,interval-capacity=21,departure-day-allowance=1,missing-games-allowance=0,capacity-upper-bound=22)"
busedo01,Don Buse,1977,PACERS,S2,unresolved,,no-dated-evidence(membership-season-only; S1-window-missing-or-season-past-2022-23)
butchdo01,Donnie Butcher,1962,KNICKS,S2,unresolved,,no-dated-evidence(membership-season-only; S1-window-missing-or-season-past-2022-23)
butleal01,Al Butler,1962,KNICKS,S2,unresolved,,no-dated-evidence(membership-season-only; S1-window-missing-or-season-past-2022-23)
butleja02,Jared Butler,2022,JAZZ,S2,unresolved,,same-day-arrival-to-multiple-franchises(ordering-unresolved)
butleja02,Jared Butler,2024,WIZARDS,S2,unresolved,,no-season-window(S1-game-table-ends-2022-23-or-season-absent-from-S1); open-stint-without-window
butleja02,Jared Butler,2025,76ERS,S2,unresolved,,no-season-window(S1-game-table-ends-2022-23-or-season-absent-from-S1); open-stint-without-window
butleja02,Jared Butler,2025,WIZARDS,S2,unresolved,"[2024-10-21, 2025-02-06)","departure-after-closed-stint(prior-spell-exit,or-source-noise)"
butleji01,Jimmy Butler,2020,HEAT,S2,unresolved,,same-day-arrival-to-multiple-franchises(ordering-unresolved)
butleji01,Jimmy Butler,2024,HEAT,S2,unresolved,,no-dated-evidence(membership-season-only; S1-window-missing-or-season-past-2022-23)
butleji01,Jimmy Butler,2025,WARRIORS,S2,unresolved,,no-season-window(S1-game-table-ends-2022-23-or-season-absent-from-S1); open-stint-without-window
butleji01,Jimmy Butler,2025,HEAT,S2,unresolved,,"no-season-window(S1-game-table-ends-2022-23-or-season-absent-from-S1); departure-after-closed-stint(prior-spell-exit,or-source-noise)"
butleji01,Jimmy Butler,2026,WARRIORS,S2,unresolved,,no-dated-evidence(membership-season-only; S1-window-missing-or-season-past-2022-23)
butlemi02,Mitchell Butler,1999,CAVALIERS,S2,unresolved,"[1999-03-19, 1999-05-06)","appearance-count-conflict(S2-player-games=31,S1-season-games=50,S2-team-games=50,interval-capacity=29,departure-day-allowance=0,missing-games-allowance=0,capacity-upper-bound=29)"
buzelma01,Matas Buzelis,2025,BULLS,S2,unresolved,,no-season-window(S1-game-table-ends-2022-23-or-season-absent-from-S1); open-stint-without-window
buzelma01,Matas Buzelis,2026,BULLS,S2,unresolved,,no-dated-evidence(membership-season-only; S1-window-missing-or-season-past-2022-23)
bynumwi01,Will Bynum,2013,PISTONS,S2,unresolved,,no-dated-evidence(membership-season-only; S1-window-missing-or-season-past-2022-23)
cableba01,Barney Cable,1961,76ERS,S2,unresolved,,no-dated-evidence(membership-season-only; S1-window-missing-or-season-past-2022-23)
cableba01,Barney Cable,1962,WIZARDS,S2,unresolved,,"no-season-window(S1-game-table-ends-2022-23-or-season-absent-from-S1); departure-after-closed-stint(prior-spell-exit,or-source-noise)"
cableba01,Barney Cable,1962,HAWKS,S2,unresolved,,no-season-window(S1-game-table-ends-2022-23-or-season-absent-from-S1); open-stint-without-window
cacokde01,Devontae Cacok,2020,LAKERS,S2,unresolved,"[2019-07-09, 2019-10-21)",stint-entirely-outside-team-season-window(stands-on-transactions-alone)
cainja01,Jamal Cain,2023,HEAT,S2,unresolved,"[2022-10-09, 2023-06-13)",flagged-transaction-legs(no-team-anchor-on-leg)
cainja01,Jamal Cain,2024,HEAT,S2,unresolved,,no-season-window(S1-game-table-ends-2022-23-or-season-absent-from-S1); open-stint-without-window
cainja01,Jamal Cain,2025,HORNETS-PELICANS,S2,unresolved,,no-season-window(S1-game-table-ends-2022-23-or-season-absent-from-S1); open-stint-without-window
cainja01,Jamal Cain,2026,MAGIC,S2,unresolved,,no-season-window(S1-game-table-ends-2022-23-or-season-absent-from-S1); open-stint-without-window
caldejo01,José Calderón,2013,PISTONS,S2,unresolved,,no-season-window(S1-game-table-ends-2022-23-or-season-absent-from-S1); open-stint-without-window
caldejo01,José Calderón,2013,RAPTORS,S2,unresolved,,"no-season-window(S1-game-table-ends-2022-23-or-season-absent-from-S1); departure-after-closed-stint(prior-spell-exit,or-source-noise)"
caldwjo01,Joe Caldwell,1966,PISTONS,S2,unresolved,"[1965-10-16, 1965-12-28)","same-day-game-order-unresolved(S2-player-games=33,S1-season-games=80,S2-team-games=80,interval-capacity=32,departure-day-allowance=1,missing-games-allowance=0,capacity-upper-bound=33)"
caldwke01,Kentavious Caldwell-Pope,2024,NUGGETS,S2,unresolved,,no-dated-evidence(membership-season-only; S1-window-missing-or-season-past-2022-23)
caldwke01,Kentavious Caldwell-Pope,2026,GRIZZLIES,S2,unresolved,,no-dated-evidence(membership-season-only; S1-window-missing-or-season-past-2022-23)
calhobi01,Bill Calhoun,1953,HAWKS,S2,unresolved,"[1952-11-01, 1953-03-19)",multi-team-season(ordering-unresolved): player has dated moves to other franchises this season; bracket-only stint cannot be ordered against them
calhoco01,Corky Calhoun,1976,LAKERS,S2,unresolved,,no-dated-evidence(membership-season-only; S1-window-missing-or-season-past-2022-23)
calipde01,Demetrius Calip,1992,LAKERS,S2,unresolved,"[1991-09-30, 1991-10-24)",stint-entirely-outside-team-season-window(stands-on-transactions-alone)
calvima01,Mack Calvin,1977,LAKERS,S2,unresolved,,"departure-after-closed-stint(prior-spell-exit,or-source-noise)"
calvima01,Mack Calvin,1977,SPURS,S2,unresolved,"[1976-11-16, 1977-02-15)",stint-entirely-outside-team-season-window(stands-on-transactions-alone)
camarto01,Toumani Camara,2024,TRAIL BLAZERS,S2,unresolved,,no-season-window(S1-game-table-ends-2022-23-or-season-absent-from-S1); open-stint-without-window
camarto01,Toumani Camara,2025,TRAIL BLAZERS,S2,unresolved,,no-dated-evidence(membership-season-only; S1-window-missing-or-season-past-2022-23)
camarto01,Toumani Camara,2026,TRAIL BLAZERS,S2,unresolved,,no-dated-evidence(membership-season-only; S1-window-missing-or-season-past-2022-23)
cancavl01,Vlatko Čančar,2025,NUGGETS,S2,unresolved,,no-season-window(S1-game-table-ends-2022-23-or-season-absent-from-S1); open-stint-without-window
cannade01,Devin Cannady,2021,MAGIC,S2,unresolved,"[2020-11-27, 2020-12-19)",stint-entirely-outside-team-season-window(stands-on-transactions-alone)
cannade01,Devin Cannady,2022,MAGIC,S2,unresolved,"[2021-10-12, 2021-10-15)",repeat-signing-continues-open-stint; stint-entirely-outside-team-season-window(stands-on-transactions-alone)
capelca01,Clint Capela,2024,HAWKS,S2,unresolved,,no-dated-evidence(membership-season-only; S1-window-missing-or-season-past-2022-23)
capelca01,Clint Capela,2025,HAWKS,S2,unresolved,,no-dated-evidence(membership-season-only; S1-window-missing-or-season-past-2022-23)
capelca01,Clint Capela,2026,ROCKETS,S2,unresolved,,same-day-arrival-to-multiple-franchises(ordering-unresolved)
cardwdy01,Dylan Cardwell,2026,KINGS,S2,unresolved,,no-season-window(S1-game-table-ends-2022-23-or-season-absent-from-S1); open-stint-without-window
carlho01,Howie Carl,1962,WIZARDS,S2,unresolved,,no-dated-evidence(membership-season-only; S1-window-missing-or-season-past-2022-23)
carlsal01,Al Carlson,1976,THUNDER,S2,unresolved,"[1975-09-24, 1976-01-12)",stint-entirely-outside-team-season-window(stands-on-transactions-alone)
carlsbr01,Branden Carlson,2025,THUNDER,S2,unresolved,"[2024-11-16, 2025-01-07)",open-stint-without-window; repeat-signing-continues-open-stint; repeat-signing-continues-open-stint
carlsbr01,Branden Carlson,2026,THUNDER,S2,unresolved,,no-season-window(S1-game-table-ends-2022-23-or-season-absent-from-S1); open-stint-without-window
carrica01,Bub Carrington,2025,WIZARDS,S2,unresolved,,no-season-window(S1-game-table-ends-2022-23-or-season-absent-from-S1); open-stint-without-window; repeat-signing-continues-open-stint
carrica01,Bub Carrington,2026,WIZARDS,S2,unresolved,,no-dated-evidence(membership-season-only; S1-window-missing-or-season-past-2022-23)
carrode01,DeMarre Carroll,2013,JAZZ,S2,unresolved,,no-dated-evidence(membership-season-only; S1-window-missing-or-season-past-2022-23)
carrode01,DeMarre Carroll,2020,ROCKETS,S2,unresolved,,same-day-arrival-to-multiple-franchises(ordering-unresolved)
carrode01,DeMarre Carroll,2020,SPURS,S2,unresolved,,same-day-arrival-to-multiple-franchises(ordering-unresolved)
carroma01,Matt Carroll,2013,BOBCATS-HORNETS2,S2,unresolved,,"no-season-window(S1-game-table-ends-2022-23-or-season-absent-from-S1); departure-after-closed-stint(prior-spell-exit,or-source-noise)"
cartean01,Anthony Carter,2007,NUGGETS,S2,unresolved,"[2006-10-02, 2006-10-25)",stint-entirely-outside-team-season-window(stands-on-transactions-alone)
cartede02,Devin Carter,2025,KINGS,S2,unresolved,,no-season-window(S1-game-table-ends-2022-23-or-season-absent-from-S1); open-stint-without-window
cartede02,Devin Carter,2026,KINGS,S2,unresolved,,no-dated-evidence(membership-season-only; S1-window-missing-or-season-past-2022-23)
cartefr01,Fred Carter,1972,WIZARDS,S2,unresolved,,flagged-transaction-legs(team-unresolved)
cartefr01,Fred Carter,1972,76ERS,S2,unresolved,,flagged-transaction-legs(team-unresolved)
cartefr01,Fred Carter,1977,BUCKS,S2,unresolved,,no-season-window(S1-game-table-ends-2022-23-or-season-absent-from-S1); open-stint-without-window
cartefr01,Fred Carter,1977,76ERS,S2,unresolved,,"departure-after-closed-stint(prior-spell-exit,or-source-noise)"
carteho01,Howard Carter,1985,MAVERICKS,S2,unresolved,"[1984-10-27, 1984-12-17)","departure-after-closed-stint(prior-spell-exit,or-source-noise)"
carteje01,Jevon Carter,2024,BULLS,S2,unresolved,,no-season-window(S1-game-table-ends-2022-23-or-season-absent-from-S1); open-stint-without-window
carteje01,Jevon Carter,2025,BULLS,S2,unresolved,,no-dated-evidence(membership-season-only; S1-window-missing-or-season-past-2022-23)
carteje01,Jevon Carter,2026,BULLS,S2,unresolved,,"no-season-window(S1-game-table-ends-2022-23-or-season-absent-from-S1); departure-after-closed-stint(prior-spell-exit,or-source-noise)"
carteje01,Jevon Carter,2026,MAGIC,S2,unresolved,,no-season-window(S1-game-table-ends-2022-23-or-season-absent-from-S1); open-stint-without-window
cartema01,Maurice Carter,2004,LAKERS,S2,unresolved,"[2003-08-13, 2003-10-14)",stint-entirely-outside-team-season-window(stands-on-transactions-alone)
cartevi01,Vince Carter,2013,MAVERICKS,S2,unresolved,,no-dated-evidence(membership-season-only; S1-window-missing-or-season-past-2022-23)
cartewe01,Wendell Carter Jr.,2024,MAGIC,S2,unresolved,,no-dated-evidence(membership-season-only; S1-window-missing-or-season-past-2022-23)
cartewe01,Wendell Carter Jr.,2025,MAGIC,S2,unresolved,,no-dated-evidence(membership-season-only; S1-window-missing-or-season-past-2022-23)
cartewe01,Wendell Carter Jr.,2026,MAGIC,S2,unresolved,,no-dated-evidence(membership-season-only; S1-window-missing-or-season-past-2022-23)
cartodj01,D.J. Carton,2024,RAPTORS,S2,unresolved,,no-season-window(S1-game-table-ends-2022-23-or-season-absent-from-S1); open-stint-without-window; repeat-signing-continues-open-stint
cartodj01,D.J. Carton,2025,RAPTORS,S2,unresolved,,"no-season-window(S1-game-table-ends-2022-23-or-season-absent-from-S1); departure-after-closed-stint(prior-spell-exit,or-source-noise)"
carusal01,Alex Caruso,2024,BULLS,S2,unresolved,,"no-season-window(S1-game-table-ends-2022-23-or-season-absent-from-S1); departure-after-closed-stint(prior-spell-exit,or-source-noise)"
carusal01,Alex Caruso,2025,THUNDER,S2,unresolved,,no-dated-evidence(membership-season-only; S1-window-missing-or-season-past-2022-23)
carusal01,Alex Caruso,2026,THUNDER,S2,unresolved,,no-dated-evidence(membership-season-only; S1-window-missing-or-season-past-2022-23)
cashco01,Cornelius Cash,1977,PISTONS,S2,unresolved,"[1976-07-06, 1976-11-05)",stint-entirely-outside-team-season-window(stands-on-transactions-alone)
casspom01,Omri Casspi,2013,CAVALIERS,S2,unresolved,,no-dated-evidence(membership-season-only; S1-window-missing-or-season-past-2022-23)
castlco01,Colin Castleton,2024,LAKERS,S2,unresolved,,no-season-window(S1-game-table-ends-2022-23-or-season-absent-from-S1); open-stint-without-window
castlco01,Colin Castleton,2025,76ERS,S2,unresolved,,no-season-window(S1-game-table-ends-2022-23-or-season-absent-from-S1); open-stint-without-window
castlco01,Colin Castleton,2025,RAPTORS,S2,unresolved,,no-season-window(S1-game-table-ends-2022-23-or-season-absent-from-S1); open-stint-without-window; repeat-signing-continues-open-stint; repeat-signing-continues-open-stint
castlco01,Colin Castleton,2026,MAGIC,S2,unresolved,,no-season-window(S1-game-table-ends-2022-23-or-season-absent-from-S1); open-stint-without-window; repeat-signing-continues-open-stint
castlst01,Stephon Castle,2025,SPURS,S2,unresolved,,no-season-window(S1-game-table-ends-2022-23-or-season-absent-from-S1); open-stint-without-window
castlst01,Stephon Castle,2026,SPURS,S2,unresolved,,no-dated-evidence(membership-season-only; S1-window-missing-or-season-past-2022-23)
cavanty01,Tyler Cavanaugh,2018,HAWKS,S2,unresolved,"[2017-09-05, 2017-10-14)",stint-entirely-outside-team-season-window(stands-on-transactions-alone)
cavenro01,Ron Cavenall,1985,KNICKS,S2,unresolved,,fuzzy-dated-rows-bear-on-this-tenure
chambje01,Jerry Chambers,1970,SUNS,S2,unresolved,,flagged-transaction-legs(team-unresolved)
chambwi01,Wilt Chamberlain,1961,WARRIORS,S2,unresolved,,no-dated-evidence(membership-season-only; S1-window-missing-or-season-past-2022-23)
champju01,Justin Champagnie,2024,WIZARDS,S2,unresolved,,no-season-window(S1-game-table-ends-2022-23-or-season-absent-from-S1); open-stint-without-window; repeat-signing-continues-open-stint
champju01,Justin Champagnie,2025,WIZARDS,S2,unresolved,,no-dated-evidence(membership-season-only; S1-window-missing-or-season-past-2022-23)
champju01,Justin Champagnie,2026,WIZARDS,S2,unresolved,,no-dated-evidence(membership-season-only; S1-window-missing-or-season-past-2022-23)
champju02,Julian Champagnie,2023,76ERS,S2,unresolved,"[2022-07-02, 2023-02-14)","departure-after-closed-stint(prior-spell-exit,or-source-noise)"
champju02,Julian Champagnie,2024,SPURS,S2,unresolved,,no-season-window(S1-game-table-ends-2022-23-or-season-absent-from-S1); open-stint-without-window
champju02,Julian Champagnie,2025,SPURS,S2,unresolved,,no-dated-evidence(membership-season-only; S1-window-missing-or-season-past-2022-23)
champju02,Julian Champagnie,2026,SPURS,S2,unresolved,,no-dated-evidence(membership-season-only; S1-window-missing-or-season-past-2022-23)
champmi01,Mike Champion,1989,THUNDER,S2,unresolved,"[1988-10-04, 1988-10-25)",stint-entirely-outside-team-season-window(stands-on-transactions-alone)
chandke01,Kennedy Chandler,2026,JAZZ,S2,unresolved,,no-season-window(S1-game-table-ends-2022-23-or-season-absent-from-S1); open-stint-without-window; repeat-signing-continues-open-stint
chanedo01,Don Chaney,1971,CELTICS,S2,unresolved,,no-dated-evidence(membership-season-only; S1-window-missing-or-season-past-2022-23)
chapple01,Len Chappell,1967,BULLS,S2,unresolved,,"departure-after-closed-stint(prior-spell-exit,or-source-noise)"
chapple01,Len Chappell,1971,CAVALIERS,S2,unresolved,,"no-season-window(S1-game-table-ends-2022-23-or-season-absent-from-S1); departure-after-closed-stint(prior-spell-exit,or-source-noise)"
charlke01,Ken Charles,1977,HAWKS,S2,unresolved,,no-dated-evidence(membership-season-only; S1-window-missing-or-season-past-2022-23)
chealjo01,Joe Chealey,2020,BOBCATS-HORNETS2,S2,unresolved,"[2019-08-06, 2019-10-13)",repeat-signing-continues-open-stint; stint-entirely-outside-team-season-window(stands-on-transactions-alone)
childjo01,Josh Childress,2013,NETS,S2,unresolved,"[2012-09-13, 2012-12-30)",stint-entirely-outside-team-season-window(stands-on-transactions-alone)
chiozch01,Chris Chiozza,2021,NETS,S2,unresolved,"[2020-12-01, 2020-12-19)",stint-entirely-outside-team-season-window(stands-on-transactions-alone)
chomcul01,Ulrich Chomche,2025,RAPTORS,S2,unresolved,,no-season-window(S1-game-table-ends-2022-23-or-season-absent-from-S1); open-stint-without-window; repeat-signing-continues-open-stint
choneji01,Jim Chones,1982,WIZARDS,S2,unresolved,,"departure-after-closed-stint(prior-spell-exit,or-source-noise)"
chrisca02,Cam Christie,2025,CLIPPERS,S2,unresolved,,no-season-window(S1-game-table-ends-2022-23-or-season-absent-from-S1); open-stint-without-window
chrisca02,Cam Christie,2026,CLIPPERS,S2,unresolved,,no-dated-evidence(membership-season-only; S1-window-missing-or-season-past-2022-23)
chrisjo01,Josh Christopher,2025,HEAT,S2,unresolved,,no-season-window(S1-game-table-ends-2022-23-or-season-absent-from-S1); open-stint-without-window
chrisma02,Max Christie,2024,LAKERS,S2,unresolved,,no-dated-evidence(membership-season-only; S1-window-missing-or-season-past-2022-23)
chrisma02,Max Christie,2025,MAVERICKS,S2,unresolved,,no-season-window(S1-game-table-ends-2022-23-or-season-absent-from-S1); open-stint-without-window
chrisma02,Max Christie,2026,MAVERICKS,S2,unresolved,,no-dated-evidence(membership-season-only; S1-window-missing-or-season-past-2022-23)
cissemo01,Moussa Cisse,2026,MAVERICKS,S2,unresolved,,no-season-window(S1-game-table-ends-2022-23-or-season-absent-from-S1); open-stint-without-window; repeat-signing-continues-open-stint
cissosi01,Sidy Cissoko,2024,SPURS,S2,unresolved,,no-season-window(S1-game-table-ends-2022-23-or-season-absent-from-S1); open-stint-without-window
cissosi01,Sidy Cissoko,2025,TRAIL BLAZERS,S2,unresolved,,no-season-window(S1-game-table-ends-2022-23-or-season-absent-from-S1); open-stint-without-window
cissosi01,Sidy Cissoko,2025,SPURS,S2,unresolved,,"no-season-window(S1-game-table-ends-2022-23-or-season-absent-from-S1); departure-after-closed-stint(prior-spell-exit,or-source-noise)"
cissosi01,Sidy Cissoko,2026,TRAIL BLAZERS,S2,unresolved,,no-dated-evidence(membership-season-only; S1-window-missing-or-season-past-2022-23)
clarkar01,Archie Clark,1972,WIZARDS,S2,unresolved,,flagged-transaction-legs(team-unresolved)
clarkar01,Archie Clark,1972,76ERS,S2,unresolved,,flagged-transaction-legs(team-unresolved)
clarkbr01,Brandon Clarke,2024,GRIZZLIES,S2,unresolved,,no-dated-evidence(membership-season-only; S1-window-missing-or-season-past-2022-23)
clarkbr01,Brandon Clarke,2025,GRIZZLIES,S2,unresolved,,no-dated-evidence(membership-season-only; S1-window-missing-or-season-past-2022-23)
clarkbr01,Brandon Clarke,2026,GRIZZLIES,S2,unresolved,,no-dated-evidence(membership-season-only; S1-window-missing-or-season-past-2022-23)
clarkco01,Coty Clarke,2016,CELTICS,S2,unresolved,"[2015-08-20, 2015-10-20)",repeat-signing-continues-open-stint; stint-entirely-outside-team-season-window(stands-on-transactions-alone)
clarkia01,Ian Clark,2015,JAZZ,S2,unresolved,"[2014-10-29, 2015-03-26)","departure-after-closed-stint(prior-spell-exit,or-source-noise)"
clarkja02,Jaylen Clark,2025,TIMBERWOLVES,S2,unresolved,,no-dated-evidence(membership-season-only; S1-window-missing-or-season-past-2022-23)
clarkja02,Jaylen Clark,2026,TIMBERWOLVES,S2,unresolved,,no-dated-evidence(membership-season-only; S1-window-missing-or-season-past-2022-23)
clarkjo01,Jordan Clarkson,2024,JAZZ,S2,unresolved,,no-dated-evidence(membership-season-only; S1-window-missing-or-season-past-2022-23)
clarkjo01,Jordan Clarkson,2025,JAZZ,S2,unresolved,,no-dated-evidence(membership-season-only; S1-window-missing-or-season-past-2022-23)
clarkjo01,Jordan Clarkson,2026,KNICKS,S2,unresolved,,no-season-window(S1-game-table-ends-2022-23-or-season-absent-from-S1); open-stint-without-window
clavegi01,Gian Clavell,2018,MAVERICKS,S2,unresolved,"[2017-08-01, 2017-10-16)","same-day-arrival-and-departure(ordering-flagged); departure-after-closed-stint(prior-spell-exit,or-source-noise); stint-entirely-outside-team-season-window(stands-on-transactions-alone)"
clavevi01,Victor Claver,2013,TRAIL BLAZERS,S2,unresolved,,no-season-window(S1-game-table-ends-2022-23-or-season-absent-from-S1); open-stint-without-window
claxtni01,Nic Claxton,2024,NETS,S2,unresolved,,no-dated-evidence(membership-season-only; S1-window-missing-or-season-past-2022-23)
claxtni01,Nic Claxton,2025,NETS,S2,unresolved,,no-season-window(S1-game-table-ends-2022-23-or-season-absent-from-S1); open-stint-without-window
claxtni01,Nic Claxton,2026,NETS,S2,unresolved,,no-dated-evidence(membership-season-only; S1-window-missing-or-season-past-2022-23)
claytwa01,Walter Clayton,2026,GRIZZLIES,S2,unresolved,,no-season-window(S1-game-table-ends-2022-23-or-season-absent-from-S1); open-stint-without-window
clemeba01,Barry Clemens,1971,THUNDER,S2,unresolved,,no-dated-evidence(membership-season-only; S1-window-missing-or-season-past-2022-23)
clemeba01,Barry Clemens,1976,TRAIL BLAZERS,S2,unresolved,,no-dated-evidence(membership-season-only; S1-window-missing-or-season-past-2022-23)
cliffni01,Nique Clifford,2026,KINGS,S2,unresolved,,no-season-window(S1-game-table-ends-2022-23-or-season-absent-from-S1); open-stint-without-window
clingdo01,Donovan Clingan,2025,TRAIL BLAZERS,S2,unresolved,,no-season-window(S1-game-table-ends-2022-23-or-season-absent-from-S1); open-stint-without-window
clingdo01,Donovan Clingan,2026,TRAIL BLAZERS,S2,unresolved,,no-dated-evidence(membership-season-only; S1-window-missing-or-season-past-2022-23)
clownno01,Noah Clowney,2024,NETS,S2,unresolved,,no-season-window(S1-game-table-ends-2022-23-or-season-absent-from-S1); open-stint-without-window
clownno01,Noah Clowney,2025,NETS,S2,unresolved,,no-dated-evidence(membership-season-only; S1-window-missing-or-season-past-2022-23)
clownno01,Noah Clowney,2026,NETS,S2,unresolved,,no-dated-evidence(membership-season-only; S1-window-missing-or-season-past-2022-23)
coffeam01,Amir Coffey,2024,CLIPPERS,S2,unresolved,,no-dated-evidence(membership-season-only; S1-window-missing-or-season-past-2022-23)
coffeam01,Amir Coffey,2025,CLIPPERS,S2,unresolved,,no-dated-evidence(membership-season-only; S1-window-missing-or-season-past-2022-23)
coffeam01,Amir Coffey,2026,SUNS,S2,unresolved,,no-season-window(S1-game-table-ends-2022-23-or-season-absent-from-S1); open-stint-without-window
colemec01,E.C. Coleman,1976,JAZZ,S2,unresolved,,no-dated-evidence(membership-season-only; S1-window-missing-or-season-past-2022-23)
colemec01,E.C. Coleman,1977,JAZZ,S2,unresolved,,no-dated-evidence(membership-season-only; S1-window-missing-or-season-past-2022-23)
colemec01,E.C. Coleman,1979,ROCKETS,S2,unresolved,"[1978-11-14, 1978-11-26)","same-day-game-order-unresolved(S2-player-games=6,S1-season-games=82,S2-team-games=82,interval-capacity=5,departure-day-allowance=1,missing-games-allowance=0,capacity-upper-bound=6)"
colliar01,Art Collins,1981,HAWKS,S2,unresolved,"[1980-07-11, 1980-10-08)",stint-entirely-outside-team-season-window(stands-on-transactions-alone)
collida01,Darren Collison,2013,MAVERICKS,S2,unresolved,,no-season-window(S1-game-table-ends-2022-23-or-season-absent-from-S1); open-stint-without-window
colliis01,Isaiah Collier,2025,JAZZ,S2,unresolved,,no-season-window(S1-game-table-ends-2022-23-or-season-absent-from-S1); open-stint-without-window
colliis01,Isaiah Collier,2026,JAZZ,S2,unresolved,,no-dated-evidence(membership-season-only; S1-window-missing-or-season-past-2022-23)
collija04,Jason Collins,2013,CELTICS,S2,unresolved,"[2012-07-31, 2013-02-21)",stint-entirely-outside-team-season-window(stands-on-transactions-alone)
collija04,Jason Collins,2013,WIZARDS,S2,unresolved,,no-season-window(S1-game-table-ends-2022-23-or-season-absent-from-S1); open-stint-without-window
collijo01,John Collins,2024,JAZZ,S2,unresolved,,no-season-window(S1-game-table-ends-2022-23-or-season-absent-from-S1); open-stint-without-window
collijo01,John Collins,2025,JAZZ,S2,unresolved,,no-dated-evidence(membership-season-only; S1-window-missing-or-season-past-2022-23)
collijo01,John Collins,2026,CLIPPERS,S2,unresolved,,no-season-window(S1-game-table-ends-2022-23-or-season-absent-from-S1); open-stint-without-window
colliyu01,Yuri Collins,2025,WARRIORS,S2,unresolved,"[2024-09-14, 2024-09-20)",open-stint-without-window
colliza01,Zach Collins,2024,SPURS,S2,unresolved,,no-dated-evidence(membership-season-only; S1-window-missing-or-season-past-2022-23)
colliza01,Zach Collins,2025,BULLS,S2,unresolved,,no-season-window(S1-game-table-ends-2022-23-or-season-absent-from-S1); open-stint-without-window
colliza01,Zach Collins,2025,SPURS,S2,unresolved,,"no-season-window(S1-game-table-ends-2022-23-or-season-absent-from-S1); departure-after-closed-stint(prior-spell-exit,or-source-noise)"
colliza01,Zach Collins,2026,BULLS,S2,unresolved,,no-dated-evidence(membership-season-only; S1-window-missing-or-season-past-2022-23)
conlege01,Gene Conley,1961,CELTICS,S2,unresolved,,no-dated-evidence(membership-season-only; S1-window-missing-or-season-past-2022-23)
conlemi01,Mike Conley,2011,GRIZZLIES,S2,unresolved,"[2010-11-02, 2011-05-16)","appearance-count-conflict(S2-player-games=81,S1-season-games=82,S2-team-games=82,interval-capacity=79,departure-day-allowance=0,missing-games-allowance=0,capacity-upper-bound=79)"
conlemi01,Mike Conley,2024,TIMBERWOLVES,S2,unresolved,,no-dated-evidence(membership-season-only; S1-window-missing-or-season-past-2022-23)
conlemi01,Mike Conley,2025,TIMBERWOLVES,S2,unresolved,,no-dated-evidence(membership-season-only; S1-window-missing-or-season-past-2022-23)
conlemi01,Mike Conley,2026,TIMBERWOLVES,S2,unresolved,,"no-season-window(S1-game-table-ends-2022-23-or-season-absent-from-S1); open-stint-without-window; departure-after-closed-stint(prior-spell-exit,or-source-noise)"
conlied01,Ed Conlin,1961,WARRIORS,S2,unresolved,,no-season-window(S1-game-table-ends-2022-23-or-season-absent-from-S1); open-stint-without-window
conloma01,Marty Conlon,1994,HORNETS-PELICANS,S2,unresolved,"[1994-02-02, 1994-03-22)","repeat-signing-continues-open-stint; departure-after-closed-stint(prior-spell-exit,or-source-noise)"
connapa01,Pat Connaughton,2024,BUCKS,S2,unresolved,,no-dated-evidence(membership-season-only; S1-window-missing-or-season-past-2022-23)
connapa01,Pat Connaughton,2025,BUCKS,S2,unresolved,,no-dated-evidence(membership-season-only; S1-window-missing-or-season-past-2022-23)
connapa01,Pat Connaughton,2026,BOBCATS-HORNETS2,S2,unresolved,"[2025-07-06, 2026-02-04)",open-stint-without-window
conrowi01,Will Conroy,2010,ROCKETS,S2,unresolved,"[2009-09-30, 2009-10-22)",repeat-signing-continues-open-stint; stint-entirely-outside-team-season-window(stands-on-transactions-alone)
cookda02,Daequan Cook,2013,ROCKETS,S2,unresolved,"[2012-10-27, 2013-01-02)",stint-entirely-outside-team-season-window(stands-on-transactions-alone)
cookejo01,Joe Cooke,1971,CAVALIERS,S2,unresolved,,no-dated-evidence(membership-season-only; S1-window-missing-or-season-past-2022-23)
cookqu01,Quinn Cook,2017,HORNETS-PELICANS,S2,unresolved,"[2016-09-24, 2016-10-22)",repeat-signing-continues-open-stint; repeat-signing-continues-open-stint; stint-entirely-outside-team-season-window(stands-on-transactions-alone)
cookqu01,Quinn Cook,2021,LAKERS,S2,unresolved,"[2020-12-04, 2021-02-24)","departure-after-closed-stint(prior-spell-exit,or-source-noise)"
cookty01,Tyler Cook,2020,NUGGETS,S2,unresolved,"[2019-08-13, 2019-10-16)","departure-after-closed-stint(prior-spell-exit,or-source-noise); stint-entirely-outside-team-season-window(stands-on-transactions-alone)"
cookty01,Tyler Cook,2020,NUGGETS,S2,unresolved,"[2020-06-30, 2020-09-27)","departure-after-closed-stint(prior-spell-exit,or-source-noise)"
cooleja01,Jack Cooley,2015,JAZZ,S2,unresolved,"[2014-08-19, 2014-10-22)",repeat-signing-continues-open-stint; repeat-signing-continues-open-stint; stint-entirely-outside-team-season-window(stands-on-transactions-alone)
coopech01,Chuck Cooper,1956,PISTONS,S2,unresolved,,fuzzy-dated-rows-bear-on-this-tenure
coopech01,Chuck Cooper,1956,HAWKS,S2,unresolved,,fuzzy-dated-rows-bear-on-this-tenure
coopesh01,Sharife Cooper,2026,WIZARDS,S2,unresolved,,no-season-window(S1-game-table-ends-2022-23-or-season-absent-from-S1); open-stint-without-window
copelch01,Chris Copeland,2016,BUCKS,S2,unresolved,"[2015-07-29, 2016-02-21)","departure-after-closed-stint(prior-spell-exit,or-source-noise)"
copelho01,Hollis Copeland,1980,KNICKS,S2,unresolved,,fuzzy-dated-rows-bear-on-this-tenure
corlera01,Ray Corley,1951,BULLETS-DEFUNCT,S2,unresolved,,fuzzy-dated-rows-bear-on-this-tenure
corlera01,Ray Corley,1951,HAWKS,S2,unresolved,,fuzzy-dated-rows-bear-on-this-tenure
corzida01,Dave Corzine,1989,BULLS,S2,unresolved,,flagged-transaction-legs(team-unresolved)
costela01,Larry Costello,1961,76ERS,S2,unresolved,,no-dated-evidence(membership-season-only; S1-window-missing-or-season-past-2022-23)
coulibi01,Bilal Coulibaly,2024,WIZARDS,S2,unresolved,,no-season-window(S1-game-table-ends-2022-23-or-season-absent-from-S1); open-stint-without-window
coulibi01,Bilal Coulibaly,2025,WIZARDS,S2,unresolved,,no-dated-evidence(membership-season-only; S1-window-missing-or-season-past-2022-23)
coulibi01,Bilal Coulibaly,2026,WIZARDS,S2,unresolved,,no-dated-evidence(membership-season-only; S1-window-missing-or-season-past-2022-23)
councri01,Ricky Council IV,2024,76ERS,S2,unresolved,"[2023-07-01, 2023-10-21)",open-stint-without-window
councri01,Ricky Council IV,2025,76ERS,S2,unresolved,,no-dated-evidence(membership-season-only; S1-window-missing-or-season-past-2022-23)
countme01,Mel Counts,1967,WIZARDS,S2,unresolved,,no-season-window(S1-game-table-ends-2022-23-or-season-absent-from-S1); flagged-transaction-legs(team-unresolved)
countme01,Mel Counts,1967,LAKERS,S2,unresolved,,flagged-transaction-legs(team-unresolved)
countme01,Mel Counts,1971,SUNS,S2,unresolved,,no-dated-evidence(membership-season-only; S1-window-missing-or-season-past-2022-23)
countme01,Mel Counts,1974,LAKERS,S2,unresolved,,flagged-transaction-legs(team-unresolved)
countme01,Mel Counts,1976,JAZZ,S2,unresolved,,"no-season-window(S1-game-table-ends-2022-23-or-season-absent-from-S1); departure-after-closed-stint(prior-spell-exit,or-source-noise)"
courtjo01,Joe Courtney,1993,BULLS,S2,unresolved,"[1992-10-06, 1992-10-28)",stint-entirely-outside-team-season-window(stands-on-transactions-alone)
couside01,DeMarcus Cousins,2013,KINGS,S2,unresolved,,no-dated-evidence(membership-season-only; S1-window-missing-or-season-past-2022-23)
cousybo01,Bob Cousy,1951,CELTICS,S2,unresolved,,flagged-transaction-legs(team-unresolved)
cousybo01,Bob Cousy,1961,CELTICS,S2,unresolved,,no-dated-evidence(membership-season-only; S1-window-missing-or-season-past-2022-23)
covinro01,Robert Covington,2018,76ERS,S2,unresolved,"[2017-11-17, 2018-05-10)","appearance-count-conflict(S2-player-games=80,S1-season-games=82,S2-team-games=82,interval-capacity=68,departure-day-allowance=0,missing-games-allowance=0,capacity-upper-bound=68)"
covinro01,Robert Covington,2024,CLIPPERS,S2,unresolved,,"no-season-window(S1-game-table-ends-2022-23-or-season-absent-from-S1); departure-after-closed-stint(prior-spell-exit,or-source-noise)"
covinro01,Robert Covington,2024,76ERS,S2,unresolved,,no-season-window(S1-game-table-ends-2022-23-or-season-absent-from-S1); open-stint-without-window
cowarce01,Cedric Coward,2026,GRIZZLIES,S2,unresolved,,no-season-window(S1-game-table-ends-2022-23-or-season-absent-from-S1); open-stint-without-window
cowenda01,Dave Cowens,1971,CELTICS,S2,unresolved,,no-dated-evidence(membership-season-only; S1-window-missing-or-season-past-2022-23)
craigto01,Torrey Craig,2024,BULLS,S2,unresolved,,no-season-window(S1-game-table-ends-2022-23-or-season-absent-from-S1); open-stint-without-window
craigto01,Torrey Craig,2025,CELTICS,S2,unresolved,,no-season-window(S1-game-table-ends-2022-23-or-season-absent-from-S1); open-stint-without-window
craigto01,Torrey Craig,2025,BULLS,S2,unresolved,,"no-season-window(S1-game-table-ends-2022-23-or-season-absent-from-S1); departure-after-closed-stint(prior-spell-exit,or-source-noise)"
crawffr01,Freddie Crawford,1971,CLIPPERS,S2,unresolved,,"no-season-window(S1-game-table-ends-2022-23-or-season-absent-from-S1); departure-after-closed-stint(prior-spell-exit,or-source-noise)"
crawfis01,Isaiah Crawford,2025,KINGS,S2,unresolved,,no-season-window(S1-game-table-ends-2022-23-or-season-absent-from-S1); open-stint-without-window
crawfis01,Isaiah Crawford,2026,ROCKETS,S2,unresolved,,no-season-window(S1-game-table-ends-2022-23-or-season-absent-from-S1); open-stint-without-window
crawfjo02,Jordan Crawford,2013,WIZARDS,S2,unresolved,,"no-season-window(S1-game-table-ends-2022-23-or-season-absent-from-S1); departure-after-closed-stint(prior-spell-exit,or-source-noise)"
creekmi01,Mitch Creek,2019,NETS,S2,unresolved,"[2018-08-20, 2018-10-12)",repeat-signing-continues-open-stint; stint-entirely-outside-team-season-window(stands-on-transactions-alone)
creigji01,Jim Creighton,1976,HAWKS,S2,unresolved,,no-season-window(S1-game-table-ends-2022-23-or-season-absent-from-S1); open-stint-without-window
crockdi01,Dillard Crocker,1950,NUGGETS-DEFUNCT,S2,unresolved,,fuzzy-dated-rows-bear-on-this-tenure
crockdi01,Dillard Crocker,1952,OLYMPIANS,S2,unresolved,,fuzzy-dated-rows-bear-on-this-tenure
crockdi01,Dillard Crocker,1952,HAWKS,S2,unresolved,,fuzzy-dated-rows-bear-on-this-tenure
crosspe01,Pete Cross,1971,THUNDER,S2,unresolved,,no-dated-evidence(membership-season-only; S1-window-missing-or-season-past-2022-23)
crosspe01,Pete Cross,1973,THUNDER,S2,unresolved,"[1972-12-06, 1973-03-29)","departure-after-closed-stint(prior-spell-exit,or-source-noise)"
crowdco01,Corey Crowder,1995,SPURS,S2,unresolved,"[1994-10-06, 1994-10-27)",stint-entirely-outside-team-season-window(stands-on-transactions-alone)
crowdja01,Jae Crowder,2013,MAVERICKS,S2,unresolved,,no-dated-evidence(membership-season-only; S1-window-missing-or-season-past-2022-23)
crowdja01,Jae Crowder,2024,BUCKS,S2,unresolved,,no-season-window(S1-game-table-ends-2022-23-or-season-absent-from-S1); open-stint-without-window
crowdja01,Jae Crowder,2025,KINGS,S2,unresolved,,no-season-window(S1-game-table-ends-2022-23-or-season-absent-from-S1); open-stint-without-window
crutcja01,Jalen Crutcher,2024,HORNETS-PELICANS,S2,unresolved,"[2023-10-12, 2023-10-21)",open-stint-without-window
cryerlj01,LJ Cryer,2026,WARRIORS,S2,unresolved,"[2025-09-29, 2025-10-18)",open-stint-without-window
cunnica01,Cade Cunningham,2024,PISTONS,S2,unresolved,,no-dated-evidence(membership-season-only; S1-window-missing-or-season-past-2022-23)
cunnica01,Cade Cunningham,2025,PISTONS,S2,unresolved,,no-dated-evidence(membership-season-only; S1-window-missing-or-season-past-2022-23)
cunnica01,Cade Cunningham,2026,PISTONS,S2,unresolved,,no-dated-evidence(membership-season-only; S1-window-missing-or-season-past-2022-23)
cunnida01,Dante Cunningham,2013,TIMBERWOLVES,S2,unresolved,,no-season-window(S1-game-table-ends-2022-23-or-season-absent-from-S1); open-stint-without-window
cunnija01,Jared Cunningham,2013,MAVERICKS,S2,unresolved,,"no-season-window(S1-game-table-ends-2022-23-or-season-absent-from-S1); departure-after-closed-stint(prior-spell-exit,or-source-noise)"
curlebi01,Bill Curley,2000,WARRIORS,S2,unresolved,"[1999-10-04, 1999-11-01)",stint-entirely-outside-team-season-window(stands-on-transactions-alone)
curlebi01,Bill Curley,2001,WARRIORS,S2,unresolved,"[2000-12-01, 2001-01-03)","departure-after-closed-stint(prior-spell-exit,or-source-noise)"
curlebi01,Bill Curley,2001,WARRIORS,S2,unresolved,"[2001-01-05, 2001-04-19)","departure-after-closed-stint(prior-spell-exit,or-source-noise)"
curryse01,Seth Curry,2025,BOBCATS-HORNETS2,S2,unresolved,,no-season-window(S1-game-table-ends-2022-23-or-season-absent-from-S1); open-stint-without-window
curryse01,Seth Curry,2026,WARRIORS,S2,unresolved,"[2025-10-01, 2025-10-18)",open-stint-without-window
curryst01,Stephen Curry,2024,WARRIORS,S2,unresolved,,no-dated-evidence(membership-season-only; S1-window-missing-or-season-past-2022-23)
curryst01,Stephen Curry,2025,WARRIORS,S2,unresolved,,no-dated-evidence(membership-season-only; S1-window-missing-or-season-past-2022-23)
curryst01,Stephen Curry,2026,WARRIORS,S2,unresolved,,no-dated-evidence(membership-season-only; S1-window-missing-or-season-past-2022-23)
dadiepa01,Pacôme Dadiet,2025,KNICKS,S2,unresolved,,no-season-window(S1-game-table-ends-2022-23-or-season-absent-from-S1); open-stint-without-window
dadiepa01,Pacôme Dadiet,2026,KNICKS,S2,unresolved,,no-dated-evidence(membership-season-only; S1-window-missing-or-season-past-2022-23)
dampilo01,Louie Dampier,1977,SPURS,S2,unresolved,,flagged-transaction-legs(team-unresolved)
dandrbo01,Bob Dandridge,1977,BUCKS,S2,unresolved,,no-dated-evidence(membership-season-only; S1-window-missing-or-season-past-2022-23)
daniedy01,Dyson Daniels,2024,HORNETS-PELICANS,S2,unresolved,,no-dated-evidence(membership-season-only; S1-window-missing-or-season-past-2022-23)
daniedy01,Dyson Daniels,2025,HAWKS,S2,unresolved,,no-season-window(S1-game-table-ends-2022-23-or-season-absent-from-S1); open-stint-without-window
daniedy01,Dyson Daniels,2026,HAWKS,S2,unresolved,,no-dated-evidence(membership-season-only; S1-window-missing-or-season-past-2022-23)
danietr01,Troy Daniels,2017,GRIZZLIES,S2,unresolved,,same-day-arrival-to-multiple-franchises(ordering-unresolved)
dantlad01,Adrian Dantley,1977,CLIPPERS,S2,unresolved,,no-dated-evidence(membership-season-only; S1-window-missing-or-season-past-2022-23)
dantomi01,Mike D'Antoni,1976,KINGS,S2,unresolved,,"no-season-window(S1-game-table-ends-2022-23-or-season-absent-from-S1); departure-after-closed-stint(prior-spell-exit,or-source-noise)"
dantomi01,Mike D'Antoni,1977,SPURS,S2,unresolved,"[1976-08-12, 1976-11-22)",stint-entirely-outside-team-season-window(stands-on-transactions-alone)
darroji01,Jimmy Darrow,1962,HAWKS,S2,unresolved,,no-dated-evidence(membership-season-only; S1-window-missing-or-season-past-2022-23)
dasiltr01,Tristan Da Silva,2025,MAGIC,S2,unresolved,,no-season-window(S1-game-table-ends-2022-23-or-season-absent-from-S1); open-stint-without-window
dasiltr01,Tristan Da Silva,2026,MAGIC,S2,unresolved,,no-dated-evidence(membership-season-only; S1-window-missing-or-season-past-2022-23)
davisan02,Anthony Davis,2013,HORNETS-PELICANS,S2,unresolved,,no-dated-evidence(membership-season-only; S1-window-missing-or-season-past-2022-23)
davisan02,Anthony Davis,2024,LAKERS,S2,unresolved,,no-dated-evidence(membership-season-only; S1-window-missing-or-season-past-2022-23)
davisan02,Anthony Davis,2025,MAVERICKS,S2,unresolved,,no-season-window(S1-game-table-ends-2022-23-or-season-absent-from-S1); open-stint-without-window
davisan02,Anthony Davis,2025,LAKERS,S2,unresolved,,"no-season-window(S1-game-table-ends-2022-23-or-season-absent-from-S1); departure-after-closed-stint(prior-spell-exit,or-source-noise)"
davisan02,Anthony Davis,2026,MAVERICKS,S2,unresolved,,"no-season-window(S1-game-table-ends-2022-23-or-season-absent-from-S1); departure-after-closed-stint(prior-spell-exit,or-source-noise)"
davisbr01,Brad Davis,1980,PACERS,S2,unresolved,"[1979-10-12, 1980-03-31)",multi-team-season(ordering-unresolved): player has dated moves to other franchises this season; bracket-only stint cannot be ordered against them
davisde01,Deyonta Davis,2019,HAWKS,S2,unresolved,"[2019-03-19, 2019-06-10)","repeat-signing-continues-open-stint; repeat-signing-continues-open-stint; departure-after-closed-stint(prior-spell-exit,or-source-noise)"
davised01,Ed Davis,2013,RAPTORS,S2,unresolved,,"no-season-window(S1-game-table-ends-2022-23-or-season-absent-from-S1); departure-after-closed-stint(prior-spell-exit,or-source-noise)"
davisem01,Emanual Davis,2001,THUNDER,S2,unresolved,"[2000-10-27, 2001-04-19)","departure-after-closed-stint(prior-spell-exit,or-source-noise)"
davisgl01,Glen Davis,2013,MAGIC,S2,unresolved,,no-dated-evidence(membership-season-only; S1-window-missing-or-season-past-2022-23)
davisjd01,JD Davison,2024,CELTICS,S2,unresolved,,no-season-window(S1-game-table-ends-2022-23-or-season-absent-from-S1); open-stint-without-window
davisjd01,JD Davison,2025,CELTICS,S2,unresolved,,no-season-window(S1-game-table-ends-2022-23-or-season-absent-from-S1); open-stint-without-window
davisjd01,JD Davison,2026,ROCKETS,S2,unresolved,,no-season-window(S1-game-table-ends-2022-23-or-season-absent-from-S1); open-stint-without-window
davisjo06,Johnny Davis,2024,WIZARDS,S2,unresolved,,no-dated-evidence(membership-season-only; S1-window-missing-or-season-past-2022-23)
davisjo06,Johnny Davis,2025,WIZARDS,S2,unresolved,,"no-season-window(S1-game-table-ends-2022-23-or-season-absent-from-S1); departure-after-closed-stint(prior-spell-exit,or-source-noise)"
davisma02,Mark Davis,2000,WARRIORS,S2,unresolved,"[1999-10-04, 1999-11-01)",repeat-signing-continues-open-stint; stint-entirely-outside-team-season-window(stands-on-transactions-alone)
davisme01,Mel Davis,1976,KNICKS,S2,unresolved,,no-dated-evidence(membership-season-only; S1-window-missing-or-season-past-2022-23)
davisme01,Mel Davis,1977,KNICKS,S2,unresolved,,"no-season-window(S1-game-table-ends-2022-23-or-season-absent-from-S1); departure-after-closed-stint(prior-spell-exit,or-source-noise)"
davisme01,Mel Davis,1977,NETS,S2,unresolved,,no-season-window(S1-game-table-ends-2022-23-or-season-absent-from-S1); open-stint-without-window
davismi01,Mike Davis,1970,WIZARDS,S2,unresolved,,flagged-transaction-legs(team-unresolved)
davismi01,Mike Davis,1971,CLIPPERS,S2,unresolved,,no-dated-evidence(membership-season-only; S1-window-missing-or-season-past-2022-23)
davismi01,Mike Davis,1973,WIZARDS,S2,unresolved,,flagged-transaction-legs(team-unresolved)
davismi02,Mickey Davis,1977,BUCKS,S2,unresolved,,"no-season-window(S1-game-table-ends-2022-23-or-season-absent-from-S1); departure-after-closed-stint(prior-spell-exit,or-source-noise)"
davismi03,Mike Davis,1983,KNICKS,S2,unresolved,"[1983-02-23, 1983-05-02)","departure-after-closed-stint(prior-spell-exit,or-source-noise); fuzzy-dated-rows-bear-on-this-tenure(fuzzy-not-guessed)"
davisra01,Ralph Davis,1961,KINGS,S2,unresolved,,no-dated-evidence(membership-season-only; S1-window-missing-or-season-past-2022-23)
davisra01,Ralph Davis,1962,WIZARDS,S2,unresolved,,"no-season-window(S1-game-table-ends-2022-23-or-season-absent-from-S1); departure-after-closed-stint(prior-spell-exit,or-source-noise)"
davisro01,Ron Davis,1977,HAWKS,S2,unresolved,,"no-season-window(S1-game-table-ends-2022-23-or-season-absent-from-S1); open-stint-without-window; departure-after-closed-stint(prior-spell-exit,or-source-noise)"
daviste02,Terence Davis,2025,KINGS,S2,unresolved,,no-season-window(S1-game-table-ends-2022-23-or-season-absent-from-S1); open-stint-without-window
dawkida01,Darryl Dawkins,1988,PISTONS,S2,unresolved,,same-day-arrival-to-multiple-franchises(ordering-unresolved)
dawkida01,Darryl Dawkins,1988,JAZZ,S2,unresolved,,same-day-arrival-to-multiple-franchises(ordering-unresolved)
dawkijo01,Johnny Dawkins,1994,76ERS,S2,unresolved,"[1993-11-05, 1994-04-25)",multi-team-season(ordering-unresolved): player has dated moves to other franchises this season; bracket-only stint cannot be ordered against them
dayeau01,Austin Daye,2013,PISTONS,S2,unresolved,,"no-season-window(S1-game-table-ends-2022-23-or-season-absent-from-S1); departure-after-closed-stint(prior-spell-exit,or-source-noise)"
debusda01,Dave DeBusschere,1967,PISTONS,S2,unresolved,,no-dated-evidence(membership-season-only; S1-window-missing-or-season-past-2022-23)
dedmode01,Dewayne Dedmon,2014,WARRIORS,S2,unresolved,"[2013-09-23, 2013-10-25)",stint-entirely-outside-team-season-window(stands-on-transactions-alone)
deesar01,Archie Dees,1961,PISTONS,S2,unresolved,,no-dated-evidence(membership-season-only; S1-window-missing-or-season-past-2022-23)
deesar01,Archie Dees,1962,WIZARDS,S2,unresolved,,"no-season-window(S1-game-table-ends-2022-23-or-season-absent-from-S1); departure-after-closed-stint(prior-spell-exit,or-source-noise)"
deesar01,Archie Dees,1962,HAWKS,S2,unresolved,,no-season-window(S1-game-table-ends-2022-23-or-season-absent-from-S1); open-stint-without-window
dejeabr01,Bryce Dejean-Jones,2016,HORNETS-PELICANS,S2,unresolved,"[2015-08-19, 2015-10-24)",repeat-signing-continues-open-stint; repeat-signing-continues-open-stint; stint-entirely-outside-team-season-window(stands-on-transactions-alone)
delauja01,Javin DeLaurier,2022,BUCKS,S2,unresolved,"[2021-09-23, 2021-10-16)",stint-entirely-outside-team-season-window(stands-on-transactions-alone)
dellama01,Matthew Dellavedova,2017,BUCKS,S2,unresolved,,same-day-arrival-to-multiple-franchises(ordering-unresolved)
demineg01,Egor Dёmin,2026,NETS,S2,unresolved,,no-season-window(S1-game-table-ends-2022-23-or-season-absent-from-S1); open-stint-without-window
dennira01,RayJ Dennis,2025,PACERS,S2,unresolved,,no-season-window(S1-game-table-ends-2022-23-or-season-absent-from-S1); open-stint-without-window
dennira01,RayJ Dennis,2026,HAWKS,S2,unresolved,,no-season-window(S1-game-table-ends-2022-23-or-season-absent-from-S1); open-stint-without-window
dennira01,RayJ Dennis,2026,PACERS,S2,unresolved,,"no-season-window(S1-game-table-ends-2022-23-or-season-absent-from-S1); departure-after-closed-stint(prior-spell-exit,or-source-noise)"
dentmju01,Justin Dentmon,2013,MAVERICKS,S2,unresolved,,no-season-window(S1-game-table-ends-2022-23-or-season-absent-from-S1); open-stint-without-window
dentora01,Randy Denton,1977,HAWKS,S2,unresolved,,no-season-window(S1-game-table-ends-2022-23-or-season-absent-from-S1); open-stint-without-window; flagged-transaction-legs(team-unresolved)
derozde01,DeMar DeRozan,2013,RAPTORS,S2,unresolved,,no-season-window(S1-game-table-ends-2022-23-or-season-absent-from-S1); open-stint-without-window
derozde01,DeMar DeRozan,2022,BULLS,S2,unresolved,,same-day-arrival-to-multiple-franchises(ordering-unresolved)
derozde01,DeMar DeRozan,2024,BULLS,S2,unresolved,,no-dated-evidence(membership-season-only; S1-window-missing-or-season-past-2022-23)
derozde01,DeMar DeRozan,2025,KINGS,S2,unresolved,,same-day-arrival-to-multiple-franchises(ordering-unresolved)
derozde01,DeMar DeRozan,2026,KINGS,S2,unresolved,,no-dated-evidence(membership-season-only; S1-window-missing-or-season-past-2022-23)
diabamo01,Moussa Diabaté,2024,CLIPPERS,S2,unresolved,,no-season-window(S1-game-table-ends-2022-23-or-season-absent-from-S1); open-stint-without-window
diabamo01,Moussa Diabaté,2025,BOBCATS-HORNETS2,S2,unresolved,,no-season-window(S1-game-table-ends-2022-23-or-season-absent-from-S1); open-stint-without-window
diabamo01,Moussa Diabaté,2026,BOBCATS-HORNETS2,S2,unresolved,,no-dated-evidence(membership-season-only; S1-window-missing-or-season-past-2022-23)
diakima01,Mamadi Diakite,2022,THUNDER,S2,unresolved,"[2021-09-26, 2021-10-16)",repeat-signing-continues-open-stint; repeat-signing-continues-open-stint; stint-entirely-outside-team-season-window(stands-on-transactions-alone)
diakima01,Mamadi Diakite,2023,CAVALIERS,S2,unresolved,"[2022-09-19, 2022-10-15)",stint-entirely-outside-team-season-window(stands-on-transactions-alone)
diakima01,Mamadi Diakite,2024,KNICKS,S2,unresolved,"[2023-10-19, 2023-10-21)",open-stint-without-window; repeat-signing-continues-open-stint
dialde01,Derrick Dial,2002,NETS,S2,unresolved,"[2001-10-02, 2001-10-03)",stint-entirely-outside-team-season-window(stands-on-transactions-alone)
diallha01,Hamidou Diallo,2019,THUNDER,S2,unresolved,,same-day-arrival-to-multiple-franchises(ordering-unresolved)
diallha01,Hamidou Diallo,2024,WIZARDS,S2,unresolved,,same-day-arrival-and-departure(ordering-flagged); no-season-window(S1-game-table-ends-2022-23-or-season-absent-from-S1); open-stint-without-window
diawamo01,Mohamed Diawara,2026,KNICKS,S2,unresolved,,no-season-window(S1-game-table-ends-2022-23-or-season-absent-from-S1); open-stint-without-window
dickehe01,Henry Dickerson,1977,HAWKS,S2,unresolved,,no-season-window(S1-game-table-ends-2022-23-or-season-absent-from-S1); open-stint-without-window
dickgr01,Gradey Dick,2024,RAPTORS,S2,unresolved,,no-season-window(S1-game-table-ends-2022-23-or-season-absent-from-S1); open-stint-without-window
dickgr01,Gradey Dick,2025,RAPTORS,S2,unresolved,,no-dated-evidence(membership-season-only; S1-window-missing-or-season-past-2022-23)
dickgr01,Gradey Dick,2026,RAPTORS,S2,unresolved,,no-dated-evidence(membership-season-only; S1-window-missing-or-season-past-2022-23)
dickihu01,Hunter Dickinson,2026,HORNETS-PELICANS,S2,unresolved,,no-season-window(S1-game-table-ends-2022-23-or-season-absent-from-S1); open-stint-without-window
dienggo01,Gorgui Dieng,2017,TIMBERWOLVES,S2,unresolved,"[2016-10-31, 2017-04-13)","appearance-count-conflict(S2-player-games=82,S1-season-games=82,S2-team-games=82,interval-capacity=80,departure-day-allowance=0,missing-games-allowance=0,capacity-upper-bound=80)"
diengou01,Ousmane Dieng,2024,THUNDER,S2,unresolved,,no-dated-evidence(membership-season-only; S1-window-missing-or-season-past-2022-23)
diengou01,Ousmane Dieng,2025,THUNDER,S2,unresolved,,no-dated-evidence(membership-season-only; S1-window-missing-or-season-past-2022-23)
diengou01,Ousmane Dieng,2026,BUCKS,S2,unresolved,,same-day-arrival-to-multiple-franchises(ordering-unresolved)
diengou01,Ousmane Dieng,2026,THUNDER,S2,unresolved,,same-day-arrival-to-multiple-franchises(ordering-unresolved)
dierkco01,Connie Dierking,1971,KINGS,S2,unresolved,,"no-season-window(S1-game-table-ends-2022-23-or-season-absent-from-S1); departure-after-closed-stint(prior-spell-exit,or-source-noise)"
digreer01,Ernie DiGregorio,1977,CLIPPERS,S2,unresolved,,no-dated-evidence(membership-season-only; S1-window-missing-or-season-past-2022-23)
dilliro01,Rob Dillingham,2025,TIMBERWOLVES,S2,unresolved,,no-season-window(S1-game-table-ends-2022-23-or-season-absent-from-S1); open-stint-without-window
dilliro01,Rob Dillingham,2026,BULLS,S2,unresolved,,no-season-window(S1-game-table-ends-2022-23-or-season-absent-from-S1); open-stint-without-window
dilliro01,Rob Dillingham,2026,TIMBERWOLVES,S2,unresolved,,"no-season-window(S1-game-table-ends-2022-23-or-season-absent-from-S1); departure-after-closed-stint(prior-spell-exit,or-source-noise)"
dinwibi01,Bill Dinwiddie,1971,CELTICS,S2,unresolved,,no-dated-evidence(membership-season-only; S1-window-missing-or-season-past-2022-23)
dinwisp01,Spencer Dinwiddie,2019,NETS,S2,unresolved,"[2018-12-14, 2019-04-24)","appearance-count-conflict(S2-player-games=68,S1-season-games=82,S2-team-games=82,interval-capacity=53,departure-day-allowance=0,missing-games-allowance=0,capacity-upper-bound=53)"
dinwisp01,Spencer Dinwiddie,2022,MAVERICKS,S2,unresolved,,same-day-arrival-to-multiple-franchises(ordering-unresolved)
dinwisp01,Spencer Dinwiddie,2022,WIZARDS,S2,unresolved,,same-day-arrival-to-multiple-franchises(ordering-unresolved)
dinwisp01,Spencer Dinwiddie,2024,NETS,S2,unresolved,,"no-season-window(S1-game-table-ends-2022-23-or-season-absent-from-S1); departure-after-closed-stint(prior-spell-exit,or-source-noise)"
dinwisp01,Spencer Dinwiddie,2024,LAKERS,S2,unresolved,,no-season-window(S1-game-table-ends-2022-23-or-season-absent-from-S1); open-stint-without-window
dinwisp01,Spencer Dinwiddie,2025,MAVERICKS,S2,unresolved,,no-season-window(S1-game-table-ends-2022-23-or-season-absent-from-S1); open-stint-without-window
diopde01,DeSagana Diop,2013,BOBCATS-HORNETS2,S2,unresolved,,no-dated-evidence(membership-season-only; S1-window-missing-or-season-past-2022-23)
dischte01,Terry Dischinger,1964,WIZARDS,S2,unresolved,,flagged-transaction-legs(team-unresolved)
dischte01,Terry Dischinger,1971,PISTONS,S2,unresolved,,no-dated-evidence(membership-season-only; S1-window-missing-or-season-past-2022-23)
divindo01,Donte DiVincenzo,2024,KNICKS,S2,unresolved,,no-season-window(S1-game-table-ends-2022-23-or-season-absent-from-S1); open-stint-without-window
divindo01,Donte DiVincenzo,2025,TIMBERWOLVES,S2,unresolved,,no-season-window(S1-game-table-ends-2022-23-or-season-absent-from-S1); open-stint-without-window
divindo01,Donte DiVincenzo,2026,TIMBERWOLVES,S2,unresolved,,no-dated-evidence(membership-season-only; S1-window-missing-or-season-past-2022-23)
doncilu01,Luka Dončić,2024,MAVERICKS,S2,unresolved,,no-dated-evidence(membership-season-only; S1-window-missing-or-season-past-2022-23)
doncilu01,Luka Dončić,2025,MAVERICKS,S2,unresolved,,"no-season-window(S1-game-table-ends-2022-23-or-season-absent-from-S1); departure-after-closed-stint(prior-spell-exit,or-source-noise)"
doncilu01,Luka Dončić,2025,LAKERS,S2,unresolved,,no-season-window(S1-game-table-ends-2022-23-or-season-absent-from-S1); open-stint-without-window
doncilu01,Luka Dončić,2026,LAKERS,S2,unresolved,,no-dated-evidence(membership-season-only; S1-window-missing-or-season-past-2022-23)
dortlu01,Luguentz Dort,2024,THUNDER,S2,unresolved,,no-dated-evidence(membership-season-only; S1-window-missing-or-season-past-2022-23)
dortlu01,Luguentz Dort,2025,THUNDER,S2,unresolved,,no-dated-evidence(membership-season-only; S1-window-missing-or-season-past-2022-23)
dortlu01,Luguentz Dort,2026,THUNDER,S2,unresolved,,no-dated-evidence(membership-season-only; S1-window-missing-or-season-past-2022-23)
dosunay01,Ayo Dosunmu,2024,BULLS,S2,unresolved,,no-season-window(S1-game-table-ends-2022-23-or-season-absent-from-S1); open-stint-without-window
dosunay01,Ayo Dosunmu,2025,BULLS,S2,unresolved,,no-dated-evidence(membership-season-only; S1-window-missing-or-season-past-2022-23)
dosunay01,Ayo Dosunmu,2026,BULLS,S2,unresolved,,"no-season-window(S1-game-table-ends-2022-23-or-season-absent-from-S1); departure-after-closed-stint(prior-spell-exit,or-source-noise)"
dosunay01,Ayo Dosunmu,2026,TIMBERWOLVES,S2,unresolved,,no-season-window(S1-game-table-ends-2022-23-or-season-absent-from-S1); open-stint-without-window
dotsode01,Devon Dotson,2023,WIZARDS,S2,unresolved,"[2022-09-27, 2022-10-15)",stint-entirely-outside-team-season-window(stands-on-transactions-alone)
doubyqu01,Quincy Douby,2009,KINGS,S2,unresolved,"[2008-10-29, 2009-04-16)",multi-team-season(ordering-unresolved): player has dated moves to other franchises this season; bracket-only stint cannot be ordered against them
douglto01,Toney Douglas,2013,ROCKETS,S2,unresolved,"[2012-07-11, 2013-02-20)",stint-entirely-outside-team-season-window(stands-on-transactions-alone)
douglto01,Toney Douglas,2013,KINGS,S2,unresolved,,no-season-window(S1-game-table-ends-2022-23-or-season-absent-from-S1); open-stint-without-window
douglto01,Toney Douglas,2016,HORNETS-PELICANS,S2,unresolved,"[2015-10-30, 2016-04-14)","departure-after-closed-stint(prior-spell-exit,or-source-noise)"
dowtije01,Jeff Dowtin Jr.,2022,MAGIC,S2,unresolved,"[2021-09-07, 2021-10-16)","departure-after-closed-stint(prior-spell-exit,or-source-noise); stint-entirely-outside-team-season-window(stands-on-transactions-alone)"
dowtije01,Jeff Dowtin Jr.,2022,MAGIC,S2,unresolved,"[2022-03-22, 2022-04-11)","departure-after-closed-stint(prior-spell-exit,or-source-noise)"
dowtije01,Jeff Dowtin Jr.,2024,76ERS,S2,unresolved,,no-season-window(S1-game-table-ends-2022-23-or-season-absent-from-S1); open-stint-without-window
dowtije01,Jeff Dowtin Jr.,2025,76ERS,S2,unresolved,,no-season-window(S1-game-table-ends-2022-23-or-season-absent-from-S1); open-stint-without-window
doylemi01,Milton Doyle,2018,NETS,S2,unresolved,"[2017-08-04, 2017-10-11)",stint-entirely-outside-team-season-window(stands-on-transactions-alone)
dragigo01,Goran Dragić,2013,SUNS,S2,unresolved,,no-season-window(S1-game-table-ends-2022-23-or-season-absent-from-S1); open-stint-without-window
drellhe01,Henri Drell,2024,BULLS,S2,unresolved,"[2023-09-12, 2023-10-13)",open-stint-without-window
drewjo01,John Drew,1976,HAWKS,S2,unresolved,,no-dated-evidence(membership-season-only; S1-window-missing-or-season-past-2022-23)
drewjo01,John Drew,1977,HAWKS,S2,unresolved,,no-dated-evidence(membership-season-only; S1-window-missing-or-season-past-2022-23)
driscte01,Terry Driscoll,1971,PISTONS,S2,unresolved,,no-dated-evidence(membership-season-only; S1-window-missing-or-season-past-2022-23)
driscte01,Terry Driscoll,1972,WIZARDS,S2,unresolved,,flagged-transaction-legs(team-unresolved)
driscte01,Terry Driscoll,1973,WIZARDS,S2,unresolved,,flagged-transaction-legs(team-unresolved)
driscte01,Terry Driscoll,1973,BUCKS,S2,unresolved,"[1972-11-15, 1973-04-14)",flagged-transaction-legs(team-unresolved)
drumman01,Andre Drummond,2013,PISTONS,S2,unresolved,,no-season-window(S1-game-table-ends-2022-23-or-season-absent-from-S1); open-stint-without-window
drumman01,Andre Drummond,2024,BULLS,S2,unresolved,,no-dated-evidence(membership-season-only; S1-window-missing-or-season-past-2022-23)
drumman01,Andre Drummond,2025,76ERS,S2,unresolved,,no-season-window(S1-game-table-ends-2022-23-or-season-absent-from-S1); open-stint-without-window
drumman01,Andre Drummond,2026,76ERS,S2,unresolved,,no-dated-evidence(membership-season-only; S1-window-missing-or-season-past-2022-23)
duartch01,Chris Duarte,2024,KINGS,S2,unresolved,,no-season-window(S1-game-table-ends-2022-23-or-season-absent-from-S1); open-stint-without-window
ducasal01,Alex Ducas,2025,THUNDER,S2,unresolved,,no-season-window(S1-game-table-ends-2022-23-or-season-absent-from-S1); open-stint-without-window
dudleja01,Jared Dudley,2013,SUNS,S2,unresolved,,no-dated-evidence(membership-season-only; S1-window-missing-or-season-past-2022-23)
duffybo02,Bob Duffy,1964,HAWKS,S2,unresolved,"[1963-10-16, 1964-04-17)",multi-team-season(ordering-unresolved): player has dated moves to other franchises this season; bracket-only stint cannot be ordered against them
dukeda01,David Duke Jr.,2024,SPURS,S2,unresolved,,no-season-window(S1-game-table-ends-2022-23-or-season-absent-from-S1); open-stint-without-window
dukeda01,David Duke Jr.,2025,SPURS,S2,unresolved,,no-season-window(S1-game-table-ends-2022-23-or-season-absent-from-S1); open-stint-without-window
dukeswa01,Walter Dukes,1961,PISTONS,S2,unresolved,,no-dated-evidence(membership-season-only; S1-window-missing-or-season-past-2022-23)
dunlemi01,Mike Dunleavy,1978,76ERS,S2,unresolved,"[1977-10-19, 1978-05-13)",multi-team-season(ordering-unresolved): player has dated moves to other franchises this season; bracket-only stint cannot be ordered against them
dunnkr01,Kris Dunn,2024,JAZZ,S2,unresolved,,no-dated-evidence(membership-season-only; S1-window-missing-or-season-past-2022-23)
dunnkr01,Kris Dunn,2025,CLIPPERS,S2,unresolved,,same-day-arrival-to-multiple-franchises(ordering-unresolved)
dunnkr01,Kris Dunn,2026,CLIPPERS,S2,unresolved,,no-dated-evidence(membership-season-only; S1-window-missing-or-season-past-2022-23)
dunnry01,Ryan Dunn,2025,SUNS,S2,unresolved,,no-season-window(S1-game-table-ends-2022-23-or-season-absent-from-S1); open-stint-without-window
dunnry01,Ryan Dunn,2026,SUNS,S2,unresolved,,no-dated-evidence(membership-season-only; S1-window-missing-or-season-past-2022-23)
duprero01,Ronald Dupree,2011,RAPTORS,S2,unresolved,"[2010-09-15, 2010-10-19)",stint-entirely-outside-team-season-window(stands-on-transactions-alone)
duranke01,Kevin Durant,2024,SUNS,S2,unresolved,,no-dated-evidence(membership-season-only; S1-window-missing-or-season-past-2022-23)
duranke01,Kevin Durant,2025,SUNS,S2,unresolved,,no-dated-evidence(membership-season-only; S1-window-missing-or-season-past-2022-23)
duranke01,Kevin Durant,2026,ROCKETS,S2,unresolved,,no-season-window(S1-game-table-ends-2022-23-or-season-absent-from-S1); open-stint-without-window
durenja01,Jalen Duren,2024,PISTONS,S2,unresolved,,no-dated-evidence(membership-season-only; S1-window-missing-or-season-past-2022-23)
durenja01,Jalen Duren,2025,PISTONS,S2,unresolved,,no-dated-evidence(membership-season-only; S1-window-missing-or-season-past-2022-23)
durenja01,Jalen Duren,2026,PISTONS,S2,unresolved,,no-dated-evidence(membership-season-only; S1-window-missing-or-season-past-2022-23)
durhapa01,Pat Durham,1995,TIMBERWOLVES,S2,unresolved,"[1994-09-26, 1994-11-01)",stint-entirely-outside-team-season-window(stands-on-transactions-alone)
duvaltr01,Trevon Duval,2019,BUCKS,S2,unresolved,"[2018-07-24, 2019-03-24)","departure-after-closed-stint(prior-spell-exit,or-source-noise)"
eakinji01,Jim Eakins,1977,KINGS,S2,unresolved,,no-season-window(S1-game-table-ends-2022-23-or-season-absent-from-S1); open-stint-without-window
easonta01,Tari Eason,2024,ROCKETS,S2,unresolved,,no-dated-evidence(membership-season-only; S1-window-missing-or-season-past-2022-23)
easonta01,Tari Eason,2025,ROCKETS,S2,unresolved,,no-dated-evidence(membership-season-only; S1-window-missing-or-season-past-2022-23)
easonta01,Tari Eason,2026,ROCKETS,S2,unresolved,,no-dated-evidence(membership-season-only; S1-window-missing-or-season-past-2022-23)
echenja01,Jaime Echenique,2022,WIZARDS,S2,unresolved,"[2021-08-19, 2021-10-16)",stint-entirely-outside-team-season-window(stands-on-transactions-alone)
eddieja01,Jarell Eddie,2018,BULLS,S2,unresolved,"[2017-09-22, 2017-10-16)",stint-entirely-outside-team-season-window(stands-on-transactions-alone)
edelike01,Kenton Edelin,1985,PACERS,S2,unresolved,"[1985-01-10, 1985-04-14)","departure-after-closed-stint(prior-spell-exit,or-source-noise); repeat-signing-continues-open-stint"
edeyza01,Zach Edey,2025,GRIZZLIES,S2,unresolved,,no-season-window(S1-game-table-ends-2022-23-or-season-absent-from-S1); open-stint-without-window
edeyza01,Zach Edey,2026,GRIZZLIES,S2,unresolved,,no-dated-evidence(membership-season-only; S1-window-missing-or-season-past-2022-23)
edgecvj01,VJ Edgecombe,2026,76ERS,S2,unresolved,,no-season-window(S1-game-table-ends-2022-23-or-season-absent-from-S1); open-stint-without-window
edwaran01,Anthony Edwards,2024,TIMBERWOLVES,S2,unresolved,,no-dated-evidence(membership-season-only; S1-window-missing-or-season-past-2022-23)
edwaran01,Anthony Edwards,2025,TIMBERWOLVES,S2,unresolved,,no-dated-evidence(membership-season-only; S1-window-missing-or-season-past-2022-23)
edwaran01,Anthony Edwards,2026,TIMBERWOLVES,S2,unresolved,,no-dated-evidence(membership-season-only; S1-window-missing-or-season-past-2022-23)
edwarje01,Jesse Edwards,2025,TIMBERWOLVES,S2,unresolved,,no-season-window(S1-game-table-ends-2022-23-or-season-absent-from-S1); open-stint-without-window
edwarju01,Justin Edwards,2025,76ERS,S2,unresolved,,no-season-window(S1-game-table-ends-2022-23-or-season-absent-from-S1); open-stint-without-window
edwarju01,Justin Edwards,2026,76ERS,S2,unresolved,,no-season-window(S1-game-table-ends-2022-23-or-season-absent-from-S1); open-stint-without-window
edwarke02,Kessler Edwards,2024,KINGS,S2,unresolved,,no-dated-evidence(membership-season-only; S1-window-missing-or-season-past-2022-23)
edwarke02,Kessler Edwards,2025,MAVERICKS,S2,unresolved,,no-season-window(S1-game-table-ends-2022-23-or-season-absent-from-S1); open-stint-without-window
edwarro01,Rob Edwards,2022,THUNDER,S2,unresolved,"[2021-09-26, 2021-10-11)",stint-entirely-outside-team-season-window(stands-on-transactions-alone)
eganjo01,Johnny Egan,1966,WIZARDS,S2,unresolved,,flagged-transaction-legs(team-unresolved)
eganjo01,Johnny Egan,1966,KNICKS,S2,unresolved,,flagged-transaction-legs(team-unresolved)
eganjo01,Johnny Egan,1967,WIZARDS,S2,unresolved,,no-dated-evidence(membership-season-only; S1-window-missing-or-season-past-2022-23)
eganjo01,Johnny Egan,1971,CAVALIERS,S2,unresolved,,"no-season-window(S1-game-table-ends-2022-23-or-season-absent-from-S1); departure-after-closed-stint(prior-spell-exit,or-source-noise)"
eganjo01,Johnny Egan,1971,ROCKETS,S2,unresolved,,no-season-window(S1-game-table-ends-2022-23-or-season-absent-from-S1); open-stint-without-window
eichhdi01,Rich Eichhorst,1962,HAWKS,S2,unresolved,,no-dated-evidence(membership-season-only; S1-window-missing-or-season-past-2022-23)
eisleho01,Howard Eisley,1996,JAZZ,S2,unresolved,"[1995-10-05, 1995-10-30)",stint-entirely-outside-team-season-window(stands-on-transactions-alone)
ellenhe01,Henry Ellenson,2021,RAPTORS,S2,unresolved,"[2020-11-26, 2020-12-19)",stint-entirely-outside-team-season-window(stands-on-transactions-alone)
ellinwa01,Wayne Ellington,2013,CAVALIERS,S2,unresolved,,no-season-window(S1-game-table-ends-2022-23-or-season-absent-from-S1); open-stint-without-window
ellinwa01,Wayne Ellington,2013,GRIZZLIES,S2,unresolved,"[2012-07-24, 2013-01-22)",stint-entirely-outside-team-season-window(stands-on-transactions-alone)
elliske01,Keon Ellis,2024,KINGS,S2,unresolved,,no-season-window(S1-game-table-ends-2022-23-or-season-absent-from-S1); open-stint-without-window
elliske01,Keon Ellis,2025,KINGS,S2,unresolved,,no-dated-evidence(membership-season-only; S1-window-missing-or-season-past-2022-23)
elliske01,Keon Ellis,2026,CAVALIERS,S2,unresolved,,no-season-window(S1-game-table-ends-2022-23-or-season-absent-from-S1); open-stint-without-window
elliske01,Keon Ellis,2026,KINGS,S2,unresolved,,"no-season-window(S1-game-table-ends-2022-23-or-season-absent-from-S1); departure-after-closed-stint(prior-spell-exit,or-source-noise)"
ellisle01,Leroy Ellis,1967,WIZARDS,S2,unresolved,,no-season-window(S1-game-table-ends-2022-23-or-season-absent-from-S1); flagged-transaction-legs(team-unresolved)
ellisle01,Leroy Ellis,1971,TRAIL BLAZERS,S2,unresolved,,no-dated-evidence(membership-season-only; S1-window-missing-or-season-past-2022-23)
elmorle01,Len Elmore,1977,PACERS,S2,unresolved,,no-dated-evidence(membership-season-only; S1-window-missing-or-season-past-2022-23)
embiijo01,Joel Embiid,2024,76ERS,S2,unresolved,,no-dated-evidence(membership-season-only; S1-window-missing-or-season-past-2022-23)
embiijo01,Joel Embiid,2025,76ERS,S2,unresolved,,no-dated-evidence(membership-season-only; S1-window-missing-or-season-past-2022-23)
embiijo01,Joel Embiid,2026,76ERS,S2,unresolved,,no-dated-evidence(membership-season-only; S1-window-missing-or-season-past-2022-23)
embrywa01,Wayne Embry,1961,KINGS,S2,unresolved,,no-dated-evidence(membership-season-only; S1-window-missing-or-season-past-2022-23)
enarutr01,Tristan Enaruna,2026,CAVALIERS,S2,unresolved,"[2025-09-26, 2025-10-15)",open-stint-without-window
englial01,Alex English,1977,BUCKS,S2,unresolved,,no-dated-evidence(membership-season-only; S1-window-missing-or-season-past-2022-23)
englicl01,Claude English,1971,TRAIL BLAZERS,S2,unresolved,,"no-season-window(S1-game-table-ends-2022-23-or-season-absent-from-S1); departure-after-closed-stint(prior-spell-exit,or-source-noise)"
englijo01,Jo Jo English,1993,BULLS,S2,unresolved,"[1992-10-06, 1992-11-05)",stint-entirely-outside-team-season-window(stands-on-transactions-alone)
englijo01,Jo Jo English,1994,BULLS,S2,unresolved,"[1993-11-04, 1994-04-25)",repeat-signing-continues-open-stint; repeat-signing-continues-open-stint; fuzzy-dated-rows-bear-on-this-tenure(fuzzy-not-guessed)
engliki01,Kim English,2013,PISTONS,S2,unresolved,,no-dated-evidence(membership-season-only; S1-window-missing-or-season-past-2022-23)
erickke01,Keith Erickson,1977,SUNS,S2,unresolved,,no-dated-evidence(membership-season-only; S1-window-missing-or-season-past-2022-23)
essenno01,Noa Essengue,2026,BULLS,S2,unresolved,,no-season-window(S1-game-table-ends-2022-23-or-season-absent-from-S1); open-stint-without-window
etienty01,Tyson Etienne,2025,NETS,S2,unresolved,"[2024-09-10, 2024-09-11)",open-stint-without-window
etienty01,Tyson Etienne,2026,NETS,S2,unresolved,,no-season-window(S1-game-table-ends-2022-23-or-season-absent-from-S1); open-stint-without-window
eubandr01,Drew Eubanks,2024,SUNS,S2,unresolved,,no-season-window(S1-game-table-ends-2022-23-or-season-absent-from-S1); open-stint-without-window
eubandr01,Drew Eubanks,2025,CLIPPERS,S2,unresolved,,no-season-window(S1-game-table-ends-2022-23-or-season-absent-from-S1); open-stint-without-window
eubandr01,Drew Eubanks,2026,KINGS,S2,unresolved,,no-season-window(S1-game-table-ends-2022-23-or-season-absent-from-S1); open-stint-without-window
evansja01,Jawun Evans,2019,SUNS,S2,unresolved,"[2018-12-07, 2019-03-23)","departure-after-closed-stint(prior-spell-exit,or-source-noise)"
evansje01,Jeremy Evans,2013,JAZZ,S2,unresolved,,no-dated-evidence(membership-season-only; S1-window-missing-or-season-past-2022-23)
evansje01,Jeremy Evans,2018,HAWKS,S2,unresolved,"[2017-09-13, 2017-10-14)",stint-entirely-outside-team-season-window(stands-on-transactions-alone)
evansty01,Tyreke Evans,2013,KINGS,S2,unresolved,,no-dated-evidence(membership-season-only; S1-window-missing-or-season-past-2022-23)
evbuoto01,Tosan Evbuomwan,2024,PISTONS,S2,unresolved,"[2023-07-25, 2023-10-21)",open-stint-without-window; repeat-signing-continues-open-stint
evbuoto01,Tosan Evbuomwan,2024,GRIZZLIES,S2,unresolved,,no-season-window(S1-game-table-ends-2022-23-or-season-absent-from-S1); open-stint-without-window
evbuoto01,Tosan Evbuomwan,2025,NETS,S2,unresolved,,no-season-window(S1-game-table-ends-2022-23-or-season-absent-from-S1); open-stint-without-window
exumda01,Danté Exum,2024,MAVERICKS,S2,unresolved,,no-season-window(S1-game-table-ends-2022-23-or-season-absent-from-S1); open-stint-without-window
exumda01,Danté Exum,2025,MAVERICKS,S2,unresolved,,no-dated-evidence(membership-season-only; S1-window-missing-or-season-past-2022-23)
ezersjo01,Johnny Ezersky,1949,BULLETS-DEFUNCT,S2,unresolved,"[1948-12-02, 1949-03-27)",fuzzy-dated-rows-bear-on-this-tenure(fuzzy-not-guessed)
ezersjo01,Johnny Ezersky,1949,CELTICS,S2,unresolved,,fuzzy-dated-rows-bear-on-this-tenure
ezersjo01,Johnny Ezersky,1949,STEAMROLLERS,S2,unresolved,"[1948-11-04, 1948-12-02)",fuzzy-dated-rows-bear-on-this-tenure(fuzzy-not-guessed)
farmajo01,Jordan Farmar,2017,KINGS,S2,unresolved,"[2016-09-14, 2016-10-24)",stint-entirely-outside-team-season-window(stands-on-transactions-alone)
farmeji01,Jim Farmer,1991,NUGGETS,S2,unresolved,"[1990-10-04, 1990-10-29)",repeat-signing-continues-open-stint; stint-entirely-outside-team-season-window(stands-on-transactions-alone)
farmemi01,Mike Farmer,1961,KINGS,S2,unresolved,,no-dated-evidence(membership-season-only; S1-window-missing-or-season-past-2022-23)
farmemi01,Mike Farmer,1961,KNICKS,S2,unresolved,,no-dated-evidence(membership-season-only; S1-window-missing-or-season-past-2022-23)
favorde01,Derrick Favors,2013,JAZZ,S2,unresolved,,no-dated-evidence(membership-season-only; S1-window-missing-or-season-past-2022-23)
fearsje01,Jeremiah Fears,2026,HORNETS-PELICANS,S2,unresolved,,no-season-window(S1-game-table-ends-2022-23-or-season-absent-from-S1); open-stint-without-window
feherbu01,Butch Feher,1977,SUNS,S2,unresolved,,no-dated-evidence(membership-season-only; S1-window-missing-or-season-past-2022-23)
felixra01,Ray Felix,1961,LAKERS,S2,unresolved,,no-dated-evidence(membership-season-only; S1-window-missing-or-season-past-2022-23)
fernabr01,Bruno Fernando,2024,HAWKS,S2,unresolved,,no-dated-evidence(membership-season-only; S1-window-missing-or-season-past-2022-23)
fernser01,Eric Fernsten,1976,BULLS,S2,unresolved,,no-season-window(S1-game-table-ends-2022-23-or-season-absent-from-S1); open-stint-without-window
fernser01,Eric Fernsten,1976,CAVALIERS,S2,unresolved,,"departure-after-closed-stint(prior-spell-exit,or-source-noise)"
ferraal01,Al Ferrari,1961,HAWKS,S2,unresolved,,no-dated-evidence(membership-season-only; S1-window-missing-or-season-past-2022-23)
ferraal01,Al Ferrari,1962,HAWKS,S2,unresolved,,"no-season-window(S1-game-table-ends-2022-23-or-season-absent-from-S1); departure-after-closed-stint(prior-spell-exit,or-source-noise)"
ferredu01,Duane Ferrell,1990,HAWKS,S2,unresolved,"[1990-02-23, 1990-04-22)","departure-after-closed-stint(prior-spell-exit,or-source-noise); repeat-signing-continues-open-stint"
ferreyo01,Yogi Ferrell,2017,NETS,S2,unresolved,"[2016-07-22, 2016-10-21)",stint-entirely-outside-team-season-window(stands-on-transactions-alone)
ferrybo01,Bob Ferry,1961,PISTONS,S2,unresolved,,no-dated-evidence(membership-season-only; S1-window-missing-or-season-past-2022-23)
ferrybo01,Bob Ferry,1964,PISTONS,S2,unresolved,,flagged-transaction-legs(team-unresolved)
ferrybo01,Bob Ferry,1967,WIZARDS,S2,unresolved,,no-dated-evidence(membership-season-only; S1-window-missing-or-season-past-2022-23)
fieldla01,Landry Fields,2013,RAPTORS,S2,unresolved,,no-season-window(S1-game-table-ends-2022-23-or-season-absent-from-S1); open-stint-without-window
filipky01,Kyle Filipowski,2025,JAZZ,S2,unresolved,,no-season-window(S1-game-table-ends-2022-23-or-season-absent-from-S1); open-stint-without-window
filipky01,Kyle Filipowski,2026,JAZZ,S2,unresolved,,no-dated-evidence(membership-season-only; S1-window-missing-or-season-past-2022-23)
finkeha01,Hank Finkel,1971,CELTICS,S2,unresolved,,no-dated-evidence(membership-season-only; S1-window-missing-or-season-past-2022-23)
finnedo01,Dorian Finney-Smith,2024,NETS,S2,unresolved,,no-dated-evidence(membership-season-only; S1-window-missing-or-season-past-2022-23)
finnedo01,Dorian Finney-Smith,2025,NETS,S2,unresolved,,"no-season-window(S1-game-table-ends-2022-23-or-season-absent-from-S1); departure-after-closed-stint(prior-spell-exit,or-source-noise)"
finnedo01,Dorian Finney-Smith,2025,LAKERS,S2,unresolved,,no-season-window(S1-game-table-ends-2022-23-or-season-absent-from-S1); open-stint-without-window
finnedo01,Dorian Finney-Smith,2026,ROCKETS,S2,unresolved,,no-season-window(S1-game-table-ends-2022-23-or-season-absent-from-S1); open-stint-without-window
fittsma01,Malik Fitts,2021,CLIPPERS,S2,unresolved,"[2020-11-27, 2020-12-14)",stint-entirely-outside-team-season-window(stands-on-transactions-alone)
fitzgbo01,Bob Fitzgerald,1947,HUSKIES,S2,unresolved,"[1946-11-01, 1947-01-21)","same-day-game-order-unresolved(S2-player-games=31,S1-season-games=60,S2-team-games=60,interval-capacity=30,departure-day-allowance=1,missing-games-allowance=0,capacity-upper-bound=31)"
fitzgdi01,Dick Fitzgerald,1948,STEAMROLLERS,S2,unresolved,,flagged-transaction-legs(team-unresolved)
flaggco01,Cooper Flagg,2026,MAVERICKS,S2,unresolved,,no-season-window(S1-game-table-ends-2022-23-or-season-absent-from-S1); open-stint-without-window
flaglad01,Adam Flagler,2024,THUNDER,S2,unresolved,"[2023-10-19, 2023-10-20)",open-stint-without-window
flaglad01,Adam Flagler,2025,THUNDER,S2,unresolved,,no-dated-evidence(membership-season-only; S1-window-missing-or-season-past-2022-23)
flemira01,Rasheer Fleming,2026,SUNS,S2,unresolved,,no-season-window(S1-game-table-ends-2022-23-or-season-absent-from-S1); open-stint-without-window; repeat-signing-continues-open-stint
flowetr01,Trentyn Flowers,2025,CLIPPERS,S2,unresolved,,no-season-window(S1-game-table-ends-2022-23-or-season-absent-from-S1); open-stint-without-window
floydsl01,Sleepy Floyd,1988,WARRIORS,S2,unresolved,"[1987-11-06, 1987-12-12)","same-day-game-order-unresolved(S2-player-games=18,S1-season-games=82,S2-team-games=82,interval-capacity=17,departure-day-allowance=1,missing-games-allowance=0,capacity-upper-bound=18)"
flynnma01,Malachi Flynn,2024,PISTONS,S2,unresolved,,no-season-window(S1-game-table-ends-2022-23-or-season-absent-from-S1); open-stint-without-window
flynnma01,Malachi Flynn,2024,RAPTORS,S2,unresolved,,"no-season-window(S1-game-table-ends-2022-23-or-season-absent-from-S1); departure-after-closed-stint(prior-spell-exit,or-source-noise)"
flynnma01,Malachi Flynn,2025,BOBCATS-HORNETS2,S2,unresolved,,no-season-window(S1-game-table-ends-2022-23-or-season-absent-from-S1); open-stint-without-window
flynnmi01,Mike Flynn,1977,PACERS,S2,unresolved,,no-dated-evidence(membership-season-only; S1-window-missing-or-season-past-2022-23)
foglela01,Larry Fogle,1976,KNICKS,S2,unresolved,,"no-season-window(S1-game-table-ends-2022-23-or-season-absent-from-S1); departure-after-closed-stint(prior-spell-exit,or-source-noise)"
fontesi01,Simone Fontecchio,2024,PISTONS,S2,unresolved,,no-season-window(S1-game-table-ends-2022-23-or-season-absent-from-S1); open-stint-without-window
fontesi01,Simone Fontecchio,2024,JAZZ,S2,unresolved,,"no-season-window(S1-game-table-ends-2022-23-or-season-absent-from-S1); departure-after-closed-stint(prior-spell-exit,or-source-noise)"
fontesi01,Simone Fontecchio,2025,PISTONS,S2,unresolved,,no-season-window(S1-game-table-ends-2022-23-or-season-absent-from-S1); open-stint-without-window
fontesi01,Simone Fontecchio,2026,HEAT,S2,unresolved,,no-season-window(S1-game-table-ends-2022-23-or-season-absent-from-S1); open-stint-without-window
forddo01,Don Ford,1976,LAKERS,S2,unresolved,,no-dated-evidence(membership-season-only; S1-window-missing-or-season-past-2022-23)
fordja01,Jake Ford,1971,THUNDER,S2,unresolved,,no-dated-evidence(membership-season-only; S1-window-missing-or-season-past-2022-23)
fordjo01,Jordan Ford,2024,KINGS,S2,unresolved,,no-season-window(S1-game-table-ends-2022-23-or-season-absent-from-S1); open-stint-without-window; repeat-signing-continues-open-stint
forretr01,Trent Forrest,2024,HAWKS,S2,unresolved,,no-season-window(S1-game-table-ends-2022-23-or-season-absent-from-S1); open-stint-without-window
fostefr01,Fred Foster,1971,KINGS,S2,unresolved,,"no-season-window(S1-game-table-ends-2022-23-or-season-absent-from-S1); departure-after-closed-stint(prior-spell-exit,or-source-noise)"
fostefr01,Fred Foster,1973,PISTONS,S2,unresolved,,same-day-arrival-to-multiple-franchises(ordering-unresolved)
fostefr01,Fred Foster,1977,CLIPPERS,S2,unresolved,,no-season-window(S1-game-table-ends-2022-23-or-season-absent-from-S1); open-stint-without-window
fostegr01,Greg Foster,2003,RAPTORS,S2,unresolved,,same-day-arrival-to-multiple-franchises(ordering-unresolved)
fournev01,Evan Fournier,2024,PISTONS,S2,unresolved,,no-season-window(S1-game-table-ends-2022-23-or-season-absent-from-S1); open-stint-without-window
fournev01,Evan Fournier,2024,KNICKS,S2,unresolved,,"no-season-window(S1-game-table-ends-2022-23-or-season-absent-from-S1); departure-after-closed-stint(prior-spell-exit,or-source-noise)"
foustla01,Larry Foust,1951,PISTONS,S2,unresolved,,flagged-transaction-legs(team-unresolved)
foustla01,Larry Foust,1961,HAWKS,S2,unresolved,,no-dated-evidence(membership-season-only; S1-window-missing-or-season-past-2022-23)
foustla01,Larry Foust,1962,HAWKS,S2,unresolved,,no-dated-evidence(membership-season-only; S1-window-missing-or-season-past-2022-23)
foxde01,De'Aaron Fox,2024,KINGS,S2,unresolved,,no-dated-evidence(membership-season-only; S1-window-missing-or-season-past-2022-23)
foxde01,De'Aaron Fox,2025,KINGS,S2,unresolved,,"no-season-window(S1-game-table-ends-2022-23-or-season-absent-from-S1); departure-after-closed-stint(prior-spell-exit,or-source-noise)"
foxde01,De'Aaron Fox,2025,SPURS,S2,unresolved,,no-season-window(S1-game-table-ends-2022-23-or-season-absent-from-S1); open-stint-without-window
foxde01,De'Aaron Fox,2026,SPURS,S2,unresolved,,no-dated-evidence(membership-season-only; S1-window-missing-or-season-past-2022-23)
foxji01,Jim Fox,1977,NETS,S2,unresolved,,no-season-window(S1-game-table-ends-2022-23-or-season-absent-from-S1); open-stint-without-window
foyera01,Randy Foye,2013,JAZZ,S2,unresolved,,no-season-window(S1-game-table-ends-2022-23-or-season-absent-from-S1); open-stint-without-window
frahmri01,Richie Frahm,2006,TIMBERWOLVES,S2,unresolved,"[2005-09-26, 2006-03-16)","departure-after-closed-stint(prior-spell-exit,or-source-noise)"
frankro01,Robert Franks,2021,MAGIC,S2,unresolved,"[2020-11-27, 2020-12-19)",repeat-signing-continues-open-stint; stint-entirely-outside-team-season-window(stands-on-transactions-alone)
frazime01,Melvin Frazier,2022,THUNDER,S2,unresolved,"[2021-10-12, 2021-10-14)",stint-entirely-outside-team-season-window(stands-on-transactions-alone)
frazimi01,Michael Frazier,2020,ROCKETS,S2,unresolved,"[2019-10-20, 2020-09-13)","departure-after-closed-stint(prior-spell-exit,or-source-noise)"
fraziti01,Tim Frazier,2019,BUCKS,S2,unresolved,"[2018-09-21, 2018-10-15)","departure-after-closed-stint(prior-spell-exit,or-source-noise); stint-entirely-outside-team-season-window(stands-on-transactions-alone)"
fraziti01,Tim Frazier,2019,BUCKS,S2,unresolved,"[2019-03-19, 2019-05-26)","departure-after-closed-stint(prior-spell-exit,or-source-noise)"
fraziwa01,Walt Frazier,1976,KNICKS,S2,unresolved,,no-dated-evidence(membership-season-only; S1-window-missing-or-season-past-2022-23)
fraziwa01,Walt Frazier,1977,KNICKS,S2,unresolved,,no-dated-evidence(membership-season-only; S1-window-missing-or-season-past-2022-23)
fraziwa01,Walt Frazier,1978,CAVALIERS,S2,unresolved,,"departure-after-closed-stint(prior-spell-exit,or-source-noise)"
fredeji01,Jimmer Fredette,2013,KINGS,S2,unresolved,,no-dated-evidence(membership-season-only; S1-window-missing-or-season-past-2022-23)
freeljo01,Joel Freeland,2013,TRAIL BLAZERS,S2,unresolved,,no-season-window(S1-game-table-ends-2022-23-or-season-absent-from-S1); open-stint-without-window
freemdo01,Donnie Freeman,1976,LAKERS,S2,unresolved,,no-season-window(S1-game-table-ends-2022-23-or-season-absent-from-S1); open-stint-without-window
freemen01,Enrique Freeman,2025,PACERS,S2,unresolved,,no-season-window(S1-game-table-ends-2022-23-or-season-absent-from-S1); open-stint-without-window
freemen01,Enrique Freeman,2026,TIMBERWOLVES,S2,unresolved,,no-season-window(S1-game-table-ends-2022-23-or-season-absent-from-S1); open-stint-without-window
freemga01,Gary Freeman,1971,CAVALIERS,S2,unresolved,,no-season-window(S1-game-table-ends-2022-23-or-season-absent-from-S1); open-stint-without-window
freemga01,Gary Freeman,1971,BUCKS,S2,unresolved,,"departure-after-closed-stint(prior-spell-exit,or-source-noise)"
freemja01,Javon Freeman-Liberty,2024,RAPTORS,S2,unresolved,,no-season-window(S1-game-table-ends-2022-23-or-season-absent-from-S1); open-stint-without-window
fryerbe01,Bernie Fryer,1974,TRAIL BLAZERS,S2,unresolved,"[1973-10-13, 1974-01-08)","appearance-count-conflict(S2-player-games=80,S1-season-games=82,S2-team-games=82,interval-capacity=41,departure-day-allowance=1,missing-games-allowance=0,capacity-upper-bound=42)"
fudgeal01,Alex Fudge,2024,MAVERICKS,S2,unresolved,,no-season-window(S1-game-table-ends-2022-23-or-season-absent-from-S1); open-stint-without-window
fultzma01,Markelle Fultz,2024,MAGIC,S2,unresolved,,no-dated-evidence(membership-season-only; S1-window-missing-or-season-past-2022-23)
fultzma01,Markelle Fultz,2025,KINGS,S2,unresolved,,no-season-window(S1-game-table-ends-2022-23-or-season-absent-from-S1); open-stint-without-window
fultzma01,Markelle Fultz,2026,RAPTORS,S2,unresolved,,no-season-window(S1-game-table-ends-2022-23-or-season-absent-from-S1); open-stint-without-window
funkan01,Andrew Funk,2024,BULLS,S2,unresolved,,no-season-window(S1-game-table-ends-2022-23-or-season-absent-from-S1); open-stint-without-window
furphjo01,Johnny Furphy,2025,PACERS,S2,unresolved,,no-season-window(S1-game-table-ends-2022-23-or-season-absent-from-S1); open-stint-without-window
furphjo01,Johnny Furphy,2026,PACERS,S2,unresolved,,no-dated-evidence(membership-season-only; S1-window-missing-or-season-past-2022-23)
gabriwe01,Wenyen Gabriel,2024,GRIZZLIES,S2,unresolved,,no-season-window(S1-game-table-ends-2022-23-or-season-absent-from-S1); open-stint-without-window
gaffoda01,Daniel Gafford,2024,MAVERICKS,S2,unresolved,,no-season-window(S1-game-table-ends-2022-23-or-season-absent-from-S1); open-stint-without-window
gaffoda01,Daniel Gafford,2024,WIZARDS,S2,unresolved,,"no-season-window(S1-game-table-ends-2022-23-or-season-absent-from-S1); departure-after-closed-stint(prior-spell-exit,or-source-noise)"
gaffoda01,Daniel Gafford,2025,MAVERICKS,S2,unresolved,,no-dated-evidence(membership-season-only; S1-window-missing-or-season-past-2022-23)
gaffoda01,Daniel Gafford,2026,MAVERICKS,S2,unresolved,,no-dated-evidence(membership-season-only; S1-window-missing-or-season-past-2022-23)
gallida01,Danilo Gallinari,2018,CLIPPERS,S2,unresolved,,same-day-arrival-to-multiple-franchises(ordering-unresolved)
gallida01,Danilo Gallinari,2021,HAWKS,S2,unresolved,,same-day-arrival-to-multiple-franchises(ordering-unresolved)
gallida01,Danilo Gallinari,2024,BUCKS,S2,unresolved,,no-season-window(S1-game-table-ends-2022-23-or-season-absent-from-S1); open-stint-without-window
gallida01,Danilo Gallinari,2024,WIZARDS,S2,unresolved,,"no-season-window(S1-game-table-ends-2022-23-or-season-absent-from-S1); departure-after-closed-stint(prior-spell-exit,or-source-noise)"
gallola01,Langston Galloway,2015,KNICKS,S2,unresolved,"[2014-09-09, 2014-10-25)",repeat-signing-continues-open-stint; repeat-signing-continues-open-stint; stint-entirely-outside-team-season-window(stands-on-transactions-alone)
gambeda01,Dave Gambee,1961,76ERS,S2,unresolved,,no-dated-evidence(membership-season-only; S1-window-missing-or-season-past-2022-23)
garcial01,Alex Garcia,2004,SPURS,S2,unresolved,"[2003-09-26, 2004-06-12)","departure-after-closed-stint(prior-spell-exit,or-source-noise)"
garcian01,Andersson Garcia,2026,JAZZ,S2,unresolved,,no-season-window(S1-game-table-ends-2022-23-or-season-absent-from-S1); open-stint-without-window
garcifr01,Francisco García,2013,KINGS,S2,unresolved,,"no-season-window(S1-game-table-ends-2022-23-or-season-absent-from-S1); departure-after-closed-stint(prior-spell-exit,or-source-noise)"
gardnmy01,Myron Gardner,2026,HEAT,S2,unresolved,,no-season-window(S1-game-table-ends-2022-23-or-season-absent-from-S1); open-stint-without-window
garlada01,Darius Garland,2024,CAVALIERS,S2,unresolved,,no-dated-evidence(membership-season-only; S1-window-missing-or-season-past-2022-23)
garlada01,Darius Garland,2025,CAVALIERS,S2,unresolved,,no-dated-evidence(membership-season-only; S1-window-missing-or-season-past-2022-23)
garlada01,Darius Garland,2026,CAVALIERS,S2,unresolved,,"no-season-window(S1-game-table-ends-2022-23-or-season-absent-from-S1); departure-after-closed-stint(prior-spell-exit,or-source-noise)"
garlada01,Darius Garland,2026,CLIPPERS,S2,unresolved,,no-season-window(S1-game-table-ends-2022-23-or-season-absent-from-S1); open-stint-without-window
garmadi01,Dick Garmaker,1961,KNICKS,S2,unresolved,,no-dated-evidence(membership-season-only; S1-window-missing-or-season-past-2022-23)
garnema01,Marlon Garnett,1999,CELTICS,S2,unresolved,"[1999-02-12, 1999-03-04)","departure-after-closed-stint(prior-spell-exit,or-source-noise)"
garrebi01,Billy Garrett,2019,KNICKS,S2,unresolved,"[2018-10-04, 2018-10-05)",stint-entirely-outside-team-season-window(stands-on-transactions-alone)
garredi01,Dick Garrett,1971,CLIPPERS,S2,unresolved,,no-dated-evidence(membership-season-only; S1-window-missing-or-season-past-2022-23)
garredi02,Diante Garrett,2013,SUNS,S2,unresolved,,no-season-window(S1-game-table-ends-2022-23-or-season-absent-from-S1); open-stint-without-window
garredi02,Diante Garrett,2014,JAZZ,S2,unresolved,"[2013-10-30, 2014-04-17)",multi-team-season(ordering-unresolved): player has dated moves to other franchises this season; bracket-only stint cannot be ordered against them
garrema01,Marcus Garrett,2025,BOBCATS-HORNETS2,S2,unresolved,"[2024-09-10, 2024-10-02)",open-stint-without-window
garrero01,Rowland Garrett,1976,BULLS,S2,unresolved,,"no-season-window(S1-game-table-ends-2022-23-or-season-absent-from-S1); departure-after-closed-stint(prior-spell-exit,or-source-noise)"
garrero01,Rowland Garrett,1977,CAVALIERS,S2,unresolved,,"departure-after-closed-stint(prior-spell-exit,or-source-noise)"
garrero01,Rowland Garrett,1977,BUCKS,S2,unresolved,,no-season-window(S1-game-table-ends-2022-23-or-season-absent-from-S1); open-stint-without-window
garrito01,Tom Garrick,1992,SPURS,S2,unresolved,"[1991-10-03, 1991-12-12)","departure-after-closed-stint(prior-spell-exit,or-source-noise)"
garubus01,Usman Garuba,2024,WARRIORS,S2,unresolved,,no-season-window(S1-game-table-ends-2022-23-or-season-absent-from-S1); open-stint-without-window
garzalu01,Luka Garza,2024,TIMBERWOLVES,S2,unresolved,,no-season-window(S1-game-table-ends-2022-23-or-season-absent-from-S1); open-stint-without-window
garzalu01,Luka Garza,2025,TIMBERWOLVES,S2,unresolved,,no-season-window(S1-game-table-ends-2022-23-or-season-absent-from-S1); open-stint-without-window
garzalu01,Luka Garza,2026,CELTICS,S2,unresolved,,no-season-window(S1-game-table-ends-2022-23-or-season-absent-from-S1); open-stint-without-window
gattike01,Kenny Gattison,1990,HORNETS-PELICANS,S2,unresolved,"[1989-09-26, 1989-10-19)",stint-entirely-outside-team-season-window(stands-on-transactions-alone)
gayru01,Rudy Gay,2013,GRIZZLIES,S2,unresolved,,"departure-after-closed-stint(prior-spell-exit,or-source-noise)"
gayru01,Rudy Gay,2013,RAPTORS,S2,unresolved,,no-season-window(S1-game-table-ends-2022-23-or-season-absent-from-S1); open-stint-without-window
geeal01,Alonzo Gee,2013,CAVALIERS,S2,unresolved,,no-dated-evidence(membership-season-only; S1-window-missing-or-season-past-2022-23)
gelabmi01,Mickaël Gelabale,2013,TIMBERWOLVES,S2,unresolved,,no-season-window(S1-game-table-ends-2022-23-or-season-absent-from-S1); open-stint-without-window
georgja01,Jack George,1960,KNICKS,S2,unresolved,"[1959-10-24, 1960-01-11)","appearance-count-conflict(S2-player-games=69,S1-season-games=75,S2-team-games=75,interval-capacity=39,departure-day-allowance=0,missing-games-allowance=0,capacity-upper-bound=39)"
georgja01,Jack George,1961,KNICKS,S2,unresolved,,no-dated-evidence(membership-season-only; S1-window-missing-or-season-past-2022-23)
georgke01,Keyonte George,2024,JAZZ,S2,unresolved,,no-season-window(S1-game-table-ends-2022-23-or-season-absent-from-S1); open-stint-without-window
georgke01,Keyonte George,2025,JAZZ,S2,unresolved,,no-dated-evidence(membership-season-only; S1-window-missing-or-season-past-2022-23)
georgke01,Keyonte George,2026,JAZZ,S2,unresolved,,no-dated-evidence(membership-season-only; S1-window-missing-or-season-past-2022-23)
georgky01,Kyshawn George,2025,WIZARDS,S2,unresolved,,no-season-window(S1-game-table-ends-2022-23-or-season-absent-from-S1); open-stint-without-window
georgky01,Kyshawn George,2026,WIZARDS,S2,unresolved,,no-dated-evidence(membership-season-only; S1-window-missing-or-season-past-2022-23)
georgpa01,Paul George,2024,CLIPPERS,S2,unresolved,,no-dated-evidence(membership-season-only; S1-window-missing-or-season-past-2022-23)
georgpa01,Paul George,2025,76ERS,S2,unresolved,,no-season-window(S1-game-table-ends-2022-23-or-season-absent-from-S1); open-stint-without-window
georgpa01,Paul George,2026,76ERS,S2,unresolved,,no-dated-evidence(membership-season-only; S1-window-missing-or-season-past-2022-23)
gerargu01,Gus Gerard,1977,CLIPPERS,S2,unresolved,,no-season-window(S1-game-table-ends-2022-23-or-season-absent-from-S1); open-stint-without-window
gerargu01,Gus Gerard,1977,NUGGETS,S2,unresolved,,"departure-after-closed-stint(prior-spell-exit,or-source-noise)"
gerargu01,Gus Gerard,1979,PISTONS,S2,unresolved,"[1978-10-13, 1979-04-09)",multi-team-season(ordering-unresolved): player has dated moves to other franchises this season; bracket-only stint cannot be ordered against them
gianejo01,John Gianelli,1976,KNICKS,S2,unresolved,,no-dated-evidence(membership-season-only; S1-window-missing-or-season-past-2022-23)
gianejo01,John Gianelli,1977,CLIPPERS,S2,unresolved,,no-season-window(S1-game-table-ends-2022-23-or-season-absent-from-S1); open-stint-without-window
gianejo01,John Gianelli,1977,KNICKS,S2,unresolved,,"no-season-window(S1-game-table-ends-2022-23-or-season-absent-from-S1); departure-after-closed-stint(prior-spell-exit,or-source-noise)"
gibbsdi01,Dick Gibbs,1973,ROCKETS,S2,unresolved,"[1972-10-13, 1973-03-29)",multi-team-season(ordering-unresolved): player has dated moves to other franchises this season; bracket-only stint cannot be ordered against them
gibbsdi01,Dick Gibbs,1973,KINGS,S2,unresolved,,"departure-after-closed-stint(prior-spell-exit,or-source-noise)"
gibsoda01,Daniel Gibson,2013,CAVALIERS,S2,unresolved,,no-dated-evidence(membership-season-only; S1-window-missing-or-season-past-2022-23)
gibsoho01,Hoot Gibson,1950,CELTICS,S2,unresolved,"[1949-11-03, 1950-03-18)",multi-team-season(ordering-unresolved): player has dated moves to other franchises this season; bracket-only stint cannot be ordered against them
gibsojo01,Jonathan Gibson,2017,MAVERICKS,S2,unresolved,"[2016-07-15, 2016-10-22)",stint-entirely-outside-team-season-window(stands-on-transactions-alone)
gibsota01,Taj Gibson,2024,PISTONS,S2,unresolved,,no-season-window(S1-game-table-ends-2022-23-or-season-absent-from-S1); open-stint-without-window; repeat-signing-continues-open-stint
gibsota01,Taj Gibson,2024,KNICKS,S2,unresolved,"[2023-12-15, 2024-01-07)",open-stint-without-window; repeat-signing-continues-open-stint
gibsota01,Taj Gibson,2025,BOBCATS-HORNETS2,S2,unresolved,,no-season-window(S1-game-table-ends-2022-23-or-season-absent-from-S1); open-stint-without-window
gibsota01,Taj Gibson,2026,GRIZZLIES,S2,unresolved,,no-season-window(S1-game-table-ends-2022-23-or-season-absent-from-S1); open-stint-without-window
giddejo01,Josh Giddey,2024,THUNDER,S2,unresolved,,"no-season-window(S1-game-table-ends-2022-23-or-season-absent-from-S1); departure-after-closed-stint(prior-spell-exit,or-source-noise)"
giddejo01,Josh Giddey,2025,BULLS,S2,unresolved,,no-dated-evidence(membership-season-only; S1-window-missing-or-season-past-2022-23)
giddejo01,Josh Giddey,2026,BULLS,S2,unresolved,,no-season-window(S1-game-table-ends-2022-23-or-season-absent-from-S1); open-stint-without-window
gilbeke01,Keshon Gilbert,2026,HAWKS,S2,unresolved,,no-season-window(S1-game-table-ends-2022-23-or-season-absent-from-S1); open-stint-without-window
gilbeke01,Keshon Gilbert,2026,WIZARDS,S2,unresolved,"[2025-09-19, 2025-09-30)",open-stint-without-window
gilesha01,Harry Giles,2024,LAKERS,S2,unresolved,,no-season-window(S1-game-table-ends-2022-23-or-season-absent-from-S1); open-stint-without-window
gilgesh01,Shai Gilgeous-Alexander,2024,THUNDER,S2,unresolved,,no-dated-evidence(membership-season-only; S1-window-missing-or-season-past-2022-23)
gilgesh01,Shai Gilgeous-Alexander,2025,THUNDER,S2,unresolved,,no-dated-evidence(membership-season-only; S1-window-missing-or-season-past-2022-23)
gilgesh01,Shai Gilgeous-Alexander,2026,THUNDER,S2,unresolved,,no-dated-evidence(membership-season-only; S1-window-missing-or-season-past-2022-23)
gillan01,Anthony Gill,2024,WIZARDS,S2,unresolved,,no-dated-evidence(membership-season-only; S1-window-missing-or-season-past-2022-23)
gillan01,Anthony Gill,2026,WIZARDS,S2,unresolved,,no-season-window(S1-game-table-ends-2022-23-or-season-absent-from-S1); open-stint-without-window
gilleco01,Collin Gillespie,2024,NUGGETS,S2,unresolved,,no-season-window(S1-game-table-ends-2022-23-or-season-absent-from-S1); open-stint-without-window
gilleco01,Collin Gillespie,2025,SUNS,S2,unresolved,,no-season-window(S1-game-table-ends-2022-23-or-season-absent-from-S1); open-stint-without-window
gilleco01,Collin Gillespie,2026,SUNS,S2,unresolved,,no-season-window(S1-game-table-ends-2022-23-or-season-absent-from-S1); open-stint-without-window
gillihe01,Herm Gilliam,1971,CLIPPERS,S2,unresolved,,no-dated-evidence(membership-season-only; S1-window-missing-or-season-past-2022-23)
gilmoar01,Artis Gilmore,1977,BULLS,S2,unresolved,,flagged-transaction-legs(team-unresolved)
gilmowa01,Walt Gilmore,1971,TRAIL BLAZERS,S2,unresolved,,no-dated-evidence(membership-season-only; S1-window-missing-or-season-past-2022-23)
gilyaja01,Jacob Gilyard,2023,GRIZZLIES,S2,unresolved,"[2022-09-23, 2022-10-10)",stint-entirely-outside-team-season-window(stands-on-transactions-alone)
gilyaja01,Jacob Gilyard,2024,NETS,S2,unresolved,,no-season-window(S1-game-table-ends-2022-23-or-season-absent-from-S1); open-stint-without-window
gilyaja01,Jacob Gilyard,2024,GRIZZLIES,S2,unresolved,,"no-season-window(S1-game-table-ends-2022-23-or-season-absent-from-S1); departure-after-closed-stint(prior-spell-exit,or-source-noise)"
ginobma01,Manu Ginóbili,2010,SPURS,S2,unresolved,"[2010-04-08, 2010-05-10)","appearance-count-conflict(S2-player-games=75,S1-season-games=82,S2-team-games=82,interval-capacity=4,departure-day-allowance=0,missing-games-allowance=0,capacity-upper-bound=4)"
giricgo01,Gordan Giriček,2008,SUNS,S2,unresolved,"[2008-03-24, 2008-04-30)","appearance-count-conflict(S2-player-games=22,S1-season-games=82,S2-team-games=82,interval-capacity=13,departure-day-allowance=0,missing-games-allowance=0,capacity-upper-bound=13)"
gminsmi01,Mike Gminski,1988,NETS,S2,unresolved,"[1987-11-06, 1988-01-16)","same-day-game-order-unresolved(S2-player-games=34,S1-season-games=82,S2-team-games=82,interval-capacity=33,departure-day-allowance=1,missing-games-allowance=0,capacity-upper-bound=34)"
goberru01,Rudy Gobert,2017,JAZZ,S2,unresolved,"[2016-10-31, 2017-05-09)","appearance-count-conflict(S2-player-games=81,S1-season-games=82,S2-team-games=82,interval-capacity=79,departure-day-allowance=0,missing-games-allowance=0,capacity-upper-bound=79)"
goberru01,Rudy Gobert,2024,TIMBERWOLVES,S2,unresolved,,no-dated-evidence(membership-season-only; S1-window-missing-or-season-past-2022-23)
goberru01,Rudy Gobert,2025,TIMBERWOLVES,S2,unresolved,,no-dated-evidence(membership-season-only; S1-window-missing-or-season-past-2022-23)
goberru01,Rudy Gobert,2026,TIMBERWOLVES,S2,unresolved,,no-dated-evidence(membership-season-only; S1-window-missing-or-season-past-2022-23)
golato01,Tom Gola,1961,WARRIORS,S2,unresolved,,no-dated-evidence(membership-season-only; S1-window-missing-or-season-past-2022-23)
goldivl01,Vladislav Goldin,2026,HEAT,S2,unresolved,,no-season-window(S1-game-table-ends-2022-23-or-season-absent-from-S1); open-stint-without-window
goldwan01,Anthony Goldwire,2001,NUGGETS,S2,unresolved,"[2000-10-02, 2000-10-25)",stint-entirely-outside-team-season-window(stands-on-transactions-alone)
gonzahu01,Hugo González,2026,CELTICS,S2,unresolved,,no-season-window(S1-game-table-ends-2022-23-or-season-absent-from-S1); open-stint-without-window
goodrga01,Gail Goodrich,1976,LAKERS,S2,unresolved,,no-dated-evidence(membership-season-only; S1-window-missing-or-season-past-2022-23)
goodrga01,Gail Goodrich,1977,JAZZ,S2,unresolved,,no-season-window(S1-game-table-ends-2022-23-or-season-absent-from-S1); open-stint-without-window
goodrst01,Steve Goodrich,2001,BULLS,S2,unresolved,"[2000-10-02, 2000-10-30)",stint-entirely-outside-team-season-window(stands-on-transactions-alone)
goodrst01,Steve Goodrich,2002,NETS,S2,unresolved,"[2001-10-10, 2001-10-25)",stint-entirely-outside-team-season-window(stands-on-transactions-alone)
goodwjo01,Jordan Goodwin,2022,WIZARDS,S2,unresolved,"[2021-08-18, 2021-10-16)",stint-entirely-outside-team-season-window(stands-on-transactions-alone)
goodwjo01,Jordan Goodwin,2024,GRIZZLIES,S2,unresolved,,no-season-window(S1-game-table-ends-2022-23-or-season-absent-from-S1); open-stint-without-window; repeat-signing-continues-open-stint
goodwjo01,Jordan Goodwin,2024,SUNS,S2,unresolved,,"no-season-window(S1-game-table-ends-2022-23-or-season-absent-from-S1); departure-after-closed-stint(prior-spell-exit,or-source-noise)"
goodwjo01,Jordan Goodwin,2025,LAKERS,S2,unresolved,"[2024-09-07, 2024-10-18)",open-stint-without-window
goodwjo01,Jordan Goodwin,2026,SUNS,S2,unresolved,,no-season-window(S1-game-table-ends-2022-23-or-season-absent-from-S1); open-stint-without-window
gordoaa01,Aaron Gordon,2024,NUGGETS,S2,unresolved,,no-dated-evidence(membership-season-only; S1-window-missing-or-season-past-2022-23)
gordoaa01,Aaron Gordon,2025,NUGGETS,S2,unresolved,,no-dated-evidence(membership-season-only; S1-window-missing-or-season-past-2022-23)
gordoaa01,Aaron Gordon,2026,NUGGETS,S2,unresolved,,no-dated-evidence(membership-season-only; S1-window-missing-or-season-past-2022-23)
gordobe01,Ben Gordon,2013,BOBCATS-HORNETS2,S2,unresolved,,no-dated-evidence(membership-season-only; S1-window-missing-or-season-past-2022-23)
gordodr01,Drew Gordon,2015,76ERS,S2,unresolved,"[2014-10-07, 2014-10-25)",stint-entirely-outside-team-season-window(stands-on-transactions-alone)
gordoer01,Eric Gordon,2013,HORNETS-PELICANS,S2,unresolved,,no-dated-evidence(membership-season-only; S1-window-missing-or-season-past-2022-23)
gordoer01,Eric Gordon,2024,SUNS,S2,unresolved,,no-season-window(S1-game-table-ends-2022-23-or-season-absent-from-S1); open-stint-without-window
gordoer01,Eric Gordon,2025,76ERS,S2,unresolved,,no-season-window(S1-game-table-ends-2022-23-or-season-absent-from-S1); open-stint-without-window
gortama01,Marcin Gortat,2013,SUNS,S2,unresolved,,no-dated-evidence(membership-season-only; S1-window-missing-or-season-past-2022-23)
goudean01,Andrew Goudelock,2013,LAKERS,S2,unresolved,"[2013-04-14, 2013-04-29)","departure-after-closed-stint(prior-spell-exit,or-source-noise)"
grabojo01,Joe Graboski,1961,WARRIORS,S2,unresolved,,no-dated-evidence(membership-season-only; S1-window-missing-or-season-past-2022-23)
grabojo01,Joe Graboski,1962,WIZARDS,S2,unresolved,,no-season-window(S1-game-table-ends-2022-23-or-season-absent-from-S1); open-stint-without-window
grabojo01,Joe Graboski,1962,76ERS,S2,unresolved,"[1962-03-16, 1962-03-23)",multi-team-season(ordering-unresolved): player has dated moves to other franchises this season; bracket-only stint cannot be ordered against them
grahade01,Devonte' Graham,2024,SPURS,S2,unresolved,,no-dated-evidence(membership-season-only; S1-window-missing-or-season-past-2022-23)
grahapa01,Paul Graham,1992,HAWKS,S2,unresolved,"[1991-10-03, 1991-10-31)",stint-entirely-outside-team-season-window(stands-on-transactions-alone)
grandji01,Jim Grandholm,1991,MAVERICKS,S2,unresolved,"[1990-10-01, 1990-10-19)",stint-entirely-outside-team-season-window(stands-on-transactions-alone)
grangst01,Stewart Granger,1985,HAWKS,S2,unresolved,"[1984-08-08, 1984-10-25)",repeat-signing-continues-open-stint; stint-entirely-outside-team-season-window(stands-on-transactions-alone)
grantdo01,Donte Grantham,2019,THUNDER,S2,unresolved,"[2018-10-10, 2018-10-12)",stint-entirely-outside-team-season-window(stands-on-transactions-alone)
grantga01,Gary Grant,2001,TRAIL BLAZERS,S2,unresolved,"[2000-10-31, 2001-03-05)","departure-after-closed-stint(prior-spell-exit,or-source-noise)"
grantje01,Jerami Grant,2021,PISTONS,S2,unresolved,,same-day-arrival-to-multiple-franchises(ordering-unresolved)
grantje01,Jerami Grant,2024,TRAIL BLAZERS,S2,unresolved,,no-season-window(S1-game-table-ends-2022-23-or-season-absent-from-S1); open-stint-without-window
grantje01,Jerami Grant,2025,TRAIL BLAZERS,S2,unresolved,,no-dated-evidence(membership-season-only; S1-window-missing-or-season-past-2022-23)
grantje01,Jerami Grant,2026,TRAIL BLAZERS,S2,unresolved,,no-dated-evidence(membership-season-only; S1-window-missing-or-season-past-2022-23)
grantpa01,Paul Grant,2004,JAZZ,S2,unresolved,"[2003-09-23, 2003-10-13)",repeat-signing-continues-open-stint; stint-entirely-outside-team-season-window(stands-on-transactions-alone)
graveha01,Hassani Gravett,2022,MAGIC,S2,unresolved,"[2021-09-07, 2021-10-16)",repeat-signing-continues-open-stint; stint-entirely-outside-team-season-window(stands-on-transactions-alone)
grayaa01,Aaron Gray,2013,RAPTORS,S2,unresolved,,no-dated-evidence(membership-season-only; S1-window-missing-or-season-past-2022-23)
grayha01,Hayden Gray,2026,JAZZ,S2,unresolved,,no-season-window(S1-game-table-ends-2022-23-or-season-absent-from-S1); open-stint-without-window
grayle01,Leonard Gray,1977,THUNDER,S2,unresolved,,"no-season-window(S1-game-table-ends-2022-23-or-season-absent-from-S1); departure-after-closed-stint(prior-spell-exit,or-source-noise)"
grayra01,RaiQuan Gray,2023,NETS,S2,unresolved,,"same-day-arrival-and-departure(ordering-flagged); interval-construction-failed(bound-outside-season-context,start=28050,end=28023)"
grayra01,RaiQuan Gray,2023,NETS,S2,unresolved,"[2022-09-26, 2022-10-15)",same-day-arrival-and-departure(ordering-flagged); stint-entirely-outside-team-season-window(stands-on-transactions-alone)
grayra01,RaiQuan Gray,2023,NETS,S2,unresolved,"[2023-04-08, 2023-04-23)",same-day-arrival-and-departure(ordering-flagged)
grayra01,RaiQuan Gray,2024,SPURS,S2,unresolved,"[2023-09-27, 2023-09-30)",open-stint-without-window
greenaj01,A.J. Green,2024,BUCKS,S2,unresolved,,no-season-window(S1-game-table-ends-2022-23-or-season-absent-from-S1); open-stint-without-window
greenaj01,A.J. Green,2025,BUCKS,S2,unresolved,,no-dated-evidence(membership-season-only; S1-window-missing-or-season-past-2022-23)
greenaj01,A.J. Green,2026,BUCKS,S2,unresolved,,no-dated-evidence(membership-season-only; S1-window-missing-or-season-past-2022-23)
greendr01,Draymond Green,2024,WARRIORS,S2,unresolved,,no-season-window(S1-game-table-ends-2022-23-or-season-absent-from-S1); open-stint-without-window
greendr01,Draymond Green,2025,WARRIORS,S2,unresolved,,no-dated-evidence(membership-season-only; S1-window-missing-or-season-past-2022-23)
greendr01,Draymond Green,2026,WARRIORS,S2,unresolved,,no-dated-evidence(membership-season-only; S1-window-missing-or-season-past-2022-23)
greenja01,JaMychal Green,2015,SPURS,S2,unresolved,"[2014-08-05, 2014-10-25)",stint-entirely-outside-team-season-window(stands-on-transactions-alone)
greenja02,Javonte Green,2024,BULLS,S2,unresolved,,no-season-window(S1-game-table-ends-2022-23-or-season-absent-from-S1); open-stint-without-window; repeat-signing-continues-open-stint
greenja02,Javonte Green,2025,CAVALIERS,S2,unresolved,,no-season-window(S1-game-table-ends-2022-23-or-season-absent-from-S1); open-stint-without-window
greenja02,Javonte Green,2026,PISTONS,S2,unresolved,,no-season-window(S1-game-table-ends-2022-23-or-season-absent-from-S1); open-stint-without-window
greenja05,Jalen Green,2024,ROCKETS,S2,unresolved,,no-dated-evidence(membership-season-only; S1-window-missing-or-season-past-2022-23)
greenja05,Jalen Green,2025,ROCKETS,S2,unresolved,,no-dated-evidence(membership-season-only; S1-window-missing-or-season-past-2022-23)
greenja05,Jalen Green,2026,SUNS,S2,unresolved,,no-season-window(S1-game-table-ends-2022-23-or-season-absent-from-S1); open-stint-without-window
greenje02,Jeff Green,2024,ROCKETS,S2,unresolved,,no-season-window(S1-game-table-ends-2022-23-or-season-absent-from-S1); open-stint-without-window
greenje02,Jeff Green,2025,ROCKETS,S2,unresolved,,no-dated-evidence(membership-season-only; S1-window-missing-or-season-past-2022-23)
greenje02,Jeff Green,2026,ROCKETS,S2,unresolved,,no-season-window(S1-game-table-ends-2022-23-or-season-absent-from-S1); open-stint-without-window
greenjo01,Johnny Green,1961,KNICKS,S2,unresolved,,no-dated-evidence(membership-season-only; S1-window-missing-or-season-past-2022-23)
greenjo01,Johnny Green,1962,KNICKS,S2,unresolved,,no-dated-evidence(membership-season-only; S1-window-missing-or-season-past-2022-23)
greenjo01,Johnny Green,1966,WIZARDS,S2,unresolved,,flagged-transaction-legs(team-unresolved)
greenjo01,Johnny Green,1966,KNICKS,S2,unresolved,,flagged-transaction-legs(team-unresolved)
greenjo01,Johnny Green,1967,WIZARDS,S2,unresolved,,no-dated-evidence(membership-season-only; S1-window-missing-or-season-past-2022-23)
greenjo01,Johnny Green,1971,KINGS,S2,unresolved,,no-dated-evidence(membership-season-only; S1-window-missing-or-season-past-2022-23)
greenjo02,Josh Green,2024,MAVERICKS,S2,unresolved,,no-dated-evidence(membership-season-only; S1-window-missing-or-season-past-2022-23)
greenjo02,Josh Green,2025,BOBCATS-HORNETS2,S2,unresolved,,no-season-window(S1-game-table-ends-2022-23-or-season-absent-from-S1); open-stint-without-window
greenjo02,Josh Green,2026,BOBCATS-HORNETS2,S2,unresolved,,no-dated-evidence(membership-season-only; S1-window-missing-or-season-past-2022-23)
greenla01,Lamar Green,1971,SUNS,S2,unresolved,,no-dated-evidence(membership-season-only; S1-window-missing-or-season-past-2022-23)
greenmi01,Mike Green,1977,THUNDER,S2,unresolved,,no-season-window(S1-game-table-ends-2022-23-or-season-absent-from-S1); open-stint-without-window
greensi01,Si Green,1961,HAWKS,S2,unresolved,,no-dated-evidence(membership-season-only; S1-window-missing-or-season-past-2022-23)
greensi01,Si Green,1962,WIZARDS,S2,unresolved,,no-season-window(S1-game-table-ends-2022-23-or-season-absent-from-S1); open-stint-without-window
greensi01,Si Green,1962,HAWKS,S2,unresolved,,"no-season-window(S1-game-table-ends-2022-23-or-season-absent-from-S1); departure-after-closed-stint(prior-spell-exit,or-source-noise)"
greensi01,Si Green,1966,CELTICS,S2,unresolved,,flagged-transaction-legs(team-unresolved)
greenst01,Steve Green,1977,PACERS,S2,unresolved,,no-season-window(S1-game-table-ends-2022-23-or-season-absent-from-S1); open-stint-without-window
greerha01,Hal Greer,1961,76ERS,S2,unresolved,,no-dated-evidence(membership-season-only; S1-window-missing-or-season-past-2022-23)
gregoga01,Gary Gregor,1970,HAWKS,S2,unresolved,"[1969-05-08, 1970-04-20)",flagged-transaction-legs(team-unresolved)
gregoga01,Gary Gregor,1971,TRAIL BLAZERS,S2,unresolved,,no-dated-evidence(membership-season-only; S1-window-missing-or-season-past-2022-23)
griffaj01,AJ Griffin,2024,HAWKS,S2,unresolved,,"no-season-window(S1-game-table-ends-2022-23-or-season-absent-from-S1); departure-after-closed-stint(prior-spell-exit,or-source-noise)"
griffpa01,Paul Griffin,1977,JAZZ,S2,unresolved,,no-dated-evidence(membership-season-only; S1-window-missing-or-season-past-2022-23)
griffpa01,Paul Griffin,1979,JAZZ,S2,unresolved,,arrival-after-window-end(next-season-move)
grimequ01,Quentin Grimes,2024,PISTONS,S2,unresolved,,no-season-window(S1-game-table-ends-2022-23-or-season-absent-from-S1); open-stint-without-window
grimequ01,Quentin Grimes,2024,KNICKS,S2,unresolved,,"no-season-window(S1-game-table-ends-2022-23-or-season-absent-from-S1); departure-after-closed-stint(prior-spell-exit,or-source-noise)"
grimequ01,Quentin Grimes,2025,76ERS,S2,unresolved,,no-season-window(S1-game-table-ends-2022-23-or-season-absent-from-S1); open-stint-without-window
grimequ01,Quentin Grimes,2026,76ERS,S2,unresolved,,no-season-window(S1-game-table-ends-2022-23-or-season-absent-from-S1); open-stint-without-window
grossbo01,Bob Gross,1976,TRAIL BLAZERS,S2,unresolved,,no-dated-evidence(membership-season-only; S1-window-missing-or-season-past-2022-23)
guarige01,Gene Guarilia,1961,CELTICS,S2,unresolved,,no-dated-evidence(membership-season-only; S1-window-missing-or-season-past-2022-23)
gueriri01,Richie Guerin,1961,KNICKS,S2,unresolved,,no-dated-evidence(membership-season-only; S1-window-missing-or-season-past-2022-23)
gueriri01,Richie Guerin,1962,KNICKS,S2,unresolved,,no-dated-evidence(membership-season-only; S1-window-missing-or-season-past-2022-23)
gueriri01,Richie Guerin,1964,KNICKS,S2,unresolved,"[1963-10-17, 1963-10-18)","appearance-count-conflict(S2-player-games=2,S1-season-games=80,S2-team-games=80,interval-capacity=1,departure-day-allowance=0,missing-games-allowance=0,capacity-upper-bound=1)"
gueyemo01,Mouhamadou Gueye,2026,BULLS,S2,unresolved,"[2025-09-08, 2025-10-13)",open-stint-without-window
gueyemo02,Mouhamed Gueye,2024,HAWKS,S2,unresolved,,no-season-window(S1-game-table-ends-2022-23-or-season-absent-from-S1); open-stint-without-window
gueyemo02,Mouhamed Gueye,2025,HAWKS,S2,unresolved,,no-dated-evidence(membership-season-only; S1-window-missing-or-season-past-2022-23)
gueyemo02,Mouhamed Gueye,2026,HAWKS,S2,unresolved,,no-dated-evidence(membership-season-only; S1-window-missing-or-season-past-2022-23)
guokama02,Matt Guokas,1971,76ERS,S2,unresolved,,"departure-after-closed-stint(prior-spell-exit,or-source-noise)"
guokama02,Matt Guokas,1976,BULLS,S2,unresolved,,"no-season-window(S1-game-table-ends-2022-23-or-season-absent-from-S1); departure-after-closed-stint(prior-spell-exit,or-source-noise)"
guokama02,Matt Guokas,1976,KINGS,S2,unresolved,,no-season-window(S1-game-table-ends-2022-23-or-season-absent-from-S1); open-stint-without-window
hachiru01,Rui Hachimura,2024,LAKERS,S2,unresolved,,no-season-window(S1-game-table-ends-2022-23-or-season-absent-from-S1); open-stint-without-window
hachiru01,Rui Hachimura,2025,LAKERS,S2,unresolved,,no-dated-evidence(membership-season-only; S1-window-missing-or-season-past-2022-23)
hachiru01,Rui Hachimura,2026,LAKERS,S2,unresolved,,no-dated-evidence(membership-season-only; S1-window-missing-or-season-past-2022-23)
hackeru01,Rudy Hackett,1977,PACERS,S2,unresolved,"[1976-11-09, 1976-12-06)",fuzzy-dated-rows-bear-on-this-tenure(fuzzy-not-guessed)
hackeru01,Rudy Hackett,1977,NETS,S2,unresolved,"[1976-10-18, 1976-10-29)",fuzzy-dated-rows-bear-on-this-tenure(fuzzy-not-guessed)
haddaha01,Hamed Haddadi,2013,GRIZZLIES,S2,unresolved,,"departure-after-closed-stint(prior-spell-exit,or-source-noise)"
haganas01,Ashton Hagans,2024,TRAIL BLAZERS,S2,unresolved,,same-day-arrival-and-departure(ordering-flagged); no-season-window(S1-game-table-ends-2022-23-or-season-absent-from-S1); open-stint-without-window; repeat-signing-continues-open-stint
hagancl01,Cliff Hagan,1961,HAWKS,S2,unresolved,,no-dated-evidence(membership-season-only; S1-window-missing-or-season-past-2022-23)
hagancl01,Cliff Hagan,1962,HAWKS,S2,unresolved,,no-dated-evidence(membership-season-only; S1-window-missing-or-season-past-2022-23)
halbech01,Chick Halbert,1948,STAGS,S2,unresolved,"[1947-11-13, 1948-04-09)",multi-team-season(ordering-unresolved): player has dated moves to other franchises this season; bracket-only stint cannot be ordered against them
halbech01,Chick Halbert,1950,CAPITOLS,S2,unresolved,"[1949-09-28, 1950-03-23)",fuzzy-dated-rows-bear-on-this-tenure(fuzzy-not-guessed)
halbech01,Chick Halbert,1951,CAPITOLS,S2,unresolved,"[1950-10-31, 1951-01-09)","same-day-game-order-unresolved(S2-player-games=35,S1-season-games=35,S2-team-games=35,interval-capacity=34,departure-day-allowance=1,missing-games-allowance=0,capacity-upper-bound=35)"
halbrsw01,Swede Halbrook,1961,76ERS,S2,unresolved,,no-dated-evidence(membership-season-only; S1-window-missing-or-season-past-2022-23)
halibty01,Tyrese Haliburton,2024,PACERS,S2,unresolved,,no-dated-evidence(membership-season-only; S1-window-missing-or-season-past-2022-23)
halibty01,Tyrese Haliburton,2025,PACERS,S2,unresolved,,no-dated-evidence(membership-season-only; S1-window-missing-or-season-past-2022-23)
halimsh01,Shaler Halimon,1971,BULLS,S2,unresolved,,"departure-after-closed-stint(prior-spell-exit,or-source-noise)"
halimsh01,Shaler Halimon,1971,TRAIL BLAZERS,S2,unresolved,,no-season-window(S1-game-table-ends-2022-23-or-season-absent-from-S1); open-stint-without-window
halldo01,Donta Hall,2020,PISTONS,S2,unresolved,"[2019-07-22, 2019-10-20)",repeat-signing-continues-open-stint; stint-entirely-outside-team-season-window(stands-on-transactions-alone)
hallpj01,PJ Hall,2025,NUGGETS,S2,unresolved,,no-season-window(S1-game-table-ends-2022-23-or-season-absent-from-S1); open-stint-without-window
hallpj01,PJ Hall,2026,BOBCATS-HORNETS2,S2,unresolved,,no-season-window(S1-game-table-ends-2022-23-or-season-absent-from-S1); open-stint-without-window
hallty01,Tyler Hall,2022,KNICKS,S2,unresolved,"[2021-10-08, 2021-10-12)",stint-entirely-outside-team-season-window(stands-on-transactions-alone)
hamilju01,Justin Hamilton,2014,HEAT,S2,unresolved,"[2013-09-10, 2013-10-26)",stint-entirely-outside-team-season-window(stands-on-transactions-alone)
handlbe01,Ben Handlogten,2005,JAZZ,S2,unresolved,"[2005-03-29, 2005-04-21)","appearance-count-conflict(S2-player-games=21,S1-season-games=82,S2-team-games=82,interval-capacity=12,departure-day-allowance=0,missing-games-allowance=0,capacity-upper-bound=12)"
hannadu01,Dusty Hannahs,2020,GRIZZLIES,S2,unresolved,"[2019-10-14, 2019-10-15)",stint-entirely-outside-team-season-window(stands-on-transactions-alone)
hannual01,Alex Hannum,1952,KINGS,S2,unresolved,"[1951-11-01, 1952-04-07)",multi-team-season(ordering-unresolved): player has dated moves to other franchises this season; bracket-only stint cannot be ordered against them
hannual01,Alex Hannum,1956,HAWKS,S2,unresolved,,fuzzy-dated-rows-bear-on-this-tenure
hansegl01,Glenn Hansen,1976,KINGS,S2,unresolved,,no-dated-evidence(membership-season-only; S1-window-missing-or-season-past-2022-23)
hansegl01,Glenn Hansen,1977,KINGS,S2,unresolved,,no-dated-evidence(membership-season-only; S1-window-missing-or-season-past-2022-23)
hansegl01,Glenn Hansen,1978,KINGS,S2,unresolved,"[1978-01-13, 1978-01-23)","departure-after-closed-stint(prior-spell-exit,or-source-noise)"
hansro01,Rollen Hans,1955,BULLETS-DEFUNCT,S2,unresolved,,no-dated-evidence(membership-season-only; S1-window-missing-or-season-past-2022-23)
hardati02,Tim Hardaway Jr.,2024,MAVERICKS,S2,unresolved,,no-dated-evidence(membership-season-only; S1-window-missing-or-season-past-2022-23)
hardati02,Tim Hardaway Jr.,2025,PISTONS,S2,unresolved,,no-season-window(S1-game-table-ends-2022-23-or-season-absent-from-S1); open-stint-without-window
hardati02,Tim Hardaway Jr.,2026,NUGGETS,S2,unresolved,,no-season-window(S1-game-table-ends-2022-23-or-season-absent-from-S1); open-stint-without-window
hardeja01,James Harden,2024,CLIPPERS,S2,unresolved,,no-season-window(S1-game-table-ends-2022-23-or-season-absent-from-S1); open-stint-without-window
hardeja01,James Harden,2025,CLIPPERS,S2,unresolved,,no-season-window(S1-game-table-ends-2022-23-or-season-absent-from-S1); open-stint-without-window
hardeja01,James Harden,2026,CAVALIERS,S2,unresolved,,no-season-window(S1-game-table-ends-2022-23-or-season-absent-from-S1); open-stint-without-window
hardire01,Reggie Harding,1967,PISTONS,S2,unresolved,,no-dated-evidence(membership-season-only; S1-window-missing-or-season-past-2022-23)
hardyja02,Jaden Hardy,2024,MAVERICKS,S2,unresolved,,no-dated-evidence(membership-season-only; S1-window-missing-or-season-past-2022-23)
hardyja02,Jaden Hardy,2025,MAVERICKS,S2,unresolved,,no-dated-evidence(membership-season-only; S1-window-missing-or-season-past-2022-23)
hardyja02,Jaden Hardy,2026,MAVERICKS,S2,unresolved,,"no-season-window(S1-game-table-ends-2022-23-or-season-absent-from-S1); departure-after-closed-stint(prior-spell-exit,or-source-noise)"
hardyja02,Jaden Hardy,2026,WIZARDS,S2,unresolved,,no-season-window(S1-game-table-ends-2022-23-or-season-absent-from-S1); open-stint-without-window
hargijo01,John Hargis,1951,HAWKS,S2,unresolved,"[1950-11-02, 1951-03-19)",multi-team-season(ordering-unresolved): player has dated moves to other franchises this season; bracket-only stint cannot be ordered against them
harklej01,Elijah Harkless,2025,JAZZ,S2,unresolved,,no-season-window(S1-game-table-ends-2022-23-or-season-absent-from-S1); open-stint-without-window
harklej01,Elijah Harkless,2026,JAZZ,S2,unresolved,,no-dated-evidence(membership-season-only; S1-window-missing-or-season-past-2022-23)
harklma01,Maurice Harkless,2013,MAGIC,S2,unresolved,,no-season-window(S1-game-table-ends-2022-23-or-season-absent-from-S1); open-stint-without-window
harpedy01,Dylan Harper,2026,SPURS,S2,unresolved,,no-season-window(S1-game-table-ends-2022-23-or-season-absent-from-S1); open-stint-without-window
harpeja01,Jared Harper,2020,SUNS,S2,unresolved,"[2019-07-18, 2020-06-23)","departure-after-closed-stint(prior-spell-exit,or-source-noise)"
harpeja01,Jared Harper,2021,KNICKS,S2,unresolved,"[2020-06-25, 2021-04-23)",same-day-arrival-and-departure(ordering-flagged); repeat-signing-continues-open-stint
harpeja01,Jared Harper,2021,KNICKS,S2,unresolved,"[2021-05-03, 2021-06-03)",same-day-arrival-and-departure(ordering-flagged); repeat-signing-continues-open-stint
harpeja01,Jared Harper,2022,HORNETS-PELICANS,S2,unresolved,"[2021-09-23, 2021-10-09)",stint-entirely-outside-team-season-window(stands-on-transactions-alone)
harpero02,Ron Harper Jr.,2025,PISTONS,S2,unresolved,,no-season-window(S1-game-table-ends-2022-23-or-season-absent-from-S1); open-stint-without-window
harpero02,Ron Harper Jr.,2026,CELTICS,S2,unresolved,,no-season-window(S1-game-table-ends-2022-23-or-season-absent-from-S1); open-stint-without-window; repeat-signing-continues-open-stint
harrejo01,Josh Harrellson,2013,HEAT,S2,unresolved,"[2012-09-17, 2013-01-07)",stint-entirely-outside-team-season-window(stands-on-transactions-alone)
harrial01,Al Harrington,2013,MAGIC,S2,unresolved,,no-season-window(S1-game-table-ends-2022-23-or-season-absent-from-S1); open-stint-without-window
harriar01,Art Harris,1971,SUNS,S2,unresolved,,no-dated-evidence(membership-season-only; S1-window-missing-or-season-past-2022-23)
harriga01,Gary Harris,2024,MAGIC,S2,unresolved,,no-dated-evidence(membership-season-only; S1-window-missing-or-season-past-2022-23)
harriga01,Gary Harris,2025,MAGIC,S2,unresolved,,no-season-window(S1-game-table-ends-2022-23-or-season-absent-from-S1); open-stint-without-window
harriga01,Gary Harris,2026,BUCKS,S2,unresolved,,no-season-window(S1-game-table-ends-2022-23-or-season-absent-from-S1); open-stint-without-window
harrike01,Kevon Harris,2024,MAGIC,S2,unresolved,,no-dated-evidence(membership-season-only; S1-window-missing-or-season-past-2022-23)
harrima01,Manny Harris,2012,CAVALIERS,S2,unresolved,"[2012-02-21, 2012-04-27)","departure-after-closed-stint(prior-spell-exit,or-source-noise)"
harrimi01,Mike Harris,2008,ROCKETS,S2,unresolved,"[2007-07-13, 2007-10-22)",stint-entirely-outside-team-season-window(stands-on-transactions-alone)
harrimi01,Mike Harris,2011,ROCKETS,S2,unresolved,"[2011-03-23, 2011-04-14)","departure-after-closed-stint(prior-spell-exit,or-source-noise)"
harrish01,Shaquille Harrison,2019,BULLS,S2,unresolved,"[2018-10-18, 2019-04-11)",multi-team-season(ordering-unresolved): player has dated moves to other franchises this season; bracket-only stint cannot be ordered against them
harrish01,Shaquille Harrison,2020,BULLS,S2,unresolved,"[2019-07-18, 2020-03-11)","departure-after-closed-stint(prior-spell-exit,or-source-noise)"
harrish01,Shaquille Harrison,2023,LAKERS,S1-only-supplement,unresolved,"[2022-10-08, 2022-10-15)",stint-entirely-outside-team-season-window(stands-on-transactions-alone)
harrish01,Shaquille Harrison,2024,GRIZZLIES,S2,unresolved,"[2023-08-31, 2023-10-21)",open-stint-without-window
harrite01,Terrel Harris,2013,HEAT,S2,unresolved,,"departure-after-closed-stint(prior-spell-exit,or-source-noise)"
harrite01,Terrel Harris,2013,HORNETS-PELICANS,S2,unresolved,,no-season-window(S1-game-table-ends-2022-23-or-season-absent-from-S1); open-stint-without-window
harrito02,Tobias Harris,2013,BUCKS,S2,unresolved,,"departure-after-closed-stint(prior-spell-exit,or-source-noise)"
harrito02,Tobias Harris,2013,MAGIC,S2,unresolved,,no-season-window(S1-game-table-ends-2022-23-or-season-absent-from-S1); open-stint-without-window
harrito02,Tobias Harris,2024,76ERS,S2,unresolved,,no-dated-evidence(membership-season-only; S1-window-missing-or-season-past-2022-23)
harrito02,Tobias Harris,2025,PISTONS,S2,unresolved,,no-season-window(S1-game-table-ends-2022-23-or-season-absent-from-S1); open-stint-without-window
harrito02,Tobias Harris,2026,PISTONS,S2,unresolved,,no-dated-evidence(membership-season-only; S1-window-missing-or-season-past-2022-23)
harteis01,Isaiah Hartenstein,2024,KNICKS,S2,unresolved,,no-dated-evidence(membership-season-only; S1-window-missing-or-season-past-2022-23)
harteis01,Isaiah Hartenstein,2025,THUNDER,S2,unresolved,,no-season-window(S1-game-table-ends-2022-23-or-season-absent-from-S1); open-stint-without-window
harteis01,Isaiah Hartenstein,2026,THUNDER,S2,unresolved,,no-dated-evidence(membership-season-only; S1-window-missing-or-season-past-2022-23)
hartjo01,Josh Hart,2024,KNICKS,S2,unresolved,,no-dated-evidence(membership-season-only; S1-window-missing-or-season-past-2022-23)
hartjo01,Josh Hart,2025,KNICKS,S2,unresolved,,no-dated-evidence(membership-season-only; S1-window-missing-or-season-past-2022-23)
hartjo01,Josh Hart,2026,KNICKS,S2,unresolved,,no-dated-evidence(membership-season-only; S1-window-missing-or-season-past-2022-23)
haskicl01,Clem Haskins,1971,SUNS,S2,unresolved,,no-dated-evidence(membership-season-only; S1-window-missing-or-season-past-2022-23)
hassebi01,Billy Hassett,1951,BULLETS-DEFUNCT,S2,unresolved,,fuzzy-dated-rows-bear-on-this-tenure
hastoki01,Kirk Haston,2003,HORNETS-PELICANS,S2,unresolved,,"departure-after-closed-stint(prior-spell-exit,or-source-noise)"
hattove01,Vern Hatton,1961,WARRIORS,S2,unresolved,,no-dated-evidence(membership-season-only; S1-window-missing-or-season-past-2022-23)
hattove01,Vern Hatton,1962,WIZARDS,S2,unresolved,,no-dated-evidence(membership-season-only; S1-window-missing-or-season-past-2022-23)
hattove01,Vern Hatton,1962,HAWKS,S2,unresolved,,no-dated-evidence(membership-season-only; S1-window-missing-or-season-past-2022-23)
hausesa01,Sam Hauser,2024,CELTICS,S2,unresolved,,no-dated-evidence(membership-season-only; S1-window-missing-or-season-past-2022-23)
hausesa01,Sam Hauser,2025,CELTICS,S2,unresolved,,no-dated-evidence(membership-season-only; S1-window-missing-or-season-past-2022-23)
hausesa01,Sam Hauser,2026,CELTICS,S2,unresolved,,no-dated-evidence(membership-season-only; S1-window-missing-or-season-past-2022-23)
havlijo01,John Havlicek,1971,CELTICS,S2,unresolved,,no-dated-evidence(membership-season-only; S1-window-missing-or-season-past-2022-23)
hawessp01,Spencer Hawes,2013,76ERS,S2,unresolved,,no-dated-evidence(membership-season-only; S1-window-missing-or-season-past-2022-23)
hawesst01,Steve Hawes,1976,ROCKETS,S2,unresolved,,"no-season-window(S1-game-table-ends-2022-23-or-season-absent-from-S1); departure-after-closed-stint(prior-spell-exit,or-source-noise)"
hawesst01,Steve Hawes,1976,TRAIL BLAZERS,S2,unresolved,,no-season-window(S1-game-table-ends-2022-23-or-season-absent-from-S1); open-stint-without-window
hawesst01,Steve Hawes,1977,HAWKS,S2,unresolved,,no-season-window(S1-game-table-ends-2022-23-or-season-absent-from-S1); open-stint-without-window
hawesst01,Steve Hawes,1981,HAWKS,S2,unresolved,,arrival-after-window-end(next-season-move)
hawkico01,Connie Hawkins,1971,SUNS,S2,unresolved,,no-dated-evidence(membership-season-only; S1-window-missing-or-season-past-2022-23)
hawkico01,Connie Hawkins,1976,HAWKS,S2,unresolved,,no-season-window(S1-game-table-ends-2022-23-or-season-absent-from-S1); open-stint-without-window
hawkijo01,Jordan Hawkins,2024,HORNETS-PELICANS,S2,unresolved,,no-season-window(S1-game-table-ends-2022-23-or-season-absent-from-S1); open-stint-without-window
hawkijo01,Jordan Hawkins,2025,HORNETS-PELICANS,S2,unresolved,,no-dated-evidence(membership-season-only; S1-window-missing-or-season-past-2022-23)
hawkijo01,Jordan Hawkins,2026,HORNETS-PELICANS,S2,unresolved,,no-dated-evidence(membership-season-only; S1-window-missing-or-season-past-2022-23)
hawkimi01,Michael Hawkins,2001,CAVALIERS,S2,unresolved,"[2000-10-16, 2000-10-26)","departure-after-closed-stint(prior-spell-exit,or-source-noise); stint-entirely-outside-team-season-window(stands-on-transactions-alone)"
hawkiro01,Bubbles Hawkins,1977,NETS,S2,unresolved,,no-season-window(S1-game-table-ends-2022-23-or-season-absent-from-S1); open-stint-without-window
hawkito01,Tom Hawkins,1961,LAKERS,S2,unresolved,,no-dated-evidence(membership-season-only; S1-window-missing-or-season-past-2022-23)
hayesch01,Chuck Hayes,2006,ROCKETS,S2,unresolved,"[2005-10-05, 2005-10-25)",stint-entirely-outside-team-season-window(stands-on-transactions-alone)
hayesch01,Chuck Hayes,2013,KINGS,S2,unresolved,,no-dated-evidence(membership-season-only; S1-window-missing-or-season-past-2022-23)
hayesel01,Elvin Hayes,1971,ROCKETS,S2,unresolved,,no-dated-evidence(membership-season-only; S1-window-missing-or-season-past-2022-23)
hayesja02,Jaxson Hayes,2024,LAKERS,S2,unresolved,,no-season-window(S1-game-table-ends-2022-23-or-season-absent-from-S1); open-stint-without-window
hayesja02,Jaxson Hayes,2025,LAKERS,S2,unresolved,,no-dated-evidence(membership-season-only; S1-window-missing-or-season-past-2022-23)
hayesja02,Jaxson Hayes,2026,LAKERS,S2,unresolved,,no-season-window(S1-game-table-ends-2022-23-or-season-absent-from-S1); open-stint-without-window
hayeski01,Killian Hayes,2024,PISTONS,S2,unresolved,,"no-season-window(S1-game-table-ends-2022-23-or-season-absent-from-S1); departure-after-closed-stint(prior-spell-exit,or-source-noise)"
hayeski01,Killian Hayes,2025,NETS,S2,unresolved,"[2024-09-20, 2024-10-19)",open-stint-without-window
hayeski01,Killian Hayes,2026,KINGS,S2,unresolved,,no-season-window(S1-game-table-ends-2022-23-or-season-absent-from-S1); open-stint-without-window; repeat-signing-continues-open-stint; repeat-signing-continues-open-stint
haywago01,Gordon Hayward,2013,JAZZ,S2,unresolved,,no-dated-evidence(membership-season-only; S1-window-missing-or-season-past-2022-23)
haywago01,Gordon Hayward,2021,BOBCATS-HORNETS2,S2,unresolved,,same-day-arrival-to-multiple-franchises(ordering-unresolved)
haywago01,Gordon Hayward,2024,BOBCATS-HORNETS2,S2,unresolved,,"no-season-window(S1-game-table-ends-2022-23-or-season-absent-from-S1); departure-after-closed-stint(prior-spell-exit,or-source-noise)"
haywago01,Gordon Hayward,2024,THUNDER,S2,unresolved,,no-season-window(S1-game-table-ends-2022-23-or-season-absent-from-S1); open-stint-without-window
haywobr01,Brendan Haywood,2013,BOBCATS-HORNETS2,S2,unresolved,,no-season-window(S1-game-table-ends-2022-23-or-season-absent-from-S1); open-stint-without-window
haywosp01,Spencer Haywood,1971,THUNDER,S2,unresolved,,no-season-window(S1-game-table-ends-2022-23-or-season-absent-from-S1); open-stint-without-window
haywosp01,Spencer Haywood,1976,KNICKS,S2,unresolved,,no-season-window(S1-game-table-ends-2022-23-or-season-absent-from-S1); open-stint-without-window
haywosp01,Spencer Haywood,1977,KNICKS,S2,unresolved,,no-dated-evidence(membership-season-only; S1-window-missing-or-season-past-2022-23)
heardga01,Gar Heard,1971,THUNDER,S2,unresolved,,no-dated-evidence(membership-season-only; S1-window-missing-or-season-past-2022-23)
heardga01,Gar Heard,1976,CLIPPERS,S2,unresolved,,"departure-after-closed-stint(prior-spell-exit,or-source-noise)"
heardga01,Gar Heard,1977,SUNS,S2,unresolved,,no-dated-evidence(membership-season-only; S1-window-missing-or-season-past-2022-23)
heddehe01,Herm Hedderick,1955,KNICKS,S2,unresolved,"[1954-10-30, 1955-03-20)",multi-team-season(ordering-unresolved): player has dated moves to other franchises this season; bracket-only stint cannot be ordered against them
heinsto01,Tom Heinsohn,1961,CELTICS,S2,unresolved,,no-dated-evidence(membership-season-only; S1-window-missing-or-season-past-2022-23)
hendege01,Gerald Henderson,1988,KNICKS,S2,unresolved,"[1987-11-06, 1987-11-14)","same-day-game-order-unresolved(S2-player-games=6,S1-season-games=82,S2-team-games=82,interval-capacity=5,departure-day-allowance=1,missing-games-allowance=0,capacity-upper-bound=6)"
hendege01,Gerald Henderson,1992,PISTONS,S2,unresolved,"[1992-01-21, 1992-05-04)","departure-after-closed-stint(prior-spell-exit,or-source-noise)"
hendege01,Gerald Henderson,1992,ROCKETS,S2,unresolved,"[1991-10-04, 1991-10-28)",stint-entirely-outside-team-season-window(stands-on-transactions-alone)
hendege02,Gerald Henderson,2013,BOBCATS-HORNETS2,S2,unresolved,,no-dated-evidence(membership-season-only; S1-window-missing-or-season-past-2022-23)
hendesc01,Scoot Henderson,2024,TRAIL BLAZERS,S2,unresolved,,no-season-window(S1-game-table-ends-2022-23-or-season-absent-from-S1); open-stint-without-window
hendesc01,Scoot Henderson,2025,TRAIL BLAZERS,S2,unresolved,,no-dated-evidence(membership-season-only; S1-window-missing-or-season-past-2022-23)
hendesc01,Scoot Henderson,2026,TRAIL BLAZERS,S2,unresolved,,no-dated-evidence(membership-season-only; S1-window-missing-or-season-past-2022-23)
hendeto01,Tom Henderson,1976,HAWKS,S2,unresolved,,no-dated-evidence(membership-season-only; S1-window-missing-or-season-past-2022-23)
hendeto01,Tom Henderson,1977,HAWKS,S2,unresolved,,"no-season-window(S1-game-table-ends-2022-23-or-season-absent-from-S1); departure-after-closed-stint(prior-spell-exit,or-source-noise)"
hendrta01,Taylor Hendricks,2024,JAZZ,S2,unresolved,,no-season-window(S1-game-table-ends-2022-23-or-season-absent-from-S1); open-stint-without-window
hendrta01,Taylor Hendricks,2025,JAZZ,S2,unresolved,,no-dated-evidence(membership-season-only; S1-window-missing-or-season-past-2022-23)
hendrta01,Taylor Hendricks,2026,GRIZZLIES,S2,unresolved,,no-season-window(S1-game-table-ends-2022-23-or-season-absent-from-S1); open-stint-without-window
hendrta01,Taylor Hendricks,2026,JAZZ,S2,unresolved,,"no-season-window(S1-game-table-ends-2022-23-or-season-absent-from-S1); departure-after-closed-stint(prior-spell-exit,or-source-noise)"
hennela01,Larry Hennessy,1957,WARRIORS,S2,unresolved,"[1956-10-27, 1957-03-19)",multi-team-season(ordering-unresolved): player has dated moves to other franchises this season; bracket-only stint cannot be ordered against them
henrido01,Don Henriksen,1955,BULLETS-DEFUNCT,S2,unresolved,,"no-season-window(S1-game-table-ends-2022-23-or-season-absent-from-S1); departure-after-closed-stint(prior-spell-exit,or-source-noise)"
henryxa01,Xavier Henry,2013,HORNETS-PELICANS,S2,unresolved,,no-dated-evidence(membership-season-only; S1-window-missing-or-season-past-2022-23)
hepbuch01,Chucky Hepburn,2026,RAPTORS,S2,unresolved,,no-season-window(S1-game-table-ends-2022-23-or-season-absent-from-S1); open-stint-without-window
hermskl01,Kleggie Hermsen,1951,CELTICS,S2,unresolved,"[1951-02-03, 1951-03-23)",flagged-transaction-legs(team-unresolved)
hermskl01,Kleggie Hermsen,1951,HAWKS,S2,unresolved,"[1950-11-02, 1951-02-03)",flagged-transaction-legs(team-unresolved)
herroty01,Tyler Herro,2024,HEAT,S2,unresolved,,no-dated-evidence(membership-season-only; S1-window-missing-or-season-past-2022-23)
herroty01,Tyler Herro,2025,HEAT,S2,unresolved,,no-dated-evidence(membership-season-only; S1-window-missing-or-season-past-2022-23)
herroty01,Tyler Herro,2026,HEAT,S2,unresolved,,no-dated-evidence(membership-season-only; S1-window-missing-or-season-past-2022-23)
hewitbi01,Bill Hewitt,1971,PISTONS,S2,unresolved,,no-dated-evidence(membership-season-only; S1-window-missing-or-season-past-2022-23)
hicksjj01,J.J. Hickson,2013,TRAIL BLAZERS,S2,unresolved,,no-dated-evidence(membership-season-only; S1-window-missing-or-season-past-2022-23)
hicksph01,Phil Hicks,1977,ROCKETS,S2,unresolved,,"departure-after-closed-stint(prior-spell-exit,or-source-noise)"
hicksph01,Phil Hicks,1979,NUGGETS,S2,unresolved,"[1978-08-23, 1978-10-12)",stint-entirely-outside-team-season-window(stands-on-transactions-alone)
hieldbu01,Buddy Hield,2024,PACERS,S2,unresolved,,"no-season-window(S1-game-table-ends-2022-23-or-season-absent-from-S1); departure-after-closed-stint(prior-spell-exit,or-source-noise)"
hieldbu01,Buddy Hield,2024,76ERS,S2,unresolved,,no-season-window(S1-game-table-ends-2022-23-or-season-absent-from-S1); open-stint-without-window
hieldbu01,Buddy Hield,2025,WARRIORS,S2,unresolved,,same-day-arrival-to-multiple-franchises(ordering-unresolved)
hieldbu01,Buddy Hield,2026,HAWKS,S2,unresolved,,no-season-window(S1-game-table-ends-2022-23-or-season-absent-from-S1); open-stint-without-window
hieldbu01,Buddy Hield,2026,WARRIORS,S2,unresolved,,"no-season-window(S1-game-table-ends-2022-23-or-season-absent-from-S1); departure-after-closed-stint(prior-spell-exit,or-source-noise)"
higgico01,Cory Higgins,2013,BOBCATS-HORNETS2,S2,unresolved,,"no-season-window(S1-game-table-ends-2022-23-or-season-absent-from-S1); departure-after-closed-stint(prior-spell-exit,or-source-noise)"
higgiro01,Rod Higgins,1986,BULLS,S2,unresolved,"[1986-03-14, 1986-03-27)","departure-after-closed-stint(prior-spell-exit,or-source-noise)"
highsha01,Haywood Highsmith,2024,HEAT,S2,unresolved,,no-dated-evidence(membership-season-only; S1-window-missing-or-season-past-2022-23)
highsha01,Haywood Highsmith,2025,HEAT,S2,unresolved,,no-season-window(S1-game-table-ends-2022-23-or-season-absent-from-S1); open-stint-without-window
highsha01,Haywood Highsmith,2026,SUNS,S2,unresolved,,no-season-window(S1-game-table-ends-2022-23-or-season-absent-from-S1); open-stint-without-window
hightwa01,Wayne Hightower,1967,WIZARDS,S2,unresolved,,no-dated-evidence(membership-season-only; S1-window-missing-or-season-past-2022-23)
hightwa01,Wayne Hightower,1967,PISTONS,S2,unresolved,,no-dated-evidence(membership-season-only; S1-window-missing-or-season-past-2022-23)
hilarne01,Nenê,2013,WIZARDS,S2,unresolved,,no-dated-evidence(membership-season-only; S1-window-missing-or-season-past-2022-23)
hillar01,Armond Hill,1977,HAWKS,S2,unresolved,,no-dated-evidence(membership-season-only; S1-window-missing-or-season-past-2022-23)
hillcl01,Cleo Hill,1962,HAWKS,S2,unresolved,,no-dated-evidence(membership-season-only; S1-window-missing-or-season-past-2022-23)
hillga01,Gary Hill,1965,WIZARDS,S2,unresolved,,flagged-transaction-legs(team-unresolved)
hillga01,Gary Hill,1965,WARRIORS,S2,unresolved,,flagged-transaction-legs(team-unresolved)
hillge01,George Hill,2020,BUCKS,S2,unresolved,"[2019-07-08, 2020-09-09)","departure-after-closed-stint(prior-spell-exit,or-source-noise)"
hillida01,Darrun Hilliard,2017,PISTONS,S2,unresolved,,same-day-arrival-to-multiple-franchises(ordering-unresolved)
hillmda01,Darnell Hillman,1977,PACERS,S2,unresolved,,"no-season-window(S1-game-table-ends-2022-23-or-season-absent-from-S1); departure-after-closed-stint(prior-spell-exit,or-source-noise)"
hillso01,Solomon Hill,2020,GRIZZLIES,S2,unresolved,,same-day-arrival-to-multiple-franchises(ordering-unresolved)
hillso01,Solomon Hill,2020,HEAT,S2,unresolved,,same-day-arrival-to-multiple-franchises(ordering-unresolved)
hinsobl01,Blake Hinson,2026,JAZZ,S2,unresolved,,no-season-window(S1-game-table-ends-2022-23-or-season-absent-from-S1); open-stint-without-window
hintona01,Nate Hinton,2022,PACERS,S2,unresolved,"[2021-09-07, 2021-10-15)",repeat-signing-continues-open-stint; stint-entirely-outside-team-season-window(stands-on-transactions-alone)
hintona01,Nate Hinton,2024,ROCKETS,S2,unresolved,"[2023-08-01, 2023-10-21)",open-stint-without-window
hitchle01,Lew Hitch,1954,HAWKS,S2,unresolved,"[1953-10-30, 1953-12-21)","appearance-count-conflict(S2-player-games=72,S1-season-games=71,S2-team-games=72,interval-capacity=24,departure-day-allowance=1,missing-games-allowance=1,capacity-upper-bound=26)"
hitchle01,Lew Hitch,1957,WARRIORS,S2,unresolved,"[1956-10-27, 1957-03-19)",multi-team-season(ordering-unresolved): player has dated moves to other franchises this season; bracket-only stint cannot be ordered against them
hoardja01,Jaylen Hoard,2021,THUNDER,S2,unresolved,"[2020-12-05, 2020-12-06)",stint-entirely-outside-team-season-window(stands-on-transactions-alone)
hoardja01,Jaylen Hoard,2022,THUNDER,S2,unresolved,"[2021-10-11, 2021-10-12)",repeat-signing-continues-open-stint; stint-entirely-outside-team-season-window(stands-on-transactions-alone)
hodgecr01,Craig Hodges,1990,BULLS,S2,unresolved,"[1990-03-25, 1990-06-04)","appearance-count-conflict(S2-player-games=63,S1-season-games=82,S2-team-games=82,interval-capacity=15,departure-day-allowance=0,missing-games-allowance=0,capacity-upper-bound=15)"
hoffmpa01,Paul Hoffman,1955,BULLETS-DEFUNCT,S2,unresolved,,"no-season-window(S1-game-table-ends-2022-23-or-season-absent-from-S1); departure-after-closed-stint(prior-spell-exit,or-source-noise)"
hoffmpa01,Paul Hoffman,1955,WARRIORS,S2,unresolved,"[1954-11-13, 1955-03-15)",multi-team-season(ordering-unresolved): player has dated moves to other franchises this season; bracket-only stint cannot be ordered against them
hogsebo01,Bob Hogsett,1967,PISTONS,S2,unresolved,,no-season-window(S1-game-table-ends-2022-23-or-season-absent-from-S1); open-stint-without-window
hoguedu01,Paul Hogue,1964,WIZARDS,S2,unresolved,,flagged-transaction-legs(team-unresolved)
hoguedu01,Paul Hogue,1964,KNICKS,S2,unresolved,,flagged-transaction-legs(team-unresolved)
holidaa01,Aaron Holiday,2024,ROCKETS,S2,unresolved,,no-season-window(S1-game-table-ends-2022-23-or-season-absent-from-S1); open-stint-without-window
holidaa01,Aaron Holiday,2025,ROCKETS,S2,unresolved,,no-season-window(S1-game-table-ends-2022-23-or-season-absent-from-S1); open-stint-without-window
holidaa01,Aaron Holiday,2026,ROCKETS,S2,unresolved,,no-season-window(S1-game-table-ends-2022-23-or-season-absent-from-S1); open-stint-without-window
holidjr01,Jrue Holiday,2013,76ERS,S2,unresolved,,no-dated-evidence(membership-season-only; S1-window-missing-or-season-past-2022-23)
holidjr01,Jrue Holiday,2024,CELTICS,S2,unresolved,,no-season-window(S1-game-table-ends-2022-23-or-season-absent-from-S1); open-stint-without-window
holidjr01,Jrue Holiday,2025,CELTICS,S2,unresolved,,no-dated-evidence(membership-season-only; S1-window-missing-or-season-past-2022-23)
holidjr01,Jrue Holiday,2026,TRAIL BLAZERS,S2,unresolved,,no-season-window(S1-game-table-ends-2022-23-or-season-absent-from-S1); open-stint-without-window
holidju01,Justin Holiday,2013,76ERS,S2,unresolved,,no-season-window(S1-game-table-ends-2022-23-or-season-absent-from-S1); open-stint-without-window
holidju01,Justin Holiday,2024,NUGGETS,S2,unresolved,,no-season-window(S1-game-table-ends-2022-23-or-season-absent-from-S1); open-stint-without-window
hollabr01,Brad Holland,1982,WIZARDS,S2,unresolved,"[1981-10-30, 1981-12-22)","departure-after-closed-stint(prior-spell-exit,or-source-noise)"
hollaro01,Ron Holland,2025,PISTONS,S2,unresolved,,no-season-window(S1-game-table-ends-2022-23-or-season-absent-from-S1); open-stint-without-window
hollaro01,Ron Holland,2026,PISTONS,S2,unresolved,,no-dated-evidence(membership-season-only; S1-window-missing-or-season-past-2022-23)
hollawi01,Wilbur Holland,1976,HAWKS,S2,unresolved,,no-dated-evidence(membership-season-only; S1-window-missing-or-season-past-2022-23)
hollies01,Essie Hollis,1979,PISTONS,S2,unresolved,"[1978-08-15, 1978-10-04)",stint-entirely-outside-team-season-window(stands-on-transactions-alone)
hollili01,Lionel Hollins,1976,TRAIL BLAZERS,S2,unresolved,,no-dated-evidence(membership-season-only; S1-window-missing-or-season-past-2022-23)
holliry01,Ryan Hollins,2016,GRIZZLIES,S2,unresolved,"[2015-09-25, 2015-10-26)",repeat-signing-continues-open-stint; repeat-signing-continues-open-stint; stint-entirely-outside-team-season-window(stands-on-transactions-alone)
holmeda01,DaRon Holmes,2026,NUGGETS,S2,unresolved,,no-dated-evidence(membership-season-only; S1-window-missing-or-season-past-2022-23)
holmeri01,Richaun Holmes,2024,WIZARDS,S2,unresolved,,no-season-window(S1-game-table-ends-2022-23-or-season-absent-from-S1); open-stint-without-window
holmeri01,Richaun Holmes,2025,WIZARDS,S2,unresolved,,no-dated-evidence(membership-season-only; S1-window-missing-or-season-past-2022-23)
holmgch01,Chet Holmgren,2024,THUNDER,S2,unresolved,,no-dated-evidence(membership-season-only; S1-window-missing-or-season-past-2022-23)
holmgch01,Chet Holmgren,2025,THUNDER,S2,unresolved,,no-dated-evidence(membership-season-only; S1-window-missing-or-season-past-2022-23)
holmgch01,Chet Holmgren,2026,THUNDER,S2,unresolved,,no-dated-evidence(membership-season-only; S1-window-missing-or-season-past-2022-23)
holtaw01,A.W. Holt,1971,BULLS,S2,unresolved,"[1970-09-15, 1971-01-26)",stint-entirely-outside-team-season-window(stands-on-transactions-alone)
holzmre01,Red Holzman,1954,HAWKS,S2,unresolved,"[1953-09-25, 1954-03-15)",fuzzy-dated-rows-bear-on-this-tenure(fuzzy-not-guessed)
honeyty01,Tyler Honeycutt,2013,KINGS,S2,unresolved,,"no-season-window(S1-game-table-ends-2022-23-or-season-absent-from-S1); departure-after-closed-stint(prior-spell-exit,or-source-noise)"
hoodsja01,Jalen Hood-Schifino,2024,LAKERS,S2,unresolved,,no-season-window(S1-game-table-ends-2022-23-or-season-absent-from-S1); open-stint-without-window
hoodsja01,Jalen Hood-Schifino,2025,LAKERS,S2,unresolved,,"no-season-window(S1-game-table-ends-2022-23-or-season-absent-from-S1); departure-after-closed-stint(prior-spell-exit,or-source-noise)"
hoodsja01,Jalen Hood-Schifino,2025,76ERS,S2,unresolved,,no-season-window(S1-game-table-ends-2022-23-or-season-absent-from-S1); open-stint-without-window
hopsosc01,Scotty Hopson,2022,THUNDER,S2,unresolved,"[2021-10-13, 2021-10-14)",stint-entirely-outside-team-season-window(stands-on-transactions-alone)
horfoal01,Al Horford,2024,CELTICS,S2,unresolved,,no-dated-evidence(membership-season-only; S1-window-missing-or-season-past-2022-23)
horfoal01,Al Horford,2025,CELTICS,S2,unresolved,,no-dated-evidence(membership-season-only; S1-window-missing-or-season-past-2022-23)
horfoal01,Al Horford,2026,WARRIORS,S2,unresolved,,no-season-window(S1-game-table-ends-2022-23-or-season-absent-from-S1); open-stint-without-window
hornro01,Ron Horn,1962,HAWKS,S2,unresolved,,no-dated-evidence(membership-season-only; S1-window-missing-or-season-past-2022-23)
hortota01,Talen Horton-Tucker,2024,JAZZ,S2,unresolved,,no-dated-evidence(membership-season-only; S1-window-missing-or-season-past-2022-23)
hortota01,Talen Horton-Tucker,2025,BULLS,S2,unresolved,,no-season-window(S1-game-table-ends-2022-23-or-season-absent-from-S1); open-stint-without-window
hoskebi01,Bill Hosket,1971,CLIPPERS,S2,unresolved,,no-dated-evidence(membership-season-only; S1-window-missing-or-season-past-2022-23)
houbrbo01,Bob Houbregs,1955,BULLETS-DEFUNCT,S2,unresolved,,"no-season-window(S1-game-table-ends-2022-23-or-season-absent-from-S1); departure-after-closed-stint(prior-spell-exit,or-source-noise)"
houseda01,Danuel House Jr.,2024,76ERS,S2,unresolved,,"no-season-window(S1-game-table-ends-2022-23-or-season-absent-from-S1); departure-after-closed-stint(prior-spell-exit,or-source-noise)"
houstca01,Caleb Houstan,2024,MAGIC,S2,unresolved,,no-dated-evidence(membership-season-only; S1-window-missing-or-season-past-2022-23)
houstca01,Caleb Houstan,2025,MAGIC,S2,unresolved,,no-dated-evidence(membership-season-only; S1-window-missing-or-season-past-2022-23)
howargr01,Greg Howard,1971,SUNS,S2,unresolved,,no-dated-evidence(membership-season-only; S1-window-missing-or-season-past-2022-23)
howarje01,Jett Howard,2024,MAGIC,S2,unresolved,,no-season-window(S1-game-table-ends-2022-23-or-season-absent-from-S1); open-stint-without-window
howarje01,Jett Howard,2025,MAGIC,S2,unresolved,,no-dated-evidence(membership-season-only; S1-window-missing-or-season-past-2022-23)
howarje01,Jett Howard,2026,MAGIC,S2,unresolved,,no-dated-evidence(membership-season-only; S1-window-missing-or-season-past-2022-23)
howarmo01,Mo Howard,1977,CAVALIERS,S2,unresolved,,"departure-after-closed-stint(prior-spell-exit,or-source-noise)"
howarmo01,Mo Howard,1977,JAZZ,S2,unresolved,,no-season-window(S1-game-table-ends-2022-23-or-season-absent-from-S1); open-stint-without-window
howarst01,Stephen Howard,1997,JAZZ,S2,unresolved,"[1996-10-04, 1996-10-29)",repeat-signing-continues-open-stint; stint-entirely-outside-team-season-window(stands-on-transactions-alone)
howelba01,Bailey Howell,1961,PISTONS,S2,unresolved,,no-dated-evidence(membership-season-only; S1-window-missing-or-season-past-2022-23)
howelba01,Bailey Howell,1964,PISTONS,S2,unresolved,,flagged-transaction-legs(team-unresolved)
howelba01,Bailey Howell,1967,CELTICS,S2,unresolved,,flagged-transaction-legs(team-unresolved)
howelba01,Bailey Howell,1970,CELTICS,S2,unresolved,,flagged-transaction-legs(team-unresolved)
hubbaph01,Phil Hubbard,1982,PISTONS,S2,unresolved,"[1981-10-30, 1982-02-16)","same-day-game-order-unresolved(S2-player-games=52,S1-season-games=82,S2-team-games=82,interval-capacity=51,departure-day-allowance=1,missing-games-allowance=0,capacity-upper-bound=52)"
hudsolo01,Lou Hudson,1976,HAWKS,S2,unresolved,,no-dated-evidence(membership-season-only; S1-window-missing-or-season-past-2022-23)
hudsolo01,Lou Hudson,1977,HAWKS,S2,unresolved,,no-dated-evidence(membership-season-only; S1-window-missing-or-season-past-2022-23)
huertke01,Kevin Huerter,2024,KINGS,S2,unresolved,,no-dated-evidence(membership-season-only; S1-window-missing-or-season-past-2022-23)
huertke01,Kevin Huerter,2025,BULLS,S2,unresolved,,no-season-window(S1-game-table-ends-2022-23-or-season-absent-from-S1); open-stint-without-window
huertke01,Kevin Huerter,2025,KINGS,S2,unresolved,,"no-season-window(S1-game-table-ends-2022-23-or-season-absent-from-S1); departure-after-closed-stint(prior-spell-exit,or-source-noise)"
huertke01,Kevin Huerter,2026,BULLS,S2,unresolved,,"no-season-window(S1-game-table-ends-2022-23-or-season-absent-from-S1); departure-after-closed-stint(prior-spell-exit,or-source-noise)"
huertke01,Kevin Huerter,2026,PISTONS,S2,unresolved,,no-season-window(S1-game-table-ends-2022-23-or-season-absent-from-S1); open-stint-without-window
huffja01,Jay Huff,2024,NUGGETS,S2,unresolved,,no-season-window(S1-game-table-ends-2022-23-or-season-absent-from-S1); open-stint-without-window
huffja01,Jay Huff,2025,GRIZZLIES,S2,unresolved,,no-season-window(S1-game-table-ends-2022-23-or-season-absent-from-S1); open-stint-without-window
huffja01,Jay Huff,2026,PACERS,S2,unresolved,,no-season-window(S1-game-table-ends-2022-23-or-season-absent-from-S1); open-stint-without-window
hugheed01,Eddie Hughes,1988,JAZZ,S2,unresolved,"[1987-10-08, 1987-11-03)",stint-entirely-outside-team-season-window(stands-on-transactions-alone)
hugheki01,Kim Hughes,1977,NETS,S2,unresolved,,no-dated-evidence(membership-season-only; S1-window-missing-or-season-past-2022-23)
hukpoar01,Ariel Hukporti,2025,KNICKS,S2,unresolved,,no-season-window(S1-game-table-ends-2022-23-or-season-absent-from-S1); open-stint-without-window
hukpoar01,Ariel Hukporti,2026,KNICKS,S2,unresolved,,no-dated-evidence(membership-season-only; S1-window-missing-or-season-past-2022-23)
hummejo01,John Hummer,1971,CLIPPERS,S2,unresolved,,no-dated-evidence(membership-season-only; S1-window-missing-or-season-past-2022-23)
humphis01,Isaac Humphries,2019,HAWKS,S2,unresolved,"[2018-10-08, 2018-10-09)",stint-entirely-outside-team-season-window(stands-on-transactions-alone)
hundlho01,Hot Rod Hundley,1961,LAKERS,S2,unresolved,,no-dated-evidence(membership-season-only; S1-window-missing-or-season-past-2022-23)
huntede01,De'Andre Hunter,2024,HAWKS,S2,unresolved,,no-dated-evidence(membership-season-only; S1-window-missing-or-season-past-2022-23)
huntede01,De'Andre Hunter,2025,HAWKS,S2,unresolved,,"no-season-window(S1-game-table-ends-2022-23-or-season-absent-from-S1); departure-after-closed-stint(prior-spell-exit,or-source-noise)"
huntede01,De'Andre Hunter,2025,CAVALIERS,S2,unresolved,,no-season-window(S1-game-table-ends-2022-23-or-season-absent-from-S1); open-stint-without-window
huntede01,De'Andre Hunter,2026,CAVALIERS,S2,unresolved,,"no-season-window(S1-game-table-ends-2022-23-or-season-absent-from-S1); departure-after-closed-stint(prior-spell-exit,or-source-noise)"
huntede01,De'Andre Hunter,2026,KINGS,S2,unresolved,,no-season-window(S1-game-table-ends-2022-23-or-season-absent-from-S1); open-stint-without-window
huntlcj01,CJ Huntley,2026,SUNS,S2,unresolved,"[2025-07-03, 2025-11-17)",open-stint-without-window
hurtma01,Matthew Hurt,2024,GRIZZLIES,S2,unresolved,"[2023-09-30, 2023-10-16)",open-stint-without-window; repeat-signing-continues-open-stint
hydergr01,Greg Hyder,1971,KINGS,S2,unresolved,,no-dated-evidence(membership-season-only; S1-window-missing-or-season-past-2022-23)
hylanbo01,Bones Hyland,2024,CLIPPERS,S2,unresolved,,no-dated-evidence(membership-season-only; S1-window-missing-or-season-past-2022-23)
hylanbo01,Bones Hyland,2025,CLIPPERS,S2,unresolved,,"no-season-window(S1-game-table-ends-2022-23-or-season-absent-from-S1); departure-after-closed-stint(prior-spell-exit,or-source-noise)"
hylanbo01,Bones Hyland,2025,TIMBERWOLVES,S2,unresolved,,no-season-window(S1-game-table-ends-2022-23-or-season-absent-from-S1); open-stint-without-window
hylanbo01,Bones Hyland,2026,TIMBERWOLVES,S2,unresolved,,no-season-window(S1-game-table-ends-2022-23-or-season-absent-from-S1); open-stint-without-window
iavarma01,Marc Iavaroni,1983,76ERS,S2,unresolved,,fuzzy-dated-rows-bear-on-this-tenure
ighodos01,Oso Ighodaro,2025,SUNS,S2,unresolved,,no-season-window(S1-game-table-ends-2022-23-or-season-absent-from-S1); open-stint-without-window
ighodos01,Oso Ighodaro,2026,SUNS,S2,unresolved,,no-dated-evidence(membership-season-only; S1-window-missing-or-season-past-2022-23)
imhofda01,Darrall Imhoff,1961,KNICKS,S2,unresolved,,no-dated-evidence(membership-season-only; S1-window-missing-or-season-past-2022-23)
imhofda01,Darrall Imhoff,1962,KNICKS,S2,unresolved,,no-dated-evidence(membership-season-only; S1-window-missing-or-season-past-2022-23)
imhofda01,Darrall Imhoff,1971,KINGS,S2,unresolved,,no-season-window(S1-game-table-ends-2022-23-or-season-absent-from-S1); open-stint-without-window
imhofda01,Darrall Imhoff,1972,KINGS,S2,unresolved,"[1971-10-12, 1972-03-27)",multi-team-season(ordering-unresolved): player has dated moves to other franchises this season; bracket-only stint cannot be ordered against them
inglejo01,Joe Ingles,2024,MAGIC,S2,unresolved,,no-season-window(S1-game-table-ends-2022-23-or-season-absent-from-S1); open-stint-without-window
inglejo01,Joe Ingles,2025,TIMBERWOLVES,S2,unresolved,,no-season-window(S1-game-table-ends-2022-23-or-season-absent-from-S1); open-stint-without-window
inglejo01,Joe Ingles,2026,TIMBERWOLVES,S2,unresolved,,no-season-window(S1-game-table-ends-2022-23-or-season-absent-from-S1); open-stint-without-window
ingrabr01,Brandon Ingram,2024,HORNETS-PELICANS,S2,unresolved,,no-dated-evidence(membership-season-only; S1-window-missing-or-season-past-2022-23)
ingrabr01,Brandon Ingram,2025,HORNETS-PELICANS,S2,unresolved,,"no-season-window(S1-game-table-ends-2022-23-or-season-absent-from-S1); departure-after-closed-stint(prior-spell-exit,or-source-noise)"
ingrabr01,Brandon Ingram,2026,RAPTORS,S2,unresolved,,no-dated-evidence(membership-season-only; S1-window-missing-or-season-past-2022-23)
ingraha01,Harrison Ingram,2025,SPURS,S2,unresolved,,no-season-window(S1-game-table-ends-2022-23-or-season-absent-from-S1); open-stint-without-window
ingraha01,Harrison Ingram,2026,SPURS,S2,unresolved,,no-season-window(S1-game-table-ends-2022-23-or-season-absent-from-S1); open-stint-without-window
irvinky01,Kyrie Irving,2013,CAVALIERS,S2,unresolved,,no-dated-evidence(membership-season-only; S1-window-missing-or-season-past-2022-23)
irvinky01,Kyrie Irving,2024,MAVERICKS,S2,unresolved,,no-season-window(S1-game-table-ends-2022-23-or-season-absent-from-S1); open-stint-without-window
irvinky01,Kyrie Irving,2025,MAVERICKS,S2,unresolved,,no-dated-evidence(membership-season-only; S1-window-missing-or-season-past-2022-23)
isaacjo01,Jonathan Isaac,2024,MAGIC,S2,unresolved,,no-dated-evidence(membership-season-only; S1-window-missing-or-season-past-2022-23)
isaacjo01,Jonathan Isaac,2025,MAGIC,S2,unresolved,,no-dated-evidence(membership-season-only; S1-window-missing-or-season-past-2022-23)
isaacjo01,Jonathan Isaac,2026,MAGIC,S2,unresolved,,no-dated-evidence(membership-season-only; S1-window-missing-or-season-past-2022-23)
iveyja01,Jaden Ivey,2024,PISTONS,S2,unresolved,,no-dated-evidence(membership-season-only; S1-window-missing-or-season-past-2022-23)
iveyja01,Jaden Ivey,2025,PISTONS,S2,unresolved,,no-dated-evidence(membership-season-only; S1-window-missing-or-season-past-2022-23)
iveyja01,Jaden Ivey,2026,PISTONS,S2,unresolved,,"no-season-window(S1-game-table-ends-2022-23-or-season-absent-from-S1); departure-after-closed-stint(prior-spell-exit,or-source-noise)"
iveyro01,Royal Ivey,2013,76ERS,S2,unresolved,,no-season-window(S1-game-table-ends-2022-23-or-season-absent-from-S1); open-stint-without-window
jacksan01,Andre Jackson Jr.,2024,BUCKS,S2,unresolved,,no-season-window(S1-game-table-ends-2022-23-or-season-absent-from-S1); open-stint-without-window
jacksan01,Andre Jackson Jr.,2025,BUCKS,S2,unresolved,,no-dated-evidence(membership-season-only; S1-window-missing-or-season-past-2022-23)
jacksan01,Andre Jackson Jr.,2026,BUCKS,S2,unresolved,,no-dated-evidence(membership-season-only; S1-window-missing-or-season-past-2022-23)
jacksde01,Demetrius Jackson,2018,ROCKETS,S2,unresolved,"[2017-08-21, 2018-01-06)",same-day-arrival-and-departure(ordering-flagged)
jacksfr01,Frank Jackson,2023,JAZZ,S2,unresolved,,"same-day-arrival-and-departure(ordering-flagged); interval-construction-failed(bound-outside-season-context,start=28050,end=28046)"
jacksfr01,Frank Jackson,2023,JAZZ,S2,unresolved,"[2023-02-22, 2023-04-10)",same-day-arrival-and-departure(ordering-flagged)
jacksgg01,GG Jackson II,2024,GRIZZLIES,S2,unresolved,,no-season-window(S1-game-table-ends-2022-23-or-season-absent-from-S1); open-stint-without-window
jacksgg01,GG Jackson II,2025,GRIZZLIES,S2,unresolved,,no-dated-evidence(membership-season-only; S1-window-missing-or-season-past-2022-23)
jacksgg01,GG Jackson II,2026,GRIZZLIES,S2,unresolved,,no-dated-evidence(membership-season-only; S1-window-missing-or-season-past-2022-23)
jacksis01,Isaiah Jackson,2024,PACERS,S2,unresolved,,no-dated-evidence(membership-season-only; S1-window-missing-or-season-past-2022-23)
jacksis01,Isaiah Jackson,2025,PACERS,S2,unresolved,,no-dated-evidence(membership-season-only; S1-window-missing-or-season-past-2022-23)
jacksis01,Isaiah Jackson,2026,CLIPPERS,S2,unresolved,,no-season-window(S1-game-table-ends-2022-23-or-season-absent-from-S1); open-stint-without-window
jacksja02,Jaren Jackson Jr.,2024,GRIZZLIES,S2,unresolved,,no-dated-evidence(membership-season-only; S1-window-missing-or-season-past-2022-23)
jacksja02,Jaren Jackson Jr.,2025,GRIZZLIES,S2,unresolved,,no-dated-evidence(membership-season-only; S1-window-missing-or-season-past-2022-23)
jacksja02,Jaren Jackson Jr.,2026,GRIZZLIES,S2,unresolved,,"no-season-window(S1-game-table-ends-2022-23-or-season-absent-from-S1); departure-after-closed-stint(prior-spell-exit,or-source-noise)"
jacksja02,Jaren Jackson Jr.,2026,JAZZ,S2,unresolved,,no-season-window(S1-game-table-ends-2022-23-or-season-absent-from-S1); open-stint-without-window
jacksje01,Jermaine Jackson,2003,RAPTORS,S2,unresolved,"[2002-11-20, 2003-01-07)","departure-after-closed-stint(prior-spell-exit,or-source-noise)"
jacksju01,Justin Jackson,2024,TIMBERWOLVES,S2,unresolved,,no-season-window(S1-game-table-ends-2022-23-or-season-absent-from-S1); open-stint-without-window
jacksph01,Phil Jackson,1976,KNICKS,S2,unresolved,,no-dated-evidence(membership-season-only; S1-window-missing-or-season-past-2022-23)
jacksph01,Phil Jackson,1977,KNICKS,S2,unresolved,,no-dated-evidence(membership-season-only; S1-window-missing-or-season-past-2022-23)
jacksqu01,Quenton Jackson,2023,WIZARDS,S2,unresolved,"[2022-09-12, 2022-10-15)",stint-entirely-outside-team-season-window(stands-on-transactions-alone)
jacksqu01,Quenton Jackson,2024,PACERS,S2,unresolved,,no-season-window(S1-game-table-ends-2022-23-or-season-absent-from-S1); open-stint-without-window
jacksqu01,Quenton Jackson,2025,PACERS,S2,unresolved,,no-season-window(S1-game-table-ends-2022-23-or-season-absent-from-S1); open-stint-without-window
jacksqu01,Quenton Jackson,2026,PACERS,S2,unresolved,,no-season-window(S1-game-table-ends-2022-23-or-season-absent-from-S1); open-stint-without-window
jacksre01,Reggie Jackson,2024,NUGGETS,S2,unresolved,,no-season-window(S1-game-table-ends-2022-23-or-season-absent-from-S1); open-stint-without-window
jacksst02,Stephen Jackson,2013,SPURS,S2,unresolved,,"departure-after-closed-stint(prior-spell-exit,or-source-noise)"
jackstr02,Trayce Jackson-Davis,2024,WARRIORS,S2,unresolved,,no-season-window(S1-game-table-ends-2022-23-or-season-absent-from-S1); open-stint-without-window
jackstr02,Trayce Jackson-Davis,2025,WARRIORS,S2,unresolved,,no-dated-evidence(membership-season-only; S1-window-missing-or-season-past-2022-23)
jackstr02,Trayce Jackson-Davis,2026,WARRIORS,S2,unresolved,,"no-season-window(S1-game-table-ends-2022-23-or-season-absent-from-S1); departure-after-closed-stint(prior-spell-exit,or-source-noise)"
jackstr02,Trayce Jackson-Davis,2026,RAPTORS,S2,unresolved,,no-season-window(S1-game-table-ends-2022-23-or-season-absent-from-S1); open-stint-without-window
jakucka01,Kasparas Jakučionis,2026,HEAT,S2,unresolved,,no-season-window(S1-game-table-ends-2022-23-or-season-absent-from-S1); open-stint-without-window
jamesaa01,Aaron James,1976,JAZZ,S2,unresolved,,no-dated-evidence(membership-season-only; S1-window-missing-or-season-past-2022-23)
jamesaa01,Aaron James,1977,JAZZ,S2,unresolved,,no-dated-evidence(membership-season-only; S1-window-missing-or-season-past-2022-23)
jamesbe01,Bernard James,2013,MAVERICKS,S2,unresolved,,no-dated-evidence(membership-season-only; S1-window-missing-or-season-past-2022-23)
jamesbe01,Bernard James,2014,MAVERICKS,S2,unresolved,"[2013-07-25, 2014-05-05)","departure-after-closed-stint(prior-spell-exit,or-source-noise)"
jamesbe01,Bernard James,2015,MAVERICKS,S2,unresolved,"[2014-09-03, 2014-10-25)",repeat-signing-continues-open-stint; repeat-signing-continues-open-stint; stint-entirely-outside-team-season-window(stands-on-transactions-alone)
jamesbr02,Bronny James,2025,LAKERS,S2,unresolved,,no-season-window(S1-game-table-ends-2022-23-or-season-absent-from-S1); open-stint-without-window
jamesbr02,Bronny James,2026,LAKERS,S2,unresolved,,no-dated-evidence(membership-season-only; S1-window-missing-or-season-past-2022-23)
jameshe01,Henry James,1991,CAVALIERS,S2,unresolved,"[1990-07-30, 1990-11-02)",repeat-signing-continues-open-stint; stint-entirely-outside-team-season-window(stands-on-transactions-alone)
jamesle01,LeBron James,2024,LAKERS,S2,unresolved,,no-dated-evidence(membership-season-only; S1-window-missing-or-season-past-2022-23)
jamesle01,LeBron James,2025,LAKERS,S2,unresolved,,no-season-window(S1-game-table-ends-2022-23-or-season-absent-from-S1); open-stint-without-window
jamesle01,LeBron James,2026,LAKERS,S2,unresolved,,no-dated-evidence(membership-season-only; S1-window-missing-or-season-past-2022-23)
jamesmi01,Mike James,2002,HEAT,S2,unresolved,"[2001-07-20, 2001-10-25)",stint-entirely-outside-team-season-window(stands-on-transactions-alone)
jamesmi01,Mike James,2013,MAVERICKS,S2,unresolved,,no-season-window(S1-game-table-ends-2022-23-or-season-absent-from-S1); open-stint-without-window
jamessi01,Sion James,2026,BOBCATS-HORNETS2,S2,unresolved,,no-season-window(S1-game-table-ends-2022-23-or-season-absent-from-S1); open-stint-without-window
janisjo01,John Janisch,1948,CELTICS,S2,unresolved,,flagged-transaction-legs(team-unresolved)
janisjo01,John Janisch,1948,STEAMROLLERS,S2,unresolved,,flagged-transaction-legs(team-unresolved)
jaqueja01,Jaime Jaquez Jr.,2024,HEAT,S2,unresolved,,no-season-window(S1-game-table-ends-2022-23-or-season-absent-from-S1); open-stint-without-window
jaqueja01,Jaime Jaquez Jr.,2025,HEAT,S2,unresolved,,no-dated-evidence(membership-season-only; S1-window-missing-or-season-past-2022-23)
jaqueja01,Jaime Jaquez Jr.,2026,HEAT,S2,unresolved,,no-dated-evidence(membership-season-only; S1-window-missing-or-season-past-2022-23)
jarrede01,DeJon Jarreau,2024,GRIZZLIES,S2,unresolved,,no-season-window(S1-game-table-ends-2022-23-or-season-absent-from-S1); open-stint-without-window; repeat-signing-continues-open-stint
jarrede01,DeJon Jarreau,2026,GRIZZLIES,S2,unresolved,,same-day-arrival-and-departure(ordering-flagged); no-season-window(S1-game-table-ends-2022-23-or-season-absent-from-S1); open-stint-without-window; repeat-signing-continues-open-stint
jeffeal01,Al Jefferson,2013,JAZZ,S2,unresolved,,no-dated-evidence(membership-season-only; S1-window-missing-or-season-past-2022-23)
jeffrda01,DaQuan Jeffries,2021,ROCKETS,S2,unresolved,"[2021-04-05, 2021-05-13)","departure-after-closed-stint(prior-spell-exit,or-source-noise)"
jeffrda01,DaQuan Jeffries,2021,KINGS,S2,unresolved,"[2020-11-28, 2021-04-03)","departure-after-closed-stint(prior-spell-exit,or-source-noise)"
jeffrda01,DaQuan Jeffries,2023,KNICKS,S1-only-supplement,unresolved,"[2022-09-14, 2022-10-15)",same-day-arrival-and-departure(ordering-flagged); repeat-signing-continues-open-stint; stint-entirely-outside-team-season-window(stands-on-transactions-alone)
jeffrda01,DaQuan Jeffries,2023,KNICKS,S1-only-supplement,unresolved,"[2022-11-29, 2023-03-05)",same-day-arrival-and-departure(ordering-flagged); repeat-signing-continues-open-stint
jeffrda01,DaQuan Jeffries,2023,KNICKS,S1-only-supplement,unresolved,"[2023-03-16, 2023-05-13)",same-day-arrival-and-departure(ordering-flagged); repeat-signing-continues-open-stint
jeffrda01,DaQuan Jeffries,2024,KNICKS,S2,unresolved,,"no-season-window(S1-game-table-ends-2022-23-or-season-absent-from-S1); open-stint-without-window; departure-after-closed-stint(prior-spell-exit,or-source-noise); repeat-signing-continues-open-stint; repeat-signing-continues-open-stint"
jeffrda01,DaQuan Jeffries,2025,BOBCATS-HORNETS2,S2,unresolved,,same-day-arrival-to-multiple-franchises(ordering-unresolved)
jeffrda01,DaQuan Jeffries,2026,KINGS,S2,unresolved,"[2025-10-15, 2025-10-16)",open-stint-without-window
jemistr01,Trey Jemison,2024,GRIZZLIES,S2,unresolved,,no-season-window(S1-game-table-ends-2022-23-or-season-absent-from-S1); open-stint-without-window; repeat-signing-continues-open-stint
jemistr01,Trey Jemison,2024,WIZARDS,S2,unresolved,,no-season-window(S1-game-table-ends-2022-23-or-season-absent-from-S1); open-stint-without-window
jemistr01,Trey Jemison,2025,LAKERS,S2,unresolved,,no-season-window(S1-game-table-ends-2022-23-or-season-absent-from-S1); open-stint-without-window
jemistr01,Trey Jemison,2026,KNICKS,S2,unresolved,,no-season-window(S1-game-table-ends-2022-23-or-season-absent-from-S1); open-stint-without-window
jenkich01,Charles Jenkins,2013,WARRIORS,S2,unresolved,,"departure-after-closed-stint(prior-spell-exit,or-source-noise)"
jenkich01,Charles Jenkins,2013,76ERS,S2,unresolved,,no-season-window(S1-game-table-ends-2022-23-or-season-absent-from-S1); open-stint-without-window
jenkida01,Daniss Jenkins,2025,PISTONS,S2,unresolved,,no-season-window(S1-game-table-ends-2022-23-or-season-absent-from-S1); open-stint-without-window
jenkida01,Daniss Jenkins,2026,PISTONS,S2,unresolved,,no-season-window(S1-game-table-ends-2022-23-or-season-absent-from-S1); open-stint-without-window
jenkijo01,John Jenkins,2016,MAVERICKS,S2,unresolved,"[2015-07-24, 2016-02-22)","departure-after-closed-stint(prior-spell-exit,or-source-noise)"
jenkijo01,John Jenkins,2019,KNICKS,S2,unresolved,"[2018-10-03, 2018-10-04)",repeat-signing-continues-open-stint; stint-entirely-outside-team-season-window(stands-on-transactions-alone)
jerebjo01,Jonas Jerebko,2013,PISTONS,S2,unresolved,,no-dated-evidence(membership-season-only; S1-window-missing-or-season-past-2022-23)
jeromty01,Ty Jerome,2024,CAVALIERS,S2,unresolved,,no-season-window(S1-game-table-ends-2022-23-or-season-absent-from-S1); open-stint-without-window
jeromty01,Ty Jerome,2025,CAVALIERS,S2,unresolved,,no-dated-evidence(membership-season-only; S1-window-missing-or-season-past-2022-23)
jeromty01,Ty Jerome,2026,GRIZZLIES,S2,unresolved,,no-season-window(S1-game-table-ends-2022-23-or-season-absent-from-S1); open-stint-without-window
joeis01,Isaiah Joe,2024,THUNDER,S2,unresolved,,no-dated-evidence(membership-season-only; S1-window-missing-or-season-past-2022-23)
joeis01,Isaiah Joe,2025,THUNDER,S2,unresolved,,no-season-window(S1-game-table-ends-2022-23-or-season-absent-from-S1); open-stint-without-window
joeis01,Isaiah Joe,2026,THUNDER,S2,unresolved,,no-dated-evidence(membership-season-only; S1-window-missing-or-season-past-2022-23)
johnsaj01,AJ Johnson,2025,WIZARDS,S2,unresolved,,no-season-window(S1-game-table-ends-2022-23-or-season-absent-from-S1); open-stint-without-window
johnsaj01,AJ Johnson,2026,MAVERICKS,S2,unresolved,,no-season-window(S1-game-table-ends-2022-23-or-season-absent-from-S1); open-stint-without-window
johnsaj01,AJ Johnson,2026,WIZARDS,S2,unresolved,,"no-season-window(S1-game-table-ends-2022-23-or-season-absent-from-S1); departure-after-closed-stint(prior-spell-exit,or-source-noise)"
johnsal02,Alize Johnson,2023,SPURS,S2,unresolved,"[2022-08-26, 2022-10-15)",stint-entirely-outside-team-season-window(stands-on-transactions-alone)
johnsam01,Amir Johnson,2013,RAPTORS,S2,unresolved,,no-dated-evidence(membership-season-only; S1-window-missing-or-season-past-2022-23)
johnsan01,Andy Johnson,1961,WARRIORS,S2,unresolved,,no-dated-evidence(membership-season-only; S1-window-missing-or-season-past-2022-23)
johnsan01,Andy Johnson,1962,WIZARDS,S2,unresolved,,no-dated-evidence(membership-season-only; S1-window-missing-or-season-past-2022-23)
johnsbj01,B.J. Johnson,2020,MAGIC,S2,unresolved,"[2019-09-27, 2019-10-19)",stint-entirely-outside-team-season-window(stands-on-transactions-alone)
johnsbj01,B.J. Johnson,2022,MAGIC,S2,unresolved,"[2021-10-15, 2021-10-16)",stint-entirely-outside-team-season-window(stands-on-transactions-alone)
johnsca02,Cameron Johnson,2024,NETS,S2,unresolved,,no-season-window(S1-game-table-ends-2022-23-or-season-absent-from-S1); open-stint-without-window
johnsca02,Cameron Johnson,2025,NETS,S2,unresolved,,no-dated-evidence(membership-season-only; S1-window-missing-or-season-past-2022-23)
johnsca02,Cameron Johnson,2026,NUGGETS,S2,unresolved,,no-season-window(S1-game-table-ends-2022-23-or-season-absent-from-S1); open-stint-without-window
johnsch03,Chris Johnson,2012,TRAIL BLAZERS,S2,unresolved,"[2011-12-26, 2012-03-15)","departure-after-closed-stint(prior-spell-exit,or-source-noise)"
johnsch03,Chris Johnson,2013,TIMBERWOLVES,S2,unresolved,"[2012-09-28, 2012-10-28)",open-stint-without-window
johnsch06,Chaney Johnson,2026,NETS,S2,unresolved,,no-season-window(S1-game-table-ends-2022-23-or-season-absent-from-S1); open-stint-without-window
johnscl01,Clemon Johnson,1983,PACERS,S2,unresolved,"[1982-10-29, 1983-02-15)","same-day-game-order-unresolved(S2-player-games=51,S1-season-games=82,S2-team-games=82,interval-capacity=50,departure-day-allowance=1,missing-games-allowance=0,capacity-upper-bound=51)"
johnscl02,Clay Johnson,1982,LAKERS,S2,unresolved,"[1981-08-03, 1981-10-13)","stint-entirely-outside-team-season-window(stands-on-transactions-alone); appearance-count-conflict(S2-player-games=7,S1-season-games=82,S2-team-games=82,interval-capacity=4,departure-day-allowance=0,missing-games-allowance=0,capacity-upper-bound=4)"
johnscl02,Clay Johnson,1982,LAKERS,S2,unresolved,"[1982-04-12, 1982-06-09)","appearance-count-conflict(S2-player-games=7,S1-season-games=82,S2-team-games=82,interval-capacity=4,departure-day-allowance=0,missing-games-allowance=0,capacity-upper-bound=4)"
johnsda03,Darius Johnson-Odom,2013,LAKERS,S2,unresolved,"[2012-06-29, 2013-01-07)",stint-entirely-outside-team-season-window(stands-on-transactions-alone)
johnsde01,Dennis Johnson,1977,THUNDER,S2,unresolved,,no-dated-evidence(membership-season-only; S1-window-missing-or-season-past-2022-23)
johnsfr01,Frank Johnson,1993,SUNS,S2,unresolved,"[1992-10-08, 1992-11-03)",stint-entirely-outside-team-season-window(stands-on-transactions-alone)
johnsfr01,Frank Johnson,1994,SUNS,S2,unresolved,"[1993-07-28, 1993-11-05)",stint-entirely-outside-team-season-window(stands-on-transactions-alone)
johnsge02,George Johnson,1977,CLIPPERS,S2,unresolved,,no-season-window(S1-game-table-ends-2022-23-or-season-absent-from-S1); open-stint-without-window
johnsge02,George Johnson,1977,WARRIORS,S2,unresolved,,"departure-after-closed-stint(prior-spell-exit,or-source-noise)"
johnsgu01,Gus Johnson,1967,WIZARDS,S2,unresolved,,no-dated-evidence(membership-season-only; S1-window-missing-or-season-past-2022-23)
johnsgu01,Gus Johnson,1972,WIZARDS,S2,unresolved,,flagged-transaction-legs(team-unresolved)
johnsja01,James Johnson,2013,KINGS,S2,unresolved,,no-season-window(S1-game-table-ends-2022-23-or-season-absent-from-S1); open-stint-without-window
johnsja01,James Johnson,2024,PACERS,S2,unresolved,"[2023-12-15, 2024-01-17)",open-stint-without-window; repeat-signing-continues-open-stint; repeat-signing-continues-open-stint
johnsja01,James Johnson,2025,PACERS,S2,unresolved,,no-season-window(S1-game-table-ends-2022-23-or-season-absent-from-S1); open-stint-without-window
johnsja05,Jalen Johnson,2024,HAWKS,S2,unresolved,,no-dated-evidence(membership-season-only; S1-window-missing-or-season-past-2022-23)
johnsja05,Jalen Johnson,2025,HAWKS,S2,unresolved,,no-dated-evidence(membership-season-only; S1-window-missing-or-season-past-2022-23)
johnsja05,Jalen Johnson,2026,HAWKS,S2,unresolved,,no-dated-evidence(membership-season-only; S1-window-missing-or-season-past-2022-23)
johnsjo01,John Johnson,1971,CAVALIERS,S2,unresolved,,no-dated-evidence(membership-season-only; S1-window-missing-or-season-past-2022-23)
johnsjo01,John Johnson,1976,ROCKETS,S2,unresolved,,no-season-window(S1-game-table-ends-2022-23-or-season-absent-from-S1); open-stint-without-window
johnsjo01,John Johnson,1976,TRAIL BLAZERS,S2,unresolved,,"no-season-window(S1-game-table-ends-2022-23-or-season-absent-from-S1); departure-after-closed-stint(prior-spell-exit,or-source-noise)"
johnske04,Keldon Johnson,2024,SPURS,S2,unresolved,,no-dated-evidence(membership-season-only; S1-window-missing-or-season-past-2022-23)
johnske04,Keldon Johnson,2025,SPURS,S2,unresolved,,no-dated-evidence(membership-season-only; S1-window-missing-or-season-past-2022-23)
johnske04,Keldon Johnson,2026,SPURS,S2,unresolved,,no-dated-evidence(membership-season-only; S1-window-missing-or-season-past-2022-23)
johnske07,Keon Johnson,2024,NETS,S2,unresolved,,no-season-window(S1-game-table-ends-2022-23-or-season-absent-from-S1); open-stint-without-window
johnske07,Keon Johnson,2025,NETS,S2,unresolved,,no-season-window(S1-game-table-ends-2022-23-or-season-absent-from-S1); open-stint-without-window
johnske08,Keyontae Johnson,2024,THUNDER,S2,unresolved,,no-season-window(S1-game-table-ends-2022-23-or-season-absent-from-S1); open-stint-without-window
johnske10,Keshad Johnson,2025,HEAT,S2,unresolved,,no-season-window(S1-game-table-ends-2022-23-or-season-absent-from-S1); open-stint-without-window
johnske10,Keshad Johnson,2026,HEAT,S2,unresolved,,no-dated-evidence(membership-season-only; S1-window-missing-or-season-past-2022-23)
johnsmi01,Mickey Johnson,1976,BULLS,S2,unresolved,,no-dated-evidence(membership-season-only; S1-window-missing-or-season-past-2022-23)
johnsna01,Nate Johnston,1990,TRAIL BLAZERS,S2,unresolved,"[1989-08-22, 1989-10-31)",repeat-signing-continues-open-stint; stint-entirely-outside-team-season-window(stands-on-transactions-alone)
johnsol01,Ollie Johnson,1976,KINGS,S2,unresolved,,no-dated-evidence(membership-season-only; S1-window-missing-or-season-past-2022-23)
johnsol01,Ollie Johnson,1977,KINGS,S2,unresolved,,"no-season-window(S1-game-table-ends-2022-23-or-season-absent-from-S1); departure-after-closed-stint(prior-spell-exit,or-source-noise)"
johnsri01,Rich Johnson,1971,CELTICS,S2,unresolved,,no-dated-evidence(membership-season-only; S1-window-missing-or-season-past-2022-23)
johnsro01,Ron Johnson,1961,PISTONS,S2,unresolved,,no-dated-evidence(membership-season-only; S1-window-missing-or-season-past-2022-23)
johnsro01,Ron Johnson,1961,LAKERS,S2,unresolved,,no-dated-evidence(membership-season-only; S1-window-missing-or-season-past-2022-23)
johnstr03,Tre Johnson,2026,WIZARDS,S2,unresolved,,no-season-window(S1-game-table-ends-2022-23-or-season-absent-from-S1); open-stint-without-window
johnsty01,Tyler Johnson,2015,HEAT,S2,unresolved,"[2014-08-07, 2014-10-25)",repeat-signing-continues-open-stint; repeat-signing-continues-open-stint; stint-entirely-outside-team-season-window(stands-on-transactions-alone)
johnsty01,Tyler Johnson,2020,NETS,S2,unresolved,"[2019-10-23, 2020-08-24)",multi-team-season(ordering-unresolved): player has dated moves to other franchises this season; bracket-only stint cannot be ordered against them
johnswe01,Wesley Johnson,2013,SUNS,S2,unresolved,,no-season-window(S1-game-table-ends-2022-23-or-season-absent-from-S1); open-stint-without-window
jokicni01,Nikola Jokić,2024,NUGGETS,S2,unresolved,,no-dated-evidence(membership-season-only; S1-window-missing-or-season-past-2022-23)
jokicni01,Nikola Jokić,2025,NUGGETS,S2,unresolved,,no-dated-evidence(membership-season-only; S1-window-missing-or-season-past-2022-23)
jokicni01,Nikola Jokić,2026,NUGGETS,S2,unresolved,,no-dated-evidence(membership-season-only; S1-window-missing-or-season-past-2022-23)
jolifho01,Howie Jolliff,1961,LAKERS,S2,unresolved,,no-dated-evidence(membership-season-only; S1-window-missing-or-season-past-2022-23)
jonesca03,Carlik Jones,2022,MAVERICKS,S2,unresolved,"[2021-08-18, 2021-10-15)",stint-entirely-outside-team-season-window(stands-on-transactions-alone)
jonesca03,Carlik Jones,2023,BULLS,S2,unresolved,"[2022-08-16, 2022-10-14)",stint-entirely-outside-team-season-window(stands-on-transactions-alone)
jonesch01,Charles Jones,1984,76ERS,S2,unresolved,,fuzzy-dated-rows-bear-on-this-tenure
jonesch02,Charles Jones,1989,WIZARDS,S2,unresolved,"[1988-10-06, 1988-11-03)",stint-entirely-outside-team-season-window(stands-on-transactions-alone)
jonesco02,Colby Jones,2024,KINGS,S2,unresolved,,no-season-window(S1-game-table-ends-2022-23-or-season-absent-from-S1); open-stint-without-window
jonesco02,Colby Jones,2025,KINGS,S2,unresolved,,"no-season-window(S1-game-table-ends-2022-23-or-season-absent-from-S1); departure-after-closed-stint(prior-spell-exit,or-source-noise)"
jonescu01,Curtis Jones,2026,NUGGETS,S2,unresolved,,no-season-window(S1-game-table-ends-2022-23-or-season-absent-from-S1); open-stint-without-window
jonesda02,Dahntay Jones,2017,CAVALIERS,S2,unresolved,"[2016-09-26, 2016-10-24)","departure-after-closed-stint(prior-spell-exit,or-source-noise); stint-entirely-outside-team-season-window(stands-on-transactions-alone)"
jonesda02,Dahntay Jones,2017,CAVALIERS,S2,unresolved,"[2017-04-12, 2017-06-13)","departure-after-closed-stint(prior-spell-exit,or-source-noise)"
jonesda03,Damian Jones,2024,CAVALIERS,S2,unresolved,,no-season-window(S1-game-table-ends-2022-23-or-season-absent-from-S1); open-stint-without-window
jonesda06,David Jones García,2026,SPURS,S2,unresolved,,no-season-window(S1-game-table-ends-2022-23-or-season-absent-from-S1); open-stint-without-window
jonesde01,DeQuan Jones,2013,MAGIC,S2,unresolved,,no-season-window(S1-game-table-ends-2022-23-or-season-absent-from-S1); open-stint-without-window
jonesde02,Derrick Jones Jr.,2024,MAVERICKS,S2,unresolved,,no-season-window(S1-game-table-ends-2022-23-or-season-absent-from-S1); open-stint-without-window
jonesde02,Derrick Jones Jr.,2025,CLIPPERS,S2,unresolved,,no-season-window(S1-game-table-ends-2022-23-or-season-absent-from-S1); open-stint-without-window
jonesde02,Derrick Jones Jr.,2026,CLIPPERS,S2,unresolved,,no-dated-evidence(membership-season-only; S1-window-missing-or-season-past-2022-23)
jonesdi01,Dillon Jones,2026,KNICKS,S2,unresolved,,no-season-window(S1-game-table-ends-2022-23-or-season-absent-from-S1); open-stint-without-window
jonesdo02,Dominique Jones,2013,MAVERICKS,S2,unresolved,,"no-season-window(S1-game-table-ends-2022-23-or-season-absent-from-S1); departure-after-closed-stint(prior-spell-exit,or-source-noise)"
jonesdw01,Dwight Jones,1976,HAWKS,S2,unresolved,,"no-season-window(S1-game-table-ends-2022-23-or-season-absent-from-S1); departure-after-closed-stint(prior-spell-exit,or-source-noise)"
joneshe01,Herbert Jones,2024,HORNETS-PELICANS,S2,unresolved,,no-season-window(S1-game-table-ends-2022-23-or-season-absent-from-S1); open-stint-without-window
joneshe01,Herbert Jones,2025,HORNETS-PELICANS,S2,unresolved,,no-dated-evidence(membership-season-only; S1-window-missing-or-season-past-2022-23)
joneshe01,Herbert Jones,2026,HORNETS-PELICANS,S2,unresolved,,no-dated-evidence(membership-season-only; S1-window-missing-or-season-past-2022-23)
jonesis01,Isaac Jones,2025,KINGS,S2,unresolved,,no-season-window(S1-game-table-ends-2022-23-or-season-absent-from-S1); open-stint-without-window
jonesis01,Isaac Jones,2026,PISTONS,S2,unresolved,"[2025-11-06, 2026-02-03)",open-stint-without-window
jonesis01,Isaac Jones,2026,KINGS,S2,unresolved,,"no-season-window(S1-game-table-ends-2022-23-or-season-absent-from-S1); departure-after-closed-stint(prior-spell-exit,or-source-noise); departure-after-closed-stint(prior-spell-exit,or-source-noise)"
jonesja04,Jalen Jones,2018,HORNETS-PELICANS,S2,unresolved,"[2017-08-02, 2018-01-08)","departure-after-closed-stint(prior-spell-exit,or-source-noise)"
joneska01,Kai Jones,2025,MAVERICKS,S2,unresolved,,no-season-window(S1-game-table-ends-2022-23-or-season-absent-from-S1); open-stint-without-window
joneskc01,K.C. Jones,1961,CELTICS,S2,unresolved,,no-dated-evidence(membership-season-only; S1-window-missing-or-season-past-2022-23)
joneske01,Kevin Jones,2013,CAVALIERS,S2,unresolved,,no-season-window(S1-game-table-ends-2022-23-or-season-absent-from-S1); open-stint-without-window
jonesma02,Mark Jones,1984,NETS,S2,unresolved,"[1983-10-31, 1983-12-19)",fuzzy-dated-rows-bear-on-this-tenure(fuzzy-not-guessed)
jonesma05,Mason Jones,2024,KINGS,S2,unresolved,,no-season-window(S1-game-table-ends-2022-23-or-season-absent-from-S1); open-stint-without-window
jonesma05,Mason Jones,2025,KINGS,S2,unresolved,,no-dated-evidence(membership-season-only; S1-window-missing-or-season-past-2022-23)
jonesri01,Rich Jones,1977,NETS,S2,unresolved,,"no-season-window(S1-game-table-ends-2022-23-or-season-absent-from-S1); departure-after-closed-stint(prior-spell-exit,or-source-noise)"
jonessa01,Sam Jones,1961,CELTICS,S2,unresolved,,no-dated-evidence(membership-season-only; S1-window-missing-or-season-past-2022-23)
jonesso01,Solomon Jones,2013,KNICKS,S2,unresolved,"[2013-04-12, 2013-04-15)",stint-entirely-outside-team-season-window(stands-on-transactions-alone)
jonessp01,Spencer Jones,2025,NUGGETS,S2,unresolved,,no-season-window(S1-game-table-ends-2022-23-or-season-absent-from-S1); open-stint-without-window
jonessp01,Spencer Jones,2026,NUGGETS,S2,unresolved,,no-season-window(S1-game-table-ends-2022-23-or-season-absent-from-S1); open-stint-without-window
jonesst01,Steve Jones,1976,TRAIL BLAZERS,S2,unresolved,,no-season-window(S1-game-table-ends-2022-23-or-season-absent-from-S1); open-stint-without-window
jonestr01,Tre Jones,2024,SPURS,S2,unresolved,,no-season-window(S1-game-table-ends-2022-23-or-season-absent-from-S1); open-stint-without-window
jonestr01,Tre Jones,2025,BULLS,S2,unresolved,,no-season-window(S1-game-table-ends-2022-23-or-season-absent-from-S1); open-stint-without-window
jonestr01,Tre Jones,2025,SPURS,S2,unresolved,,"no-season-window(S1-game-table-ends-2022-23-or-season-absent-from-S1); departure-after-closed-stint(prior-spell-exit,or-source-noise)"
jonestr01,Tre Jones,2026,BULLS,S2,unresolved,,no-season-window(S1-game-table-ends-2022-23-or-season-absent-from-S1); open-stint-without-window
jonesty01,Tyus Jones,2024,WIZARDS,S2,unresolved,,no-dated-evidence(membership-season-only; S1-window-missing-or-season-past-2022-23)
jonesty01,Tyus Jones,2025,SUNS,S2,unresolved,,no-season-window(S1-game-table-ends-2022-23-or-season-absent-from-S1); open-stint-without-window
jonesty01,Tyus Jones,2026,NUGGETS,S2,unresolved,,no-season-window(S1-game-table-ends-2022-23-or-season-absent-from-S1); open-stint-without-window
joneswa02,Wali Jones,1966,76ERS,S2,unresolved,,flagged-transaction-legs(team-unresolved)
joneswa02,Wali Jones,1976,PISTONS,S2,unresolved,"[1975-12-17, 1976-01-28)",stint-entirely-outside-team-season-window(stands-on-transactions-alone)
joneswi01,Willie Jones,1961,PISTONS,S2,unresolved,,no-dated-evidence(membership-season-only; S1-window-missing-or-season-past-2022-23)
joneswi02,Wil Jones,1977,PACERS,S2,unresolved,,no-season-window(S1-game-table-ends-2022-23-or-season-absent-from-S1); flagged-transaction-legs(team-unresolved)
jordade01,DeAndre Jordan,2024,NUGGETS,S2,unresolved,,no-season-window(S1-game-table-ends-2022-23-or-season-absent-from-S1); open-stint-without-window
jordade01,DeAndre Jordan,2025,NUGGETS,S2,unresolved,,no-season-window(S1-game-table-ends-2022-23-or-season-absent-from-S1); open-stint-without-window
jordade01,DeAndre Jordan,2026,HORNETS-PELICANS,S2,unresolved,,no-season-window(S1-game-table-ends-2022-23-or-season-absent-from-S1); open-stint-without-window
jordaed01,Eddie Jordan,1984,LAKERS,S2,unresolved,"[1984-04-11, 1984-06-13)","departure-after-closed-stint(prior-spell-exit,or-source-noise)"
jordoph01,Phil Jordon,1961,KINGS,S2,unresolved,,no-dated-evidence(membership-season-only; S1-window-missing-or-season-past-2022-23)
jordoph01,Phil Jordon,1961,KNICKS,S2,unresolved,,no-dated-evidence(membership-season-only; S1-window-missing-or-season-past-2022-23)
jordoph01,Phil Jordon,1962,KNICKS,S2,unresolved,,no-dated-evidence(membership-season-only; S1-window-missing-or-season-past-2022-23)
jorgeno01,Noble Jorgensen,1951,HAWKS,S2,unresolved,"[1950-11-02, 1950-12-13)","same-day-game-order-unresolved(S2-player-games=22,S1-season-games=68,S2-team-games=68,interval-capacity=21,departure-day-allowance=1,missing-games-allowance=0,capacity-upper-bound=22)"
josepco01,Cory Joseph,2022,PISTONS,S2,unresolved,"[2021-08-10, 2022-04-11)","departure-after-closed-stint(prior-spell-exit,or-source-noise)"
josepco01,Cory Joseph,2025,MAGIC,S2,unresolved,,no-season-window(S1-game-table-ends-2022-23-or-season-absent-from-S1); open-stint-without-window
josepkr01,Kris Joseph,2013,CELTICS,S2,unresolved,,"departure-after-closed-stint(prior-spell-exit,or-source-noise)"
jovicni01,Nikola Jović,2024,HEAT,S2,unresolved,,no-dated-evidence(membership-season-only; S1-window-missing-or-season-past-2022-23)
jovicni01,Nikola Jović,2025,HEAT,S2,unresolved,,no-dated-evidence(membership-season-only; S1-window-missing-or-season-past-2022-23)
jovicni01,Nikola Jović,2026,HEAT,S2,unresolved,,no-dated-evidence(membership-season-only; S1-window-missing-or-season-past-2022-23)
juzanjo01,Johnny Juzang,2024,JAZZ,S2,unresolved,,no-season-window(S1-game-table-ends-2022-23-or-season-absent-from-S1); open-stint-without-window
kalkbry01,Ryan Kalkbrenner,2026,BOBCATS-HORNETS2,S2,unresolved,,no-season-window(S1-game-table-ends-2022-23-or-season-absent-from-S1); open-stint-without-window
kamanch01,Chris Kaman,2013,MAVERICKS,S2,unresolved,,no-season-window(S1-game-table-ends-2022-23-or-season-absent-from-S1); open-stint-without-window
kanteen01,Enes Freedom,2013,JAZZ,S2,unresolved,,no-dated-evidence(membership-season-only; S1-window-missing-or-season-past-2022-23)
kappeto01,Tony Kappen,1947,CELTICS,S2,unresolved,"[1946-11-02, 1946-12-12)","same-day-game-order-unresolved(S2-player-games=18,S1-season-games=60,S2-team-games=60,interval-capacity=17,departure-day-allowance=1,missing-games-allowance=0,capacity-upper-bound=18)"
kauffbo01,Bob Kauffman,1970,BULLS,S2,unresolved,"[1969-09-05, 1970-04-06)","departure-after-closed-stint(prior-spell-exit,or-source-noise); flagged-transaction-legs(team-unresolved)"
kauffbo01,Bob Kauffman,1971,CLIPPERS,S2,unresolved,,no-dated-evidence(membership-season-only; S1-window-missing-or-season-past-2022-23)
kauffbo01,Bob Kauffman,1974,CLIPPERS,S2,unresolved,,flagged-transaction-legs(team-unresolved)
kawamyu01,Yuki Kawamura,2025,GRIZZLIES,S2,unresolved,,no-season-window(S1-game-table-ends-2022-23-or-season-absent-from-S1); open-stint-without-window; repeat-signing-continues-open-stint
kawamyu01,Yuki Kawamura,2026,BULLS,S2,unresolved,"[2025-07-19, 2025-10-17)",open-stint-without-window
keacl01,Clarence Kea,1981,MAVERICKS,S2,unresolved,"[1981-02-10, 1981-03-30)","departure-after-closed-stint(prior-spell-exit,or-source-noise)"
keacl01,Clarence Kea,1982,MAVERICKS,S2,unresolved,"[1981-12-28, 1982-04-18)","departure-after-closed-stint(prior-spell-exit,or-source-noise)"
keelstr01,Trevor Keels,2023,KNICKS,S2,unresolved,"[2022-07-10, 2023-02-23)",same-day-arrival-and-departure(ordering-flagged)
keelstr01,Trevor Keels,2023,KNICKS,S2,unresolved,"[2023-03-12, 2023-05-13)",same-day-arrival-and-departure(ordering-flagged)
keelstr01,Trevor Keels,2026,HEAT,S2,unresolved,"[2025-09-11, 2025-10-09)",open-stint-without-window
kelleky01,Kylor Kelley,2025,HORNETS-PELICANS,S2,unresolved,,no-season-window(S1-game-table-ends-2022-23-or-season-absent-from-S1); open-stint-without-window; repeat-signing-continues-open-stint
kelleri01,Rich Kelley,1976,JAZZ,S2,unresolved,,no-dated-evidence(membership-season-only; S1-window-missing-or-season-past-2022-23)
kelleri01,Rich Kelley,1977,JAZZ,S2,unresolved,,no-dated-evidence(membership-season-only; S1-window-missing-or-season-past-2022-23)
kellyry01,Ryan Kelly,2017,HAWKS,S2,unresolved,"[2016-09-16, 2016-10-19)",stint-entirely-outside-team-season-window(stands-on-transactions-alone)
kennalu01,Luke Kennard,2024,GRIZZLIES,S2,unresolved,,no-dated-evidence(membership-season-only; S1-window-missing-or-season-past-2022-23)
kennalu01,Luke Kennard,2025,GRIZZLIES,S2,unresolved,,no-season-window(S1-game-table-ends-2022-23-or-season-absent-from-S1); open-stint-without-window
kennalu01,Luke Kennard,2026,LAKERS,S2,unresolved,,no-season-window(S1-game-table-ends-2022-23-or-season-absent-from-S1); open-stint-without-window
kennego01,Goo Kennedy,1977,ROCKETS,S2,unresolved,"[1976-10-29, 1976-11-30)",stint-entirely-outside-team-season-window(stands-on-transactions-alone)
kennepi01,Pickles Kennedy,1961,WARRIORS,S2,unresolved,,no-dated-evidence(membership-season-only; S1-window-missing-or-season-past-2022-23)
kentja01,Jayson Kent,2026,TRAIL BLAZERS,S2,unresolved,,no-season-window(S1-game-table-ends-2022-23-or-season-absent-from-S1); open-stint-without-window
kerrre01,Red Kerr,1961,76ERS,S2,unresolved,,no-dated-evidence(membership-season-only; S1-window-missing-or-season-past-2022-23)
kerrre01,Red Kerr,1966,WIZARDS,S2,unresolved,,flagged-transaction-legs(team-unresolved)
kesslwa01,Walker Kessler,2024,JAZZ,S2,unresolved,,no-dated-evidence(membership-season-only; S1-window-missing-or-season-past-2022-23)
kesslwa01,Walker Kessler,2025,JAZZ,S2,unresolved,,no-dated-evidence(membership-season-only; S1-window-missing-or-season-past-2022-23)
kesslwa01,Walker Kessler,2026,JAZZ,S2,unresolved,,no-dated-evidence(membership-season-only; S1-window-missing-or-season-past-2022-23)
keybr01,Braxton Key,2022,76ERS,S2,unresolved,"[2021-10-12, 2021-10-13)",stint-entirely-outside-team-season-window(stands-on-transactions-alone)
keybr01,Braxton Key,2024,NUGGETS,S2,unresolved,,no-season-window(S1-game-table-ends-2022-23-or-season-absent-from-S1); open-stint-without-window
keybr01,Braxton Key,2025,WARRIORS,S2,unresolved,,no-season-window(S1-game-table-ends-2022-23-or-season-absent-from-S1); open-stint-without-window
kiddgmi01,Michael Kidd-Gilchrist,2013,BOBCATS-HORNETS2,S2,unresolved,,no-dated-evidence(membership-season-only; S1-window-missing-or-season-past-2022-23)
kimbato01,Toby Kimball,1971,ROCKETS,S2,unresolved,,no-dated-evidence(membership-season-only; S1-window-missing-or-season-past-2022-23)
kimbrst01,Stan Kimbrough,1993,KINGS,S2,unresolved,"[1992-09-03, 1992-11-03)",stint-entirely-outside-team-season-window(stands-on-transactions-alone)
kingda01,Dan King,1955,BULLETS-DEFUNCT,S2,unresolved,,no-dated-evidence(membership-season-only; S1-window-missing-or-season-past-2022-23)
kingma01,Maurice King,1963,WIZARDS,S2,unresolved,,fuzzy-dated-rows-bear-on-this-tenure
kirilan01,Andrei Kirilenko,2013,TIMBERWOLVES,S2,unresolved,,no-season-window(S1-game-table-ends-2022-23-or-season-absent-from-S1); open-stint-without-window
kispeco01,Corey Kispert,2024,WIZARDS,S2,unresolved,,no-dated-evidence(membership-season-only; S1-window-missing-or-season-past-2022-23)
kispeco01,Corey Kispert,2025,WIZARDS,S2,unresolved,,no-dated-evidence(membership-season-only; S1-window-missing-or-season-past-2022-23)
kispeco01,Corey Kispert,2026,HAWKS,S2,unresolved,,no-season-window(S1-game-table-ends-2022-23-or-season-absent-from-S1); open-stint-without-window
kispeco01,Corey Kispert,2026,WIZARDS,S2,unresolved,,"no-season-window(S1-game-table-ends-2022-23-or-season-absent-from-S1); departure-after-closed-stint(prior-spell-exit,or-source-noise)"
kitegr01,Greg Kite,1988,CELTICS,S2,unresolved,"[1987-11-06, 1988-02-01)","departure-after-closed-stint(prior-spell-exit,or-source-noise)"
klebima01,Maxi Kleber,2024,MAVERICKS,S2,unresolved,,no-dated-evidence(membership-season-only; S1-window-missing-or-season-past-2022-23)
klebima01,Maxi Kleber,2025,MAVERICKS,S2,unresolved,,"no-season-window(S1-game-table-ends-2022-23-or-season-absent-from-S1); departure-after-closed-stint(prior-spell-exit,or-source-noise)"
klebima01,Maxi Kleber,2026,LAKERS,S2,unresolved,,no-dated-evidence(membership-season-only; S1-window-missing-or-season-past-2022-23)
kleizli01,Linas Kleiza,2013,RAPTORS,S2,unresolved,,no-dated-evidence(membership-season-only; S1-window-missing-or-season-past-2022-23)
klintbo01,Bobi Klintman,2025,PISTONS,S2,unresolved,,no-season-window(S1-game-table-ends-2022-23-or-season-absent-from-S1); open-stint-without-window; repeat-signing-continues-open-stint
klintbo01,Bobi Klintman,2026,PISTONS,S2,unresolved,,"no-season-window(S1-game-table-ends-2022-23-or-season-absent-from-S1); departure-after-closed-stint(prior-spell-exit,or-source-noise)"
knechda01,Dalton Knecht,2025,LAKERS,S2,unresolved,,no-season-window(S1-game-table-ends-2022-23-or-season-absent-from-S1); open-stint-without-window
knechda01,Dalton Knecht,2026,LAKERS,S2,unresolved,,no-dated-evidence(membership-season-only; S1-window-missing-or-season-past-2022-23)
knighbi01,Billy Knight,1977,PACERS,S2,unresolved,,no-dated-evidence(membership-season-only; S1-window-missing-or-season-past-2022-23)
knighbi01,Billy Knight,1984,KINGS,S2,unresolved,,same-day-arrival-to-multiple-franchises(ordering-unresolved)
knighbr03,Brandon Knight,2013,PISTONS,S2,unresolved,,no-dated-evidence(membership-season-only; S1-window-missing-or-season-past-2022-23)
knighro01,Ron Knight,1971,TRAIL BLAZERS,S2,unresolved,,no-dated-evidence(membership-season-only; S1-window-missing-or-season-past-2022-23)
knoxke01,Kevin Knox,2025,WARRIORS,S2,unresolved,"[2024-09-25, 2024-10-19)",open-stint-without-window; repeat-signing-continues-open-stint; repeat-signing-continues-open-stint
knuepko01,Kon Knueppel,2026,BOBCATS-HORNETS2,S2,unresolved,,no-season-window(S1-game-table-ends-2022-23-or-season-absent-from-S1); open-stint-without-window
kojisdo01,Don Kojis,1964,WIZARDS,S2,unresolved,,flagged-transaction-legs(team-unresolved)
kojisdo01,Don Kojis,1971,THUNDER,S2,unresolved,,no-dated-evidence(membership-season-only; S1-window-missing-or-season-past-2022-23)
kolekty01,Tyler Kolek,2025,KNICKS,S2,unresolved,,no-season-window(S1-game-table-ends-2022-23-or-season-absent-from-S1); open-stint-without-window
kolekty01,Tyler Kolek,2026,KNICKS,S2,unresolved,,no-dated-evidence(membership-season-only; S1-window-missing-or-season-past-2022-23)
kolokch01,Christian Koloko,2025,LAKERS,S2,unresolved,,no-season-window(S1-game-table-ends-2022-23-or-season-absent-from-S1); open-stint-without-window
kolokch01,Christian Koloko,2026,HAWKS,S2,unresolved,,no-season-window(S1-game-table-ends-2022-23-or-season-absent-from-S1); open-stint-without-window
kolokch01,Christian Koloko,2026,GRIZZLIES,S2,unresolved,,no-season-window(S1-game-table-ends-2022-23-or-season-absent-from-S1); open-stint-without-window; repeat-signing-continues-open-stint
komivho01,Howard Komives,1971,PISTONS,S2,unresolved,,no-dated-evidence(membership-season-only; S1-window-missing-or-season-past-2022-23)
konanya01,Yanic Konan Niederhäuser,2026,CLIPPERS,S2,unresolved,,no-season-window(S1-game-table-ends-2022-23-or-season-absent-from-S1); open-stint-without-window
konchjo01,John Konchar,2024,GRIZZLIES,S2,unresolved,,no-dated-evidence(membership-season-only; S1-window-missing-or-season-past-2022-23)
konchjo01,John Konchar,2025,GRIZZLIES,S2,unresolved,,no-dated-evidence(membership-season-only; S1-window-missing-or-season-past-2022-23)
konchjo01,John Konchar,2026,GRIZZLIES,S2,unresolved,,"no-season-window(S1-game-table-ends-2022-23-or-season-absent-from-S1); departure-after-closed-stint(prior-spell-exit,or-source-noise)"
konchjo01,John Konchar,2026,JAZZ,S2,unresolved,,no-season-window(S1-game-table-ends-2022-23-or-season-absent-from-S1); open-stint-without-window
korkmfu01,Furkan Korkmaz,2024,76ERS,S2,unresolved,,"no-season-window(S1-game-table-ends-2022-23-or-season-absent-from-S1); departure-after-closed-stint(prior-spell-exit,or-source-noise)"
kornelu01,Luke Kornet,2022,CELTICS,S2,unresolved,"[2021-10-15, 2021-10-16)",stint-entirely-outside-team-season-window(stands-on-transactions-alone)
kornelu01,Luke Kornet,2024,CELTICS,S2,unresolved,,no-dated-evidence(membership-season-only; S1-window-missing-or-season-past-2022-23)
kornelu01,Luke Kornet,2025,CELTICS,S2,unresolved,,no-season-window(S1-game-table-ends-2022-23-or-season-absent-from-S1); open-stint-without-window
kornelu01,Luke Kornet,2026,SPURS,S2,unresolved,,no-season-window(S1-game-table-ends-2022-23-or-season-absent-from-S1); open-stint-without-window
kosmale01,Len Kosmalski,1976,KINGS,S2,unresolved,,no-dated-evidence(membership-season-only; S1-window-missing-or-season-past-2022-23)
krameba01,Barry Kramer,1965,WARRIORS,S2,unresolved,"[1964-10-17, 1965-03-21)",multi-team-season(ordering-unresolved): player has dated moves to other franchises this season; bracket-only stint cannot be ordered against them
kravtvi01,Viacheslav Kravtsov,2013,PISTONS,S2,unresolved,,no-season-window(S1-game-table-ends-2022-23-or-season-absent-from-S1); open-stint-without-window
krebsji01,Jim Krebs,1961,LAKERS,S2,unresolved,,no-dated-evidence(membership-season-only; S1-window-missing-or-season-past-2022-23)
krejcvi01,Vít Krejčí,2024,HAWKS,S2,unresolved,,"no-season-window(S1-game-table-ends-2022-23-or-season-absent-from-S1); open-stint-without-window; departure-after-closed-stint(prior-spell-exit,or-source-noise)"
krejcvi01,Vít Krejčí,2025,HAWKS,S2,unresolved,,no-season-window(S1-game-table-ends-2022-23-or-season-absent-from-S1); open-stint-without-window
krejcvi01,Vít Krejčí,2026,HAWKS,S2,unresolved,,"no-season-window(S1-game-table-ends-2022-23-or-season-absent-from-S1); departure-after-closed-stint(prior-spell-exit,or-source-noise)"
krejcvi01,Vít Krejčí,2026,TRAIL BLAZERS,S2,unresolved,,no-season-window(S1-game-table-ends-2022-23-or-season-absent-from-S1); open-stint-without-window
kuberst01,Steve Kuberski,1971,CELTICS,S2,unresolved,,no-dated-evidence(membership-season-only; S1-window-missing-or-season-past-2022-23)
kuberst01,Steve Kuberski,1976,CLIPPERS,S2,unresolved,"[1975-10-16, 1975-11-20)",stint-entirely-outside-team-season-window(stands-on-transactions-alone)
kudelfr01,Frank Kudelka,1951,CELTICS,S2,unresolved,"[1951-01-09, 1951-03-23)",flagged-transaction-legs(team-unresolved)
kudelfr01,Frank Kudelka,1951,CAPITOLS,S2,unresolved,"[1950-10-31, 1951-01-09)",flagged-transaction-legs(team-unresolved)
kudelfr01,Frank Kudelka,1953,BULLETS-DEFUNCT,S2,unresolved,"[1952-11-01, 1953-03-21)",multi-team-season(ordering-unresolved): player has dated moves to other franchises this season; bracket-only stint cannot be ordered against them
kuminjo01,Jonathan Kuminga,2024,WARRIORS,S2,unresolved,,no-dated-evidence(membership-season-only; S1-window-missing-or-season-past-2022-23)
kuminjo01,Jonathan Kuminga,2025,WARRIORS,S2,unresolved,,no-dated-evidence(membership-season-only; S1-window-missing-or-season-past-2022-23)
kuminjo01,Jonathan Kuminga,2026,HAWKS,S2,unresolved,,no-season-window(S1-game-table-ends-2022-23-or-season-absent-from-S1); open-stint-without-window
kunneke01,Kevin Kunnert,1976,ROCKETS,S2,unresolved,,no-dated-evidence(membership-season-only; S1-window-missing-or-season-past-2022-23)
kupeccj01,C.J. Kupec,1976,LAKERS,S2,unresolved,,no-dated-evidence(membership-season-only; S1-window-missing-or-season-past-2022-23)
kuzmaky01,Kyle Kuzma,2024,WIZARDS,S2,unresolved,,no-season-window(S1-game-table-ends-2022-23-or-season-absent-from-S1); open-stint-without-window
kuzmaky01,Kyle Kuzma,2025,BUCKS,S2,unresolved,,no-season-window(S1-game-table-ends-2022-23-or-season-absent-from-S1); open-stint-without-window
kuzmaky01,Kyle Kuzma,2025,WIZARDS,S2,unresolved,,"no-season-window(S1-game-table-ends-2022-23-or-season-absent-from-S1); departure-after-closed-stint(prior-spell-exit,or-source-noise)"
kuzmaky01,Kyle Kuzma,2026,BUCKS,S2,unresolved,,no-dated-evidence(membership-season-only; S1-window-missing-or-season-past-2022-23)
labissk01,Skal Labissière,2025,KINGS,S2,unresolved,"[2024-09-26, 2024-10-18)",open-stint-without-window
labissk01,Skal Labissière,2026,WIZARDS,S2,unresolved,"[2025-10-05, 2025-10-12)",open-stint-without-window
laceysa01,Sam Lacey,1971,KINGS,S2,unresolved,,no-dated-evidence(membership-season-only; S1-window-missing-or-season-past-2022-23)
laceysa01,Sam Lacey,1976,KINGS,S2,unresolved,,no-dated-evidence(membership-season-only; S1-window-missing-or-season-past-2022-23)
laceysa01,Sam Lacey,1977,KINGS,S2,unresolved,,no-dated-evidence(membership-season-only; S1-window-missing-or-season-past-2022-23)
lacoufr01,Fred LaCour,1961,HAWKS,S2,unresolved,,no-dated-evidence(membership-season-only; S1-window-missing-or-season-past-2022-23)
lacoufr01,Fred LaCour,1962,HAWKS,S2,unresolved,,no-dated-evidence(membership-season-only; S1-window-missing-or-season-past-2022-23)
lambdo01,Doron Lamb,2013,BUCKS,S2,unresolved,,"departure-after-closed-stint(prior-spell-exit,or-source-noise)"
lambdo01,Doron Lamb,2013,MAGIC,S2,unresolved,,no-season-window(S1-game-table-ends-2022-23-or-season-absent-from-S1); open-stint-without-window
landajo01,Jock Landale,2024,ROCKETS,S2,unresolved,,no-season-window(S1-game-table-ends-2022-23-or-season-absent-from-S1); open-stint-without-window
landajo01,Jock Landale,2025,ROCKETS,S2,unresolved,,no-dated-evidence(membership-season-only; S1-window-missing-or-season-past-2022-23)
landajo01,Jock Landale,2026,HAWKS,S2,unresolved,,no-season-window(S1-game-table-ends-2022-23-or-season-absent-from-S1); open-stint-without-window
langfke01,Keith Langford,2008,SPURS,S2,unresolved,"[2007-10-02, 2007-10-24)",stint-entirely-outside-team-season-window(stands-on-transactions-alone)
laniebo01,Bob Lanier,1971,PISTONS,S2,unresolved,,no-dated-evidence(membership-season-only; S1-window-missing-or-season-past-2022-23)
laniech01,Chaz Lanier,2026,PISTONS,S2,unresolved,,no-season-window(S1-game-table-ends-2022-23-or-season-absent-from-S1); open-stint-without-window
lantzst01,Stu Lantz,1971,ROCKETS,S2,unresolved,,no-dated-evidence(membership-season-only; S1-window-missing-or-season-past-2022-23)
lantzst01,Stu Lantz,1976,LAKERS,S2,unresolved,,no-dated-evidence(membership-season-only; S1-window-missing-or-season-past-2022-23)
laravja01,Jake LaRavia,2024,GRIZZLIES,S2,unresolved,,no-dated-evidence(membership-season-only; S1-window-missing-or-season-past-2022-23)
laravja01,Jake LaRavia,2025,GRIZZLIES,S2,unresolved,,"no-season-window(S1-game-table-ends-2022-23-or-season-absent-from-S1); departure-after-closed-stint(prior-spell-exit,or-source-noise)"
laravja01,Jake LaRavia,2025,KINGS,S2,unresolved,,no-season-window(S1-game-table-ends-2022-23-or-season-absent-from-S1); open-stint-without-window
laravja01,Jake LaRavia,2026,LAKERS,S2,unresolved,,no-season-window(S1-game-table-ends-2022-23-or-season-absent-from-S1); open-stint-without-window
laresyo01,York Larese,1962,WIZARDS,S2,unresolved,,"no-season-window(S1-game-table-ends-2022-23-or-season-absent-from-S1); departure-after-closed-stint(prior-spell-exit,or-source-noise)"
larsspe01,Pelle Larsson,2025,HEAT,S2,unresolved,,no-season-window(S1-game-table-ends-2022-23-or-season-absent-from-S1); open-stint-without-window
larsspe01,Pelle Larsson,2026,HEAT,S2,unresolved,,no-dated-evidence(membership-season-only; S1-window-missing-or-season-past-2022-23)
larueru01,Rusty LaRue,1998,BULLS,S2,unresolved,"[1997-10-01, 1997-10-30)",stint-entirely-outside-team-season-window(stands-on-transactions-alone)
larueru01,Rusty LaRue,2000,BULLS,S2,unresolved,"[1999-12-20, 1999-12-29)","departure-after-closed-stint(prior-spell-exit,or-source-noise)"
larueru01,Rusty LaRue,2002,JAZZ,S2,unresolved,"[2001-10-01, 2001-10-25)",stint-entirely-outside-team-season-window(stands-on-transactions-alone)
larusru01,Rudy LaRusso,1961,LAKERS,S2,unresolved,,no-dated-evidence(membership-season-only; S1-window-missing-or-season-past-2022-23)
larusru01,Rudy LaRusso,1967,LAKERS,S2,unresolved,,"departure-after-closed-stint(prior-spell-exit,or-source-noise)"
laskojo01,John Laskowski,1976,BULLS,S2,unresolved,,no-dated-evidence(membership-season-only; S1-window-missing-or-season-past-2022-23)
lavinza01,Zach LaVine,2024,BULLS,S2,unresolved,,no-dated-evidence(membership-season-only; S1-window-missing-or-season-past-2022-23)
lavinza01,Zach LaVine,2025,BULLS,S2,unresolved,,"no-season-window(S1-game-table-ends-2022-23-or-season-absent-from-S1); departure-after-closed-stint(prior-spell-exit,or-source-noise)"
lavinza01,Zach LaVine,2025,KINGS,S2,unresolved,,no-season-window(S1-game-table-ends-2022-23-or-season-absent-from-S1); open-stint-without-window
lavinza01,Zach LaVine,2026,KINGS,S2,unresolved,,no-dated-evidence(membership-season-only; S1-window-missing-or-season-past-2022-23)
lawsoaj01,A.J. Lawson,2023,TIMBERWOLVES,S2,unresolved,"[2022-07-26, 2022-10-14)",stint-entirely-outside-team-season-window(stands-on-transactions-alone)
lawsoaj01,A.J. Lawson,2024,MAVERICKS,S2,unresolved,,no-dated-evidence(membership-season-only; S1-window-missing-or-season-past-2022-23)
lawsoaj01,A.J. Lawson,2025,RAPTORS,S2,unresolved,,no-season-window(S1-game-table-ends-2022-23-or-season-absent-from-S1); open-stint-without-window
lawsoaj01,A.J. Lawson,2026,RAPTORS,S2,unresolved,,"no-season-window(S1-game-table-ends-2022-23-or-season-absent-from-S1); open-stint-without-window; departure-after-closed-stint(prior-spell-exit,or-source-noise)"
lawvi01,Vic Law,2020,MAGIC,S2,unresolved,"[2019-07-21, 2019-10-19)",stint-entirely-outside-team-season-window(stands-on-transactions-alone)
laymaja01,Jake Layman,2020,TIMBERWOLVES,S2,unresolved,,same-day-arrival-to-multiple-franchises(ordering-unresolved)
laytomo01,Mo Layton,1977,KNICKS,S2,unresolved,,no-season-window(S1-game-table-ends-2022-23-or-season-absent-from-S1); fuzzy-dated-rows-bear-on-this-tenure
leecl01,Clyde Lee,1970,WARRIORS,S2,unresolved,"[1969-10-18, 1970-02-02)","appearance-count-conflict(S2-player-games=82,S1-season-games=82,S2-team-games=82,interval-capacity=55,departure-day-allowance=0,missing-games-allowance=0,capacity-upper-bound=55)"
leeda03,Damion Lee,2025,SUNS,S2,unresolved,,no-season-window(S1-game-table-ends-2022-23-or-season-absent-from-S1); open-stint-without-window
leege01,George Lee,1961,PISTONS,S2,unresolved,,no-dated-evidence(membership-season-only; S1-window-missing-or-season-past-2022-23)
leema01,Malcolm Lee,2013,TIMBERWOLVES,S2,unresolved,,same-day-arrival-to-multiple-franchises(ordering-unresolved)
leema01,Malcolm Lee,2015,76ERS,S2,unresolved,"[2014-10-07, 2014-10-25)",stint-entirely-outside-team-season-window(stands-on-transactions-alone)
leero01,Ron Lee,1977,SUNS,S2,unresolved,,no-dated-evidence(membership-season-only; S1-window-missing-or-season-past-2022-23)
leero02,Rock Lee,1982,CLIPPERS,S2,unresolved,"[1982-04-11, 1982-04-16)","departure-after-closed-stint(prior-spell-exit,or-source-noise)"
leesa01,Saben Lee,2023,SUNS,S2,unresolved,"[2022-10-12, 2022-10-13)",repeat-signing-continues-open-stint; repeat-signing-continues-open-stint; stint-entirely-outside-team-season-window(stands-on-transactions-alone)
leesa01,Saben Lee,2024,SUNS,S2,unresolved,,no-season-window(S1-game-table-ends-2022-23-or-season-absent-from-S1); open-stint-without-window
legleti01,Tim Legler,1999,WIZARDS,S2,unresolved,"[1999-02-05, 1999-05-06)",multi-team-season(ordering-unresolved): player has dated moves to other franchises this season; bracket-only stint cannot be ordered against them
lenal01,Alex Len,2024,KINGS,S2,unresolved,,no-season-window(S1-game-table-ends-2022-23-or-season-absent-from-S1); open-stint-without-window
lenal01,Alex Len,2025,LAKERS,S2,unresolved,,no-season-window(S1-game-table-ends-2022-23-or-season-absent-from-S1); open-stint-without-window
leonaga01,Gary Leonard,1992,HAWKS,S2,unresolved,"[1991-10-07, 1992-01-02)","departure-after-closed-stint(prior-spell-exit,or-source-noise)"
leonaka01,Kawhi Leonard,2024,CLIPPERS,S2,unresolved,,no-dated-evidence(membership-season-only; S1-window-missing-or-season-past-2022-23)
leonaka01,Kawhi Leonard,2025,CLIPPERS,S2,unresolved,,no-dated-evidence(membership-season-only; S1-window-missing-or-season-past-2022-23)
leonaka01,Kawhi Leonard,2026,CLIPPERS,S2,unresolved,,no-dated-evidence(membership-season-only; S1-window-missing-or-season-past-2022-23)
leoname01,Meyers Leonard,2013,TRAIL BLAZERS,S2,unresolved,,no-dated-evidence(membership-season-only; S1-window-missing-or-season-past-2022-23)
leonasl01,Slick Leonard,1961,LAKERS,S2,unresolved,,no-dated-evidence(membership-season-only; S1-window-missing-or-season-past-2022-23)
leonasl01,Slick Leonard,1962,WIZARDS,S2,unresolved,,no-dated-evidence(membership-season-only; S1-window-missing-or-season-past-2022-23)
leonsma01,Malevy Leons,2026,WARRIORS,S2,unresolved,,no-season-window(S1-game-table-ends-2022-23-or-season-absent-from-S1); open-stint-without-window
leverca01,Caris LeVert,2024,CAVALIERS,S2,unresolved,,no-season-window(S1-game-table-ends-2022-23-or-season-absent-from-S1); open-stint-without-window
leverca01,Caris LeVert,2025,HAWKS,S2,unresolved,,no-season-window(S1-game-table-ends-2022-23-or-season-absent-from-S1); open-stint-without-window
leverca01,Caris LeVert,2025,CAVALIERS,S2,unresolved,,"no-season-window(S1-game-table-ends-2022-23-or-season-absent-from-S1); departure-after-closed-stint(prior-spell-exit,or-source-noise)"
leverca01,Caris LeVert,2026,PISTONS,S2,unresolved,,no-season-window(S1-game-table-ends-2022-23-or-season-absent-from-S1); open-stint-without-window
lewisbo01,Bobby Lewis,1971,CAVALIERS,S2,unresolved,,no-dated-evidence(membership-season-only; S1-window-missing-or-season-past-2022-23)
lewisfr01,Freddie Lewis,1950,BULLETS-DEFUNCT,S2,unresolved,"[1949-11-02, 1950-03-20)",multi-team-season(ordering-unresolved): player has dated moves to other franchises this season; bracket-only stint cannot be ordered against them
lewisfr02,Freddie Lewis,1977,PACERS,S2,unresolved,,no-season-window(S1-game-table-ends-2022-23-or-season-absent-from-S1); open-stint-without-window
lewisgr01,Grady Lewis,1948,BULLETS-DEFUNCT,S2,unresolved,"[1948-01-20, 1948-04-22)",flagged-transaction-legs(team-unresolved)
lewisgr01,Grady Lewis,1948,BOMBERS,S2,unresolved,"[1947-11-13, 1948-01-20)",flagged-transaction-legs(team-unresolved)
lewiski01,Kira Lewis Jr.,2024,HORNETS-PELICANS,S2,unresolved,,same-day-arrival-to-multiple-franchises(ordering-unresolved)
lewiski01,Kira Lewis Jr.,2024,RAPTORS,S2,unresolved,,same-day-arrival-to-multiple-franchises(ordering-unresolved)
lewiski01,Kira Lewis Jr.,2024,JAZZ,S2,unresolved,,same-day-arrival-to-multiple-franchises(ordering-unresolved)
lewisma05,Maxwell Lewis,2024,LAKERS,S2,unresolved,,no-season-window(S1-game-table-ends-2022-23-or-season-absent-from-S1); open-stint-without-window
lewisma05,Maxwell Lewis,2025,LAKERS,S2,unresolved,,"no-season-window(S1-game-table-ends-2022-23-or-season-absent-from-S1); departure-after-closed-stint(prior-spell-exit,or-source-noise)"
liddeej01,E.J. Liddell,2024,HORNETS-PELICANS,S2,unresolved,,same-day-arrival-and-departure(ordering-flagged); no-season-window(S1-game-table-ends-2022-23-or-season-absent-from-S1)
liddeej01,E.J. Liddell,2025,BULLS,S2,unresolved,,no-season-window(S1-game-table-ends-2022-23-or-season-absent-from-S1); open-stint-without-window; repeat-signing-continues-open-stint
liddeej01,E.J. Liddell,2026,NETS,S2,unresolved,,no-season-window(S1-game-table-ends-2022-23-or-season-absent-from-S1); open-stint-without-window
liggide01,DeAndre Liggins,2017,CAVALIERS,S2,unresolved,,same-day-arrival-to-multiple-franchises(ordering-unresolved)
liggide01,DeAndre Liggins,2017,MAVERICKS,S2,unresolved,,same-day-arrival-to-multiple-franchises(ordering-unresolved)
lillada01,Damian Lillard,2013,TRAIL BLAZERS,S2,unresolved,,no-dated-evidence(membership-season-only; S1-window-missing-or-season-past-2022-23)
lillada01,Damian Lillard,2024,BUCKS,S2,unresolved,,no-season-window(S1-game-table-ends-2022-23-or-season-absent-from-S1); open-stint-without-window
lillada01,Damian Lillard,2025,BUCKS,S2,unresolved,,no-dated-evidence(membership-season-only; S1-window-missing-or-season-past-2022-23)
littlna01,Nassir Little,2024,SUNS,S2,unresolved,,no-season-window(S1-game-table-ends-2022-23-or-season-absent-from-S1); open-stint-without-window
livelde01,Dereck Lively II,2024,MAVERICKS,S2,unresolved,,no-season-window(S1-game-table-ends-2022-23-or-season-absent-from-S1); open-stint-without-window; repeat-signing-continues-open-stint
livelde01,Dereck Lively II,2025,MAVERICKS,S2,unresolved,,no-dated-evidence(membership-season-only; S1-window-missing-or-season-past-2022-23)
livelde01,Dereck Lively II,2026,MAVERICKS,S2,unresolved,,no-dated-evidence(membership-season-only; S1-window-missing-or-season-past-2022-23)
liveris01,Isaiah Livers,2024,PISTONS,S2,unresolved,,"no-season-window(S1-game-table-ends-2022-23-or-season-absent-from-S1); departure-after-closed-stint(prior-spell-exit,or-source-noise)"
liveris01,Isaiah Livers,2026,SUNS,S2,unresolved,,no-season-window(S1-game-table-ends-2022-23-or-season-absent-from-S1); open-stint-without-window
livinch01,Chris Livingston,2024,BUCKS,S2,unresolved,,no-season-window(S1-game-table-ends-2022-23-or-season-absent-from-S1); open-stint-without-window
livinch01,Chris Livingston,2025,BUCKS,S2,unresolved,,no-dated-evidence(membership-season-only; S1-window-missing-or-season-past-2022-23)
livinro01,Ron Livingstone,1950,BULLETS-DEFUNCT,S2,unresolved,"[1949-11-02, 1949-12-07)","same-day-game-order-unresolved(S2-player-games=16,S1-season-games=68,S2-team-games=68,interval-capacity=15,departure-day-allowance=1,missing-games-allowance=0,capacity-upper-bound=16)"
livinsh01,Shaun Livingston,2013,CAVALIERS,S2,unresolved,,no-season-window(S1-game-table-ends-2022-23-or-season-absent-from-S1); open-stint-without-window
lloydsc01,Scott Lloyd,1977,BUCKS,S2,unresolved,,no-dated-evidence(membership-season-only; S1-window-missing-or-season-past-2022-23)
loftoke01,Kenneth Lofton Jr.,2024,GRIZZLIES,S2,unresolved,,"no-season-window(S1-game-table-ends-2022-23-or-season-absent-from-S1); departure-after-closed-stint(prior-spell-exit,or-source-noise)"
loftoke01,Kenneth Lofton Jr.,2024,JAZZ,S2,unresolved,,no-season-window(S1-game-table-ends-2022-23-or-season-absent-from-S1); open-stint-without-window
longpa01,Paul Long,1971,CLIPPERS,S2,unresolved,,no-dated-evidence(membership-season-only; S1-window-missing-or-season-past-2022-23)
longsh01,Shawn Long,2017,76ERS,S2,unresolved,"[2016-07-07, 2016-10-24)",repeat-signing-continues-open-stint; stint-entirely-outside-team-season-window(stands-on-transactions-alone)
looneke01,Kevon Looney,2024,WARRIORS,S2,unresolved,,no-dated-evidence(membership-season-only; S1-window-missing-or-season-past-2022-23)
looneke01,Kevon Looney,2025,WARRIORS,S2,unresolved,,no-dated-evidence(membership-season-only; S1-window-missing-or-season-past-2022-23)
looneke01,Kevon Looney,2026,HORNETS-PELICANS,S2,unresolved,,no-season-window(S1-game-table-ends-2022-23-or-season-absent-from-S1); open-stint-without-window
lopezbr01,Brook Lopez,2024,BUCKS,S2,unresolved,,no-season-window(S1-game-table-ends-2022-23-or-season-absent-from-S1); open-stint-without-window
lopezbr01,Brook Lopez,2025,BUCKS,S2,unresolved,,no-dated-evidence(membership-season-only; S1-window-missing-or-season-past-2022-23)
lopezbr01,Brook Lopez,2026,CLIPPERS,S2,unresolved,,no-season-window(S1-game-table-ends-2022-23-or-season-absent-from-S1); open-stint-without-window
lopezro01,Robin Lopez,2013,HORNETS-PELICANS,S2,unresolved,,no-season-window(S1-game-table-ends-2022-23-or-season-absent-from-S1); open-stint-without-window
loscuji01,Jim Loscutoff,1961,CELTICS,S2,unresolved,,no-dated-evidence(membership-season-only; S1-window-missing-or-season-past-2022-23)
loughke01,Kevin Loughery,1964,WIZARDS,S2,unresolved,,flagged-transaction-legs(team-unresolved)
loughke01,Kevin Loughery,1964,PISTONS,S2,unresolved,,flagged-transaction-legs(team-unresolved)
loughke01,Kevin Loughery,1967,WIZARDS,S2,unresolved,,no-dated-evidence(membership-season-only; S1-window-missing-or-season-past-2022-23)
loughke01,Kevin Loughery,1972,WIZARDS,S2,unresolved,,flagged-transaction-legs(team-unresolved)
loughke01,Kevin Loughery,1972,76ERS,S2,unresolved,,flagged-transaction-legs(team-unresolved)
lovebo01,Bob Love,1976,BULLS,S2,unresolved,,no-dated-evidence(membership-season-only; S1-window-missing-or-season-past-2022-23)
lovebo01,Bob Love,1977,BULLS,S2,unresolved,,"departure-after-closed-stint(prior-spell-exit,or-source-noise)"
lovebo01,Bob Love,1977,THUNDER,S2,unresolved,,no-season-window(S1-game-table-ends-2022-23-or-season-absent-from-S1); open-stint-without-window
loveca01,Caleb Love,2026,TRAIL BLAZERS,S2,unresolved,,no-season-window(S1-game-table-ends-2022-23-or-season-absent-from-S1); open-stint-without-window
loveke01,Kevin Love,2013,TIMBERWOLVES,S2,unresolved,,no-dated-evidence(membership-season-only; S1-window-missing-or-season-past-2022-23)
loveke01,Kevin Love,2024,HEAT,S2,unresolved,,no-season-window(S1-game-table-ends-2022-23-or-season-absent-from-S1); open-stint-without-window
loveke01,Kevin Love,2025,HEAT,S2,unresolved,,no-season-window(S1-game-table-ends-2022-23-or-season-absent-from-S1); open-stint-without-window
loveke01,Kevin Love,2026,JAZZ,S2,unresolved,,no-season-window(S1-game-table-ends-2022-23-or-season-absent-from-S1); open-stint-without-window
lovelcl01,Clyde Lovellette,1961,HAWKS,S2,unresolved,,no-dated-evidence(membership-season-only; S1-window-missing-or-season-past-2022-23)
lovelcl01,Clyde Lovellette,1962,HAWKS,S2,unresolved,,no-dated-evidence(membership-season-only; S1-window-missing-or-season-past-2022-23)
loverla01,Lawson Lovering,2026,GRIZZLIES,S2,unresolved,"[2025-09-06, 2025-10-18)",open-stint-without-window
lowryky01,Kyle Lowry,2013,RAPTORS,S2,unresolved,,no-season-window(S1-game-table-ends-2022-23-or-season-absent-from-S1); open-stint-without-window
lowryky01,Kyle Lowry,2022,HEAT,S2,unresolved,,same-day-arrival-to-multiple-franchises(ordering-unresolved)
lowryky01,Kyle Lowry,2024,HEAT,S2,unresolved,,"no-season-window(S1-game-table-ends-2022-23-or-season-absent-from-S1); departure-after-closed-stint(prior-spell-exit,or-source-noise)"
lowryky01,Kyle Lowry,2024,76ERS,S2,unresolved,,no-season-window(S1-game-table-ends-2022-23-or-season-absent-from-S1); open-stint-without-window
lowryky01,Kyle Lowry,2025,76ERS,S2,unresolved,,no-season-window(S1-game-table-ends-2022-23-or-season-absent-from-S1); open-stint-without-window
lowryky01,Kyle Lowry,2026,76ERS,S2,unresolved,,no-season-window(S1-game-table-ends-2022-23-or-season-absent-from-S1); open-stint-without-window
lucasjo01,John Lucas,1978,ROCKETS,S2,unresolved,,arrival-after-window-end(next-season-move)
lucasjo02,John Lucas III,2013,RAPTORS,S2,unresolved,,no-season-window(S1-game-table-ends-2022-23-or-season-absent-from-S1); open-stint-without-window
lucaska01,Kalin Lucas,2015,GRIZZLIES,S2,unresolved,"[2014-09-25, 2014-10-25)",stint-entirely-outside-team-season-window(stands-on-transactions-alone)
lucasma01,Maurice Lucas,1977,TRAIL BLAZERS,S2,unresolved,"[1976-08-05, 1977-06-06)",flagged-transaction-legs(team-unresolved)
lucasma01,Maurice Lucas,1982,KNICKS,S2,unresolved,,"departure-after-closed-stint(prior-spell-exit,or-source-noise)"
lundyse01,Seth Lundy,2024,HAWKS,S2,unresolved,,no-season-window(S1-game-table-ends-2022-23-or-season-absent-from-S1); open-stint-without-window
luwawti01,Timothé Luwawu-Cabarrot,2020,NETS,S2,unresolved,"[2019-10-23, 2020-01-15)",same-day-arrival-and-departure(ordering-flagged); repeat-signing-continues-open-stint
luwawti01,Timothé Luwawu-Cabarrot,2020,NETS,S2,unresolved,"[2020-01-25, 2020-08-24)",same-day-arrival-and-departure(ordering-flagged); repeat-signing-continues-open-stint
lylestr01,Trey Lyles,2024,KINGS,S2,unresolved,,no-season-window(S1-game-table-ends-2022-23-or-season-absent-from-S1); open-stint-without-window
lylestr01,Trey Lyles,2025,KINGS,S2,unresolved,,no-dated-evidence(membership-season-only; S1-window-missing-or-season-past-2022-23)
lynchke01,Kevin Lynch,1992,HORNETS-PELICANS,S2,unresolved,"[1991-11-01, 1991-11-05)","appearance-count-conflict(S2-player-games=55,S1-season-games=82,S2-team-games=82,interval-capacity=2,departure-day-allowance=1,missing-games-allowance=0,capacity-upper-bound=3)"
lynnmi01,Mike Lynn,1971,CLIPPERS,S2,unresolved,,no-dated-evidence(membership-season-only; S1-window-missing-or-season-past-2022-23)
machasc01,Scott Machado,2013,ROCKETS,S2,unresolved,"[2012-09-18, 2013-01-07)",stint-entirely-outside-team-season-window(stands-on-transactions-alone)
machasc01,Scott Machado,2019,LAKERS,S2,unresolved,"[2018-10-12, 2018-10-13)",stint-entirely-outside-team-season-window(stands-on-transactions-alone)
macksh01,Shelvin Mack,2013,76ERS,S2,unresolved,,no-season-window(S1-game-table-ends-2022-23-or-season-absent-from-S1); open-stint-without-window
macksh01,Shelvin Mack,2013,WIZARDS,S2,unresolved,"[2012-12-25, 2013-01-07)","departure-after-closed-stint(prior-spell-exit,or-source-noise)"
macurjp01,J.P. Macura,2020,CAVALIERS,S2,unresolved,"[2019-09-03, 2019-10-15)",stint-entirely-outside-team-season-window(stands-on-transactions-alone)
magetjo01,Josh Magette,2020,MAGIC,S2,unresolved,"[2019-07-23, 2020-01-11)","same-day-arrival-and-departure(ordering-flagged); departure-after-closed-stint(prior-spell-exit,or-source-noise)"
maggeco01,Corey Maggette,2013,PISTONS,S2,unresolved,,no-dated-evidence(membership-season-only; S1-window-missing-or-season-past-2022-23)
mahnkjo01,John Mahnken,1950,HAWKS,S2,unresolved,"[1949-11-09, 1950-01-29)","same-day-game-order-unresolved(S2-player-games=36,S1-season-games=64,S2-team-games=64,interval-capacity=35,departure-day-allowance=1,missing-games-allowance=0,capacity-upper-bound=36)"
maledth01,Théo Maledon,2024,BOBCATS-HORNETS2,S2,unresolved,"[2023-09-29, 2023-12-14)","departure-after-closed-stint(prior-spell-exit,or-source-noise)"
malonmo01,Moses Malone,1977,CLIPPERS,S2,unresolved,"[1976-10-18, 1976-10-24)",flagged-transaction-legs(team-unresolved)
malonmo01,Moses Malone,1977,ROCKETS,S2,unresolved,"[1976-10-24, 1977-05-18)",flagged-transaction-legs(team-unresolved)
malonmo01,Moses Malone,1983,76ERS,S2,unresolved,,same-day-arrival-to-multiple-franchises(ordering-unresolved)
maluakh01,Khaman Maluach,2026,SUNS,S2,unresolved,,no-season-window(S1-game-table-ends-2022-23-or-season-absent-from-S1); open-stint-without-window; repeat-signing-continues-open-stint
mamuksa01,Sandro Mamukelashvili,2023,BUCKS,S2,unresolved,"[2022-10-20, 2023-03-01)","departure-after-closed-stint(prior-spell-exit,or-source-noise)"
mamuksa01,Sandro Mamukelashvili,2024,SPURS,S2,unresolved,,no-season-window(S1-game-table-ends-2022-23-or-season-absent-from-S1); open-stint-without-window
mamuksa01,Sandro Mamukelashvili,2025,SPURS,S2,unresolved,,no-season-window(S1-game-table-ends-2022-23-or-season-absent-from-S1); open-stint-without-window
mamuksa01,Sandro Mamukelashvili,2026,RAPTORS,S2,unresolved,,no-season-window(S1-game-table-ends-2022-23-or-season-absent-from-S1); open-stint-without-window
mannied01,Ed Manning,1970,WIZARDS,S2,unresolved,,flagged-transaction-legs(team-unresolved)
mannied01,Ed Manning,1970,BULLS,S2,unresolved,,flagged-transaction-legs(team-unresolved)
mannied01,Ed Manning,1971,TRAIL BLAZERS,S2,unresolved,,no-dated-evidence(membership-season-only; S1-window-missing-or-season-past-2022-23)
mannte01,Terance Mann,2024,CLIPPERS,S2,unresolved,,no-dated-evidence(membership-season-only; S1-window-missing-or-season-past-2022-23)
mannte01,Terance Mann,2025,HAWKS,S2,unresolved,,no-season-window(S1-game-table-ends-2022-23-or-season-absent-from-S1); open-stint-without-window
mannte01,Terance Mann,2025,CLIPPERS,S2,unresolved,,"no-season-window(S1-game-table-ends-2022-23-or-season-absent-from-S1); departure-after-closed-stint(prior-spell-exit,or-source-noise)"
mannte01,Terance Mann,2026,NETS,S2,unresolved,,no-season-window(S1-game-table-ends-2022-23-or-season-absent-from-S1); open-stint-without-window
manntr01,Tre Mann,2024,BOBCATS-HORNETS2,S2,unresolved,,no-season-window(S1-game-table-ends-2022-23-or-season-absent-from-S1); open-stint-without-window
manntr01,Tre Mann,2024,THUNDER,S2,unresolved,,"no-season-window(S1-game-table-ends-2022-23-or-season-absent-from-S1); departure-after-closed-stint(prior-spell-exit,or-source-noise)"
manntr01,Tre Mann,2025,BOBCATS-HORNETS2,S2,unresolved,,no-dated-evidence(membership-season-only; S1-window-missing-or-season-past-2022-23)
manntr01,Tre Mann,2026,BOBCATS-HORNETS2,S2,unresolved,,no-season-window(S1-game-table-ends-2022-23-or-season-absent-from-S1); open-stint-without-window
manonch01,Chris Mañon,2026,LAKERS,S2,unresolved,,no-season-window(S1-game-table-ends-2022-23-or-season-absent-from-S1); open-stint-without-window
maravpe01,Pete Maravich,1974,HAWKS,S2,unresolved,,flagged-transaction-legs(team-unresolved)
maravpe01,Pete Maravich,1976,JAZZ,S2,unresolved,,no-dated-evidence(membership-season-only; S1-window-missing-or-season-past-2022-23)
maravpe01,Pete Maravich,1977,JAZZ,S2,unresolved,,no-dated-evidence(membership-season-only; S1-window-missing-or-season-past-2022-23)
marinja01,Jack Marin,1967,WIZARDS,S2,unresolved,,no-dated-evidence(membership-season-only; S1-window-missing-or-season-past-2022-23)
marinja01,Jack Marin,1976,CLIPPERS,S2,unresolved,,"departure-after-closed-stint(prior-spell-exit,or-source-noise)"
marinja01,Jack Marin,1976,BULLS,S2,unresolved,,no-season-window(S1-game-table-ends-2022-23-or-season-absent-from-S1); open-stint-without-window
mariosh01,Shawn Marion,2013,MAVERICKS,S2,unresolved,,no-dated-evidence(membership-season-only; S1-window-missing-or-season-past-2022-23)
marjabo01,Boban Marjanović,2024,ROCKETS,S2,unresolved,,no-season-window(S1-game-table-ends-2022-23-or-season-absent-from-S1); open-stint-without-window
markkla01,Lauri Markkanen,2022,CAVALIERS,S2,unresolved,,same-day-arrival-to-multiple-franchises(ordering-unresolved)
markkla01,Lauri Markkanen,2024,JAZZ,S2,unresolved,,no-dated-evidence(membership-season-only; S1-window-missing-or-season-past-2022-23)
markkla01,Lauri Markkanen,2025,JAZZ,S2,unresolved,,no-dated-evidence(membership-season-only; S1-window-missing-or-season-past-2022-23)
markkla01,Lauri Markkanen,2026,JAZZ,S2,unresolved,,no-dated-evidence(membership-season-only; S1-window-missing-or-season-past-2022-23)
marlaha01,Harvey Marlatt,1971,PISTONS,S2,unresolved,,no-dated-evidence(membership-season-only; S1-window-missing-or-season-past-2022-23)
marshdo02,Donny Marshall,2002,NETS,S2,unresolved,"[2001-10-02, 2001-10-25)",stint-entirely-outside-team-season-window(stands-on-transactions-alone)
marshdo02,Donny Marshall,2003,NETS,S2,unresolved,"[2003-03-11, 2003-06-16)","departure-after-closed-stint(prior-spell-exit,or-source-noise)"
marshke01,Kendall Marshall,2013,SUNS,S2,unresolved,,no-dated-evidence(membership-season-only; S1-window-missing-or-season-past-2022-23)
marshna01,Naji Marshall,2024,HORNETS-PELICANS,S2,unresolved,,no-dated-evidence(membership-season-only; S1-window-missing-or-season-past-2022-23)
marshna01,Naji Marshall,2025,MAVERICKS,S2,unresolved,,no-season-window(S1-game-table-ends-2022-23-or-season-absent-from-S1); open-stint-without-window
marshna01,Naji Marshall,2026,MAVERICKS,S2,unresolved,,no-dated-evidence(membership-season-only; S1-window-missing-or-season-past-2022-23)
marshto01,Tom Marshall,1958,KINGS,S2,unresolved,"[1958-02-20, 1958-03-13)","appearance-count-conflict(S2-player-games=29,S1-season-games=72,S2-team-games=72,interval-capacity=12,departure-day-allowance=0,missing-games-allowance=0,capacity-upper-bound=12)"
marshto01,Tom Marshall,1958,PISTONS,S2,unresolved,"[1957-10-23, 1958-02-18)","departure-after-closed-stint(prior-spell-exit,or-source-noise)"
marshve01,Vester Marshall,1974,THUNDER,S2,unresolved,"[1973-12-28, 1974-03-28)",repeat-signing-continues-open-stint; fuzzy-dated-rows-bear-on-this-tenure(fuzzy-not-guessed)
martial01,Alijah Martin,2026,RAPTORS,S2,unresolved,,no-season-window(S1-game-table-ends-2022-23-or-season-absent-from-S1); open-stint-without-window
martibo01,Bob Martin,1994,CLIPPERS,S2,unresolved,,fuzzy-dated-rows-bear-on-this-tenure
martica01,Cartier Martin,2013,WIZARDS,S2,unresolved,,no-dated-evidence(membership-season-only; S1-window-missing-or-season-past-2022-23)
martica02,Caleb Martin,2024,HEAT,S2,unresolved,,no-dated-evidence(membership-season-only; S1-window-missing-or-season-past-2022-23)
martica02,Caleb Martin,2025,MAVERICKS,S2,unresolved,,no-season-window(S1-game-table-ends-2022-23-or-season-absent-from-S1); open-stint-without-window
martica02,Caleb Martin,2026,MAVERICKS,S2,unresolved,,no-dated-evidence(membership-season-only; S1-window-missing-or-season-past-2022-23)
martico01,Cody Martin,2024,BOBCATS-HORNETS2,S2,unresolved,,no-dated-evidence(membership-season-only; S1-window-missing-or-season-past-2022-23)
martico01,Cody Martin,2025,BOBCATS-HORNETS2,S2,unresolved,,"no-season-window(S1-game-table-ends-2022-23-or-season-absent-from-S1); departure-after-closed-stint(prior-spell-exit,or-source-noise)"
martico01,Cody Martin,2026,PACERS,S2,unresolved,,no-season-window(S1-game-table-ends-2022-23-or-season-absent-from-S1); open-stint-without-window
martida01,Darrick Martin,1996,TIMBERWOLVES,S2,unresolved,"[1996-01-12, 1996-04-21)","departure-after-closed-stint(prior-spell-exit,or-source-noise)"
martija02,Jaylen Martin,2025,NETS,S2,unresolved,,"no-season-window(S1-game-table-ends-2022-23-or-season-absent-from-S1); departure-after-closed-stint(prior-spell-exit,or-source-noise)"
martija02,Jaylen Martin,2025,WIZARDS,S2,unresolved,,no-season-window(S1-game-table-ends-2022-23-or-season-absent-from-S1); open-stint-without-window
martike04,KJ Martin,2024,76ERS,S2,unresolved,,no-season-window(S1-game-table-ends-2022-23-or-season-absent-from-S1); open-stint-without-window
martike04,KJ Martin,2025,76ERS,S2,unresolved,,same-day-arrival-to-multiple-franchises(ordering-unresolved)
martike04,KJ Martin,2025,JAZZ,S2,unresolved,,same-day-arrival-to-multiple-franchises(ordering-unresolved)
martila01,LaRue Martin,1976,TRAIL BLAZERS,S2,unresolved,,no-dated-evidence(membership-season-only; S1-window-missing-or-season-past-2022-23)
martity01,Tyrese Martin,2025,NETS,S2,unresolved,,no-season-window(S1-game-table-ends-2022-23-or-season-absent-from-S1); open-stint-without-window; repeat-signing-continues-open-stint
martity01,Tyrese Martin,2026,NETS,S2,unresolved,,"no-season-window(S1-game-table-ends-2022-23-or-season-absent-from-S1); departure-after-closed-stint(prior-spell-exit,or-source-noise)"
martity01,Tyrese Martin,2026,76ERS,S2,unresolved,,no-season-window(S1-game-table-ends-2022-23-or-season-absent-from-S1); open-stint-without-window
martiwh01,Whitey Martin,1962,KNICKS,S2,unresolved,,no-dated-evidence(membership-season-only; S1-window-missing-or-season-past-2022-23)
mashaja01,Jahmai Mashack,2026,GRIZZLIES,S2,unresolved,,same-day-arrival-to-multiple-franchises(ordering-unresolved)
masonro01,Roger Mason,2013,HORNETS-PELICANS,S2,unresolved,,no-season-window(S1-game-table-ends-2022-23-or-season-absent-from-S1); open-stint-without-window
mathega01,Garrison Mathews,2024,HAWKS,S2,unresolved,,no-dated-evidence(membership-season-only; S1-window-missing-or-season-past-2022-23)
mathega01,Garrison Mathews,2025,HAWKS,S2,unresolved,,no-dated-evidence(membership-season-only; S1-window-missing-or-season-past-2022-23)
mathube01,Bennedict Mathurin,2024,PACERS,S2,unresolved,,no-dated-evidence(membership-season-only; S1-window-missing-or-season-past-2022-23)
mathube01,Bennedict Mathurin,2025,PACERS,S2,unresolved,,no-dated-evidence(membership-season-only; S1-window-missing-or-season-past-2022-23)
mathube01,Bennedict Mathurin,2026,PACERS,S2,unresolved,,"no-season-window(S1-game-table-ends-2022-23-or-season-absent-from-S1); departure-after-closed-stint(prior-spell-exit,or-source-noise)"
mathube01,Bennedict Mathurin,2026,CLIPPERS,S2,unresolved,,no-season-window(S1-game-table-ends-2022-23-or-season-absent-from-S1); open-stint-without-window
matkoka01,Karlo Matković,2025,HORNETS-PELICANS,S2,unresolved,,no-season-window(S1-game-table-ends-2022-23-or-season-absent-from-S1); open-stint-without-window
matkoka01,Karlo Matković,2026,HORNETS-PELICANS,S2,unresolved,,no-dated-evidence(membership-season-only; S1-window-missing-or-season-past-2022-23)
matthwe01,Wes Matthews,1984,HAWKS,S2,unresolved,"[1983-10-28, 1984-03-05)","departure-after-closed-stint(prior-spell-exit,or-source-noise)"
matthwe01,Wes Matthews,1984,76ERS,S2,unresolved,"[1984-03-22, 1984-04-11)","appearance-count-conflict(S2-player-games=14,S1-season-games=82,S2-team-games=82,interval-capacity=12,departure-day-allowance=1,missing-games-allowance=0,capacity-upper-bound=13)"
matthwe02,Wesley Matthews,2013,TRAIL BLAZERS,S2,unresolved,,no-dated-evidence(membership-season-only; S1-window-missing-or-season-past-2022-23)
matthwe02,Wesley Matthews,2024,HAWKS,S2,unresolved,,no-season-window(S1-game-table-ends-2022-23-or-season-absent-from-S1); open-stint-without-window
maughar01,Ariel Maughan,1948,STEAMROLLERS,S2,unresolved,"[1947-11-13, 1947-12-30)",flagged-transaction-legs(team-unresolved)
maughar01,Ariel Maughan,1948,BOMBERS,S2,unresolved,"[1947-12-30, 1948-04-07)",flagged-transaction-legs(team-unresolved)
maxeyty01,Tyrese Maxey,2024,76ERS,S2,unresolved,,no-dated-evidence(membership-season-only; S1-window-missing-or-season-past-2022-23)
maxeyty01,Tyrese Maxey,2025,76ERS,S2,unresolved,,no-season-window(S1-game-table-ends-2022-23-or-season-absent-from-S1); open-stint-without-window
maxeyty01,Tyrese Maxey,2026,76ERS,S2,unresolved,,no-dated-evidence(membership-season-only; S1-window-missing-or-season-past-2022-23)
maxieja01,Jason Maxiell,2013,PISTONS,S2,unresolved,,no-dated-evidence(membership-season-only; S1-window-missing-or-season-past-2022-23)
maydo01,Don May,1971,CLIPPERS,S2,unresolved,,no-dated-evidence(membership-season-only; S1-window-missing-or-season-past-2022-23)
mayescl01,Clyde Mayes,1977,TRAIL BLAZERS,S2,unresolved,"[1977-02-11, 1977-02-22)",stint-entirely-outside-team-season-window(stands-on-transactions-alone)
mayfibi01,Bill Mayfield,1981,WARRIORS,S2,unresolved,"[1980-07-11, 1980-10-09)",stint-entirely-outside-team-season-window(stands-on-transactions-alone)
mayfike01,Ken Mayfield,1976,KNICKS,S2,unresolved,,"no-season-window(S1-game-table-ends-2022-23-or-season-absent-from-S1); departure-after-closed-stint(prior-spell-exit,or-source-noise)"
maynoer01,Eric Maynor,2013,THUNDER,S2,unresolved,,"departure-after-closed-stint(prior-spell-exit,or-source-noise)"
maynoer01,Eric Maynor,2013,TRAIL BLAZERS,S2,unresolved,,no-season-window(S1-game-table-ends-2022-23-or-season-absent-from-S1); open-stint-without-window
mayooj01,O.J. Mayo,2013,MAVERICKS,S2,unresolved,,no-season-window(S1-game-table-ends-2022-23-or-season-absent-from-S1); open-stint-without-window
mayssk01,Skylar Mays,2024,LAKERS,S2,unresolved,,no-season-window(S1-game-table-ends-2022-23-or-season-absent-from-S1); open-stint-without-window
mbengbe01,Bez Mbeng,2026,JAZZ,S2,unresolved,,no-season-window(S1-game-table-ends-2022-23-or-season-absent-from-S1); open-stint-without-window; repeat-signing-continues-open-stint; repeat-signing-continues-open-stint
mcadobo01,Bob McAdoo,1977,CLIPPERS,S2,unresolved,,"no-season-window(S1-game-table-ends-2022-23-or-season-absent-from-S1); departure-after-closed-stint(prior-spell-exit,or-source-noise)"
mcadobo01,Bob McAdoo,1977,KNICKS,S2,unresolved,,no-season-window(S1-game-table-ends-2022-23-or-season-absent-from-S1); open-stint-without-window
mcadoja01,James Michael McAdoo,2015,WARRIORS,S2,unresolved,"[2014-09-02, 2014-10-25)",repeat-signing-continues-open-stint; repeat-signing-continues-open-stint; stint-entirely-outside-team-season-window(stands-on-transactions-alone)
mcbrimi01,Miles McBride,2024,KNICKS,S2,unresolved,,no-dated-evidence(membership-season-only; S1-window-missing-or-season-past-2022-23)
mcbrimi01,Miles McBride,2025,KNICKS,S2,unresolved,,no-dated-evidence(membership-season-only; S1-window-missing-or-season-past-2022-23)
mcbrimi01,Miles McBride,2026,KNICKS,S2,unresolved,,no-dated-evidence(membership-season-only; S1-window-missing-or-season-past-2022-23)
mccaija01,Jared McCain,2025,76ERS,S2,unresolved,,no-season-window(S1-game-table-ends-2022-23-or-season-absent-from-S1); open-stint-without-window
mccaija01,Jared McCain,2026,THUNDER,S2,unresolved,,no-season-window(S1-game-table-ends-2022-23-or-season-absent-from-S1); open-stint-without-window
mccaija01,Jared McCain,2026,76ERS,S2,unresolved,,"no-season-window(S1-game-table-ends-2022-23-or-season-absent-from-S1); departure-after-closed-stint(prior-spell-exit,or-source-noise)"
mccalta01,Tahjere McCall,2019,NETS,S2,unresolved,"[2018-10-12, 2018-10-13)",stint-entirely-outside-team-season-window(stands-on-transactions-alone)
mccaran01,Andre McCarter,1977,KINGS,S2,unresolved,,no-dated-evidence(membership-season-only; S1-window-missing-or-season-past-2022-23)
mccarjo01,Johnny McCarthy,1961,HAWKS,S2,unresolved,,no-dated-evidence(membership-season-only; S1-window-missing-or-season-past-2022-23)
mccarjo01,Johnny McCarthy,1962,HAWKS,S2,unresolved,,no-dated-evidence(membership-season-only; S1-window-missing-or-season-past-2022-23)
mccluma01,Mac McClung,2022,LAKERS,S2,unresolved,"[2021-08-10, 2021-10-13)",stint-entirely-outside-team-season-window(stands-on-transactions-alone)
mccluma01,Mac McClung,2023,76ERS,S2,unresolved,"[2022-10-08, 2022-10-10)",stint-entirely-outside-team-season-window(stands-on-transactions-alone)
mccluma01,Mac McClung,2025,MAGIC,S2,unresolved,,no-season-window(S1-game-table-ends-2022-23-or-season-absent-from-S1); open-stint-without-window; repeat-signing-continues-open-stint
mccluma01,Mac McClung,2026,BULLS,S2,unresolved,"[2025-10-16, 2025-10-17)",open-stint-without-window
mccolcj01,CJ McCollum,2024,HORNETS-PELICANS,S2,unresolved,,no-dated-evidence(membership-season-only; S1-window-missing-or-season-past-2022-23)
mccolcj01,CJ McCollum,2025,HORNETS-PELICANS,S2,unresolved,,no-dated-evidence(membership-season-only; S1-window-missing-or-season-past-2022-23)
mccolcj01,CJ McCollum,2026,HAWKS,S2,unresolved,,no-season-window(S1-game-table-ends-2022-23-or-season-absent-from-S1); open-stint-without-window
mccontj01,T.J. McConnell,2024,PACERS,S2,unresolved,,no-dated-evidence(membership-season-only; S1-window-missing-or-season-past-2022-23)
mccontj01,T.J. McConnell,2025,PACERS,S2,unresolved,,no-dated-evidence(membership-season-only; S1-window-missing-or-season-past-2022-23)
mccontj01,T.J. McConnell,2026,PACERS,S2,unresolved,,no-dated-evidence(membership-season-only; S1-window-missing-or-season-past-2022-23)
mccoyje01,Jelani McCoy,2008,NUGGETS,S2,unresolved,"[2007-10-01, 2007-10-23)",stint-entirely-outside-team-season-window(stands-on-transactions-alone)
mccrapa01,Paul McCracken,1973,ROCKETS,S2,unresolved,"[1972-09-06, 1972-10-02)",stint-entirely-outside-team-season-window(stands-on-transactions-alone)
mccrapa01,Paul McCracken,1977,BULLS,S2,unresolved,"[1976-10-14, 1976-11-19)",stint-entirely-outside-team-season-window(stands-on-transactions-alone)
mcculjo01,John McCullough,1982,SUNS,S2,unresolved,"[1981-04-28, 1981-10-19)",stint-entirely-outside-team-season-window(stands-on-transactions-alone)
mcculke01,Kevin McCullar Jr.,2025,KNICKS,S2,unresolved,,no-season-window(S1-game-table-ends-2022-23-or-season-absent-from-S1); open-stint-without-window
mcculke01,Kevin McCullar Jr.,2026,KNICKS,S2,unresolved,,no-season-window(S1-game-table-ends-2022-23-or-season-absent-from-S1); open-stint-without-window
mcdanja01,Jalen McDaniels,2025,WIZARDS,S2,unresolved,,no-season-window(S1-game-table-ends-2022-23-or-season-absent-from-S1); open-stint-without-window
mcdanja02,Jaden McDaniels,2024,TIMBERWOLVES,S2,unresolved,,no-dated-evidence(membership-season-only; S1-window-missing-or-season-past-2022-23)
mcdanja02,Jaden McDaniels,2025,TIMBERWOLVES,S2,unresolved,,no-dated-evidence(membership-season-only; S1-window-missing-or-season-past-2022-23)
mcdanja02,Jaden McDaniels,2026,TIMBERWOLVES,S2,unresolved,,no-dated-evidence(membership-season-only; S1-window-missing-or-season-past-2022-23)
mcderdo01,Doug McDermott,2022,SPURS,S2,unresolved,,same-day-arrival-to-multiple-franchises(ordering-unresolved)
mcderdo01,Doug McDermott,2024,PACERS,S2,unresolved,,no-season-window(S1-game-table-ends-2022-23-or-season-absent-from-S1); open-stint-without-window
mcderdo01,Doug McDermott,2024,SPURS,S2,unresolved,,"no-season-window(S1-game-table-ends-2022-23-or-season-absent-from-S1); departure-after-closed-stint(prior-spell-exit,or-source-noise)"
mcderdo01,Doug McDermott,2025,KINGS,S2,unresolved,,no-season-window(S1-game-table-ends-2022-23-or-season-absent-from-S1); open-stint-without-window
mcderdo01,Doug McDermott,2026,KINGS,S2,unresolved,,no-season-window(S1-game-table-ends-2022-23-or-season-absent-from-S1); open-stint-without-window
mcdyean01,Antonio McDyess,2009,PISTONS,S2,unresolved,"[2008-10-29, 2008-11-03)","appearance-count-conflict(S2-player-games=62,S1-season-games=82,S2-team-games=82,interval-capacity=2,departure-day-allowance=1,missing-games-allowance=0,capacity-upper-bound=3)"
mcelrji01,Jim McElroy,1976,JAZZ,S2,unresolved,,no-dated-evidence(membership-season-only; S1-window-missing-or-season-past-2022-23)
mcelrji01,Jim McElroy,1977,JAZZ,S2,unresolved,,no-dated-evidence(membership-season-only; S1-window-missing-or-season-past-2022-23)
mcfariv01,Ivan McFarlin,2007,76ERS,S2,unresolved,"[2006-09-08, 2006-12-19)","departure-after-closed-stint(prior-spell-exit,or-source-noise)"
mcgeeja01,JaVale McGee,2015,76ERS,S2,unresolved,"[2015-02-19, 2015-03-01)","same-day-game-order-unresolved(S2-player-games=6,S1-season-games=82,S2-team-games=82,interval-capacity=5,departure-day-allowance=1,missing-games-allowance=0,capacity-upper-bound=6)"
mcgeeja01,JaVale McGee,2024,KINGS,S2,unresolved,,no-season-window(S1-game-table-ends-2022-23-or-season-absent-from-S1); open-stint-without-window
mcgilbi01,Billy McGill,1964,WIZARDS,S2,unresolved,,flagged-transaction-legs(team-unresolved)
mcgilbi01,Billy McGill,1964,KNICKS,S2,unresolved,,flagged-transaction-legs(team-unresolved)
mcgowbr01,Bryce McGowens,2024,BOBCATS-HORNETS2,S2,unresolved,,no-dated-evidence(membership-season-only; S1-window-missing-or-season-past-2022-23)
mcgowbr01,Bryce McGowens,2025,TRAIL BLAZERS,S2,unresolved,,no-season-window(S1-game-table-ends-2022-23-or-season-absent-from-S1); open-stint-without-window
mcgowbr01,Bryce McGowens,2026,HORNETS-PELICANS,S2,unresolved,,no-season-window(S1-game-table-ends-2022-23-or-season-absent-from-S1); open-stint-without-window
mcgruro01,Rodney McGruder,2019,HEAT,S2,unresolved,"[2018-10-17, 2019-04-07)","departure-after-closed-stint(prior-spell-exit,or-source-noise)"
mcgruro01,Rodney McGruder,2022,PISTONS,S2,unresolved,"[2021-08-08, 2022-01-10)","departure-after-closed-stint(prior-spell-exit,or-source-noise)"
mcguial01,Al McGuire,1955,BULLETS-DEFUNCT,S2,unresolved,,no-season-window(S1-game-table-ends-2022-23-or-season-absent-from-S1); open-stint-without-window
mckenfo01,Forrest McKenzie,1987,SPURS,S2,unresolved,"[1986-11-12, 1986-12-15)","departure-after-closed-stint(prior-spell-exit,or-source-noise)"
mckenst01,Stan McKenzie,1971,TRAIL BLAZERS,S2,unresolved,,no-dated-evidence(membership-season-only; S1-window-missing-or-season-past-2022-23)
mckintr01,Trey McKinney-Jones,2018,PACERS,S2,unresolved,"[2017-09-07, 2017-10-14)",stint-entirely-outside-team-season-window(stands-on-transactions-alone)
mclaujo01,Jordan McLaughlin,2024,TIMBERWOLVES,S2,unresolved,,no-dated-evidence(membership-season-only; S1-window-missing-or-season-past-2022-23)
mclaujo01,Jordan McLaughlin,2025,SPURS,S2,unresolved,,no-season-window(S1-game-table-ends-2022-23-or-season-absent-from-S1); open-stint-without-window
mclaujo01,Jordan McLaughlin,2026,SPURS,S2,unresolved,,no-season-window(S1-game-table-ends-2022-23-or-season-absent-from-S1); open-stint-without-window
mclemmc01,McCoy McLemore,1969,SUNS,S2,unresolved,"[1968-10-18, 1968-12-17)","same-day-game-order-unresolved(S2-player-games=31,S1-season-games=82,S2-team-games=82,interval-capacity=30,departure-day-allowance=1,missing-games-allowance=0,capacity-upper-bound=31)"
mclemmc01,McCoy McLemore,1971,CAVALIERS,S2,unresolved,,"no-season-window(S1-game-table-ends-2022-23-or-season-absent-from-S1); departure-after-closed-stint(prior-spell-exit,or-source-noise)"
mclemmc01,McCoy McLemore,1972,BUCKS,S2,unresolved,"[1971-10-14, 1972-04-23)",multi-team-season(ordering-unresolved): player has dated moves to other franchises this season; bracket-only stint cannot be ordered against them
mcleoke01,Keith McLeod,2004,TIMBERWOLVES,S2,unresolved,"[2003-09-30, 2003-10-21)",stint-entirely-outside-team-season-window(stands-on-transactions-alone)
mcmilji01,Jim McMillian,1977,KNICKS,S2,unresolved,,no-dated-evidence(membership-season-only; S1-window-missing-or-season-past-2022-23)
mcmilsh01,Shellie McMillon,1961,PISTONS,S2,unresolved,,no-dated-evidence(membership-season-only; S1-window-missing-or-season-past-2022-23)
mcmilsh01,Shellie McMillon,1962,PISTONS,S2,unresolved,"[1962-03-16, 1962-04-04)",multi-team-season(ordering-unresolved): player has dated moves to other franchises this season; bracket-only stint cannot be ordered against them
mcmilsh01,Shellie McMillon,1962,HAWKS,S2,unresolved,,"no-season-window(S1-game-table-ends-2022-23-or-season-absent-from-S1); departure-after-closed-stint(prior-spell-exit,or-source-noise)"
mcmilto01,Tom McMillen,1977,CLIPPERS,S2,unresolved,,"no-season-window(S1-game-table-ends-2022-23-or-season-absent-from-S1); departure-after-closed-stint(prior-spell-exit,or-source-noise)"
mcmilto01,Tom McMillen,1977,KNICKS,S2,unresolved,,no-season-window(S1-game-table-ends-2022-23-or-season-absent-from-S1); open-stint-without-window
mcneeli01,Liam McNeeley,2026,BOBCATS-HORNETS2,S2,unresolved,,no-season-window(S1-game-table-ends-2022-23-or-season-absent-from-S1); open-stint-without-window
mcneibo01,Bob McNeill,1961,KNICKS,S2,unresolved,,no-season-window(S1-game-table-ends-2022-23-or-season-absent-from-S1); flagged-transaction-legs(team-unresolved)
mcneila01,Larry McNeill,1976,KINGS,S2,unresolved,,no-dated-evidence(membership-season-only; S1-window-missing-or-season-past-2022-23)
mcneila01,Larry McNeill,1979,PISTONS,S2,unresolved,"[1979-01-03, 1979-01-23)","repeat-signing-continues-open-stint; appearance-count-conflict(S2-player-games=11,S1-season-games=82,S2-team-games=82,interval-capacity=10,departure-day-allowance=0,missing-games-allowance=0,capacity-upper-bound=10)"
mcraejo01,Jordan McRae,2020,NUGGETS,S2,unresolved,"[2020-02-06, 2020-03-02)","departure-after-closed-stint(prior-spell-exit,or-source-noise)"
mcrobjo01,Josh McRoberts,2013,BOBCATS-HORNETS2,S2,unresolved,,no-season-window(S1-game-table-ends-2022-23-or-season-absent-from-S1); open-stint-without-window
mcveija01,Jack McVeigh,2025,ROCKETS,S2,unresolved,,no-season-window(S1-game-table-ends-2022-23-or-season-absent-from-S1); open-stint-without-window
meelycl01,Cliff Meely,1976,ROCKETS,S2,unresolved,,"no-season-window(S1-game-table-ends-2022-23-or-season-absent-from-S1); departure-after-closed-stint(prior-spell-exit,or-source-noise)"
meelycl01,Cliff Meely,1976,LAKERS,S2,unresolved,,no-season-window(S1-game-table-ends-2022-23-or-season-absent-from-S1); open-stint-without-window
meinhca01,Carl Meinhold,1949,STEAMROLLERS,S2,unresolved,"[1948-11-04, 1949-03-18)",multi-team-season(ordering-unresolved): player has dated moves to other franchises this season; bracket-only stint cannot be ordered against them
meltode01,De'Anthony Melton,2024,76ERS,S2,unresolved,,no-dated-evidence(membership-season-only; S1-window-missing-or-season-past-2022-23)
meltode01,De'Anthony Melton,2026,WARRIORS,S2,unresolved,,no-season-window(S1-game-table-ends-2022-23-or-season-absent-from-S1); open-stint-without-window
meminde01,Dean Meminger,1974,KNICKS,S2,unresolved,,flagged-transaction-legs(team-unresolved)
meminde01,Dean Meminger,1976,HAWKS,S2,unresolved,,no-dated-evidence(membership-season-only; S1-window-missing-or-season-past-2022-23)
meminde01,Dean Meminger,1977,KNICKS,S2,unresolved,,no-season-window(S1-game-table-ends-2022-23-or-season-absent-from-S1); open-stint-without-window; fuzzy-dated-rows-bear-on-this-tenure
meriwjo01,Joe Meriweather,1976,ROCKETS,S2,unresolved,,"no-season-window(S1-game-table-ends-2022-23-or-season-absent-from-S1); departure-after-closed-stint(prior-spell-exit,or-source-noise)"
meriwjo01,Joe Meriweather,1977,HAWKS,S2,unresolved,,no-dated-evidence(membership-season-only; S1-window-missing-or-season-past-2022-23)
merrisa01,Sam Merrill,2024,CAVALIERS,S2,unresolved,,no-dated-evidence(membership-season-only; S1-window-missing-or-season-past-2022-23)
merrisa01,Sam Merrill,2025,CAVALIERS,S2,unresolved,,no-dated-evidence(membership-season-only; S1-window-missing-or-season-past-2022-23)
merrisa01,Sam Merrill,2026,CAVALIERS,S2,unresolved,,no-season-window(S1-game-table-ends-2022-23-or-season-absent-from-S1); open-stint-without-window
meschto01,Tom Meschery,1971,THUNDER,S2,unresolved,,no-dated-evidence(membership-season-only; S1-window-missing-or-season-past-2022-23)
metuch01,Chimezie Metu,2021,KINGS,S2,unresolved,"[2020-11-27, 2020-12-21)",stint-entirely-outside-team-season-window(stands-on-transactions-alone)
metuch01,Chimezie Metu,2024,PISTONS,S2,unresolved,,no-season-window(S1-game-table-ends-2022-23-or-season-absent-from-S1); open-stint-without-window; repeat-signing-continues-open-stint
meyerda01,Dave Meyers,1977,BUCKS,S2,unresolved,,no-dated-evidence(membership-season-only; S1-window-missing-or-season-past-2022-23)
miasest01,Stan Miasek,1948,STAGS,S2,unresolved,,flagged-transaction-legs(team-unresolved)
micicva01,Vasilije Micić,2024,BOBCATS-HORNETS2,S2,unresolved,,no-season-window(S1-game-table-ends-2022-23-or-season-absent-from-S1); open-stint-without-window
micicva01,Vasilije Micić,2025,BOBCATS-HORNETS2,S2,unresolved,,"no-season-window(S1-game-table-ends-2022-23-or-season-absent-from-S1); open-stint-without-window; departure-after-closed-stint(prior-spell-exit,or-source-noise)"
middlkh01,Khris Middleton,2013,PISTONS,S2,unresolved,,no-dated-evidence(membership-season-only; S1-window-missing-or-season-past-2022-23)
middlkh01,Khris Middleton,2024,BUCKS,S2,unresolved,,no-season-window(S1-game-table-ends-2022-23-or-season-absent-from-S1); open-stint-without-window
middlkh01,Khris Middleton,2025,BUCKS,S2,unresolved,,"no-season-window(S1-game-table-ends-2022-23-or-season-absent-from-S1); departure-after-closed-stint(prior-spell-exit,or-source-noise)"
middlkh01,Khris Middleton,2025,WIZARDS,S2,unresolved,,no-season-window(S1-game-table-ends-2022-23-or-season-absent-from-S1); open-stint-without-window
middlkh01,Khris Middleton,2026,MAVERICKS,S2,unresolved,,no-season-window(S1-game-table-ends-2022-23-or-season-absent-from-S1); open-stint-without-window
middlkh01,Khris Middleton,2026,WIZARDS,S2,unresolved,,"no-season-window(S1-game-table-ends-2022-23-or-season-absent-from-S1); departure-after-closed-stint(prior-spell-exit,or-source-noise)"
mikaer01,Eric Mika,2020,KINGS,S2,unresolved,"[2019-08-20, 2019-10-11)",stint-entirely-outside-team-season-window(stands-on-transactions-alone)
mikaned01,Ed Mikan,1951,KINGS,S2,unresolved,"[1950-10-31, 1951-04-22)",multi-team-season(ordering-unresolved): player has dated moves to other franchises this season; bracket-only stint cannot be ordered against them
mikaned01,Ed Mikan,1951,CAPITOLS,S2,unresolved,"[1950-10-31, 1951-01-10)",multi-team-season(ordering-unresolved): player has dated moves to other franchises this season; bracket-only stint cannot be ordered against them
mikanla01,Larry Mikan,1971,CAVALIERS,S2,unresolved,,no-season-window(S1-game-table-ends-2022-23-or-season-absent-from-S1); open-stint-without-window
milescj01,C.J. Miles,2013,CAVALIERS,S2,unresolved,,no-season-window(S1-game-table-ends-2022-23-or-season-absent-from-S1); open-stint-without-window
milesda01,Darius Miles,2009,GRIZZLIES,S2,unresolved,"[2008-12-13, 2009-01-07)","appearance-count-conflict(S2-player-games=34,S1-season-games=82,S2-team-games=82,interval-capacity=12,departure-day-allowance=1,missing-games-allowance=0,capacity-upper-bound=13)"
milesed01,Eddie Miles,1967,PISTONS,S2,unresolved,,no-dated-evidence(membership-season-only; S1-window-missing-or-season-past-2022-23)
milesed01,Eddie Miles,1970,WIZARDS,S2,unresolved,,flagged-transaction-legs(team-unresolved)
milesed01,Eddie Miles,1970,PISTONS,S2,unresolved,,flagged-transaction-legs(team-unresolved)
milicda01,Darko Miličić,2013,CELTICS,S2,unresolved,"[2012-09-28, 2012-11-21)",stint-entirely-outside-team-season-window(stands-on-transactions-alone)
millebr02,Brandon Miller,2024,BOBCATS-HORNETS2,S2,unresolved,,no-season-window(S1-game-table-ends-2022-23-or-season-absent-from-S1); open-stint-without-window
millebr02,Brandon Miller,2025,BOBCATS-HORNETS2,S2,unresolved,,no-dated-evidence(membership-season-only; S1-window-missing-or-season-past-2022-23)
millebr02,Brandon Miller,2026,BOBCATS-HORNETS2,S2,unresolved,,no-dated-evidence(membership-season-only; S1-window-missing-or-season-past-2022-23)
milleda01,Darius Miller,2013,HORNETS-PELICANS,S2,unresolved,,no-dated-evidence(membership-season-only; S1-window-missing-or-season-past-2022-23)
milledi01,Dick Miller,1981,PACERS,S2,unresolved,"[1980-11-11, 1980-11-24)","departure-after-closed-stint(prior-spell-exit,or-source-noise)"
milleem01,Emanuel Miller,2025,BULLS,S2,unresolved,,no-season-window(S1-game-table-ends-2022-23-or-season-absent-from-S1); open-stint-without-window
milleem01,Emanuel Miller,2026,BULLS,S2,unresolved,,"no-season-window(S1-game-table-ends-2022-23-or-season-absent-from-S1); departure-after-closed-stint(prior-spell-exit,or-source-noise)"
millejo02,Jordan Miller,2024,CLIPPERS,S2,unresolved,,no-season-window(S1-game-table-ends-2022-23-or-season-absent-from-S1); open-stint-without-window
millejo02,Jordan Miller,2025,CLIPPERS,S2,unresolved,,no-dated-evidence(membership-season-only; S1-window-missing-or-season-past-2022-23)
millejo02,Jordan Miller,2026,CLIPPERS,S2,unresolved,,"no-season-window(S1-game-table-ends-2022-23-or-season-absent-from-S1); open-stint-without-window; departure-after-closed-stint(prior-spell-exit,or-source-noise)"
millele01,Leonard Miller,2024,TIMBERWOLVES,S2,unresolved,,no-season-window(S1-game-table-ends-2022-23-or-season-absent-from-S1); open-stint-without-window
millele01,Leonard Miller,2025,TIMBERWOLVES,S2,unresolved,,no-dated-evidence(membership-season-only; S1-window-missing-or-season-past-2022-23)
millele01,Leonard Miller,2026,BULLS,S2,unresolved,,no-season-window(S1-game-table-ends-2022-23-or-season-absent-from-S1); open-stint-without-window
millele01,Leonard Miller,2026,TIMBERWOLVES,S2,unresolved,,"no-season-window(S1-game-table-ends-2022-23-or-season-absent-from-S1); departure-after-closed-stint(prior-spell-exit,or-source-noise)"
millema01,Malcolm Miller,2019,RAPTORS,S2,unresolved,"[2018-10-12, 2018-10-13)",stint-entirely-outside-team-season-window(stands-on-transactions-alone)
milleol01,Oliver Miller,1997,RAPTORS,S2,unresolved,"[1997-02-13, 1997-04-21)","departure-after-closed-stint(prior-spell-exit,or-source-noise)"
millspa01,Paul Millsap,2013,JAZZ,S2,unresolved,,no-dated-evidence(membership-season-only; S1-window-missing-or-season-past-2022-23)
millspa02,Patty Mills,2024,HEAT,S2,unresolved,,no-season-window(S1-game-table-ends-2022-23-or-season-absent-from-S1); open-stint-without-window
millspa02,Patty Mills,2025,CLIPPERS,S2,unresolved,,no-season-window(S1-game-table-ends-2022-23-or-season-absent-from-S1); open-stint-without-window
miltosh01,Shake Milton,2024,KNICKS,S2,unresolved,,no-season-window(S1-game-table-ends-2022-23-or-season-absent-from-S1); open-stint-without-window
miltosh01,Shake Milton,2025,NETS,S2,unresolved,,same-day-arrival-to-multiple-franchises(ordering-unresolved)
miltosh01,Shake Milton,2025,LAKERS,S2,unresolved,,same-day-arrival-to-multiple-franchises(ordering-unresolved)
minayju01,Justin Minaya,2024,TRAIL BLAZERS,S2,unresolved,,no-season-window(S1-game-table-ends-2022-23-or-season-absent-from-S1); open-stint-without-window; repeat-signing-continues-open-stint
minayju01,Justin Minaya,2025,TRAIL BLAZERS,S2,unresolved,,no-season-window(S1-game-table-ends-2022-23-or-season-absent-from-S1); open-stint-without-window
minixri01,Riley Minix,2025,SPURS,S2,unresolved,,no-season-window(S1-game-table-ends-2022-23-or-season-absent-from-S1); open-stint-without-window; repeat-signing-continues-open-stint
minixri01,Riley Minix,2026,CAVALIERS,S2,unresolved,,no-season-window(S1-game-table-ends-2022-23-or-season-absent-from-S1); open-stint-without-window
minotjo01,Josh Minott,2024,TIMBERWOLVES,S2,unresolved,,no-dated-evidence(membership-season-only; S1-window-missing-or-season-past-2022-23)
minotjo01,Josh Minott,2025,TIMBERWOLVES,S2,unresolved,,no-dated-evidence(membership-season-only; S1-window-missing-or-season-past-2022-23)
minotjo01,Josh Minott,2026,NETS,S2,unresolved,,no-season-window(S1-game-table-ends-2022-23-or-season-absent-from-S1); open-stint-without-window
missiyv01,Yves Missi,2025,HORNETS-PELICANS,S2,unresolved,,no-season-window(S1-game-table-ends-2022-23-or-season-absent-from-S1); open-stint-without-window
missiyv01,Yves Missi,2026,HORNETS-PELICANS,S2,unresolved,,no-dated-evidence(membership-season-only; S1-window-missing-or-season-past-2022-23)
mitchaj01,Ajay Mitchell,2025,THUNDER,S2,unresolved,,no-season-window(S1-game-table-ends-2022-23-or-season-absent-from-S1); open-stint-without-window
mitchaj01,Ajay Mitchell,2026,THUNDER,S2,unresolved,,no-season-window(S1-game-table-ends-2022-23-or-season-absent-from-S1); open-stint-without-window
mitchda01,Davion Mitchell,2024,KINGS,S2,unresolved,,"no-season-window(S1-game-table-ends-2022-23-or-season-absent-from-S1); departure-after-closed-stint(prior-spell-exit,or-source-noise)"
mitchda01,Davion Mitchell,2025,HEAT,S2,unresolved,,no-season-window(S1-game-table-ends-2022-23-or-season-absent-from-S1); open-stint-without-window
mitchda01,Davion Mitchell,2025,RAPTORS,S2,unresolved,,"no-season-window(S1-game-table-ends-2022-23-or-season-absent-from-S1); departure-after-closed-stint(prior-spell-exit,or-source-noise)"
mitchda01,Davion Mitchell,2026,HEAT,S2,unresolved,,no-season-window(S1-game-table-ends-2022-23-or-season-absent-from-S1); open-stint-without-window
mitchdo01,Donovan Mitchell,2024,CAVALIERS,S2,unresolved,,no-dated-evidence(membership-season-only; S1-window-missing-or-season-past-2022-23)
mitchdo01,Donovan Mitchell,2025,CAVALIERS,S2,unresolved,,no-dated-evidence(membership-season-only; S1-window-missing-or-season-past-2022-23)
mitchdo01,Donovan Mitchell,2026,CAVALIERS,S2,unresolved,,no-dated-evidence(membership-season-only; S1-window-missing-or-season-past-2022-23)
mitchmi01,Mike Mitchell,1982,CAVALIERS,S2,unresolved,"[1981-10-30, 1981-12-23)","same-day-game-order-unresolved(S2-player-games=27,S1-season-games=82,S2-team-games=82,interval-capacity=26,departure-day-allowance=1,missing-games-allowance=0,capacity-upper-bound=27)"
mitrona01,Naz Mitrou-Long,2018,JAZZ,S2,unresolved,"[2017-09-13, 2017-10-14)",repeat-signing-continues-open-stint; stint-entirely-outside-team-season-window(stands-on-transactions-alone)
mixst01,Steve Mix,1971,PISTONS,S2,unresolved,,no-dated-evidence(membership-season-only; S1-window-missing-or-season-past-2022-23)
mobleev01,Evan Mobley,2024,CAVALIERS,S2,unresolved,,no-dated-evidence(membership-season-only; S1-window-missing-or-season-past-2022-23)
mobleev01,Evan Mobley,2025,CAVALIERS,S2,unresolved,,no-dated-evidence(membership-season-only; S1-window-missing-or-season-past-2022-23)
mobleev01,Evan Mobley,2026,CAVALIERS,S2,unresolved,,no-dated-evidence(membership-season-only; S1-window-missing-or-season-past-2022-23)
mobleis01,Isaiah Mobley,2024,CAVALIERS,S2,unresolved,,no-season-window(S1-game-table-ends-2022-23-or-season-absent-from-S1); open-stint-without-window
mobleis01,Isaiah Mobley,2025,76ERS,S2,unresolved,"[2024-09-30, 2024-10-16)",open-stint-without-window
mogbojo01,Jonathan Mogbo,2025,RAPTORS,S2,unresolved,,no-season-window(S1-game-table-ends-2022-23-or-season-absent-from-S1); open-stint-without-window
mogbojo01,Jonathan Mogbo,2026,RAPTORS,S2,unresolved,,no-dated-evidence(membership-season-only; S1-window-missing-or-season-past-2022-23)
mogusle01,Leo Mogus,1949,BULLETS-DEFUNCT,S2,unresolved,"[1948-11-04, 1949-03-27)",multi-team-season(ordering-unresolved): player has dated moves to other franchises this season; bracket-only stint cannot be ordered against them
moisoje01,Jérôme Moïso,2005,RAPTORS,S2,unresolved,"[2004-11-03, 2005-04-21)",multi-team-season(ordering-unresolved): player has dated moves to other franchises this season; bracket-only stint cannot be ordered against them
monkma01,Malik Monk,2024,KINGS,S2,unresolved,,no-dated-evidence(membership-season-only; S1-window-missing-or-season-past-2022-23)
monkma01,Malik Monk,2025,KINGS,S2,unresolved,,no-season-window(S1-game-table-ends-2022-23-or-season-absent-from-S1); open-stint-without-window
monkma01,Malik Monk,2026,KINGS,S2,unresolved,,no-dated-evidence(membership-season-only; S1-window-missing-or-season-past-2022-23)
monroea01,Earl Monroe,1972,WIZARDS,S2,unresolved,,flagged-transaction-legs(team-unresolved)
monroea01,Earl Monroe,1972,KNICKS,S2,unresolved,,flagged-transaction-legs(team-unresolved)
monroea01,Earl Monroe,1976,KNICKS,S2,unresolved,,no-dated-evidence(membership-season-only; S1-window-missing-or-season-past-2022-23)
monroea01,Earl Monroe,1977,KNICKS,S2,unresolved,,no-dated-evidence(membership-season-only; S1-window-missing-or-season-past-2022-23)
monrogr01,Greg Monroe,2013,PISTONS,S2,unresolved,,no-dated-evidence(membership-season-only; S1-window-missing-or-season-past-2022-23)
moodymo01,Moses Moody,2024,WARRIORS,S2,unresolved,,no-dated-evidence(membership-season-only; S1-window-missing-or-season-past-2022-23)
moodymo01,Moses Moody,2025,WARRIORS,S2,unresolved,,no-dated-evidence(membership-season-only; S1-window-missing-or-season-past-2022-23)
moodymo01,Moses Moody,2026,WARRIORS,S2,unresolved,,no-dated-evidence(membership-season-only; S1-window-missing-or-season-past-2022-23)
moonxa01,Xavier Moon,2023,CLIPPERS,S2,unresolved,"[2022-07-08, 2022-10-13)",stint-entirely-outside-team-season-window(stands-on-transactions-alone)
moonxa01,Xavier Moon,2024,CLIPPERS,S2,unresolved,"[2023-09-19, 2023-10-21)",open-stint-without-window
moorebe01,Ben Moore,2018,PACERS,S2,unresolved,"[2017-08-15, 2017-10-14)",stint-entirely-outside-team-season-window(stands-on-transactions-alone)
mooreet01,E'Twaun Moore,2013,MAGIC,S2,unresolved,,no-season-window(S1-game-table-ends-2022-23-or-season-absent-from-S1); open-stint-without-window
mooreja01,Jackie Moore,1955,HAWKS,S2,unresolved,"[1954-10-30, 1955-03-15)",multi-team-season(ordering-unresolved): player has dated moves to other franchises this season; bracket-only stint cannot be ordered against them
mooreja01,Jackie Moore,1955,76ERS,S2,unresolved,"[1954-10-31, 1955-04-11)",multi-team-season(ordering-unresolved): player has dated moves to other franchises this season; bracket-only stint cannot be ordered against them
mooremi01,Mikki Moore,2003,HAWKS,S2,unresolved,"[2003-04-14, 2003-04-17)","appearance-count-conflict(S2-player-games=5,S1-season-games=82,S2-team-games=82,interval-capacity=2,departure-day-allowance=0,missing-games-allowance=0,capacity-upper-bound=2)"
mooremi01,Mikki Moore,2009,KINGS,S2,unresolved,"[2008-10-29, 2009-04-16)",multi-team-season(ordering-unresolved): player has dated moves to other franchises this season; bracket-only stint cannot be ordered against them
mooreot01,Otto Moore,1971,PISTONS,S2,unresolved,,"no-season-window(S1-game-table-ends-2022-23-or-season-absent-from-S1); departure-after-closed-stint(prior-spell-exit,or-source-noise)"
mooreot01,Otto Moore,1976,JAZZ,S2,unresolved,,no-dated-evidence(membership-season-only; S1-window-missing-or-season-past-2022-23)
mooreot01,Otto Moore,1977,JAZZ,S2,unresolved,,no-dated-evidence(membership-season-only; S1-window-missing-or-season-past-2022-23)
mooreta02,Taze Moore,2024,TRAIL BLAZERS,S2,unresolved,,no-season-window(S1-game-table-ends-2022-23-or-season-absent-from-S1); open-stint-without-window; repeat-signing-continues-open-stint
moorewe01,Wendell Moore Jr.,2024,TIMBERWOLVES,S2,unresolved,,no-dated-evidence(membership-season-only; S1-window-missing-or-season-past-2022-23)
moorewe01,Wendell Moore Jr.,2025,BOBCATS-HORNETS2,S2,unresolved,,no-season-window(S1-game-table-ends-2022-23-or-season-absent-from-S1); open-stint-without-window
moorewe01,Wendell Moore Jr.,2026,PISTONS,S2,unresolved,,no-season-window(S1-game-table-ends-2022-23-or-season-absent-from-S1); open-stint-without-window
moralal01,Alex Morales,2026,MAGIC,S2,unresolved,"[2025-09-25, 2025-10-13)",open-stint-without-window
moranja01,Ja Morant,2024,GRIZZLIES,S2,unresolved,,no-dated-evidence(membership-season-only; S1-window-missing-or-season-past-2022-23)
moranja01,Ja Morant,2025,GRIZZLIES,S2,unresolved,,no-dated-evidence(membership-season-only; S1-window-missing-or-season-past-2022-23)
moranja01,Ja Morant,2026,GRIZZLIES,S2,unresolved,,no-dated-evidence(membership-season-only; S1-window-missing-or-season-past-2022-23)
moreler01,Eric Moreland,2016,KINGS,S2,unresolved,"[2015-09-09, 2016-04-14)","departure-after-closed-stint(prior-spell-exit,or-source-noise)"
moreler01,Eric Moreland,2019,RAPTORS,S2,unresolved,"[2018-09-21, 2018-10-13)",repeat-signing-continues-open-stint; stint-entirely-outside-team-season-window(stands-on-transactions-alone)
morelja01,Jackie Moreland,1961,PISTONS,S2,unresolved,,no-dated-evidence(membership-season-only; S1-window-missing-or-season-past-2022-23)
morgaju01,Juwan Morgan,2020,JAZZ,S2,unresolved,"[2019-08-21, 2019-10-17)",stint-entirely-outside-team-season-window(stands-on-transactions-alone)
morgaju01,Juwan Morgan,2022,CELTICS,S2,unresolved,"[2021-09-14, 2021-10-15)",repeat-signing-continues-open-stint; stint-entirely-outside-team-season-window(stands-on-transactions-alone)
morgare01,Rex Morgan,1971,CELTICS,S2,unresolved,,no-dated-evidence(membership-season-only; S1-window-missing-or-season-past-2022-23)
morrida01,Darius Morris,2014,CLIPPERS,S2,unresolved,"[2013-10-29, 2014-05-16)",multi-team-season(ordering-unresolved): player has dated moves to other franchises this season; bracket-only stint cannot be ordered against them
morrida01,Darius Morris,2014,76ERS,S2,unresolved,"[2013-10-30, 2014-04-17)",multi-team-season(ordering-unresolved): player has dated moves to other franchises this season; bracket-only stint cannot be ordered against them
morrija01,Jaylen Morris,2022,SPURS,S2,unresolved,"[2021-10-07, 2021-10-09)",stint-entirely-outside-team-season-window(stands-on-transactions-alone)
morrima02,Markieff Morris,2013,SUNS,S2,unresolved,,no-dated-evidence(membership-season-only; S1-window-missing-or-season-past-2022-23)
morrima02,Markieff Morris,2024,MAVERICKS,S2,unresolved,,no-season-window(S1-game-table-ends-2022-23-or-season-absent-from-S1); open-stint-without-window
morrima02,Markieff Morris,2025,LAKERS,S2,unresolved,,no-season-window(S1-game-table-ends-2022-23-or-season-absent-from-S1); open-stint-without-window
morrima03,Marcus Morris,2013,ROCKETS,S2,unresolved,,"departure-after-closed-stint(prior-spell-exit,or-source-noise)"
morrima03,Marcus Morris,2013,SUNS,S2,unresolved,,no-season-window(S1-game-table-ends-2022-23-or-season-absent-from-S1); open-stint-without-window
morrima03,Marcus Morris,2024,CAVALIERS,S2,unresolved,,no-season-window(S1-game-table-ends-2022-23-or-season-absent-from-S1); open-stint-without-window; repeat-signing-continues-open-stint
morrimo01,Monte Morris,2019,NUGGETS,S2,unresolved,,"same-day-arrival-and-departure(ordering-flagged); interval-construction-failed(bound-outside-season-context,start=26587,end=26503)"
morrimo01,Monte Morris,2024,TIMBERWOLVES,S2,unresolved,,no-season-window(S1-game-table-ends-2022-23-or-season-absent-from-S1); open-stint-without-window
morrimo01,Monte Morris,2025,SUNS,S2,unresolved,,no-season-window(S1-game-table-ends-2022-23-or-season-absent-from-S1); open-stint-without-window
morroan01,Anthony Morrow,2013,HAWKS,S2,unresolved,"[2012-07-11, 2013-02-21)",stint-entirely-outside-team-season-window(stands-on-transactions-alone)
morroan01,Anthony Morrow,2013,MAVERICKS,S2,unresolved,,no-season-window(S1-game-table-ends-2022-23-or-season-absent-from-S1); open-stint-without-window
moultar01,Arnett Moultrie,2013,76ERS,S2,unresolved,,no-dated-evidence(membership-season-only; S1-window-missing-or-season-past-2022-23)
mueller01,Erwin Mueller,1971,PISTONS,S2,unresolved,,no-dated-evidence(membership-season-only; S1-window-missing-or-season-past-2022-23)
mulleby01,Byron Mullens,2013,BOBCATS-HORNETS2,S2,unresolved,,no-dated-evidence(membership-season-only; S1-window-missing-or-season-past-2022-23)
munfoxa02,Xavier Munford,2018,BUCKS,S2,unresolved,"[2017-10-05, 2017-10-12)",stint-entirely-outside-team-season-window(stands-on-transactions-alone)
murkead01,Ade Murkey,2022,KINGS,S2,unresolved,"[2021-10-12, 2021-10-14)",stint-entirely-outside-team-season-window(stands-on-transactions-alone)
murphal01,Allen Murphy,1977,LAKERS,S2,unresolved,"[1976-10-04, 1976-11-02)",stint-entirely-outside-team-season-window(stands-on-transactions-alone)
murphca01,Calvin Murphy,1971,ROCKETS,S2,unresolved,,no-dated-evidence(membership-season-only; S1-window-missing-or-season-past-2022-23)
murphca01,Calvin Murphy,1976,ROCKETS,S2,unresolved,,no-dated-evidence(membership-season-only; S1-window-missing-or-season-past-2022-23)
murphke01,Kevin Murphy,2013,JAZZ,S2,unresolved,,no-dated-evidence(membership-season-only; S1-window-missing-or-season-past-2022-23)
murphtr02,Trey Murphy III,2024,HORNETS-PELICANS,S2,unresolved,,no-dated-evidence(membership-season-only; S1-window-missing-or-season-past-2022-23)
murphtr02,Trey Murphy III,2025,HORNETS-PELICANS,S2,unresolved,,no-dated-evidence(membership-season-only; S1-window-missing-or-season-past-2022-23)
murphtr02,Trey Murphy III,2026,HORNETS-PELICANS,S2,unresolved,,no-dated-evidence(membership-season-only; S1-window-missing-or-season-past-2022-23)
murraco01,Collin Murray-Boyles,2026,RAPTORS,S2,unresolved,,no-season-window(S1-game-table-ends-2022-23-or-season-absent-from-S1); open-stint-without-window
murrade01,Dejounte Murray,2024,HAWKS,S2,unresolved,,no-dated-evidence(membership-season-only; S1-window-missing-or-season-past-2022-23)
murrade01,Dejounte Murray,2025,HORNETS-PELICANS,S2,unresolved,,no-season-window(S1-game-table-ends-2022-23-or-season-absent-from-S1); open-stint-without-window
murrade01,Dejounte Murray,2026,HORNETS-PELICANS,S2,unresolved,,no-dated-evidence(membership-season-only; S1-window-missing-or-season-past-2022-23)
murraja01,Jamal Murray,2024,NUGGETS,S2,unresolved,,no-dated-evidence(membership-season-only; S1-window-missing-or-season-past-2022-23)
murraja01,Jamal Murray,2025,NUGGETS,S2,unresolved,,no-dated-evidence(membership-season-only; S1-window-missing-or-season-past-2022-23)
murraja01,Jamal Murray,2026,NUGGETS,S2,unresolved,,no-dated-evidence(membership-season-only; S1-window-missing-or-season-past-2022-23)
murrake02,Keegan Murray,2024,KINGS,S2,unresolved,,no-dated-evidence(membership-season-only; S1-window-missing-or-season-past-2022-23)
murrake02,Keegan Murray,2025,KINGS,S2,unresolved,,no-dated-evidence(membership-season-only; S1-window-missing-or-season-past-2022-23)
murrake02,Keegan Murray,2026,KINGS,S2,unresolved,,no-dated-evidence(membership-season-only; S1-window-missing-or-season-past-2022-23)
murrakr01,Kris Murray,2024,TRAIL BLAZERS,S2,unresolved,,no-season-window(S1-game-table-ends-2022-23-or-season-absent-from-S1); open-stint-without-window
murrakr01,Kris Murray,2025,TRAIL BLAZERS,S2,unresolved,,no-dated-evidence(membership-season-only; S1-window-missing-or-season-past-2022-23)
murrakr01,Kris Murray,2026,TRAIL BLAZERS,S2,unresolved,,no-dated-evidence(membership-season-only; S1-window-missing-or-season-past-2022-23)
murratr01,Tracy Murray,1993,TRAIL BLAZERS,S2,unresolved,,same-day-arrival-to-multiple-franchises(ordering-unresolved)
murredo01,Dorie Murrey,1967,PISTONS,S2,unresolved,,no-dated-evidence(membership-season-only; S1-window-missing-or-season-past-2022-23)
murredo01,Dorie Murrey,1971,WIZARDS,S2,unresolved,,flagged-transaction-legs(team-unresolved)
murredo01,Dorie Murrey,1971,TRAIL BLAZERS,S2,unresolved,,no-season-window(S1-game-table-ends-2022-23-or-season-absent-from-S1); flagged-transaction-legs(team-unresolved)
muscami01,Mike Muscala,2024,THUNDER,S2,unresolved,,no-season-window(S1-game-table-ends-2022-23-or-season-absent-from-S1); open-stint-without-window
muscami01,Mike Muscala,2024,WIZARDS,S2,unresolved,,"no-season-window(S1-game-table-ends-2022-23-or-season-absent-from-S1); departure-after-closed-stint(prior-spell-exit,or-source-noise)"
myerspe01,Pete Myers,1990,KNICKS,S2,unresolved,"[1989-11-03, 1990-02-23)","departure-after-closed-stint(prior-spell-exit,or-source-noise)"
myerspe01,Pete Myers,1996,HORNETS-PELICANS,S2,unresolved,"[1995-10-03, 1995-11-03)",stint-entirely-outside-team-season-window(stands-on-transactions-alone)
mykhasv01,Svi Mykhailiuk,2024,CELTICS,S2,unresolved,,no-season-window(S1-game-table-ends-2022-23-or-season-absent-from-S1); open-stint-without-window
mykhasv01,Svi Mykhailiuk,2025,JAZZ,S2,unresolved,,no-season-window(S1-game-table-ends-2022-23-or-season-absent-from-S1); open-stint-without-window
mykhasv01,Svi Mykhailiuk,2026,JAZZ,S2,unresolved,,no-dated-evidence(membership-season-only; S1-window-missing-or-season-past-2022-23)
nancela02,Larry Nance Jr.,2024,HORNETS-PELICANS,S2,unresolved,,no-dated-evidence(membership-season-only; S1-window-missing-or-season-past-2022-23)
nancela02,Larry Nance Jr.,2025,HAWKS,S2,unresolved,,no-season-window(S1-game-table-ends-2022-23-or-season-absent-from-S1); open-stint-without-window
nancela02,Larry Nance Jr.,2026,CAVALIERS,S2,unresolved,,no-season-window(S1-game-table-ends-2022-23-or-season-absent-from-S1); open-stint-without-window
nancepe01,Pete Nance,2024,CAVALIERS,S2,unresolved,"[2023-09-13, 2023-10-21)",open-stint-without-window
nancepe01,Pete Nance,2025,BUCKS,S2,unresolved,,no-season-window(S1-game-table-ends-2022-23-or-season-absent-from-S1); open-stint-without-window
nancepe01,Pete Nance,2026,BUCKS,S2,unresolved,,no-dated-evidence(membership-season-only; S1-window-missing-or-season-past-2022-23)
nashco01,Cotton Nash,1965,LAKERS,S2,unresolved,"[1964-10-17, 1965-03-21)",multi-team-season(ordering-unresolved): player has dated moves to other franchises this season; bracket-only stint cannot be ordered against them
natersw01,Swen Nater,1977,BUCKS,S2,unresolved,,"no-season-window(S1-game-table-ends-2022-23-or-season-absent-from-S1); departure-after-closed-stint(prior-spell-exit,or-source-noise)"
naullwi01,Willie Naulls,1957,KNICKS,S2,unresolved,"[1956-12-12, 1957-03-14)","appearance-count-conflict(S2-player-games=52,S1-season-games=72,S2-team-games=72,interval-capacity=51,departure-day-allowance=0,missing-games-allowance=0,capacity-upper-bound=51)"
naullwi01,Willie Naulls,1961,KNICKS,S2,unresolved,,no-dated-evidence(membership-season-only; S1-window-missing-or-season-past-2022-23)
naullwi01,Willie Naulls,1962,KNICKS,S2,unresolved,,no-dated-evidence(membership-season-only; S1-window-missing-or-season-past-2022-23)
nealji01,Jim Neal,1955,BULLETS-DEFUNCT,S2,unresolved,,no-dated-evidence(membership-season-only; S1-window-missing-or-season-past-2022-23)
nealll01,Lloyd Neal,1976,TRAIL BLAZERS,S2,unresolved,,no-dated-evidence(membership-season-only; S1-window-missing-or-season-past-2022-23)
nelsodo01,Don Nelson,1964,LAKERS,S2,unresolved,,flagged-transaction-legs(team-unresolved)
nelsodo01,Don Nelson,1971,CELTICS,S2,unresolved,,no-dated-evidence(membership-season-only; S1-window-missing-or-season-past-2022-23)
nelsogr02,Grant Nelson,2026,NETS,S2,unresolved,"[2025-10-15, 2025-10-18)",open-stint-without-window
nelsoja01,Jameer Nelson,2013,MAGIC,S2,unresolved,,no-dated-evidence(membership-season-only; S1-window-missing-or-season-past-2022-23)
nelsolo01,Louie Nelson,1976,JAZZ,S2,unresolved,,no-dated-evidence(membership-season-only; S1-window-missing-or-season-past-2022-23)
nelsolo01,Louie Nelson,1977,SPURS,S2,unresolved,"[1976-11-04, 1976-11-17)",stint-entirely-outside-team-season-window(stands-on-transactions-alone)
nembhan01,Andrew Nembhard,2024,PACERS,S2,unresolved,,no-dated-evidence(membership-season-only; S1-window-missing-or-season-past-2022-23)
nembhan01,Andrew Nembhard,2025,PACERS,S2,unresolved,,no-dated-evidence(membership-season-only; S1-window-missing-or-season-past-2022-23)
nembhan01,Andrew Nembhard,2026,PACERS,S2,unresolved,,no-dated-evidence(membership-season-only; S1-window-missing-or-season-past-2022-23)
nembhru01,Ruben Nembhard,1997,JAZZ,S2,unresolved,"[1996-10-02, 1996-10-29)",stint-entirely-outside-team-season-window(stands-on-transactions-alone)
nembhry01,Ryan Nembhard,2026,MAVERICKS,S2,unresolved,,no-season-window(S1-game-table-ends-2022-23-or-season-absent-from-S1); open-stint-without-window
nesmiaa01,Aaron Nesmith,2024,PACERS,S2,unresolved,,no-dated-evidence(membership-season-only; S1-window-missing-or-season-past-2022-23)
nesmiaa01,Aaron Nesmith,2025,PACERS,S2,unresolved,,no-dated-evidence(membership-season-only; S1-window-missing-or-season-past-2022-23)
nesmiaa01,Aaron Nesmith,2026,PACERS,S2,unresolved,,no-dated-evidence(membership-season-only; S1-window-missing-or-season-past-2022-23)
neumajo01,Johnny Neumann,1977,CLIPPERS,S2,unresolved,"[1976-09-22, 1976-11-09)",open-stint-without-window
nevitch01,Chuck Nevitt,1983,ROCKETS,S2,unresolved,,"arrival-after-window-end(next-season-move); departure-after-closed-stint(prior-spell-exit,or-source-noise)"
nevitch01,Chuck Nevitt,1992,BULLS,S2,unresolved,"[1991-10-02, 1991-10-30)",stint-entirely-outside-team-season-window(stands-on-transactions-alone)
newblir01,Ira Newble,2002,HAWKS,S2,unresolved,"[2001-10-01, 2001-10-24)","stint-entirely-outside-team-season-window(stands-on-transactions-alone); appearance-count-conflict(S2-player-games=42,S1-season-games=82,S2-team-games=82,interval-capacity=41,departure-day-allowance=0,missing-games-allowance=0,capacity-upper-bound=41)"
newblir01,Ira Newble,2002,HAWKS,S2,unresolved,"[2002-01-23, 2002-04-18)","appearance-count-conflict(S2-player-games=42,S1-season-games=82,S2-team-games=82,interval-capacity=41,departure-day-allowance=0,missing-games-allowance=0,capacity-upper-bound=41)"
newelas01,Asa Newell,2026,HAWKS,S2,unresolved,,no-season-window(S1-game-table-ends-2022-23-or-season-absent-from-S1); open-stint-without-window
newlimi01,Mike Newlin,1976,ROCKETS,S2,unresolved,,no-dated-evidence(membership-season-only; S1-window-missing-or-season-past-2022-23)
newmada01,Dave Newmark,1970,HAWKS,S2,unresolved,,same-day-arrival-to-multiple-franchises(ordering-unresolved)
newmama01,Malik Newman,2020,CAVALIERS,S2,unresolved,"[2019-08-06, 2019-09-04)",stint-entirely-outside-team-season-window(stands-on-transactions-alone)
newtotr01,Tristen Newton,2025,PACERS,S2,unresolved,"[2024-07-27, 2025-01-01)","departure-after-closed-stint(prior-spell-exit,or-source-noise)"
newtotr01,Tristen Newton,2025,TIMBERWOLVES,S2,unresolved,,no-season-window(S1-game-table-ends-2022-23-or-season-absent-from-S1); open-stint-without-window
newtotr01,Tristen Newton,2026,ROCKETS,S2,unresolved,,no-season-window(S1-game-table-ends-2022-23-or-season-absent-from-S1); open-stint-without-window
nfalyda01,N'Faly Dante,2025,ROCKETS,S2,unresolved,,no-season-window(S1-game-table-ends-2022-23-or-season-absent-from-S1); open-stint-without-window
niangge01,Georges Niang,2024,CAVALIERS,S2,unresolved,,no-season-window(S1-game-table-ends-2022-23-or-season-absent-from-S1); open-stint-without-window
niangge01,Georges Niang,2025,HAWKS,S2,unresolved,,no-season-window(S1-game-table-ends-2022-23-or-season-absent-from-S1); open-stint-without-window
niangge01,Georges Niang,2025,CAVALIERS,S2,unresolved,,"no-season-window(S1-game-table-ends-2022-23-or-season-absent-from-S1); departure-after-closed-stint(prior-spell-exit,or-source-noise)"
nichoan01,Andrew Nicholson,2013,MAGIC,S2,unresolved,,no-dated-evidence(membership-season-only; S1-window-missing-or-season-past-2022-23)
nichode01,Demetris Nichols,2009,BULLS,S2,unresolved,"[2008-10-28, 2009-05-03)",multi-team-season(ordering-unresolved): player has dated moves to other franchises this season; bracket-only stint cannot be ordered against them
nixda01,Daishen Nix,2024,TIMBERWOLVES,S2,unresolved,,no-season-window(S1-game-table-ends-2022-23-or-season-absent-from-S1); open-stint-without-window; repeat-signing-continues-open-stint
nnajize01,Zeke Nnaji,2024,NUGGETS,S2,unresolved,,no-dated-evidence(membership-season-only; S1-window-missing-or-season-past-2022-23)
nnajize01,Zeke Nnaji,2025,NUGGETS,S2,unresolved,,no-dated-evidence(membership-season-only; S1-window-missing-or-season-past-2022-23)
nnajize01,Zeke Nnaji,2026,NUGGETS,S2,unresolved,,no-dated-evidence(membership-season-only; S1-window-missing-or-season-past-2022-23)
noblech01,Chuck Noble,1961,PISTONS,S2,unresolved,,no-dated-evidence(membership-season-only; S1-window-missing-or-season-past-2022-23)
nordmbe01,Bevo Nordmann,1963,HAWKS,S2,unresolved,"[1962-10-20, 1963-04-12)",multi-team-season(ordering-unresolved): player has dated moves to other franchises this season; bracket-only stint cannot be ordered against them
nordmbe01,Bevo Nordmann,1964,KNICKS,S2,unresolved,"[1963-10-17, 1963-11-12)",fuzzy-dated-rows-bear-on-this-tenure(fuzzy-not-guessed)
nordmbe01,Bevo Nordmann,1964,HAWKS,S2,unresolved,,fuzzy-dated-rows-bear-on-this-tenure
norrimi01,Miles Norris,2025,CELTICS,S2,unresolved,,no-season-window(S1-game-table-ends-2022-23-or-season-absent-from-S1); open-stint-without-window
norwowi01,Willie Norwood,1977,THUNDER,S2,unresolved,,no-dated-evidence(membership-season-only; S1-window-missing-or-season-past-2022-23)
nostrge01,George Nostrand,1948,STEAMROLLERS,S2,unresolved,,flagged-transaction-legs(team-unresolved)
nostrge01,George Nostrand,1949,STEAMROLLERS,S2,unresolved,"[1948-11-04, 1949-01-16)","same-day-game-order-unresolved(S2-player-games=33,S1-season-games=60,S2-team-games=60,interval-capacity=32,departure-day-allowance=1,missing-games-allowance=0,capacity-upper-bound=33)"
nostrge01,George Nostrand,1950,CELTICS,S2,unresolved,"[1949-11-03, 1950-03-18)",multi-team-season(ordering-unresolved): player has dated moves to other franchises this season; bracket-only stint cannot be ordered against them
noszkst01,Stan Noszka,1948,CELTICS,S2,unresolved,,flagged-transaction-legs(team-unresolved)
nowelja01,Jaylen Nowell,2024,PISTONS,S2,unresolved,,no-season-window(S1-game-table-ends-2022-23-or-season-absent-from-S1); open-stint-without-window; repeat-signing-continues-open-stint
nowelja01,Jaylen Nowell,2024,GRIZZLIES,S2,unresolved,,no-season-window(S1-game-table-ends-2022-23-or-season-absent-from-S1); open-stint-without-window; repeat-signing-continues-open-stint
nowitdi01,Dirk Nowitzki,2013,MAVERICKS,S2,unresolved,,no-dated-evidence(membership-season-only; S1-window-missing-or-season-past-2022-23)
nurkiju01,Jusuf Nurkić,2024,SUNS,S2,unresolved,,no-season-window(S1-game-table-ends-2022-23-or-season-absent-from-S1); open-stint-without-window
nurkiju01,Jusuf Nurkić,2025,SUNS,S2,unresolved,,"no-season-window(S1-game-table-ends-2022-23-or-season-absent-from-S1); departure-after-closed-stint(prior-spell-exit,or-source-noise)"
nurkiju01,Jusuf Nurkić,2026,JAZZ,S2,unresolved,,no-dated-evidence(membership-season-only; S1-window-missing-or-season-past-2022-23)
nuttde01,Dennis Nutt,1987,MAVERICKS,S2,unresolved,"[1986-09-25, 1986-10-28)",stint-entirely-outside-team-season-window(stands-on-transactions-alone)
nworajo01,Jordan Nwora,2024,PACERS,S2,unresolved,,"no-season-window(S1-game-table-ends-2022-23-or-season-absent-from-S1); departure-after-closed-stint(prior-spell-exit,or-source-noise)"
nworajo01,Jordan Nwora,2024,RAPTORS,S2,unresolved,,no-season-window(S1-game-table-ends-2022-23-or-season-absent-from-S1); open-stint-without-window
obannch01,Charles O'Bannon,1999,PISTONS,S2,unresolved,"[1999-01-26, 1999-05-17)","departure-after-closed-stint(prior-spell-exit,or-source-noise)"
obertfa01,Fabricio Oberto,2009,SPURS,S2,unresolved,,same-day-arrival-to-multiple-franchises(ordering-unresolved)
obriejj01,J.J. O'Brien,2016,JAZZ,S2,unresolved,"[2015-08-28, 2015-10-13)",stint-entirely-outside-team-season-window(stands-on-transactions-alone)
obriera01,Ralph O'Brien,1953,OLYMPIANS,S2,unresolved,"[1952-10-31, 1953-01-14)","departure-after-closed-stint(prior-spell-exit,or-source-noise)"
oconnde01,Dermie O'Connell,1950,BOMBERS,S2,unresolved,"[1949-11-01, 1950-03-20)",multi-team-season(ordering-unresolved): player has dated moves to other franchises this season; bracket-only stint cannot be ordered against them
odurojo01,Josh Oduro,2026,HORNETS-PELICANS,S2,unresolved,"[2025-10-08, 2025-10-13)",open-stint-without-window
ohldo01,Don Ohl,1961,PISTONS,S2,unresolved,,no-dated-evidence(membership-season-only; S1-window-missing-or-season-past-2022-23)
ohldo01,Don Ohl,1964,PISTONS,S2,unresolved,,flagged-transaction-legs(team-unresolved)
ohldo01,Don Ohl,1967,WIZARDS,S2,unresolved,,no-dated-evidence(membership-season-only; S1-window-missing-or-season-past-2022-23)
ohldo01,Don Ohl,1968,WIZARDS,S2,unresolved,,flagged-transaction-legs(team-unresolved)
ohldo01,Don Ohl,1968,HAWKS,S2,unresolved,,flagged-transaction-legs(team-unresolved)
okafoem01,Emeka Okafor,2013,WIZARDS,S2,unresolved,,no-dated-evidence(membership-season-only; S1-window-missing-or-season-past-2022-23)
okafoja01,Jahlil Okafor,2025,PACERS,S2,unresolved,,same-day-arrival-and-departure(ordering-flagged); no-season-window(S1-game-table-ends-2022-23-or-season-absent-from-S1); open-stint-without-window
okanito01,Toby Okani,2026,GRIZZLIES,S2,unresolved,,no-season-window(S1-game-table-ends-2022-23-or-season-absent-from-S1); open-stint-without-window
okekech01,Chuma Okeke,2024,MAGIC,S2,unresolved,,no-dated-evidence(membership-season-only; S1-window-missing-or-season-past-2022-23)
okekech01,Chuma Okeke,2025,CAVALIERS,S2,unresolved,,no-season-window(S1-game-table-ends-2022-23-or-season-absent-from-S1); open-stint-without-window
okekech01,Chuma Okeke,2025,76ERS,S2,unresolved,"[2025-02-07, 2025-02-13)",open-stint-without-window
okogijo01,Josh Okogie,2024,SUNS,S2,unresolved,,no-season-window(S1-game-table-ends-2022-23-or-season-absent-from-S1); open-stint-without-window
okogijo01,Josh Okogie,2025,BOBCATS-HORNETS2,S2,unresolved,,no-season-window(S1-game-table-ends-2022-23-or-season-absent-from-S1); open-stint-without-window
okogijo01,Josh Okogie,2026,ROCKETS,S2,unresolved,,no-season-window(S1-game-table-ends-2022-23-or-season-absent-from-S1); open-stint-without-window
okongon01,Onyeka Okongwu,2024,HAWKS,S2,unresolved,,no-dated-evidence(membership-season-only; S1-window-missing-or-season-past-2022-23)
okongon01,Onyeka Okongwu,2025,HAWKS,S2,unresolved,,no-dated-evidence(membership-season-only; S1-window-missing-or-season-past-2022-23)
okongon01,Onyeka Okongwu,2026,HAWKS,S2,unresolved,,no-dated-evidence(membership-season-only; S1-window-missing-or-season-past-2022-23)
okoremi01,Mike O'Koren,1988,NETS,S2,unresolved,"[1987-11-06, 1988-04-24)",multi-team-season(ordering-unresolved): player has dated moves to other franchises this season; bracket-only stint cannot be ordered against them
okorois01,Isaac Okoro,2024,CAVALIERS,S2,unresolved,,no-dated-evidence(membership-season-only; S1-window-missing-or-season-past-2022-23)
okorois01,Isaac Okoro,2025,CAVALIERS,S2,unresolved,,no-season-window(S1-game-table-ends-2022-23-or-season-absent-from-S1); open-stint-without-window
okorois01,Isaac Okoro,2026,BULLS,S2,unresolved,,no-season-window(S1-game-table-ends-2022-23-or-season-absent-from-S1); open-stint-without-window
olbrila01,Lachlan Olbrich,2026,BULLS,S2,unresolved,,no-season-window(S1-game-table-ends-2022-23-or-season-absent-from-S1); open-stint-without-window
oleynfr01,Frank Oleynick,1977,THUNDER,S2,unresolved,,no-dated-evidence(membership-season-only; S1-window-missing-or-season-past-2022-23)
oliveji01,Jimmy Oliver,1994,CELTICS,S2,unresolved,,fuzzy-dated-rows-bear-on-this-tenure
olynyke01,Kelly Olynyk,2024,RAPTORS,S2,unresolved,,no-season-window(S1-game-table-ends-2022-23-or-season-absent-from-S1); open-stint-without-window
olynyke01,Kelly Olynyk,2024,JAZZ,S2,unresolved,,"no-season-window(S1-game-table-ends-2022-23-or-season-absent-from-S1); departure-after-closed-stint(prior-spell-exit,or-source-noise)"
olynyke01,Kelly Olynyk,2025,HORNETS-PELICANS,S2,unresolved,,no-season-window(S1-game-table-ends-2022-23-or-season-absent-from-S1); open-stint-without-window
olynyke01,Kelly Olynyk,2025,RAPTORS,S2,unresolved,,"no-season-window(S1-game-table-ends-2022-23-or-season-absent-from-S1); departure-after-closed-stint(prior-spell-exit,or-source-noise)"
olynyke01,Kelly Olynyk,2026,SPURS,S2,unresolved,,no-season-window(S1-game-table-ends-2022-23-or-season-absent-from-S1); open-stint-without-window
omierno01,Norchad Omier,2026,CLIPPERS,S2,unresolved,,no-season-window(S1-game-table-ends-2022-23-or-season-absent-from-S1); open-stint-without-window
omorueu01,Eugene Omoruyi,2024,WIZARDS,S2,unresolved,,no-season-window(S1-game-table-ends-2022-23-or-season-absent-from-S1); open-stint-without-window
onealje01,Jermaine O'Neal,2013,SUNS,S2,unresolved,,no-season-window(S1-game-table-ends-2022-23-or-season-absent-from-S1); open-stint-without-window
onealro01,Royce O'Neale,2020,JAZZ,S2,unresolved,"[2020-01-19, 2020-09-02)","appearance-count-conflict(S2-player-games=71,S1-season-games=72,S2-team-games=72,interval-capacity=30,departure-day-allowance=0,missing-games-allowance=0,capacity-upper-bound=30)"
onealro01,Royce O'Neale,2024,NETS,S2,unresolved,,"no-season-window(S1-game-table-ends-2022-23-or-season-absent-from-S1); departure-after-closed-stint(prior-spell-exit,or-source-noise)"
onealro01,Royce O'Neale,2024,SUNS,S2,unresolved,,no-season-window(S1-game-table-ends-2022-23-or-season-absent-from-S1); open-stint-without-window
onealro01,Royce O'Neale,2025,SUNS,S2,unresolved,,no-season-window(S1-game-table-ends-2022-23-or-season-absent-from-S1); open-stint-without-window
onealro01,Royce O'Neale,2026,SUNS,S2,unresolved,,no-dated-evidence(membership-season-only; S1-window-missing-or-season-past-2022-23)
oquinky01,Kyle O'Quinn,2013,MAGIC,S2,unresolved,,no-dated-evidence(membership-season-only; S1-window-missing-or-season-past-2022-23)
orrjo01,Johnny Orr,1950,BOMBERS,S2,unresolved,"[1949-11-01, 1950-03-20)",multi-team-season(ordering-unresolved): player has dated moves to other franchises this season; bracket-only stint cannot be ordered against them
ortonda01,Daniel Orton,2013,THUNDER,S2,unresolved,"[2012-08-04, 2012-10-27)",stint-entirely-outside-team-season-window(stands-on-transactions-alone)
osmande01,Cedi Osman,2020,CAVALIERS,S2,unresolved,"[2019-10-26, 2020-03-11)","appearance-count-conflict(S2-player-games=65,S1-season-games=65,S2-team-games=65,interval-capacity=64,departure-day-allowance=0,missing-games-allowance=0,capacity-upper-bound=64)"
osmande01,Cedi Osman,2024,SPURS,S2,unresolved,,no-season-window(S1-game-table-ends-2022-23-or-season-absent-from-S1); open-stint-without-window
ostergr01,Greg Ostertag,2006,JAZZ,S2,unresolved,,same-day-arrival-to-multiple-franchises(ordering-unresolved)
ottendo01,Don Otten,1952,PISTONS,S2,unresolved,,fuzzy-dated-rows-bear-on-this-tenure
ottendo01,Don Otten,1952,HAWKS,S2,unresolved,"[1951-11-23, 1952-03-16)",fuzzy-dated-rows-bear-on-this-tenure(fuzzy-not-guessed)
oubreke01,Kelly Oubre Jr.,2024,76ERS,S2,unresolved,,no-season-window(S1-game-table-ends-2022-23-or-season-absent-from-S1); open-stint-without-window
oubreke01,Kelly Oubre Jr.,2025,76ERS,S2,unresolved,,no-season-window(S1-game-table-ends-2022-23-or-season-absent-from-S1); open-stint-without-window
oubreke01,Kelly Oubre Jr.,2026,76ERS,S2,unresolved,,no-dated-evidence(membership-season-only; S1-window-missing-or-season-past-2022-23)
outlatr01,Travis Outlaw,2013,KINGS,S2,unresolved,,no-dated-evidence(membership-season-only; S1-window-missing-or-season-past-2022-23)
overtdo01,Doug Overton,2001,CELTICS,S2,unresolved,"[2000-11-01, 2001-04-19)",multi-team-season(ordering-unresolved): player has dated moves to other franchises this season; bracket-only stint cannot be ordered against them
overtdo01,Doug Overton,2002,CLIPPERS,S2,unresolved,"[2002-03-14, 2002-04-18)","appearance-count-conflict(S2-player-games=18,S1-season-games=82,S2-team-games=82,interval-capacity=17,departure-day-allowance=0,missing-games-allowance=0,capacity-upper-bound=17)"
owensta01,Tariq Owens,2020,SUNS,S2,unresolved,"[2019-07-18, 2019-10-15)",stint-entirely-outside-team-season-window(stands-on-transactions-alone)
pachuza01,Zaza Pachulia,2004,MAGIC,S2,unresolved,,flagged-transaction-legs(team-unresolved)
packro01,Robert Pack,2004,NETS,S2,unresolved,"[2004-01-19, 2004-01-26)","appearance-count-conflict(S2-player-games=26,S1-season-games=82,S2-team-games=82,interval-capacity=4,departure-day-allowance=0,missing-games-allowance=0,capacity-upper-bound=4)"
palazto01,Togo Palazzi,1960,76ERS,S2,unresolved,"[1959-10-24, 1959-11-16)","departure-after-closed-stint(prior-spell-exit,or-source-noise)"
palmeji01,Jim Palmer,1961,KNICKS,S2,unresolved,,no-dated-evidence(membership-season-only; S1-window-missing-or-season-past-2022-23)
papanko01,Kostas Papanikolaou,2016,NUGGETS,S2,unresolved,"[2015-07-20, 2015-09-25)",stint-entirely-outside-team-season-window(stands-on-transactions-alone)
pargoja01,Jannero Pargo,2013,BOBCATS-HORNETS2,S2,unresolved,,no-season-window(S1-game-table-ends-2022-23-or-season-absent-from-S1); open-stint-without-window
parkeja01,Jabari Parker,2022,CELTICS,S2,unresolved,"[2021-10-19, 2022-01-07)","departure-after-closed-stint(prior-spell-exit,or-source-noise)"
parkme01,Med Park,1959,KINGS,S2,unresolved,"[1959-01-14, 1959-03-11)","appearance-count-conflict(S2-player-games=33,S1-season-games=72,S2-team-games=72,interval-capacity=32,departure-day-allowance=0,missing-games-allowance=0,capacity-upper-bound=32)"
pasecan01,Anžejs Pasečņiks,2020,WIZARDS,S2,unresolved,"[2019-10-16, 2019-10-19)",stint-entirely-outside-team-season-window(stands-on-transactions-alone)
pattela01,Lamar Patterson,2017,HAWKS,S2,unresolved,"[2017-01-29, 2017-02-26)","departure-after-closed-stint(prior-spell-exit,or-source-noise); departure-after-closed-stint(prior-spell-exit,or-source-noise); repeat-signing-continues-open-stint; repeat-signing-continues-open-stint"
pattepa01,Patrick Patterson,2013,ROCKETS,S2,unresolved,,"departure-after-closed-stint(prior-spell-exit,or-source-noise)"
pattepa01,Patrick Patterson,2013,KINGS,S2,unresolved,,no-season-window(S1-game-table-ends-2022-23-or-season-absent-from-S1); open-stint-without-window
pattest01,Steve Patterson,1976,BULLS,S2,unresolved,,no-season-window(S1-game-table-ends-2022-23-or-season-absent-from-S1); open-stint-without-window
pattest01,Steve Patterson,1976,CAVALIERS,S2,unresolved,,"departure-after-closed-stint(prior-spell-exit,or-source-noise)"
paulch01,Chris Paul,2025,SPURS,S2,unresolved,,no-season-window(S1-game-table-ends-2022-23-or-season-absent-from-S1); open-stint-without-window
paulkch01,Charlie Paulk,1971,KINGS,S2,unresolved,,"no-season-window(S1-game-table-ends-2022-23-or-season-absent-from-S1); departure-after-closed-stint(prior-spell-exit,or-source-noise)"
paulkch01,Charlie Paulk,1972,BULLS,S2,unresolved,"[1971-05-14, 1971-12-10)",fuzzy-dated-rows-bear-on-this-tenure(fuzzy-not-guessed)
paulkch01,Charlie Paulk,1972,KNICKS,S2,unresolved,"[1971-12-10, 1972-05-08)",fuzzy-dated-rows-bear-on-this-tenure(fuzzy-not-guessed)
paultbi01,Billy Paultz,1983,SPURS,S2,unresolved,"[1983-04-06, 1983-05-21)","appearance-count-conflict(S2-player-games=7,S1-season-games=82,S2-team-games=82,interval-capacity=6,departure-day-allowance=0,missing-games-allowance=0,capacity-upper-bound=6)"
pavloal01,Sasha Pavlović,2004,JAZZ,S2,unresolved,,flagged-transaction-legs(team-unresolved)
pavloal01,Sasha Pavlović,2013,TRAIL BLAZERS,S2,unresolved,,no-season-window(S1-game-table-ends-2022-23-or-season-absent-from-S1); open-stint-without-window
payneca01,Cameron Payne,2024,76ERS,S2,unresolved,,no-season-window(S1-game-table-ends-2022-23-or-season-absent-from-S1); open-stint-without-window
payneca01,Cameron Payne,2025,KNICKS,S2,unresolved,,no-season-window(S1-game-table-ends-2022-23-or-season-absent-from-S1); open-stint-without-window
paytoel01,Elfrid Payton,2021,KNICKS,S2,unresolved,"[2020-11-29, 2021-06-03)","departure-after-closed-stint(prior-spell-exit,or-source-noise)"
paytoel01,Elfrid Payton,2025,BOBCATS-HORNETS2,S2,unresolved,,no-season-window(S1-game-table-ends-2022-23-or-season-absent-from-S1); open-stint-without-window; repeat-signing-continues-open-stint
paytoel01,Elfrid Payton,2025,HORNETS-PELICANS,S2,unresolved,"[2024-10-10, 2024-10-16)",open-stint-without-window; repeat-signing-continues-open-stint; repeat-signing-continues-open-stint
paytoel01,Elfrid Payton,2025,HORNETS-PELICANS,S2,unresolved,"[2024-11-20, 2024-12-03)",open-stint-without-window; repeat-signing-continues-open-stint; repeat-signing-continues-open-stint
paytoga02,Gary Payton II,2018,BUCKS,S2,unresolved,"[2017-10-17, 2017-12-18)","departure-after-closed-stint(prior-spell-exit,or-source-noise)"
paytoga02,Gary Payton II,2022,WARRIORS,S2,unresolved,"[2021-10-19, 2022-06-17)","departure-after-closed-stint(prior-spell-exit,or-source-noise)"
paytoga02,Gary Payton II,2024,WARRIORS,S2,unresolved,,no-dated-evidence(membership-season-only; S1-window-missing-or-season-past-2022-23)
paytoga02,Gary Payton II,2025,WARRIORS,S2,unresolved,,no-dated-evidence(membership-season-only; S1-window-missing-or-season-past-2022-23)
paytoga02,Gary Payton II,2026,WARRIORS,S2,unresolved,,no-season-window(S1-game-table-ends-2022-23-or-season-absent-from-S1); open-stint-without-window
peavymi01,Micah Peavy,2026,HORNETS-PELICANS,S2,unresolved,,no-season-window(S1-game-table-ends-2022-23-or-season-absent-from-S1); open-stint-without-window
peckwi01,Wiley Peck,1980,SPURS,S2,unresolved,,flagged-transaction-legs(team-unresolved)
pedulse01,Sean Pedulla,2026,CLIPPERS,S2,unresolved,,no-season-window(S1-game-table-ends-2022-23-or-season-absent-from-S1); open-stint-without-window
pekovni01,Nikola Peković,2013,TIMBERWOLVES,S2,unresolved,,no-dated-evidence(membership-season-only; S1-window-missing-or-season-past-2022-23)
pellosa01,Sam Pellom,1980,HAWKS,S2,unresolved,"[1979-09-13, 1979-10-12)",stint-entirely-outside-team-season-window(stands-on-transactions-alone)
pendano01,Noah Penda,2026,MAGIC,S2,unresolved,,no-season-window(S1-game-table-ends-2022-23-or-season-absent-from-S1); open-stint-without-window
pendeje02,Jeff Ayres,2012,PACERS,S2,unresolved,,"same-day-arrival-and-departure(ordering-flagged); interval-construction-failed(bound-outside-season-context,start=24100,end=24084)"
peplomi01,Mike Peplowski,1996,BUCKS,S2,unresolved,"[1995-10-06, 1995-11-02)",stint-entirely-outside-team-season-window(stands-on-transactions-alone)
pereima01,Mãozinha Pereira,2024,GRIZZLIES,S2,unresolved,,no-season-window(S1-game-table-ends-2022-23-or-season-absent-from-S1); open-stint-without-window; repeat-signing-continues-open-stint
perkike01,Kendrick Perkins,2018,CAVALIERS,S2,unresolved,"[2017-09-25, 2017-10-14)",stint-entirely-outside-team-season-window(stands-on-transactions-alone)
perrycu01,Curtis Perry,1971,ROCKETS,S2,unresolved,,no-dated-evidence(membership-season-only; S1-window-missing-or-season-past-2022-23)
perrycu01,Curtis Perry,1977,SUNS,S2,unresolved,,no-dated-evidence(membership-season-only; S1-window-missing-or-season-past-2022-23)
perryel01,Elliot Perry,1992,CLIPPERS,S2,unresolved,"[1991-11-01, 1992-05-05)",multi-team-season(ordering-unresolved): player has dated moves to other franchises this season; bracket-only stint cannot be ordered against them
peterbo01,Bob Peterson,1954,BULLETS-DEFUNCT,S2,unresolved,"[1953-10-31, 1954-03-15)",multi-team-season(ordering-unresolved): player has dated moves to other franchises this season; bracket-only stint cannot be ordered against them
peterdr01,Drew Peterson,2024,CELTICS,S2,unresolved,,no-season-window(S1-game-table-ends-2022-23-or-season-absent-from-S1); open-stint-without-window
peterdr01,Drew Peterson,2025,CELTICS,S2,unresolved,,no-season-window(S1-game-table-ends-2022-23-or-season-absent-from-S1); open-stint-without-window
peterme01,Mel Peterson,1964,WIZARDS,S2,unresolved,,flagged-transaction-legs(team-unresolved)
peterta01,Taelon Peter,2026,PACERS,S2,unresolved,,no-season-window(S1-game-table-ends-2022-23-or-season-absent-from-S1); open-stint-without-window
petrige01,Geoff Petrie,1971,TRAIL BLAZERS,S2,unresolved,,no-dated-evidence(membership-season-only; S1-window-missing-or-season-past-2022-23)
petrige01,Geoff Petrie,1976,TRAIL BLAZERS,S2,unresolved,,no-dated-evidence(membership-season-only; S1-window-missing-or-season-past-2022-23)
petrufi01,Filip Petrušev,2024,76ERS,S2,unresolved,,same-day-arrival-to-multiple-franchises(ordering-unresolved)
petrufi01,Filip Petrušev,2024,KINGS,S2,unresolved,,same-day-arrival-to-multiple-franchises(ordering-unresolved)
pettibo01,Bob Pettit,1961,HAWKS,S2,unresolved,,no-dated-evidence(membership-season-only; S1-window-missing-or-season-past-2022-23)
pettibo01,Bob Pettit,1962,HAWKS,S2,unresolved,,no-dated-evidence(membership-season-only; S1-window-missing-or-season-past-2022-23)
pheglro01,Roger Phegley,1982,CAVALIERS,S2,unresolved,"[1981-10-30, 1981-12-23)","same-day-game-order-unresolved(S2-player-games=27,S1-season-games=82,S2-team-games=82,interval-capacity=26,departure-day-allowance=1,missing-games-allowance=0,capacity-upper-bound=27)"
phillan01,Andy Phillip,1951,WARRIORS,S2,unresolved,,flagged-transaction-legs(team-unresolved)
phillju01,Julian Phillips,2024,BULLS,S2,unresolved,,no-season-window(S1-game-table-ends-2022-23-or-season-absent-from-S1); open-stint-without-window
phillju01,Julian Phillips,2025,BULLS,S2,unresolved,,no-dated-evidence(membership-season-only; S1-window-missing-or-season-past-2022-23)
phillju01,Julian Phillips,2026,BULLS,S2,unresolved,,"no-season-window(S1-game-table-ends-2022-23-or-season-absent-from-S1); departure-after-closed-stint(prior-spell-exit,or-source-noise)"
phillju01,Julian Phillips,2026,TIMBERWOLVES,S2,unresolved,,no-season-window(S1-game-table-ends-2022-23-or-season-absent-from-S1); open-stint-without-window
pickeja02,Jalen Pickett,2024,NUGGETS,S2,unresolved,,no-season-window(S1-game-table-ends-2022-23-or-season-absent-from-S1); open-stint-without-window
pickeja02,Jalen Pickett,2025,NUGGETS,S2,unresolved,,no-dated-evidence(membership-season-only; S1-window-missing-or-season-past-2022-23)
pickeja02,Jalen Pickett,2026,NUGGETS,S2,unresolved,,no-dated-evidence(membership-season-only; S1-window-missing-or-season-past-2022-23)
pietkst01,Stan Pietkiewicz,1981,CLIPPERS,S2,unresolved,"[1980-10-10, 1981-03-30)",multi-team-season(ordering-unresolved): player has dated moves to other franchises this season; bracket-only stint cannot be ordered against them
pietrmi01,Mickaël Piétrus,2013,RAPTORS,S2,unresolved,,no-season-window(S1-game-table-ends-2022-23-or-season-absent-from-S1); open-stint-without-window
pinsoth01,Theo Pinson,2020,NETS,S2,unresolved,"[2019-07-08, 2020-06-24)","departure-after-closed-stint(prior-spell-exit,or-source-noise)"
piontda01,Dave Piontek,1961,HAWKS,S2,unresolved,,no-dated-evidence(membership-season-only; S1-window-missing-or-season-past-2022-23)
piontda01,Dave Piontek,1962,WIZARDS,S2,unresolved,,no-dated-evidence(membership-season-only; S1-window-missing-or-season-past-2022-23)
pippesc02,Scotty Pippen Jr.,2024,GRIZZLIES,S2,unresolved,,no-season-window(S1-game-table-ends-2022-23-or-season-absent-from-S1); open-stint-without-window
pippesc02,Scotty Pippen Jr.,2025,GRIZZLIES,S2,unresolved,,no-dated-evidence(membership-season-only; S1-window-missing-or-season-past-2022-23)
pippesc02,Scotty Pippen Jr.,2026,GRIZZLIES,S2,unresolved,,no-dated-evidence(membership-season-only; S1-window-missing-or-season-past-2022-23)
pittmde01,Dexter Pittman,2013,GRIZZLIES,S2,unresolved,"[2013-02-21, 2013-04-14)",stint-entirely-outside-team-season-window(stands-on-transactions-alone)
pittmde01,Dexter Pittman,2013,HEAT,S2,unresolved,,"departure-after-closed-stint(prior-spell-exit,or-source-noise)"
plowdda01,Daeqwon Plowden,2025,HAWKS,S2,unresolved,"[2024-09-27, 2024-10-18)",open-stint-without-window
plowdda01,Daeqwon Plowden,2026,KINGS,S2,unresolved,,no-season-window(S1-game-table-ends-2022-23-or-season-absent-from-S1); open-stint-without-window
plumlma01,Mason Plumlee,2024,CLIPPERS,S2,unresolved,,no-season-window(S1-game-table-ends-2022-23-or-season-absent-from-S1); open-stint-without-window
plumlma01,Mason Plumlee,2025,SUNS,S2,unresolved,,no-season-window(S1-game-table-ends-2022-23-or-season-absent-from-S1); open-stint-without-window
plumlma01,Mason Plumlee,2026,SPURS,S2,unresolved,,no-season-window(S1-game-table-ends-2022-23-or-season-absent-from-S1); open-stint-without-window; repeat-signing-continues-open-stint
podzibr01,Brandin Podziemski,2024,WARRIORS,S2,unresolved,,no-season-window(S1-game-table-ends-2022-23-or-season-absent-from-S1); open-stint-without-window
podzibr01,Brandin Podziemski,2025,WARRIORS,S2,unresolved,,no-dated-evidence(membership-season-only; S1-window-missing-or-season-past-2022-23)
podzibr01,Brandin Podziemski,2026,WARRIORS,S2,unresolved,,no-dated-evidence(membership-season-only; S1-window-missing-or-season-past-2022-23)
poeltja01,Jakob Poeltl,2024,RAPTORS,S2,unresolved,,no-season-window(S1-game-table-ends-2022-23-or-season-absent-from-S1); open-stint-without-window
poeltja01,Jakob Poeltl,2025,RAPTORS,S2,unresolved,,no-dated-evidence(membership-season-only; S1-window-missing-or-season-past-2022-23)
poeltja01,Jakob Poeltl,2026,RAPTORS,S2,unresolved,,no-dated-evidence(membership-season-only; S1-window-missing-or-season-past-2022-23)
pokusal01,Aleksej Pokusevski,2024,BOBCATS-HORNETS2,S2,unresolved,,no-season-window(S1-game-table-ends-2022-23-or-season-absent-from-S1); open-stint-without-window
pokusal01,Aleksej Pokusevski,2024,THUNDER,S2,unresolved,,"no-season-window(S1-game-table-ends-2022-23-or-season-absent-from-S1); departure-after-closed-stint(prior-spell-exit,or-source-noise)"
pondecl01,Cliff Pondexter,1976,BULLS,S2,unresolved,,no-dated-evidence(membership-season-only; S1-window-missing-or-season-past-2022-23)
pondecl01,Cliff Pondexter,1978,BULLS,S2,unresolved,"[1978-01-07, 1978-04-10)","departure-after-closed-stint(prior-spell-exit,or-source-noise)"
poolejo01,Jordan Poole,2024,WIZARDS,S2,unresolved,,no-season-window(S1-game-table-ends-2022-23-or-season-absent-from-S1); open-stint-without-window
poolejo01,Jordan Poole,2025,WIZARDS,S2,unresolved,,no-dated-evidence(membership-season-only; S1-window-missing-or-season-past-2022-23)
poolejo01,Jordan Poole,2026,HORNETS-PELICANS,S2,unresolved,,no-season-window(S1-game-table-ends-2022-23-or-season-absent-from-S1); open-stint-without-window
popsoda01,Dave Popson,1991,CELTICS,S2,unresolved,"[1990-08-17, 1990-12-24)",fuzzy-dated-rows-bear-on-this-tenure(fuzzy-not-guessed)
popsoda01,Dave Popson,1991,CELTICS,S2,unresolved,"[1990-12-27, 1991-05-18)",fuzzy-dated-rows-bear-on-this-tenure(fuzzy-not-guessed)
poquebe01,Ben Poquette,1980,JAZZ,S2,unresolved,,"departure-after-closed-stint(prior-spell-exit,or-source-noise)"
portecr01,Craig Porter Jr.,2024,CAVALIERS,S2,unresolved,,no-season-window(S1-game-table-ends-2022-23-or-season-absent-from-S1); open-stint-without-window
portecr01,Craig Porter Jr.,2025,CAVALIERS,S2,unresolved,,no-dated-evidence(membership-season-only; S1-window-missing-or-season-past-2022-23)
portecr01,Craig Porter Jr.,2026,CAVALIERS,S2,unresolved,,no-dated-evidence(membership-season-only; S1-window-missing-or-season-past-2022-23)
porteke02,Kevin Porter Jr.,2025,BUCKS,S2,unresolved,,no-season-window(S1-game-table-ends-2022-23-or-season-absent-from-S1); open-stint-without-window
porteke02,Kevin Porter Jr.,2026,BUCKS,S2,unresolved,,no-season-window(S1-game-table-ends-2022-23-or-season-absent-from-S1); open-stint-without-window
portemi01,Michael Porter Jr.,2024,NUGGETS,S2,unresolved,,no-dated-evidence(membership-season-only; S1-window-missing-or-season-past-2022-23)
portemi01,Michael Porter Jr.,2025,NUGGETS,S2,unresolved,,no-dated-evidence(membership-season-only; S1-window-missing-or-season-past-2022-23)
portemi01,Michael Porter Jr.,2026,NETS,S2,unresolved,,no-season-window(S1-game-table-ends-2022-23-or-season-absent-from-S1); open-stint-without-window
porteot01,Otto Porter Jr.,2024,RAPTORS,S2,unresolved,,"no-season-window(S1-game-table-ends-2022-23-or-season-absent-from-S1); departure-after-closed-stint(prior-spell-exit,or-source-noise)"
portibo01,Bobby Portis,2024,BUCKS,S2,unresolved,,no-dated-evidence(membership-season-only; S1-window-missing-or-season-past-2022-23)
portibo01,Bobby Portis,2025,BUCKS,S2,unresolved,,no-dated-evidence(membership-season-only; S1-window-missing-or-season-past-2022-23)
portibo01,Bobby Portis,2026,BUCKS,S2,unresolved,,no-season-window(S1-game-table-ends-2022-23-or-season-absent-from-S1); open-stint-without-window
porzikr01,Kristaps Porziņģis,2024,CELTICS,S2,unresolved,,no-dated-evidence(membership-season-only; S1-window-missing-or-season-past-2022-23)
porzikr01,Kristaps Porziņģis,2025,CELTICS,S2,unresolved,,no-dated-evidence(membership-season-only; S1-window-missing-or-season-past-2022-23)
porzikr01,Kristaps Porziņģis,2026,WARRIORS,S2,unresolved,,no-season-window(S1-game-table-ends-2022-23-or-season-absent-from-S1); open-stint-without-window
postqu01,Quinten Post,2025,WARRIORS,S2,unresolved,,no-season-window(S1-game-table-ends-2022-23-or-season-absent-from-S1); open-stint-without-window; repeat-signing-continues-open-stint
postqu01,Quinten Post,2026,WARRIORS,S2,unresolved,,no-dated-evidence(membership-season-only; S1-window-missing-or-season-past-2022-23)
pottemi01,Micah Potter,2024,JAZZ,S2,unresolved,,no-dated-evidence(membership-season-only; S1-window-missing-or-season-past-2022-23)
pottemi01,Micah Potter,2025,JAZZ,S2,unresolved,,no-season-window(S1-game-table-ends-2022-23-or-season-absent-from-S1); open-stint-without-window
pottemi01,Micah Potter,2026,PACERS,S2,unresolved,,no-season-window(S1-game-table-ends-2022-23-or-season-absent-from-S1); open-stint-without-window
poulajo01,John Poulakidas,2026,MAVERICKS,S2,unresolved,,no-season-window(S1-game-table-ends-2022-23-or-season-absent-from-S1); open-stint-without-window
poweldr01,Drake Powell,2026,NETS,S2,unresolved,,no-season-window(S1-game-table-ends-2022-23-or-season-absent-from-S1); open-stint-without-window; repeat-signing-continues-open-stint
poweldw01,Dwight Powell,2024,MAVERICKS,S2,unresolved,,no-season-window(S1-game-table-ends-2022-23-or-season-absent-from-S1); open-stint-without-window
poweldw01,Dwight Powell,2025,MAVERICKS,S2,unresolved,,no-dated-evidence(membership-season-only; S1-window-missing-or-season-past-2022-23)
poweldw01,Dwight Powell,2026,MAVERICKS,S2,unresolved,,no-dated-evidence(membership-season-only; S1-window-missing-or-season-past-2022-23)
powelno01,Norman Powell,2024,CLIPPERS,S2,unresolved,,no-dated-evidence(membership-season-only; S1-window-missing-or-season-past-2022-23)
powelno01,Norman Powell,2025,CLIPPERS,S2,unresolved,,no-dated-evidence(membership-season-only; S1-window-missing-or-season-past-2022-23)
powelno01,Norman Powell,2026,HEAT,S2,unresolved,,no-season-window(S1-game-table-ends-2022-23-or-season-absent-from-S1); open-stint-without-window
prestja01,Jason Preston,2024,JAZZ,S2,unresolved,,no-season-window(S1-game-table-ends-2022-23-or-season-absent-from-S1); open-stint-without-window
priceaj01,A.J. Price,2013,WIZARDS,S2,unresolved,,no-season-window(S1-game-table-ends-2022-23-or-season-absent-from-S1); open-stint-without-window
priceaj01,A.J. Price,2015,PACERS,S2,unresolved,"[2014-11-06, 2014-11-28)","departure-after-closed-stint(prior-spell-exit,or-source-noise)"
priceji01,Jim Price,1975,LAKERS,S2,unresolved,"[1974-10-18, 1974-11-08)","same-day-game-order-unresolved(S2-player-games=9,S1-season-games=82,S2-team-games=82,interval-capacity=8,departure-day-allowance=1,missing-games-allowance=0,capacity-upper-bound=9)"
priceji01,Jim Price,1977,BUCKS,S2,unresolved,,"no-season-window(S1-game-table-ends-2022-23-or-season-absent-from-S1); departure-after-closed-stint(prior-spell-exit,or-source-noise)"
priceji01,Jim Price,1978,NUGGETS,S2,unresolved,"[1977-10-19, 1978-02-01)","same-day-game-order-unresolved(S2-player-games=49,S1-season-games=82,S2-team-games=82,interval-capacity=48,departure-day-allowance=1,missing-games-allowance=0,capacity-upper-bound=49)"
princta01,Tayshaun Prince,2013,PISTONS,S2,unresolved,,"no-season-window(S1-game-table-ends-2022-23-or-season-absent-from-S1); departure-after-closed-stint(prior-spell-exit,or-source-noise)"
princta02,Taurean Prince,2024,LAKERS,S2,unresolved,,no-season-window(S1-game-table-ends-2022-23-or-season-absent-from-S1); open-stint-without-window
princta02,Taurean Prince,2025,BUCKS,S2,unresolved,,no-season-window(S1-game-table-ends-2022-23-or-season-absent-from-S1); open-stint-without-window
princta02,Taurean Prince,2026,BUCKS,S2,unresolved,,no-season-window(S1-game-table-ends-2022-23-or-season-absent-from-S1); open-stint-without-window
pritcke01,Kevin Pritchard,1995,HEAT,S2,unresolved,"[1994-10-04, 1994-11-01)",flagged-transaction-legs(team-unresolved); stint-entirely-outside-team-season-window(stands-on-transactions-alone)
pritcke01,Kevin Pritchard,1995,HEAT,S2,unresolved,"[1995-03-06, 1995-03-19)",flagged-transaction-legs(team-unresolved)
pritcke01,Kevin Pritchard,1995,HEAT,S2,unresolved,"[1995-03-24, 1995-04-18)",flagged-transaction-legs(team-unresolved)
pritcke01,Kevin Pritchard,1995,76ERS,S2,unresolved,"[1995-02-15, 1995-04-24)",flagged-transaction-legs(team-unresolved)
pritcpa01,Payton Pritchard,2024,CELTICS,S2,unresolved,,no-dated-evidence(membership-season-only; S1-window-missing-or-season-past-2022-23)
pritcpa01,Payton Pritchard,2025,CELTICS,S2,unresolved,,no-dated-evidence(membership-season-only; S1-window-missing-or-season-past-2022-23)
pritcpa01,Payton Pritchard,2026,CELTICS,S2,unresolved,,no-dated-evidence(membership-season-only; S1-window-missing-or-season-past-2022-23)
proctty01,Tyrese Proctor,2026,CAVALIERS,S2,unresolved,,no-season-window(S1-game-table-ends-2022-23-or-season-absent-from-S1); open-stint-without-window
prospol01,Olivier-Maxence Prosper,2024,MAVERICKS,S2,unresolved,,no-season-window(S1-game-table-ends-2022-23-or-season-absent-from-S1); open-stint-without-window; repeat-signing-continues-open-stint
prospol01,Olivier-Maxence Prosper,2025,MAVERICKS,S2,unresolved,,no-dated-evidence(membership-season-only; S1-window-missing-or-season-past-2022-23)
prospol01,Olivier-Maxence Prosper,2026,GRIZZLIES,S2,unresolved,,no-season-window(S1-game-table-ends-2022-23-or-season-absent-from-S1); open-stint-without-window
pughle01,Les Pugh,1950,BULLETS-DEFUNCT,S2,unresolved,,fuzzy-dated-rows-bear-on-this-tenure
pulleja01,Jacob Pullen,2018,76ERS,S2,unresolved,"[2017-09-22, 2017-10-14)","same-day-arrival-and-departure(ordering-flagged); departure-after-closed-stint(prior-spell-exit,or-source-noise); stint-entirely-outside-team-season-window(stands-on-transactions-alone)"
pullizy01,Zyon Pullin,2025,GRIZZLIES,S2,unresolved,,no-season-window(S1-game-table-ends-2022-23-or-season-absent-from-S1); open-stint-without-window
pullizy01,Zyon Pullin,2026,TIMBERWOLVES,S2,unresolved,"[2025-09-28, 2025-10-18)",open-stint-without-window
purviro01,Rodney Purvis,2018,MAGIC,S2,unresolved,"[2017-10-09, 2017-10-13)",repeat-signing-continues-open-stint; repeat-signing-continues-open-stint; stint-entirely-outside-team-season-window(stands-on-transactions-alone)
quartti01,Tim Quarterman,2018,ROCKETS,S2,unresolved,"[2017-06-28, 2017-10-13)",stint-entirely-outside-team-season-window(stands-on-transactions-alone)
queende01,Derik Queen,2026,HORNETS-PELICANS,S2,unresolved,,no-season-window(S1-game-table-ends-2022-23-or-season-absent-from-S1); open-stint-without-window
queentr01,Trevelin Queen,2024,MAGIC,S2,unresolved,,no-season-window(S1-game-table-ends-2022-23-or-season-absent-from-S1); open-stint-without-window; repeat-signing-continues-open-stint
queentr01,Trevelin Queen,2025,MAGIC,S2,unresolved,,no-season-window(S1-game-table-ends-2022-23-or-season-absent-from-S1); open-stint-without-window
quetane01,Neemias Queta,2024,CELTICS,S2,unresolved,,no-season-window(S1-game-table-ends-2022-23-or-season-absent-from-S1); open-stint-without-window
quetane01,Neemias Queta,2025,CELTICS,S2,unresolved,,no-season-window(S1-game-table-ends-2022-23-or-season-absent-from-S1); open-stint-without-window
quetane01,Neemias Queta,2026,CELTICS,S2,unresolved,,no-dated-evidence(membership-season-only; S1-window-missing-or-season-past-2022-23)
quickbo01,Bob Quick,1970,WIZARDS,S2,unresolved,,flagged-transaction-legs(team-unresolved)
quickbo01,Bob Quick,1970,PISTONS,S2,unresolved,,flagged-transaction-legs(team-unresolved)
quickbo01,Bob Quick,1971,PISTONS,S2,unresolved,,no-dated-evidence(membership-season-only; S1-window-missing-or-season-past-2022-23)
quickim01,Immanuel Quickley,2024,KNICKS,S2,unresolved,,"no-season-window(S1-game-table-ends-2022-23-or-season-absent-from-S1); departure-after-closed-stint(prior-spell-exit,or-source-noise)"
quickim01,Immanuel Quickley,2024,RAPTORS,S2,unresolved,,no-season-window(S1-game-table-ends-2022-23-or-season-absent-from-S1); open-stint-without-window
quickim01,Immanuel Quickley,2025,RAPTORS,S2,unresolved,,no-season-window(S1-game-table-ends-2022-23-or-season-absent-from-S1); open-stint-without-window
quickim01,Immanuel Quickley,2026,RAPTORS,S2,unresolved,,no-dated-evidence(membership-season-only; S1-window-missing-or-season-past-2022-23)
quinnch01,Chris Quinn,2013,CAVALIERS,S2,unresolved,,no-season-window(S1-game-table-ends-2022-23-or-season-absent-from-S1); open-stint-without-window
quinole01,Lester Quiñones,2023,WARRIORS,S2,unresolved,"[2022-07-05, 2022-10-13)",repeat-signing-continues-open-stint; stint-entirely-outside-team-season-window(stands-on-transactions-alone)
quinole01,Lester Quiñones,2024,WARRIORS,S2,unresolved,,no-season-window(S1-game-table-ends-2022-23-or-season-absent-from-S1); open-stint-without-window
quinole01,Lester Quiñones,2025,HORNETS-PELICANS,S2,unresolved,,no-season-window(S1-game-table-ends-2022-23-or-season-absent-from-S1); open-stint-without-window
rackllu01,Luther Rackley,1971,CAVALIERS,S2,unresolved,,no-dated-evidence(membership-season-only; S1-window-missing-or-season-past-2022-23)
ramseca01,Cal Ramsey,1961,76ERS,S2,unresolved,,no-dated-evidence(membership-season-only; S1-window-missing-or-season-past-2022-23)
ramsefr01,Frank Ramsey,1961,CELTICS,S2,unresolved,,no-dated-evidence(membership-season-only; S1-window-missing-or-season-past-2022-23)
ramseja01,Jahmi'us Ramsey,2024,RAPTORS,S2,unresolved,,no-season-window(S1-game-table-ends-2022-23-or-season-absent-from-S1); open-stint-without-window; repeat-signing-continues-open-stint
randama01,Mark Randall,1992,BULLS,S2,unresolved,"[1991-11-01, 1991-12-30)","departure-after-closed-stint(prior-spell-exit,or-source-noise)"
randama01,Mark Randall,1995,NUGGETS,S2,unresolved,"[1995-02-23, 1995-05-03)","departure-after-closed-stint(prior-spell-exit,or-source-noise); repeat-signing-continues-open-stint"
randlch01,Chasson Randle,2017,KNICKS,S2,unresolved,"[2016-08-03, 2016-10-21)",stint-entirely-outside-team-season-window(stands-on-transactions-alone)
randlch01,Chasson Randle,2019,WIZARDS,S2,unresolved,"[2018-09-19, 2018-10-13)",stint-entirely-outside-team-season-window(stands-on-transactions-alone)
randlju01,Julius Randle,2024,KNICKS,S2,unresolved,,no-dated-evidence(membership-season-only; S1-window-missing-or-season-past-2022-23)
randlju01,Julius Randle,2025,TIMBERWOLVES,S2,unresolved,,no-season-window(S1-game-table-ends-2022-23-or-season-absent-from-S1); open-stint-without-window
randlju01,Julius Randle,2026,TIMBERWOLVES,S2,unresolved,,no-season-window(S1-game-table-ends-2022-23-or-season-absent-from-S1); open-stint-without-window
randosh01,Shavlik Randolph,2015,CELTICS,S2,unresolved,"[2015-01-15, 2015-04-06)","departure-after-closed-stint(prior-spell-exit,or-source-noise)"
ratkoge01,George Ratkovicz,1953,HAWKS,S2,unresolved,"[1952-11-24, 1953-03-19)","appearance-count-conflict(S2-player-games=61,S1-season-games=71,S2-team-games=71,interval-capacity=60,departure-day-allowance=0,missing-games-allowance=0,capacity-upper-bound=60)"
ratleed01,Ed Ratleff,1976,ROCKETS,S2,unresolved,,no-dated-evidence(membership-season-only; S1-window-missing-or-season-past-2022-23)
ratlith01,Theo Ratliff,2004,HAWKS,S2,unresolved,"[2003-10-29, 2004-02-09)","same-day-game-order-unresolved(S2-player-games=53,S1-season-games=82,S2-team-games=82,interval-capacity=52,departure-day-allowance=1,missing-games-allowance=0,capacity-upper-bound=53)"
raynama01,Maxime Raynaud,2026,KINGS,S2,unresolved,,no-season-window(S1-game-table-ends-2022-23-or-season-absent-from-S1); open-stint-without-window
reathdu01,Duop Reath,2024,TRAIL BLAZERS,S2,unresolved,"[2023-10-02, 2023-10-21)",open-stint-without-window
reathdu01,Duop Reath,2025,TRAIL BLAZERS,S2,unresolved,,no-dated-evidence(membership-season-only; S1-window-missing-or-season-past-2022-23)
reathdu01,Duop Reath,2026,TRAIL BLAZERS,S2,unresolved,,"no-season-window(S1-game-table-ends-2022-23-or-season-absent-from-S1); departure-after-closed-stint(prior-spell-exit,or-source-noise)"
reaveau01,Austin Reaves,2024,LAKERS,S2,unresolved,,no-season-window(S1-game-table-ends-2022-23-or-season-absent-from-S1); open-stint-without-window
reaveau01,Austin Reaves,2025,LAKERS,S2,unresolved,,no-dated-evidence(membership-season-only; S1-window-missing-or-season-past-2022-23)
reaveau01,Austin Reaves,2026,LAKERS,S2,unresolved,,no-dated-evidence(membership-season-only; S1-window-missing-or-season-past-2022-23)
reddica01,Cam Reddish,2024,LAKERS,S2,unresolved,,no-season-window(S1-game-table-ends-2022-23-or-season-absent-from-S1); open-stint-without-window
reddica01,Cam Reddish,2025,LAKERS,S2,unresolved,,"no-season-window(S1-game-table-ends-2022-23-or-season-absent-from-S1); departure-after-closed-stint(prior-spell-exit,or-source-noise)"
redicjj01,JJ Redick,2013,MAGIC,S2,unresolved,,"no-season-window(S1-game-table-ends-2022-23-or-season-absent-from-S1); departure-after-closed-stint(prior-spell-exit,or-source-noise)"
redmoma01,Marlon Redmond,1979,KINGS,S2,unresolved,"[1978-09-14, 1979-02-02)","departure-after-closed-stint(prior-spell-exit,or-source-noise)"
reedda01,Davon Reed,2022,NUGGETS,S2,unresolved,"[2021-09-27, 2021-10-15)",repeat-signing-continues-open-stint; repeat-signing-continues-open-stint; repeat-signing-continues-open-stint; stint-entirely-outside-team-season-window(stands-on-transactions-alone)
reedhu01,Hub Reed,1960,KINGS,S2,unresolved,"[1960-01-31, 1960-03-10)","appearance-count-conflict(S2-player-games=69,S1-season-games=75,S2-team-games=75,interval-capacity=20,departure-day-allowance=0,missing-games-allowance=0,capacity-upper-bound=20)"
reedhu01,Hub Reed,1961,KINGS,S2,unresolved,,no-dated-evidence(membership-season-only; S1-window-missing-or-season-past-2022-23)
reedpa01,Paul Reed,2021,76ERS,S2,unresolved,"[2020-11-27, 2021-03-26)",same-day-arrival-and-departure(ordering-flagged)
reedpa01,Paul Reed,2024,76ERS,S2,unresolved,,no-season-window(S1-game-table-ends-2022-23-or-season-absent-from-S1); open-stint-without-window
reedpa01,Paul Reed,2025,PISTONS,S2,unresolved,"[2024-07-09, 2024-12-15)",open-stint-without-window
reedpa01,Paul Reed,2026,PISTONS,S2,unresolved,,no-season-window(S1-game-table-ends-2022-23-or-season-absent-from-S1); open-stint-without-window
reedro01,Ron Reed,1967,PISTONS,S2,unresolved,,no-dated-evidence(membership-season-only; S1-window-missing-or-season-past-2022-23)
reeseal01,Alex Reese,2025,76ERS,S2,unresolved,,no-season-window(S1-game-table-ends-2022-23-or-season-absent-from-S1); open-stint-without-window
reeseju01,Julian Reese,2026,WIZARDS,S2,unresolved,,no-season-window(S1-game-table-ends-2022-23-or-season-absent-from-S1); open-stint-without-window
reevean01,Antonio Reeves,2025,HORNETS-PELICANS,S2,unresolved,,no-season-window(S1-game-table-ends-2022-23-or-season-absent-from-S1); open-stint-without-window
reevean01,Antonio Reeves,2026,BOBCATS-HORNETS2,S2,unresolved,,no-season-window(S1-game-table-ends-2022-23-or-season-absent-from-S1); open-stint-without-window
reiddo01,Don Reid,2000,PISTONS,S2,unresolved,"[1999-11-02, 2000-04-20)",multi-team-season(ordering-unresolved): player has dated moves to other franchises this season; bracket-only stint cannot be ordered against them
reidna01,Naz Reid,2024,TIMBERWOLVES,S2,unresolved,,no-dated-evidence(membership-season-only; S1-window-missing-or-season-past-2022-23)
reidna01,Naz Reid,2025,TIMBERWOLVES,S2,unresolved,,no-dated-evidence(membership-season-only; S1-window-missing-or-season-past-2022-23)
reidna01,Naz Reid,2026,TIMBERWOLVES,S2,unresolved,,no-season-window(S1-game-table-ends-2022-23-or-season-absent-from-S1); open-stint-without-window
reidro01,Robert Reid,1990,HORNETS-PELICANS,S2,unresolved,"[1989-12-13, 1990-04-23)","departure-after-closed-stint(prior-spell-exit,or-source-noise)"
restake01,Kevin Restani,1977,BUCKS,S2,unresolved,,no-dated-evidence(membership-season-only; S1-window-missing-or-season-past-2022-23)
reynoca01,Cameron Reynolds,2021,SPURS,S2,unresolved,"[2020-11-29, 2020-12-19)",stint-entirely-outside-team-season-window(stands-on-transactions-alone)
rhodeja01,Jared Rhoden,2024,PISTONS,S2,unresolved,,no-season-window(S1-game-table-ends-2022-23-or-season-absent-from-S1); open-stint-without-window
rhodeja01,Jared Rhoden,2025,RAPTORS,S2,unresolved,"[2024-08-19, 2024-10-19)","open-stint-without-window; departure-after-closed-stint(prior-spell-exit,or-source-noise); repeat-signing-continues-open-stint"
richach01,Chris Richard,2010,BULLS,S2,unresolved,"[2009-09-30, 2009-10-22)",stint-entirely-outside-team-season-window(stands-on-transactions-alone)
richaja01,Jason Richardson,2013,76ERS,S2,unresolved,,no-season-window(S1-game-table-ends-2022-23-or-season-absent-from-S1); open-stint-without-window
richaja02,Jase Richardson,2026,MAGIC,S2,unresolved,,no-season-window(S1-game-table-ends-2022-23-or-season-absent-from-S1); open-stint-without-window
richajo01,Josh Richardson,2024,HEAT,S2,unresolved,,no-season-window(S1-game-table-ends-2022-23-or-season-absent-from-S1); open-stint-without-window
richajo01,Josh Richardson,2025,HEAT,S2,unresolved,,"no-season-window(S1-game-table-ends-2022-23-or-season-absent-from-S1); departure-after-closed-stint(prior-spell-exit,or-source-noise)"
richani01,Nick Richards,2024,BOBCATS-HORNETS2,S2,unresolved,,no-dated-evidence(membership-season-only; S1-window-missing-or-season-past-2022-23)
richani01,Nick Richards,2025,BOBCATS-HORNETS2,S2,unresolved,,"no-season-window(S1-game-table-ends-2022-23-or-season-absent-from-S1); departure-after-closed-stint(prior-spell-exit,or-source-noise)"
richani01,Nick Richards,2025,SUNS,S2,unresolved,,no-season-window(S1-game-table-ends-2022-23-or-season-absent-from-S1); open-stint-without-window
richani01,Nick Richards,2026,BULLS,S2,unresolved,,no-season-window(S1-game-table-ends-2022-23-or-season-absent-from-S1); open-stint-without-window
richani01,Nick Richards,2026,SUNS,S2,unresolved,,"no-season-window(S1-game-table-ends-2022-23-or-season-absent-from-S1); departure-after-closed-stint(prior-spell-exit,or-source-noise)"
richawi02,Will Richard,2026,WARRIORS,S2,unresolved,,no-season-window(S1-game-table-ends-2022-23-or-season-absent-from-S1); open-stint-without-window; repeat-signing-continues-open-stint
richmka01,Kadary Richmond,2026,WIZARDS,S2,unresolved,"[2025-10-12, 2025-10-18)",open-stint-without-window
ridnolu01,Luke Ridnour,2013,TIMBERWOLVES,S2,unresolved,,no-dated-evidence(membership-season-only; S1-window-missing-or-season-past-2022-23)
ridnolu01,Luke Ridnour,2015,MAGIC,S2,unresolved,,same-day-arrival-to-multiple-franchises(ordering-unresolved)
riebeme01,Mel Riebe,1948,CELTICS,S2,unresolved,,flagged-transaction-legs(team-unresolved)
rileypa01,Pat Riley,1976,LAKERS,S2,unresolved,,"no-season-window(S1-game-table-ends-2022-23-or-season-absent-from-S1); departure-after-closed-stint(prior-spell-exit,or-source-noise)"
rileyro01,Ron Riley,1976,ROCKETS,S2,unresolved,,no-dated-evidence(membership-season-only; S1-window-missing-or-season-past-2022-23)
rileywi01,Will Riley,2026,WIZARDS,S2,unresolved,,no-season-window(S1-game-table-ends-2022-23-or-season-absent-from-S1); open-stint-without-window
riordmi01,Mike Riordan,1972,WIZARDS,S2,unresolved,,flagged-transaction-legs(team-unresolved)
riordmi01,Mike Riordan,1972,KNICKS,S2,unresolved,,flagged-transaction-legs(team-unresolved)
risacza01,Zaccharie Risacher,2025,HAWKS,S2,unresolved,,no-season-window(S1-game-table-ends-2022-23-or-season-absent-from-S1); open-stint-without-window
risacza01,Zaccharie Risacher,2026,HAWKS,S2,unresolved,,no-dated-evidence(membership-season-only; S1-window-missing-or-season-past-2022-23)
riverau01,Austin Rivers,2013,HORNETS-PELICANS,S2,unresolved,,no-dated-evidence(membership-season-only; S1-window-missing-or-season-past-2022-23)
riverdo01,Doc Rivers,1995,KNICKS,S2,unresolved,"[1994-11-04, 1995-05-22)",multi-team-season(ordering-unresolved): player has dated moves to other franchises this season; bracket-only stint cannot be ordered against them
roberbr01,Brian Roberts,2013,HORNETS-PELICANS,S2,unresolved,,no-season-window(S1-game-table-ends-2022-23-or-season-absent-from-S1); open-stint-without-window
roberfr01,Fred Roberts,1988,CELTICS,S2,unresolved,,flagged-transaction-legs(team-unresolved)
roberjo01,Joe Roberts,1961,76ERS,S2,unresolved,,no-dated-evidence(membership-season-only; S1-window-missing-or-season-past-2022-23)
roberos01,Oscar Robertson,1961,KINGS,S2,unresolved,,no-dated-evidence(membership-season-only; S1-window-missing-or-season-past-2022-23)
roberri01,Rick Roberson,1976,KINGS,S2,unresolved,,no-season-window(S1-game-table-ends-2022-23-or-season-absent-from-S1); open-stint-without-window
robinbi01,Bill Robinzine,1976,KINGS,S2,unresolved,,no-dated-evidence(membership-season-only; S1-window-missing-or-season-past-2022-23)
robinbi01,Bill Robinzine,1977,KINGS,S2,unresolved,,no-dated-evidence(membership-season-only; S1-window-missing-or-season-past-2022-23)
robindu01,Duncan Robinson,2024,HEAT,S2,unresolved,,no-dated-evidence(membership-season-only; S1-window-missing-or-season-past-2022-23)
robindu01,Duncan Robinson,2025,HEAT,S2,unresolved,,no-dated-evidence(membership-season-only; S1-window-missing-or-season-past-2022-23)
robindu01,Duncan Robinson,2026,PISTONS,S2,unresolved,,same-day-arrival-to-multiple-franchises(ordering-unresolved)
robinfl01,Flynn Robinson,1971,KINGS,S2,unresolved,,"no-season-window(S1-game-table-ends-2022-23-or-season-absent-from-S1); departure-after-closed-stint(prior-spell-exit,or-source-noise)"
robinfl01,Flynn Robinson,1973,WIZARDS,S2,unresolved,,flagged-transaction-legs(team-unresolved)
robinfl01,Flynn Robinson,1973,LAKERS,S2,unresolved,,flagged-transaction-legs(team-unresolved)
robingl02,Glenn Robinson III,2015,TIMBERWOLVES,S2,unresolved,"[2014-09-17, 2015-03-05)","departure-after-closed-stint(prior-spell-exit,or-source-noise)"
robinje01,Jerome Robinson,2024,WARRIORS,S2,unresolved,,no-season-window(S1-game-table-ends-2022-23-or-season-absent-from-S1); open-stint-without-window
robinje02,Jeremiah Robinson-Earl,2024,HORNETS-PELICANS,S2,unresolved,,no-season-window(S1-game-table-ends-2022-23-or-season-absent-from-S1); open-stint-without-window
robinje02,Jeremiah Robinson-Earl,2025,HORNETS-PELICANS,S2,unresolved,,no-dated-evidence(membership-season-only; S1-window-missing-or-season-past-2022-23)
robinje02,Jeremiah Robinson-Earl,2026,MAVERICKS,S2,unresolved,"[2025-09-26, 2025-10-17)",open-stint-without-window
robinmi01,Mitchell Robinson,2024,KNICKS,S2,unresolved,,no-dated-evidence(membership-season-only; S1-window-missing-or-season-past-2022-23)
robinmi01,Mitchell Robinson,2025,KNICKS,S2,unresolved,,no-dated-evidence(membership-season-only; S1-window-missing-or-season-past-2022-23)
robinmi01,Mitchell Robinson,2026,KNICKS,S2,unresolved,,no-dated-evidence(membership-season-only; S1-window-missing-or-season-past-2022-23)
robinor01,Orlando Robinson,2023,HEAT,S2,unresolved,"[2022-07-06, 2022-10-13)",stint-entirely-outside-team-season-window(stands-on-transactions-alone)
robinor01,Orlando Robinson,2024,HEAT,S2,unresolved,,no-season-window(S1-game-table-ends-2022-23-or-season-absent-from-S1); open-stint-without-window
robinor01,Orlando Robinson,2025,KINGS,S2,unresolved,"[2024-08-07, 2025-01-07)",flagged-transaction-legs(no-team-anchor-on-leg)
robinor01,Orlando Robinson,2025,RAPTORS,S2,unresolved,,no-season-window(S1-game-table-ends-2022-23-or-season-absent-from-S1); open-stint-without-window; repeat-signing-continues-open-stint; repeat-signing-continues-open-stint; flagged-transaction-legs(no-team-anchor-on-leg)
robinru01,Rumeal Robinson,1997,TRAIL BLAZERS,S2,unresolved,"[1997-02-24, 1997-05-03)","departure-after-closed-stint(prior-spell-exit,or-source-noise); repeat-signing-continues-open-stint"
robinth01,Thomas Robinson,2013,KINGS,S2,unresolved,,"no-season-window(S1-game-table-ends-2022-23-or-season-absent-from-S1); departure-after-closed-stint(prior-spell-exit,or-source-noise)"
robintr01,Truck Robinson,1977,HAWKS,S2,unresolved,,no-season-window(S1-game-table-ends-2022-23-or-season-absent-from-S1); open-stint-without-window
robintr01,Truck Robinson,1977,WIZARDS,S2,unresolved,,"departure-after-closed-stint(prior-spell-exit,or-source-noise)"
robisda01,Dave Robisch,1977,PACERS,S2,unresolved,,no-dated-evidence(membership-season-only; S1-window-missing-or-season-past-2022-23)
rochejo01,John Roche,1976,LAKERS,S2,unresolved,,no-season-window(S1-game-table-ends-2022-23-or-season-absent-from-S1); open-stint-without-window; repeat-signing-continues-open-stint
roddyda01,David Roddy,2024,GRIZZLIES,S2,unresolved,,"no-season-window(S1-game-table-ends-2022-23-or-season-absent-from-S1); departure-after-closed-stint(prior-spell-exit,or-source-noise)"
roddyda01,David Roddy,2024,SUNS,S2,unresolved,,no-season-window(S1-game-table-ends-2022-23-or-season-absent-from-S1); open-stint-without-window
roddyda01,David Roddy,2025,ROCKETS,S2,unresolved,,no-season-window(S1-game-table-ends-2022-23-or-season-absent-from-S1); open-stint-without-window
roddyda01,David Roddy,2026,NUGGETS,S2,unresolved,,no-season-window(S1-game-table-ends-2022-23-or-season-absent-from-S1); open-stint-without-window
rodgegu01,Guy Rodgers,1961,WARRIORS,S2,unresolved,,no-dated-evidence(membership-season-only; S1-window-missing-or-season-past-2022-23)
rodgegu01,Guy Rodgers,1968,BULLS,S2,unresolved,"[1967-10-14, 1967-10-20)","same-day-game-order-unresolved(S2-player-games=4,S1-season-games=82,S2-team-games=82,interval-capacity=3,departure-day-allowance=1,missing-games-allowance=0,capacity-upper-bound=4)"
rogesal01,Al Roges,1955,BULLETS-DEFUNCT,S2,unresolved,,"no-season-window(S1-game-table-ends-2022-23-or-season-absent-from-S1); departure-after-closed-stint(prior-spell-exit,or-source-noise)"
rolliph01,Phil Rollins,1961,KINGS,S2,unresolved,,no-dated-evidence(membership-season-only; S1-window-missing-or-season-past-2022-23)
rolliph01,Phil Rollins,1961,KNICKS,S2,unresolved,,no-dated-evidence(membership-season-only; S1-window-missing-or-season-past-2022-23)
rolliph01,Phil Rollins,1961,HAWKS,S2,unresolved,,no-dated-evidence(membership-season-only; S1-window-missing-or-season-past-2022-23)
rolliry01,Ryan Rollins,2024,BUCKS,S2,unresolved,,no-season-window(S1-game-table-ends-2022-23-or-season-absent-from-S1); open-stint-without-window
rolliry01,Ryan Rollins,2025,BUCKS,S2,unresolved,,no-dated-evidence(membership-season-only; S1-window-missing-or-season-past-2022-23)
rolliry01,Ryan Rollins,2026,BUCKS,S2,unresolved,,no-season-window(S1-game-table-ends-2022-23-or-season-absent-from-S1); open-stint-without-window
rosede01,Derrick Rose,2024,GRIZZLIES,S2,unresolved,,no-season-window(S1-game-table-ends-2022-23-or-season-absent-from-S1); open-stint-without-window
rosste01,Terrence Ross,2013,RAPTORS,S2,unresolved,,no-dated-evidence(membership-season-only; S1-window-missing-or-season-past-2022-23)
rotheir01,Irv Rothenberg,1948,CAPITOLS,S2,unresolved,"[1947-11-12, 1948-03-24)",multi-team-season(ordering-unresolved): player has dated moves to other franchises this season; bracket-only stint cannot be ordered against them
roundda01,Dan Roundfield,1977,PACERS,S2,unresolved,,no-dated-evidence(membership-season-only; S1-window-missing-or-season-past-2022-23)
roweja01,Jackson Rowe,2025,WARRIORS,S2,unresolved,"[2024-07-21, 2024-10-19)",open-stint-without-window
roziete01,Terry Rozier,2020,BOBCATS-HORNETS2,S2,unresolved,,same-day-arrival-to-multiple-franchises(ordering-unresolved)
roziete01,Terry Rozier,2024,BOBCATS-HORNETS2,S2,unresolved,,"no-season-window(S1-game-table-ends-2022-23-or-season-absent-from-S1); departure-after-closed-stint(prior-spell-exit,or-source-noise)"
roziete01,Terry Rozier,2024,HEAT,S2,unresolved,,no-season-window(S1-game-table-ends-2022-23-or-season-absent-from-S1); open-stint-without-window
roziete01,Terry Rozier,2025,HEAT,S2,unresolved,,no-dated-evidence(membership-season-only; S1-window-missing-or-season-past-2022-23)
rubiori01,Ricky Rubio,2013,TIMBERWOLVES,S2,unresolved,,no-dated-evidence(membership-season-only; S1-window-missing-or-season-past-2022-23)
rudomjo01,John Rudometkin,1965,KNICKS,S2,unresolved,"[1964-10-17, 1965-03-22)",multi-team-season(ordering-unresolved): player has dated moves to other franchises this season; bracket-only stint cannot be ordered against them
ruffimi01,Michael Ruffin,2009,TRAIL BLAZERS,S2,unresolved,,same-day-arrival-to-multiple-franchises(ordering-unresolved)
ruklijo01,Joe Ruklick,1961,WARRIORS,S2,unresolved,,no-dated-evidence(membership-season-only; S1-window-missing-or-season-past-2022-23)
rulebo01,Bob Rule,1971,THUNDER,S2,unresolved,,no-dated-evidence(membership-season-only; S1-window-missing-or-season-past-2022-23)
rulebo01,Bob Rule,1974,CAVALIERS,S2,unresolved,"[1973-10-12, 1973-12-01)","same-day-game-order-unresolved(S2-player-games=26,S1-season-games=82,S2-team-games=82,interval-capacity=25,departure-day-allowance=1,missing-games-allowance=0,capacity-upper-bound=26)"
ruperra01,Rayan Rupert,2024,TRAIL BLAZERS,S2,unresolved,,no-season-window(S1-game-table-ends-2022-23-or-season-absent-from-S1); open-stint-without-window
ruperra01,Rayan Rupert,2025,TRAIL BLAZERS,S2,unresolved,,no-dated-evidence(membership-season-only; S1-window-missing-or-season-past-2022-23)
ruperra01,Rayan Rupert,2026,GRIZZLIES,S2,unresolved,,no-season-window(S1-game-table-ends-2022-23-or-season-absent-from-S1); open-stint-without-window; repeat-signing-continues-open-stint
ruperra01,Rayan Rupert,2026,TRAIL BLAZERS,S2,unresolved,,"no-season-window(S1-game-table-ends-2022-23-or-season-absent-from-S1); departure-after-closed-stint(prior-spell-exit,or-source-noise)"
russebi01,Bill Russell,1961,CELTICS,S2,unresolved,,no-dated-evidence(membership-season-only; S1-window-missing-or-season-past-2022-23)
russebr01,Bryon Russell,2006,NUGGETS,S2,unresolved,"[2005-11-01, 2006-02-23)","departure-after-closed-stint(prior-spell-exit,or-source-noise)"
russeca01,Cazzie Russell,1976,LAKERS,S2,unresolved,,no-dated-evidence(membership-season-only; S1-window-missing-or-season-past-2022-23)
russeda01,D'Angelo Russell,2020,WARRIORS,S2,unresolved,,same-day-arrival-to-multiple-franchises(ordering-unresolved)
russeda01,D'Angelo Russell,2020,TIMBERWOLVES,S2,unresolved,,same-day-arrival-to-multiple-franchises(ordering-unresolved)
russeda01,D'Angelo Russell,2024,LAKERS,S2,unresolved,,no-season-window(S1-game-table-ends-2022-23-or-season-absent-from-S1); open-stint-without-window
russeda01,D'Angelo Russell,2025,NETS,S2,unresolved,,no-season-window(S1-game-table-ends-2022-23-or-season-absent-from-S1); open-stint-without-window
russeda01,D'Angelo Russell,2025,LAKERS,S2,unresolved,,"no-season-window(S1-game-table-ends-2022-23-or-season-absent-from-S1); departure-after-closed-stint(prior-spell-exit,or-source-noise)"
ryanco01,Cormac Ryan,2026,BUCKS,S2,unresolved,"[2025-09-10, 2025-10-13)",open-stint-without-window
ryanma01,Matt Ryan,2024,HORNETS-PELICANS,S2,unresolved,,no-season-window(S1-game-table-ends-2022-23-or-season-absent-from-S1); open-stint-without-window
sabondo01,Domantas Sabonis,2024,KINGS,S2,unresolved,,no-dated-evidence(membership-season-only; S1-window-missing-or-season-past-2022-23)
sabondo01,Domantas Sabonis,2025,KINGS,S2,unresolved,,no-dated-evidence(membership-season-only; S1-window-missing-or-season-past-2022-23)
sabondo01,Domantas Sabonis,2026,KINGS,S2,unresolved,,no-dated-evidence(membership-season-only; S1-window-missing-or-season-past-2022-23)
sadowed01,Ed Sadowski,1948,CELTICS,S2,unresolved,"[1947-11-13, 1948-05-01)",flagged-transaction-legs(team-unresolved)
sailoke01,Kenny Sailors,1948,STAGS,S2,unresolved,,flagged-transaction-legs(team-unresolved)
sailoke01,Kenny Sailors,1948,WARRIORS,S2,unresolved,,flagged-transaction-legs(team-unresolved)
sailoke01,Kenny Sailors,1948,STEAMROLLERS,S2,unresolved,,flagged-transaction-legs(team-unresolved)
salauti01,Tidjane Salaün,2025,BOBCATS-HORNETS2,S2,unresolved,,no-season-window(S1-game-table-ends-2022-23-or-season-absent-from-S1); open-stint-without-window
salauti01,Tidjane Salaün,2026,BOBCATS-HORNETS2,S2,unresolved,,no-dated-evidence(membership-season-only; S1-window-missing-or-season-past-2022-23)
salmojo01,John Salmons,2013,KINGS,S2,unresolved,,no-dated-evidence(membership-season-only; S1-window-missing-or-season-past-2022-23)
samanlu01,Luka Šamanić,2024,JAZZ,S2,unresolved,,no-dated-evidence(membership-season-only; S1-window-missing-or-season-past-2022-23)
sampsja02,JaKarr Sampson,2019,BULLS,S2,unresolved,"[2018-09-17, 2018-10-13)",stint-entirely-outside-team-season-window(stands-on-transactions-alone)
sampsra01,Ralph Sampson,1988,ROCKETS,S2,unresolved,"[1987-11-06, 1987-12-12)","same-day-game-order-unresolved(S2-player-games=19,S1-season-games=82,S2-team-games=82,interval-capacity=18,departure-day-allowance=1,missing-games-allowance=0,capacity-upper-bound=19)"
samueje01,Jermaine Samuels,2024,ROCKETS,S2,unresolved,,no-season-window(S1-game-table-ends-2022-23-or-season-absent-from-S1); open-stint-without-window
samuesa01,Samardo Samuels,2013,CAVALIERS,S2,unresolved,,"no-season-window(S1-game-table-ends-2022-23-or-season-absent-from-S1); departure-after-closed-stint(prior-spell-exit,or-source-noise)"
sandeko01,Kobe Sanders,2026,CLIPPERS,S2,unresolved,,no-season-window(S1-game-table-ends-2022-23-or-season-absent-from-S1); open-stint-without-window
sandeto01,Tom Sanders,1961,CELTICS,S2,unresolved,,no-dated-evidence(membership-season-only; S1-window-missing-or-season-past-2022-23)
sandeto01,Tom Sanders,1971,CELTICS,S2,unresolved,,no-dated-evidence(membership-season-only; S1-window-missing-or-season-past-2022-23)
sandfpa01,Payton Sandfort,2026,THUNDER,S2,unresolved,"[2025-10-13, 2025-10-14)",open-stint-without-window
sanogad01,Adama Sanogo,2024,BULLS,S2,unresolved,,no-season-window(S1-game-table-ends-2022-23-or-season-absent-from-S1); open-stint-without-window
santogu01,Gui Santos,2024,WARRIORS,S2,unresolved,,no-season-window(S1-game-table-ends-2022-23-or-season-absent-from-S1); open-stint-without-window
santogu01,Gui Santos,2025,WARRIORS,S2,unresolved,,no-dated-evidence(membership-season-only; S1-window-missing-or-season-past-2022-23)
santogu01,Gui Santos,2026,WARRIORS,S2,unresolved,,no-dated-evidence(membership-season-only; S1-window-missing-or-season-past-2022-23)
sarafbe01,Ben Saraf,2026,NETS,S2,unresolved,,no-season-window(S1-game-table-ends-2022-23-or-season-absent-from-S1); open-stint-without-window
saricda01,Dario Šarić,2024,WARRIORS,S2,unresolved,,no-season-window(S1-game-table-ends-2022-23-or-season-absent-from-S1); open-stint-without-window
saricda01,Dario Šarić,2025,NUGGETS,S2,unresolved,,no-season-window(S1-game-table-ends-2022-23-or-season-absent-from-S1); open-stint-without-window
sarral01,Alex Sarr,2025,WIZARDS,S2,unresolved,,no-season-window(S1-game-table-ends-2022-23-or-season-absent-from-S1); open-stint-without-window
sarral01,Alex Sarr,2026,WIZARDS,S2,unresolved,,no-dated-evidence(membership-season-only; S1-window-missing-or-season-past-2022-23)
sarrol01,Olivier Sarr,2022,THUNDER,S2,unresolved,"[2021-10-15, 2021-10-16)",repeat-signing-continues-open-stint; repeat-signing-continues-open-stint; stint-entirely-outside-team-season-window(stands-on-transactions-alone)
sarrol01,Olivier Sarr,2024,THUNDER,S2,unresolved,,no-season-window(S1-game-table-ends-2022-23-or-season-absent-from-S1); open-stint-without-window
sarrol01,Olivier Sarr,2026,CAVALIERS,S2,unresolved,,no-season-window(S1-game-table-ends-2022-23-or-season-absent-from-S1); open-stint-without-window
sassema01,Marcus Sasser,2024,PISTONS,S2,unresolved,,no-season-window(S1-game-table-ends-2022-23-or-season-absent-from-S1); open-stint-without-window
sassema01,Marcus Sasser,2025,PISTONS,S2,unresolved,,no-dated-evidence(membership-season-only; S1-window-missing-or-season-past-2022-23)
sassema01,Marcus Sasser,2026,PISTONS,S2,unresolved,,no-dated-evidence(membership-season-only; S1-window-missing-or-season-past-2022-23)
satorto01,Tomáš Satoranský,2020,BULLS,S2,unresolved,,same-day-arrival-to-multiple-franchises(ordering-unresolved)
sauldwo01,Woody Sauldsberry,1961,HAWKS,S2,unresolved,,no-season-window(S1-game-table-ends-2022-23-or-season-absent-from-S1); open-stint-without-window
sauldwo01,Woody Sauldsberry,1962,WIZARDS,S2,unresolved,,no-season-window(S1-game-table-ends-2022-23-or-season-absent-from-S1); open-stint-without-window
sauldwo01,Woody Sauldsberry,1962,HAWKS,S2,unresolved,,"no-season-window(S1-game-table-ends-2022-23-or-season-absent-from-S1); departure-after-closed-stint(prior-spell-exit,or-source-noise)"
saundfr01,Fred Saunders,1976,SUNS,S2,unresolved,,"departure-after-closed-stint(prior-spell-exit,or-source-noise)"
schakjo01,Jordan Schakel,2022,WIZARDS,S2,unresolved,"[2021-09-18, 2021-10-13)",repeat-signing-continues-open-stint; stint-entirely-outside-team-season-window(stands-on-transactions-alone)
schaydo01,Dolph Schayes,1961,76ERS,S2,unresolved,,no-dated-evidence(membership-season-only; S1-window-missing-or-season-past-2022-23)
scheiba01,Baylor Scheierman,2025,CELTICS,S2,unresolved,,no-season-window(S1-game-table-ends-2022-23-or-season-absent-from-S1); open-stint-without-window
scheiba01,Baylor Scheierman,2026,CELTICS,S2,unresolved,,no-dated-evidence(membership-season-only; S1-window-missing-or-season-past-2022-23)
schluda01,Dale Schlueter,1971,TRAIL BLAZERS,S2,unresolved,,no-dated-evidence(membership-season-only; S1-window-missing-or-season-past-2022-23)
schluda01,Dale Schlueter,1973,76ERS,S2,unresolved,"[1972-10-02, 1973-02-01)","appearance-count-conflict(S2-player-games=78,S1-season-games=82,S2-team-games=82,interval-capacity=55,departure-day-allowance=0,missing-games-allowance=0,capacity-upper-bound=55)"
schluda01,Dale Schlueter,1977,SUNS,S2,unresolved,,no-season-window(S1-game-table-ends-2022-23-or-season-absent-from-S1); open-stint-without-window
schofad01,Admiral Schofield,2022,MAGIC,S2,unresolved,"[2021-09-21, 2021-10-16)",repeat-signing-continues-open-stint; repeat-signing-continues-open-stint; stint-entirely-outside-team-season-window(stands-on-transactions-alone)
schofad01,Admiral Schofield,2024,MAGIC,S2,unresolved,,no-season-window(S1-game-table-ends-2022-23-or-season-absent-from-S1); open-stint-without-window
schrode01,Dennis Schröder,2024,NETS,S2,unresolved,,no-season-window(S1-game-table-ends-2022-23-or-season-absent-from-S1); open-stint-without-window
schrode01,Dennis Schröder,2025,NETS,S2,unresolved,,"no-season-window(S1-game-table-ends-2022-23-or-season-absent-from-S1); departure-after-closed-stint(prior-spell-exit,or-source-noise)"
schrode01,Dennis Schröder,2025,PISTONS,S2,unresolved,,no-season-window(S1-game-table-ends-2022-23-or-season-absent-from-S1); open-stint-without-window
schrode01,Dennis Schröder,2026,CAVALIERS,S2,unresolved,,same-day-arrival-to-multiple-franchises(ordering-unresolved)
schrode01,Dennis Schröder,2026,KINGS,S2,unresolved,,same-day-arrival-to-multiple-franchises(ordering-unresolved)
schuldi01,Dick Schulz,1948,BULLETS-DEFUNCT,S2,unresolved,,flagged-transaction-legs(team-unresolved)
scolafr01,Fred Scolari,1951,CAPITOLS,S2,unresolved,"[1950-10-31, 1951-01-09)","same-day-game-order-unresolved(S2-player-games=35,S1-season-games=35,S2-team-games=35,interval-capacity=34,departure-day-allowance=1,missing-games-allowance=0,capacity-upper-bound=35)"
scolalu01,Luis Scola,2013,SUNS,S2,unresolved,,no-season-window(S1-game-table-ends-2022-23-or-season-absent-from-S1); open-stint-without-window
scottra01,Ray Scott,1967,WIZARDS,S2,unresolved,,no-season-window(S1-game-table-ends-2022-23-or-season-absent-from-S1); flagged-transaction-legs(team-unresolved)
scottra01,Ray Scott,1967,PISTONS,S2,unresolved,,no-season-window(S1-game-table-ends-2022-23-or-season-absent-from-S1); flagged-transaction-legs(team-unresolved)
scotttr01,Tre Scott,2022,CAVALIERS,S2,unresolved,"[2021-09-06, 2021-09-15)",stint-entirely-outside-team-season-window(stands-on-transactions-alone)
scotttr01,Tre Scott,2026,NETS,S2,unresolved,"[2025-10-13, 2025-10-14)",open-stint-without-window; repeat-signing-continues-open-stint
scrubja01,Jay Scrubb,2023,MAGIC,S2,unresolved,"[2022-10-08, 2022-10-15)",stint-entirely-outside-team-season-window(stands-on-transactions-alone)
seabrde01,Dereon Seabron,2024,HORNETS-PELICANS,S2,unresolved,,no-dated-evidence(membership-season-only; S1-window-missing-or-season-past-2022-23)
sealsbr01,Bruce Seals,1977,THUNDER,S2,unresolved,,no-dated-evidence(membership-season-only; S1-window-missing-or-season-past-2022-23)
searced01,Ed Searcy,1976,CELTICS,S2,unresolved,"[1975-09-01, 1975-12-11)",stint-entirely-outside-team-season-window(stands-on-transactions-alone)
searske01,Kenny Sears,1961,KNICKS,S2,unresolved,,no-dated-evidence(membership-season-only; S1-window-missing-or-season-past-2022-23)
selbyjo01,Josh Selby,2013,GRIZZLIES,S2,unresolved,,"departure-after-closed-stint(prior-spell-exit,or-source-noise)"
seldewa01,Wayne Selden,2017,GRIZZLIES,S2,unresolved,"[2016-07-26, 2016-10-22)",stint-entirely-outside-team-season-window(stands-on-transactions-alone)
selvyfr01,Frank Selvy,1955,BULLETS-DEFUNCT,S2,unresolved,,"no-season-window(S1-game-table-ends-2022-23-or-season-absent-from-S1); departure-after-closed-stint(prior-spell-exit,or-source-noise)"
selvyfr01,Frank Selvy,1960,LAKERS,S2,unresolved,"[1959-10-18, 1960-03-27)",multi-team-season(ordering-unresolved): player has dated moves to other franchises this season; bracket-only stint cannot be ordered against them
selvyfr01,Frank Selvy,1961,LAKERS,S2,unresolved,,no-dated-evidence(membership-season-only; S1-window-missing-or-season-past-2022-23)
senesa01,Mouhamed Sene,2009,THUNDER,S2,unresolved,"[2008-10-29, 2009-04-16)",multi-team-season(ordering-unresolved): player has dated moves to other franchises this season; bracket-only stint cannot be ordered against them
sengual01,Alperen Şengün,2024,ROCKETS,S2,unresolved,,no-dated-evidence(membership-season-only; S1-window-missing-or-season-past-2022-23)
sengual01,Alperen Şengün,2025,ROCKETS,S2,unresolved,,no-dated-evidence(membership-season-only; S1-window-missing-or-season-past-2022-23)
sengual01,Alperen Şengün,2026,ROCKETS,S2,unresolved,,no-dated-evidence(membership-season-only; S1-window-missing-or-season-past-2022-23)
sensabr01,Brice Sensabaugh,2024,JAZZ,S2,unresolved,,no-season-window(S1-game-table-ends-2022-23-or-season-absent-from-S1); open-stint-without-window
sensabr01,Brice Sensabaugh,2025,JAZZ,S2,unresolved,,no-dated-evidence(membership-season-only; S1-window-missing-or-season-past-2022-23)
sensabr01,Brice Sensabaugh,2026,JAZZ,S2,unresolved,,no-dated-evidence(membership-season-only; S1-window-missing-or-season-past-2022-23)
serapke01,Kevin Séraphin,2013,WIZARDS,S2,unresolved,,no-dated-evidence(membership-season-only; S1-window-missing-or-season-past-2022-23)
sessira01,Ramon Sessions,2013,BOBCATS-HORNETS2,S2,unresolved,,no-season-window(S1-game-table-ends-2022-23-or-season-absent-from-S1); open-stint-without-window
sextoco01,Collin Sexton,2023,JAZZ,S2,unresolved,,same-day-arrival-to-multiple-franchises(ordering-unresolved)
sextoco01,Collin Sexton,2024,JAZZ,S2,unresolved,,no-dated-evidence(membership-season-only; S1-window-missing-or-season-past-2022-23)
sextoco01,Collin Sexton,2025,JAZZ,S2,unresolved,,"no-season-window(S1-game-table-ends-2022-23-or-season-absent-from-S1); departure-after-closed-stint(prior-spell-exit,or-source-noise)"
sextoco01,Collin Sexton,2026,BULLS,S2,unresolved,,no-season-window(S1-game-table-ends-2022-23-or-season-absent-from-S1); open-stint-without-window
sextoco01,Collin Sexton,2026,BOBCATS-HORNETS2,S2,unresolved,,"no-season-window(S1-game-table-ends-2022-23-or-season-absent-from-S1); departure-after-closed-stint(prior-spell-exit,or-source-noise)"
shamela01,Landry Shamet,2024,WIZARDS,S2,unresolved,,no-dated-evidence(membership-season-only; S1-window-missing-or-season-past-2022-23)
shamela01,Landry Shamet,2025,KNICKS,S2,unresolved,"[2024-09-14, 2024-10-19)",open-stint-without-window
shamela01,Landry Shamet,2026,KNICKS,S2,unresolved,,no-season-window(S1-game-table-ends-2022-23-or-season-absent-from-S1); open-stint-without-window
shannea01,Earl Shannon,1949,CELTICS,S2,unresolved,"[1949-01-21, 1949-03-19)",fuzzy-dated-rows-bear-on-this-tenure(fuzzy-not-guessed)
shannea01,Earl Shannon,1949,STEAMROLLERS,S2,unresolved,,fuzzy-dated-rows-bear-on-this-tenure
shannho01,Howie Shannon,1950,CELTICS,S2,unresolved,,fuzzy-dated-rows-bear-on-this-tenure
shannte01,Terrence Shannon Jr.,2025,TIMBERWOLVES,S2,unresolved,,no-season-window(S1-game-table-ends-2022-23-or-season-absent-from-S1); open-stint-without-window
shannte01,Terrence Shannon Jr.,2026,TIMBERWOLVES,S2,unresolved,,no-dated-evidence(membership-season-only; S1-window-missing-or-season-past-2022-23)
sharmbi01,Bill Sharman,1961,CELTICS,S2,unresolved,,no-dated-evidence(membership-season-only; S1-window-missing-or-season-past-2022-23)
sharpda01,Day'Ron Sharpe,2024,NETS,S2,unresolved,,no-dated-evidence(membership-season-only; S1-window-missing-or-season-past-2022-23)
sharpda01,Day'Ron Sharpe,2025,NETS,S2,unresolved,,no-dated-evidence(membership-season-only; S1-window-missing-or-season-past-2022-23)
sharpda01,Day'Ron Sharpe,2026,NETS,S2,unresolved,,no-season-window(S1-game-table-ends-2022-23-or-season-absent-from-S1); open-stint-without-window
sharpsh01,Shaedon Sharpe,2024,TRAIL BLAZERS,S2,unresolved,,no-dated-evidence(membership-season-only; S1-window-missing-or-season-past-2022-23)
sharpsh01,Shaedon Sharpe,2025,TRAIL BLAZERS,S2,unresolved,,no-dated-evidence(membership-season-only; S1-window-missing-or-season-past-2022-23)
sharpsh01,Shaedon Sharpe,2026,TRAIL BLAZERS,S2,unresolved,,no-dated-evidence(membership-season-only; S1-window-missing-or-season-past-2022-23)
sheadja01,Jamal Shead,2025,RAPTORS,S2,unresolved,,no-season-window(S1-game-table-ends-2022-23-or-season-absent-from-S1); open-stint-without-window
sheadja01,Jamal Shead,2026,RAPTORS,S2,unresolved,,no-dated-evidence(membership-season-only; S1-window-missing-or-season-past-2022-23)
sheltlo01,Lonnie Shelton,1977,KNICKS,S2,unresolved,,no-dated-evidence(membership-season-only; S1-window-missing-or-season-past-2022-23)
sheppbe01,Ben Sheppard,2024,PACERS,S2,unresolved,,no-season-window(S1-game-table-ends-2022-23-or-season-absent-from-S1); open-stint-without-window
sheppbe01,Ben Sheppard,2025,PACERS,S2,unresolved,,no-dated-evidence(membership-season-only; S1-window-missing-or-season-past-2022-23)
sheppbe01,Ben Sheppard,2026,PACERS,S2,unresolved,,no-dated-evidence(membership-season-only; S1-window-missing-or-season-past-2022-23)
sheppre01,Reed Sheppard,2025,ROCKETS,S2,unresolved,,no-season-window(S1-game-table-ends-2022-23-or-season-absent-from-S1); open-stint-without-window
sheppre01,Reed Sheppard,2026,ROCKETS,S2,unresolved,,no-dated-evidence(membership-season-only; S1-window-missing-or-season-past-2022-23)
sheroed01,Ed Sherod,1983,KNICKS,S2,unresolved,"[1982-09-30, 1983-05-02)",fuzzy-dated-rows-bear-on-this-tenure(fuzzy-not-guessed)
shortge01,Gene Short,1976,KNICKS,S2,unresolved,,"no-season-window(S1-game-table-ends-2022-23-or-season-absent-from-S1); open-stint-without-window; departure-after-closed-stint(prior-spell-exit,or-source-noise)"
shortge01,Gene Short,1976,THUNDER,S2,unresolved,"[1975-10-24, 1975-11-24)",stint-entirely-outside-team-season-window(stands-on-transactions-alone)
shuege01,Gene Shue,1961,PISTONS,S2,unresolved,,no-dated-evidence(membership-season-only; S1-window-missing-or-season-past-2022-23)
shuege01,Gene Shue,1964,WIZARDS,S2,unresolved,,flagged-transaction-legs(team-unresolved)
shulgma01,Max Shulga,2026,CELTICS,S2,unresolved,,no-season-window(S1-game-table-ends-2022-23-or-season-absent-from-S1); open-stint-without-window
shumajo01,John Shumate,1976,SUNS,S2,unresolved,,"departure-after-closed-stint(prior-spell-exit,or-source-noise)"
shumajo01,John Shumate,1977,CLIPPERS,S2,unresolved,,no-dated-evidence(membership-season-only; S1-window-missing-or-season-past-2022-23)
shumajo01,John Shumate,1981,THUNDER,S2,unresolved,"[1980-10-10, 1981-03-30)",multi-team-season(ordering-unresolved): player has dated moves to other franchises this season; bracket-only stint cannot be ordered against them
shvedal01,Alexey Shved,2013,TIMBERWOLVES,S2,unresolved,,no-season-window(S1-game-table-ends-2022-23-or-season-absent-from-S1); open-stint-without-window
siakapa01,Pascal Siakam,2024,PACERS,S2,unresolved,,no-season-window(S1-game-table-ends-2022-23-or-season-absent-from-S1); open-stint-without-window
siakapa01,Pascal Siakam,2024,RAPTORS,S2,unresolved,,"no-season-window(S1-game-table-ends-2022-23-or-season-absent-from-S1); departure-after-closed-stint(prior-spell-exit,or-source-noise)"
siakapa01,Pascal Siakam,2025,PACERS,S2,unresolved,,no-season-window(S1-game-table-ends-2022-23-or-season-absent-from-S1); open-stint-without-window
siakapa01,Pascal Siakam,2026,PACERS,S2,unresolved,,no-dated-evidence(membership-season-only; S1-window-missing-or-season-past-2022-23)
siegfla01,Larry Siegfried,1970,CELTICS,S2,unresolved,,flagged-transaction-legs(team-unresolved)
siegfla01,Larry Siegfried,1971,ROCKETS,S2,unresolved,,no-dated-evidence(membership-season-only; S1-window-missing-or-season-past-2022-23)
silaspa01,Paul Silas,1971,SUNS,S2,unresolved,,no-dated-evidence(membership-season-only; S1-window-missing-or-season-past-2022-23)
silaspa01,Paul Silas,1972,SUNS,S2,unresolved,"[1971-10-14, 1972-03-14)","appearance-count-conflict(S2-player-games=80,S1-season-games=82,S2-team-games=82,interval-capacity=76,departure-day-allowance=0,missing-games-allowance=0,capacity-upper-bound=76)"
sillimi01,Mike Silliman,1971,CLIPPERS,S2,unresolved,,no-dated-evidence(membership-season-only; S1-window-missing-or-season-past-2022-23)
silvach01,Chris Silva,2022,TIMBERWOLVES,S2,unresolved,"[2021-09-20, 2021-10-15)",stint-entirely-outside-team-season-window(stands-on-transactions-alone)
simmobe01,Ben Simmons,2024,NETS,S2,unresolved,,no-dated-evidence(membership-season-only; S1-window-missing-or-season-past-2022-23)
simmobe01,Ben Simmons,2025,NETS,S2,unresolved,,"no-season-window(S1-game-table-ends-2022-23-or-season-absent-from-S1); departure-after-closed-stint(prior-spell-exit,or-source-noise)"
simmobe01,Ben Simmons,2025,CLIPPERS,S2,unresolved,,no-season-window(S1-game-table-ends-2022-23-or-season-absent-from-S1); open-stint-without-window
simmobo01,Bobby Simmons,2003,WIZARDS,S2,unresolved,"[2002-10-01, 2002-10-28)","departure-after-closed-stint(prior-spell-exit,or-source-noise); stint-entirely-outside-team-season-window(stands-on-transactions-alone)"
simmobo01,Bobby Simmons,2003,WIZARDS,S2,unresolved,"[2002-12-27, 2003-04-17)","departure-after-closed-stint(prior-spell-exit,or-source-noise)"
simmoco01,Connie Simmons,1949,BULLETS-DEFUNCT,S2,unresolved,"[1948-11-04, 1949-02-11)","appearance-count-conflict(S2-player-games=60,S1-season-games=60,S2-team-games=60,interval-capacity=45,departure-day-allowance=0,missing-games-allowance=0,capacity-upper-bound=45)"
simmoko01,Kobi Simmons,2019,CAVALIERS,S2,unresolved,"[2018-09-20, 2018-10-13)",stint-entirely-outside-team-season-window(stands-on-transactions-alone)
simmoko01,Kobi Simmons,2024,RAPTORS,S2,unresolved,,no-season-window(S1-game-table-ends-2022-23-or-season-absent-from-S1); open-stint-without-window
simonan01,Anfernee Simons,2024,TRAIL BLAZERS,S2,unresolved,,no-dated-evidence(membership-season-only; S1-window-missing-or-season-past-2022-23)
simonan01,Anfernee Simons,2025,TRAIL BLAZERS,S2,unresolved,,no-dated-evidence(membership-season-only; S1-window-missing-or-season-past-2022-23)
simonan01,Anfernee Simons,2026,BULLS,S2,unresolved,,no-season-window(S1-game-table-ends-2022-23-or-season-absent-from-S1); open-stint-without-window
simpkdi01,Dickey Simpkins,1998,BULLS,S2,unresolved,"[1998-03-02, 1998-06-15)","departure-after-closed-stint(prior-spell-exit,or-source-noise)"
simpskj01,KJ Simpson,2025,BOBCATS-HORNETS2,S2,unresolved,,no-season-window(S1-game-table-ends-2022-23-or-season-absent-from-S1); open-stint-without-window
simpskj01,KJ Simpson,2026,BOBCATS-HORNETS2,S2,unresolved,,"no-season-window(S1-game-table-ends-2022-23-or-season-absent-from-S1); departure-after-closed-stint(prior-spell-exit,or-source-noise)"
simpskj01,KJ Simpson,2026,NUGGETS,S2,unresolved,,no-season-window(S1-game-table-ends-2022-23-or-season-absent-from-S1); open-stint-without-window
simpsza01,Zavier Simpson,2022,THUNDER,S2,unresolved,"[2021-10-14, 2021-10-15)",stint-entirely-outside-team-season-window(stands-on-transactions-alone)
simpsza01,Zavier Simpson,2024,GRIZZLIES,S2,unresolved,,no-season-window(S1-game-table-ends-2022-23-or-season-absent-from-S1); open-stint-without-window; repeat-signing-continues-open-stint
simsbo01,Bob Sims,1962,LAKERS,S2,unresolved,"[1962-03-24, 1962-04-19)",multi-team-season(ordering-unresolved): player has dated moves to other franchises this season; bracket-only stint cannot be ordered against them
simsbo01,Bob Sims,1962,HAWKS,S2,unresolved,,"no-season-window(S1-game-table-ends-2022-23-or-season-absent-from-S1); departure-after-closed-stint(prior-spell-exit,or-source-noise)"
simsco01,Courtney Sims,2008,PACERS,S2,unresolved,"[2007-10-02, 2007-10-25)",stint-entirely-outside-team-season-window(stands-on-transactions-alone)
simsja01,Jaylen Sims,2025,BOBCATS-HORNETS2,S2,unresolved,"[2024-09-27, 2024-09-28)",open-stint-without-window; repeat-signing-continues-open-stint
simsje01,Jericho Sims,2024,KNICKS,S2,unresolved,,no-dated-evidence(membership-season-only; S1-window-missing-or-season-past-2022-23)
simsje01,Jericho Sims,2025,BUCKS,S2,unresolved,,no-season-window(S1-game-table-ends-2022-23-or-season-absent-from-S1); open-stint-without-window
simsje01,Jericho Sims,2025,KNICKS,S2,unresolved,,"no-season-window(S1-game-table-ends-2022-23-or-season-absent-from-S1); departure-after-closed-stint(prior-spell-exit,or-source-noise)"
simsje01,Jericho Sims,2026,BUCKS,S2,unresolved,,no-season-window(S1-game-table-ends-2022-23-or-season-absent-from-S1); open-stint-without-window
singlch01,Chris Singleton,2013,WIZARDS,S2,unresolved,,no-dated-evidence(membership-season-only; S1-window-missing-or-season-past-2022-23)
singlky01,Kyle Singler,2013,PISTONS,S2,unresolved,,no-dated-evidence(membership-season-only; S1-window-missing-or-season-past-2022-23)
sirvyde01,Deividas Sirvydis,2022,PISTONS,S2,unresolved,"[2021-09-27, 2021-09-29)","departure-after-closed-stint(prior-spell-exit,or-source-noise); stint-entirely-outside-team-season-window(stands-on-transactions-alone)"
sirvyde01,Deividas Sirvydis,2022,PISTONS,S2,unresolved,"[2021-12-26, 2022-04-11)","departure-after-closed-stint(prior-spell-exit,or-source-noise)"
skinnal01,Al Skinner,1977,NETS,S2,unresolved,,no-dated-evidence(membership-season-only; S1-window-missing-or-season-past-2022-23)
skinnbr01,Brian Skinner,2011,BUCKS,S2,unresolved,"[2010-09-29, 2010-10-25)",stint-entirely-outside-team-season-window(stands-on-transactions-alone)
slawsja01,Jalen Slawson,2024,KINGS,S2,unresolved,,no-season-window(S1-game-table-ends-2022-23-or-season-absent-from-S1); open-stint-without-window
slawsja01,Jalen Slawson,2026,PACERS,S2,unresolved,"[2025-09-09, 2025-10-17)",open-stint-without-window
sloando01,Donald Sloan,2013,CAVALIERS,S2,unresolved,,"no-season-window(S1-game-table-ends-2022-23-or-season-absent-from-S1); departure-after-closed-stint(prior-spell-exit,or-source-noise)"
sloando01,Donald Sloan,2013,HORNETS-PELICANS,S2,unresolved,,no-season-window(S1-game-table-ends-2022-23-or-season-absent-from-S1); open-stint-without-window
sloanje01,Jerry Sloan,1976,BULLS,S2,unresolved,,no-dated-evidence(membership-season-only; S1-window-missing-or-season-past-2022-23)
smallja01,Javon Small,2026,GRIZZLIES,S2,unresolved,,no-season-window(S1-game-table-ends-2022-23-or-season-absent-from-S1); open-stint-without-window
smartja01,Javonte Smart,2022,HEAT,S2,unresolved,"[2021-09-10, 2021-10-16)",stint-entirely-outside-team-season-window(stands-on-transactions-alone)
smartma01,Marcus Smart,2024,GRIZZLIES,S2,unresolved,,no-dated-evidence(membership-season-only; S1-window-missing-or-season-past-2022-23)
smartma01,Marcus Smart,2025,GRIZZLIES,S2,unresolved,,"no-season-window(S1-game-table-ends-2022-23-or-season-absent-from-S1); departure-after-closed-stint(prior-spell-exit,or-source-noise)"
smartma01,Marcus Smart,2025,WIZARDS,S2,unresolved,,no-season-window(S1-game-table-ends-2022-23-or-season-absent-from-S1); open-stint-without-window
smartma01,Marcus Smart,2026,LAKERS,S2,unresolved,,no-season-window(S1-game-table-ends-2022-23-or-season-absent-from-S1); open-stint-without-window
smawlbe01,Belus Smawley,1951,BULLETS-DEFUNCT,S2,unresolved,"[1950-11-01, 1951-03-18)",multi-team-season(ordering-unresolved): player has dated moves to other franchises this season; bracket-only stint cannot be ordered against them
smithbi01,Bill Smith,1962,KNICKS,S2,unresolved,,no-dated-evidence(membership-season-only; S1-window-missing-or-season-past-2022-23)
smithbi02,Bingo Smith,1971,CAVALIERS,S2,unresolved,,no-dated-evidence(membership-season-only; S1-window-missing-or-season-past-2022-23)
smithde03,Dennis Smith Jr.,2024,NETS,S2,unresolved,,no-season-window(S1-game-table-ends-2022-23-or-season-absent-from-S1); open-stint-without-window
smithdr01,Dru Smith,2025,HEAT,S2,unresolved,,no-season-window(S1-game-table-ends-2022-23-or-season-absent-from-S1); open-stint-without-window
smithdr01,Dru Smith,2026,HEAT,S2,unresolved,,no-season-window(S1-game-table-ends-2022-23-or-season-absent-from-S1); open-stint-without-window
smithel01,Elmore Smith,1977,BUCKS,S2,unresolved,,"no-season-window(S1-game-table-ends-2022-23-or-season-absent-from-S1); departure-after-closed-stint(prior-spell-exit,or-source-noise)"
smithga01,Garfield Smith,1971,CELTICS,S2,unresolved,,no-dated-evidence(membership-season-only; S1-window-missing-or-season-past-2022-23)
smithgr01,Greg Smith,1976,TRAIL BLAZERS,S2,unresolved,,"no-season-window(S1-game-table-ends-2022-23-or-season-absent-from-S1); departure-after-closed-stint(prior-spell-exit,or-source-noise)"
smithis01,Ish Smith,2013,MAGIC,S2,unresolved,,"no-season-window(S1-game-table-ends-2022-23-or-season-absent-from-S1); departure-after-closed-stint(prior-spell-exit,or-source-noise)"
smithja02,Jason Smith,2013,HORNETS-PELICANS,S2,unresolved,,no-dated-evidence(membership-season-only; S1-window-missing-or-season-past-2022-23)
smithja04,Jalen Smith,2024,PACERS,S2,unresolved,,no-dated-evidence(membership-season-only; S1-window-missing-or-season-past-2022-23)
smithja04,Jalen Smith,2025,BULLS,S2,unresolved,,no-season-window(S1-game-table-ends-2022-23-or-season-absent-from-S1); open-stint-without-window
smithja04,Jalen Smith,2026,BULLS,S2,unresolved,,no-dated-evidence(membership-season-only; S1-window-missing-or-season-past-2022-23)
smithja05,Jabari Smith Jr.,2024,ROCKETS,S2,unresolved,,no-dated-evidence(membership-season-only; S1-window-missing-or-season-past-2022-23)
smithja05,Jabari Smith Jr.,2025,ROCKETS,S2,unresolved,,no-dated-evidence(membership-season-only; S1-window-missing-or-season-past-2022-23)
smithja05,Jabari Smith Jr.,2026,ROCKETS,S2,unresolved,,no-dated-evidence(membership-season-only; S1-window-missing-or-season-past-2022-23)
smithjo02,Joe Smith,2001,PISTONS,S2,unresolved,"[2000-10-31, 2000-11-20)",same-day-arrival-and-departure(ordering-flagged)
smithjo02,Joe Smith,2009,CAVALIERS,S2,unresolved,"[2009-03-04, 2009-05-31)","departure-after-closed-stint(prior-spell-exit,or-source-noise)"
smithma02,Malachi Smith,2026,NETS,S2,unresolved,"[2025-10-14, 2025-10-15)",open-stint-without-window; repeat-signing-continues-open-stint; repeat-signing-continues-open-stint
smithni01,Nick Smith Jr.,2024,BOBCATS-HORNETS2,S2,unresolved,,no-season-window(S1-game-table-ends-2022-23-or-season-absent-from-S1); open-stint-without-window
smithni01,Nick Smith Jr.,2025,BOBCATS-HORNETS2,S2,unresolved,,no-dated-evidence(membership-season-only; S1-window-missing-or-season-past-2022-23)
smithni01,Nick Smith Jr.,2026,LAKERS,S2,unresolved,,no-season-window(S1-game-table-ends-2022-23-or-season-absent-from-S1); open-stint-without-window
smithno01,Nolan Smith,2013,TRAIL BLAZERS,S2,unresolved,,no-dated-evidence(membership-season-only; S1-window-missing-or-season-past-2022-23)
smithra01,Randy Smith,1977,CLIPPERS,S2,unresolved,,no-dated-evidence(membership-season-only; S1-window-missing-or-season-past-2022-23)
smithte01,Terquavion Smith,2024,76ERS,S2,unresolved,,no-season-window(S1-game-table-ends-2022-23-or-season-absent-from-S1); open-stint-without-window
smithto05,Tolu Smith,2025,PISTONS,S2,unresolved,"[2024-09-17, 2024-10-17)",open-stint-without-window
smithto05,Tolu Smith,2026,PISTONS,S2,unresolved,,no-dated-evidence(membership-season-only; S1-window-missing-or-season-past-2022-23)
smithty02,Tyler Smith,2025,BUCKS,S2,unresolved,,no-season-window(S1-game-table-ends-2022-23-or-season-absent-from-S1); open-stint-without-window
smithty02,Tyler Smith,2026,MAVERICKS,S2,unresolved,,no-season-window(S1-game-table-ends-2022-23-or-season-absent-from-S1); open-stint-without-window
smithwi02,Willie Smith,1977,BULLS,S2,unresolved,,"departure-after-closed-stint(prior-spell-exit,or-source-noise)"
sneedxa01,Xavier Sneed,2023,BOBCATS-HORNETS2,S2,unresolved,"[2022-10-06, 2022-10-15)",repeat-signing-continues-open-stint; stint-entirely-outside-team-season-window(stands-on-transactions-alone)
snydedi01,Dick Snyder,1971,THUNDER,S2,unresolved,,no-dated-evidence(membership-season-only; S1-window-missing-or-season-past-2022-23)
soberri01,Ricky Sobers,1977,SUNS,S2,unresolved,,no-dated-evidence(membership-season-only; S1-window-missing-or-season-past-2022-23)
soberri01,Ricky Sobers,1980,BULLS,S2,unresolved,,"departure-after-closed-stint(prior-spell-exit,or-source-noise)"
sochaje01,Jeremy Sochan,2024,SPURS,S2,unresolved,,no-dated-evidence(membership-season-only; S1-window-missing-or-season-past-2022-23)
sochaje01,Jeremy Sochan,2025,SPURS,S2,unresolved,,no-dated-evidence(membership-season-only; S1-window-missing-or-season-past-2022-23)
sochaje01,Jeremy Sochan,2026,KNICKS,S2,unresolved,,no-season-window(S1-game-table-ends-2022-23-or-season-absent-from-S1); open-stint-without-window
sochaje01,Jeremy Sochan,2026,SPURS,S2,unresolved,,"no-season-window(S1-game-table-ends-2022-23-or-season-absent-from-S1); departure-after-closed-stint(prior-spell-exit,or-source-noise)"
sojoumi01,Mike Sojourner,1976,HAWKS,S2,unresolved,,no-dated-evidence(membership-season-only; S1-window-missing-or-season-past-2022-23)
sojoumi01,Mike Sojourner,1977,HAWKS,S2,unresolved,,no-dated-evidence(membership-season-only; S1-window-missing-or-season-past-2022-23)
sorenda01,Dave Sorenson,1971,CAVALIERS,S2,unresolved,,no-dated-evidence(membership-season-only; S1-window-missing-or-season-past-2022-23)
speigma01,Marreese Speights,2013,CAVALIERS,S2,unresolved,,no-season-window(S1-game-table-ends-2022-23-or-season-absent-from-S1); open-stint-without-window
speigma01,Marreese Speights,2013,GRIZZLIES,S2,unresolved,,"departure-after-closed-stint(prior-spell-exit,or-source-noise)"
spencca01,Cam Spencer,2025,GRIZZLIES,S2,unresolved,,no-season-window(S1-game-table-ends-2022-23-or-season-absent-from-S1); open-stint-without-window; repeat-signing-continues-open-stint
spencca01,Cam Spencer,2026,GRIZZLIES,S2,unresolved,,no-season-window(S1-game-table-ends-2022-23-or-season-absent-from-S1); open-stint-without-window
spencpa01,Pat Spencer,2024,WARRIORS,S2,unresolved,,no-season-window(S1-game-table-ends-2022-23-or-season-absent-from-S1); open-stint-without-window
spencpa01,Pat Spencer,2025,WARRIORS,S2,unresolved,,no-dated-evidence(membership-season-only; S1-window-missing-or-season-past-2022-23)
spencpa01,Pat Spencer,2026,WARRIORS,S2,unresolved,,no-season-window(S1-game-table-ends-2022-23-or-season-absent-from-S1); open-stint-without-window
spitzcr01,Craig Spitzer,1968,BULLS,S2,unresolved,,fuzzy-dated-rows-bear-on-this-tenure
sprigla01,Larry Spriggs,1982,ROCKETS,S2,unresolved,"[1982-03-09, 1982-04-26)","departure-after-closed-stint(prior-spell-exit,or-source-noise)"
sprinja01,Jaden Springer,2024,CELTICS,S2,unresolved,,no-season-window(S1-game-table-ends-2022-23-or-season-absent-from-S1); open-stint-without-window
sprinja01,Jaden Springer,2024,76ERS,S2,unresolved,,"no-season-window(S1-game-table-ends-2022-23-or-season-absent-from-S1); departure-after-closed-stint(prior-spell-exit,or-source-noise)"
sprinja01,Jaden Springer,2025,CELTICS,S2,unresolved,,"no-season-window(S1-game-table-ends-2022-23-or-season-absent-from-S1); departure-after-closed-stint(prior-spell-exit,or-source-noise)"
sprinja01,Jaden Springer,2025,JAZZ,S2,unresolved,,no-season-window(S1-game-table-ends-2022-23-or-season-absent-from-S1); open-stint-without-window; repeat-signing-continues-open-stint
stacoke01,Kevin Stacom,1979,CELTICS,S2,unresolved,,"departure-after-closed-stint(prior-spell-exit,or-source-noise)"
stallbu01,Bud Stallworth,1976,JAZZ,S2,unresolved,,no-dated-evidence(membership-season-only; S1-window-missing-or-season-past-2022-23)
stallbu01,Bud Stallworth,1977,JAZZ,S2,unresolved,,no-dated-evidence(membership-season-only; S1-window-missing-or-season-past-2022-23)
stallda01,Dave Stallworth,1972,WIZARDS,S2,unresolved,,flagged-transaction-legs(team-unresolved)
stallda01,Dave Stallworth,1972,KNICKS,S2,unresolved,,flagged-transaction-legs(team-unresolved)
stanlca01,Cassius Stanley,2022,PISTONS,S2,unresolved,"[2021-09-27, 2021-10-16)",repeat-signing-continues-open-stint; repeat-signing-continues-open-stint; stint-entirely-outside-team-season-window(stands-on-transactions-alone)
stausni01,Nik Stauskas,2019,CAVALIERS,S2,unresolved,,same-day-arrival-to-multiple-franchises(ordering-unresolved)
stausni01,Nik Stauskas,2019,TRAIL BLAZERS,S2,unresolved,,same-day-arrival-to-multiple-franchises(ordering-unresolved)
stavela01,Larry Staverman,1961,KINGS,S2,unresolved,,no-dated-evidence(membership-season-only; S1-window-missing-or-season-past-2022-23)
stavela01,Larry Staverman,1964,WIZARDS,S2,unresolved,,flagged-transaction-legs(team-unresolved)
stavela01,Larry Staverman,1964,KINGS,S2,unresolved,"[1963-12-16, 1964-04-10)",flagged-transaction-legs(team-unresolved)
stavela01,Larry Staverman,1964,PISTONS,S2,unresolved,"[1963-10-16, 1963-12-16)",flagged-transaction-legs(team-unresolved)
steella01,Larry Steele,1976,TRAIL BLAZERS,S2,unresolved,,no-dated-evidence(membership-season-only; S1-window-missing-or-season-past-2022-23)
steigma01,Matt Steigenga,1997,BULLS,S2,unresolved,"[1996-10-03, 1996-10-29)",stint-entirely-outside-team-season-window(stands-on-transactions-alone)
stephal01,Alex Stepheson,2016,GRIZZLIES,S2,unresolved,"[2015-10-07, 2015-10-24)",stint-entirely-outside-team-season-window(stands-on-transactions-alone)
stephjo01,Joe Stephens,1997,ROCKETS,S2,unresolved,"[1996-10-01, 1996-10-30)",stint-entirely-outside-team-season-window(stands-on-transactions-alone)
stephla01,Lance Stephenson,2022,PACERS,S2,unresolved,"[2022-01-01, 2022-01-14)",same-day-arrival-and-departure(ordering-flagged); repeat-signing-continues-open-stint; repeat-signing-continues-open-stint
stephla01,Lance Stephenson,2022,PACERS,S2,unresolved,"[2022-01-24, 2022-04-11)",same-day-arrival-and-departure(ordering-flagged); repeat-signing-continues-open-stint; repeat-signing-continues-open-stint
steveis01,Isaiah Stevens,2025,HEAT,S2,unresolved,"[2024-07-06, 2024-10-19)",open-stint-without-window
steveis01,Isaiah Stevens,2026,KINGS,S2,unresolved,,no-season-window(S1-game-table-ends-2022-23-or-season-absent-from-S1); open-stint-without-window
stevela01,Lamar Stevens,2024,GRIZZLIES,S2,unresolved,,no-season-window(S1-game-table-ends-2022-23-or-season-absent-from-S1); open-stint-without-window
stevela01,Lamar Stevens,2025,GRIZZLIES,S2,unresolved,,no-season-window(S1-game-table-ends-2022-23-or-season-absent-from-S1); open-stint-without-window; repeat-signing-continues-open-stint; repeat-signing-continues-open-stint
stewais01,Isaiah Stewart,2024,PISTONS,S2,unresolved,,no-dated-evidence(membership-season-only; S1-window-missing-or-season-past-2022-23)
stewais01,Isaiah Stewart,2025,PISTONS,S2,unresolved,,no-dated-evidence(membership-season-only; S1-window-missing-or-season-past-2022-23)
stewais01,Isaiah Stewart,2026,PISTONS,S2,unresolved,,no-dated-evidence(membership-season-only; S1-window-missing-or-season-past-2022-23)
stiemgr01,Greg Stiemsma,2013,TIMBERWOLVES,S2,unresolved,,no-season-window(S1-game-table-ends-2022-23-or-season-absent-from-S1); open-stint-without-window
stithsa01,Sam Stith,1962,KNICKS,S2,unresolved,,no-dated-evidence(membership-season-only; S1-window-missing-or-season-past-2022-23)
strawjo01,Joe Strawder,1967,PISTONS,S2,unresolved,,no-dated-evidence(membership-season-only; S1-window-missing-or-season-past-2022-23)
strawju01,Julian Strawther,2024,NUGGETS,S2,unresolved,,no-season-window(S1-game-table-ends-2022-23-or-season-absent-from-S1); open-stint-without-window
strawju01,Julian Strawther,2025,NUGGETS,S2,unresolved,,no-dated-evidence(membership-season-only; S1-window-missing-or-season-past-2022-23)
strawju01,Julian Strawther,2026,NUGGETS,S2,unresolved,,no-dated-evidence(membership-season-only; S1-window-missing-or-season-past-2022-23)
stricro01,Roger Strickland,1964,WIZARDS,S2,unresolved,,flagged-transaction-legs(team-unresolved)
stroejo01,John Stroeder,1989,WARRIORS,S2,unresolved,"[1988-10-05, 1988-10-27)",stint-entirely-outside-team-season-window(stands-on-transactions-alone)
strusma01,Max Strus,2024,CAVALIERS,S2,unresolved,,same-day-arrival-to-multiple-franchises(ordering-unresolved)
strusma01,Max Strus,2025,CAVALIERS,S2,unresolved,,no-dated-evidence(membership-season-only; S1-window-missing-or-season-past-2022-23)
strusma01,Max Strus,2026,CAVALIERS,S2,unresolved,,no-dated-evidence(membership-season-only; S1-window-missing-or-season-past-2022-23)
stuckro01,Rodney Stuckey,2013,PISTONS,S2,unresolved,,no-dated-evidence(membership-season-only; S1-window-missing-or-season-past-2022-23)
suggsja01,Jalen Suggs,2024,MAGIC,S2,unresolved,,no-dated-evidence(membership-season-only; S1-window-missing-or-season-past-2022-23)
suggsja01,Jalen Suggs,2025,MAGIC,S2,unresolved,,no-dated-evidence(membership-season-only; S1-window-missing-or-season-past-2022-23)
suggsja01,Jalen Suggs,2026,MAGIC,S2,unresolved,,no-dated-evidence(membership-season-only; S1-window-missing-or-season-past-2022-23)
suitega01,Gary Suiter,1971,CAVALIERS,S2,unresolved,,no-season-window(S1-game-table-ends-2022-23-or-season-absent-from-S1); open-stint-without-window
sundobr01,Bruno Šundov,2005,KNICKS,S2,unresolved,"[2004-11-03, 2005-04-21)",multi-team-season(ordering-unresolved): player has dated moves to other franchises this season; bracket-only stint cannot be ordered against them
surhodi01,Dick Surhoff,1954,HAWKS,S2,unresolved,,fuzzy-dated-rows-bear-on-this-tenure
suttlda01,Dane Suttle,1984,KINGS,S2,unresolved,"[1983-10-28, 1984-04-23)","departure-after-closed-stint(prior-spell-exit,or-source-noise)"
swideco01,Cole Swider,2024,HEAT,S2,unresolved,,no-season-window(S1-game-table-ends-2022-23-or-season-absent-from-S1); open-stint-without-window; repeat-signing-continues-open-stint
sykeske01,Keifer Sykes,2022,PACERS,S2,unresolved,"[2021-08-05, 2021-10-15)",stint-entirely-outside-team-season-window(stands-on-transactions-alone)
tateja01,Jae'Sean Tate,2024,ROCKETS,S2,unresolved,,no-dated-evidence(membership-season-only; S1-window-missing-or-season-past-2022-23)
tateja01,Jae'Sean Tate,2025,ROCKETS,S2,unresolved,,no-dated-evidence(membership-season-only; S1-window-missing-or-season-past-2022-23)
tateja01,Jae'Sean Tate,2026,ROCKETS,S2,unresolved,,no-season-window(S1-game-table-ends-2022-23-or-season-absent-from-S1); open-stint-without-window
tatumea01,Earl Tatum,1979,PISTONS,S2,unresolved,"[1978-10-19, 1979-02-15)","appearance-count-conflict(S2-player-games=76,S1-season-games=82,S2-team-games=82,interval-capacity=54,departure-day-allowance=0,missing-games-allowance=0,capacity-upper-bound=54)"
tatumja01,Jayson Tatum,2024,CELTICS,S2,unresolved,,no-dated-evidence(membership-season-only; S1-window-missing-or-season-past-2022-23)
tatumja01,Jayson Tatum,2025,CELTICS,S2,unresolved,,no-dated-evidence(membership-season-only; S1-window-missing-or-season-past-2022-23)
tatumja01,Jayson Tatum,2026,CELTICS,S2,unresolved,,no-dated-evidence(membership-season-only; S1-window-missing-or-season-past-2022-23)
taylofr01,Fred Taylor,1971,SUNS,S2,unresolved,,no-dated-evidence(membership-season-only; S1-window-missing-or-season-past-2022-23)
taylois01,Isaiah Taylor,2017,ROCKETS,S2,unresolved,"[2016-09-23, 2016-10-16)",stint-entirely-outside-team-season-window(stands-on-transactions-alone)
tayloje03,Jeff Taylor,2013,BOBCATS-HORNETS2,S2,unresolved,,no-dated-evidence(membership-season-only; S1-window-missing-or-season-past-2022-23)
taylote01,Terry Taylor,2022,PACERS,S2,unresolved,"[2021-08-05, 2021-10-15)",stint-entirely-outside-team-season-window(stands-on-transactions-alone)
taylote01,Terry Taylor,2025,KINGS,S2,unresolved,"[2024-09-23, 2024-10-18)",open-stint-without-window
telfase01,Sebastian Telfair,2013,SUNS,S2,unresolved,,"no-season-window(S1-game-table-ends-2022-23-or-season-absent-from-S1); departure-after-closed-stint(prior-spell-exit,or-source-noise)"
telfase01,Sebastian Telfair,2013,RAPTORS,S2,unresolved,,no-season-window(S1-game-table-ends-2022-23-or-season-absent-from-S1); open-stint-without-window
telfase01,Sebastian Telfair,2015,THUNDER,S2,unresolved,"[2014-07-15, 2014-11-26)","same-day-game-order-unresolved(S2-player-games=16,S1-season-games=82,S2-team-games=82,interval-capacity=15,departure-day-allowance=1,missing-games-allowance=0,capacity-upper-bound=16)"
templga01,Garrett Temple,2010,ROCKETS,S2,unresolved,"[2009-09-30, 2009-10-21)",stint-entirely-outside-team-season-window(stands-on-transactions-alone)
templga01,Garrett Temple,2013,WIZARDS,S2,unresolved,,no-season-window(S1-game-table-ends-2022-23-or-season-absent-from-S1); open-stint-without-window
templga01,Garrett Temple,2022,HORNETS-PELICANS,S2,unresolved,,same-day-arrival-to-multiple-franchises(ordering-unresolved)
templga01,Garrett Temple,2024,RAPTORS,S2,unresolved,,no-season-window(S1-game-table-ends-2022-23-or-season-absent-from-S1); open-stint-without-window
templga01,Garrett Temple,2025,RAPTORS,S2,unresolved,,no-season-window(S1-game-table-ends-2022-23-or-season-absent-from-S1); open-stint-without-window
templga01,Garrett Temple,2026,RAPTORS,S2,unresolved,,no-season-window(S1-game-table-ends-2022-23-or-season-absent-from-S1); open-stint-without-window
terreir01,Ira Terrell,1977,SUNS,S2,unresolved,,no-dated-evidence(membership-season-only; S1-window-missing-or-season-past-2022-23)
terryca01,Carlos Terry,1983,WIZARDS,S2,unresolved,"[1982-11-16, 1983-04-18)","departure-after-closed-stint(prior-spell-exit,or-source-noise)"
terrych01,Chuck Terry,1977,NETS,S2,unresolved,,no-dated-evidence(membership-season-only; S1-window-missing-or-season-past-2022-23)
terrycl01,Claude Terry,1977,HAWKS,S2,unresolved,,no-dated-evidence(membership-season-only; S1-window-missing-or-season-past-2022-23)
terrycl01,Claude Terry,1977,CLIPPERS,S2,unresolved,,no-season-window(S1-game-table-ends-2022-23-or-season-absent-from-S1); open-stint-without-window
terryda01,Dalen Terry,2024,BULLS,S2,unresolved,,no-dated-evidence(membership-season-only; S1-window-missing-or-season-past-2022-23)
terryda01,Dalen Terry,2025,BULLS,S2,unresolved,,no-dated-evidence(membership-season-only; S1-window-missing-or-season-past-2022-23)
terryda01,Dalen Terry,2026,BULLS,S2,unresolved,,same-day-arrival-to-multiple-franchises(ordering-unresolved)
terryda01,Dalen Terry,2026,76ERS,S2,unresolved,,same-day-arrival-to-multiple-franchises(ordering-unresolved)
theisda01,Daniel Theis,2022,CELTICS,S2,unresolved,,same-day-arrival-to-multiple-franchises(ordering-unresolved)
theisda01,Daniel Theis,2022,ROCKETS,S2,unresolved,,same-day-arrival-to-multiple-franchises(ordering-unresolved)
theisda01,Daniel Theis,2024,PACERS,S2,unresolved,,"no-season-window(S1-game-table-ends-2022-23-or-season-absent-from-S1); departure-after-closed-stint(prior-spell-exit,or-source-noise)"
theisda01,Daniel Theis,2024,CLIPPERS,S2,unresolved,,no-season-window(S1-game-table-ends-2022-23-or-season-absent-from-S1); open-stint-without-window
thierad01,Adou Thiero,2026,LAKERS,S2,unresolved,,no-season-window(S1-game-table-ends-2022-23-or-season-absent-from-S1); open-stint-without-window
thomabi01,Billy Thomas,2006,WIZARDS,S2,unresolved,,same-day-arrival-to-multiple-franchises(ordering-unresolved)
thomaca02,Cam Thomas,2024,NETS,S2,unresolved,,no-dated-evidence(membership-season-only; S1-window-missing-or-season-past-2022-23)
thomaca02,Cam Thomas,2025,NETS,S2,unresolved,,no-dated-evidence(membership-season-only; S1-window-missing-or-season-past-2022-23)
thomais02,Isaiah Thomas,2013,KINGS,S2,unresolved,,no-dated-evidence(membership-season-only; S1-window-missing-or-season-past-2022-23)
thomais02,Isaiah Thomas,2024,SUNS,S2,unresolved,,no-season-window(S1-game-table-ends-2022-23-or-season-absent-from-S1); open-stint-without-window; repeat-signing-continues-open-stint; repeat-signing-continues-open-stint
thomajo01,Joe Thomas,1971,SUNS,S2,unresolved,,no-dated-evidence(membership-season-only; S1-window-missing-or-season-past-2022-23)
thomajo02,John Thomas,2005,TIMBERWOLVES,S2,unresolved,"[2004-10-04, 2004-11-01)",stint-entirely-outside-team-season-window(stands-on-transactions-alone)
thomajo02,John Thomas,2006,GRIZZLIES,S2,unresolved,"[2005-10-02, 2005-11-22)","departure-after-closed-stint(prior-spell-exit,or-source-noise)"
thomaku01,Kurt Thomas,2013,KNICKS,S2,unresolved,"[2012-07-16, 2013-04-12)",stint-entirely-outside-team-season-window(stands-on-transactions-alone)
thomala01,Lance Thomas,2013,HORNETS-PELICANS,S2,unresolved,,no-dated-evidence(membership-season-only; S1-window-missing-or-season-past-2022-23)
thomala01,Lance Thomas,2014,HORNETS-PELICANS,S2,unresolved,"[2013-08-22, 2014-04-17)","departure-after-closed-stint(prior-spell-exit,or-source-noise)"
thomala01,Lance Thomas,2020,NETS,S2,unresolved,"[2019-09-27, 2019-10-18)",stint-entirely-outside-team-season-window(stands-on-transactions-alone)
thomama01,Malcolm Thomas,2014,SPURS,S2,unresolved,"[2013-10-30, 2014-06-16)",multi-team-season(ordering-unresolved): player has dated moves to other franchises this season; bracket-only stint cannot be ordered against them
thomama01,Malcolm Thomas,2014,JAZZ,S2,unresolved,"[2013-10-30, 2014-04-17)",multi-team-season(ordering-unresolved): player has dated moves to other franchises this season; bracket-only stint cannot be ordered against them
thomaty01,Tyrus Thomas,2013,BOBCATS-HORNETS2,S2,unresolved,,no-dated-evidence(membership-season-only; S1-window-missing-or-season-past-2022-23)
thompam01,Amen Thompson,2024,ROCKETS,S2,unresolved,,no-season-window(S1-game-table-ends-2022-23-or-season-absent-from-S1); open-stint-without-window
thompam01,Amen Thompson,2025,ROCKETS,S2,unresolved,,no-dated-evidence(membership-season-only; S1-window-missing-or-season-past-2022-23)
thompam01,Amen Thompson,2026,ROCKETS,S2,unresolved,,no-dated-evidence(membership-season-only; S1-window-missing-or-season-past-2022-23)
thompau01,Ausar Thompson,2024,PISTONS,S2,unresolved,,no-season-window(S1-game-table-ends-2022-23-or-season-absent-from-S1); open-stint-without-window
thompau01,Ausar Thompson,2025,PISTONS,S2,unresolved,,no-dated-evidence(membership-season-only; S1-window-missing-or-season-past-2022-23)
thompau01,Ausar Thompson,2026,PISTONS,S2,unresolved,,no-dated-evidence(membership-season-only; S1-window-missing-or-season-past-2022-23)
thompet01,Ethan Thompson,2026,PACERS,S2,unresolved,,no-season-window(S1-game-table-ends-2022-23-or-season-absent-from-S1); open-stint-without-window
thompja02,Jason Thompson,2013,KINGS,S2,unresolved,,no-dated-evidence(membership-season-only; S1-window-missing-or-season-past-2022-23)
thompkl01,Klay Thompson,2024,WARRIORS,S2,unresolved,,no-dated-evidence(membership-season-only; S1-window-missing-or-season-past-2022-23)
thompkl01,Klay Thompson,2025,MAVERICKS,S2,unresolved,,same-day-arrival-to-multiple-franchises(ordering-unresolved)
thompkl01,Klay Thompson,2026,MAVERICKS,S2,unresolved,,no-dated-evidence(membership-season-only; S1-window-missing-or-season-past-2022-23)
thompst01,Stephen Thompson,1992,KINGS,S2,unresolved,"[1991-10-04, 1991-10-29)",repeat-signing-continues-open-stint; stint-entirely-outside-team-season-window(stands-on-transactions-alone)
thomptr01,Tristan Thompson,2013,CAVALIERS,S2,unresolved,,no-dated-evidence(membership-season-only; S1-window-missing-or-season-past-2022-23)
thomptr01,Tristan Thompson,2024,CAVALIERS,S2,unresolved,,no-season-window(S1-game-table-ends-2022-23-or-season-absent-from-S1); open-stint-without-window
thomptr01,Tristan Thompson,2025,CAVALIERS,S2,unresolved,,no-season-window(S1-game-table-ends-2022-23-or-season-absent-from-S1); open-stint-without-window
thorjt01,JT Thor,2024,BOBCATS-HORNETS2,S2,unresolved,,no-dated-evidence(membership-season-only; S1-window-missing-or-season-past-2022-23)
thorjt01,JT Thor,2025,CAVALIERS,S2,unresolved,"[2024-09-08, 2025-03-01)","departure-after-closed-stint(prior-spell-exit,or-source-noise)"
thorjt01,JT Thor,2025,WIZARDS,S2,unresolved,,no-season-window(S1-game-table-ends-2022-23-or-season-absent-from-S1); open-stint-without-window
thornma01,Marcus Thornton,2013,KINGS,S2,unresolved,,no-dated-evidence(membership-season-only; S1-window-missing-or-season-past-2022-23)
thornro01,Rod Thorn,1964,WIZARDS,S2,unresolved,,flagged-transaction-legs(team-unresolved)
thornro01,Rod Thorn,1971,THUNDER,S2,unresolved,,no-dated-evidence(membership-season-only; S1-window-missing-or-season-past-2022-23)
thurmna01,Nate Thurmond,1976,BULLS,S2,unresolved,,"no-season-window(S1-game-table-ends-2022-23-or-season-absent-from-S1); departure-after-closed-stint(prior-spell-exit,or-source-noise)"
thybuma01,Matisse Thybulle,2024,TRAIL BLAZERS,S2,unresolved,,no-season-window(S1-game-table-ends-2022-23-or-season-absent-from-S1); open-stint-without-window
thybuma01,Matisse Thybulle,2025,TRAIL BLAZERS,S2,unresolved,,no-dated-evidence(membership-season-only; S1-window-missing-or-season-past-2022-23)
thybuma01,Matisse Thybulle,2026,TRAIL BLAZERS,S2,unresolved,,no-dated-evidence(membership-season-only; S1-window-missing-or-season-past-2022-23)
tillmxa01,Xavier Tillman Sr.,2024,CELTICS,S2,unresolved,,no-season-window(S1-game-table-ends-2022-23-or-season-absent-from-S1); open-stint-without-window
tillmxa01,Xavier Tillman Sr.,2024,GRIZZLIES,S2,unresolved,,"no-season-window(S1-game-table-ends-2022-23-or-season-absent-from-S1); departure-after-closed-stint(prior-spell-exit,or-source-noise)"
tillmxa01,Xavier Tillman Sr.,2025,CELTICS,S2,unresolved,,no-season-window(S1-game-table-ends-2022-23-or-season-absent-from-S1); open-stint-without-window
tillmxa01,Xavier Tillman Sr.,2026,CELTICS,S2,unresolved,,"no-season-window(S1-game-table-ends-2022-23-or-season-absent-from-S1); departure-after-closed-stint(prior-spell-exit,or-source-noise)"
tillmxa01,Xavier Tillman Sr.,2026,BOBCATS-HORNETS2,S2,unresolved,,no-season-window(S1-game-table-ends-2022-23-or-season-absent-from-S1); open-stint-without-window
timmedr01,Drew Timme,2025,NETS,S2,unresolved,,no-season-window(S1-game-table-ends-2022-23-or-season-absent-from-S1); open-stint-without-window
timmedr01,Drew Timme,2026,LAKERS,S2,unresolved,,no-season-window(S1-game-table-ends-2022-23-or-season-absent-from-S1); open-stint-without-window
tinslja01,Jamaal Tinsley,2013,JAZZ,S2,unresolved,,no-dated-evidence(membership-season-only; S1-window-missing-or-season-past-2022-23)
tobeymi01,Mike Tobey,2017,BOBCATS-HORNETS2,S2,unresolved,"[2016-07-25, 2016-10-22)",repeat-signing-continues-open-stint; stint-entirely-outside-team-season-window(stands-on-transactions-alone)
tolbeto01,Tom Tolbert,1990,WARRIORS,S2,unresolved,"[1989-10-05, 1989-11-02)",stint-entirely-outside-team-season-window(stands-on-transactions-alone)
tolsode01,Dean Tolson,1977,THUNDER,S2,unresolved,,no-dated-evidence(membership-season-only; S1-window-missing-or-season-past-2022-23)
tomjaru01,Rudy Tomjanovich,1971,ROCKETS,S2,unresolved,,no-dated-evidence(membership-season-only; S1-window-missing-or-season-past-2022-23)
tomjaru01,Rudy Tomjanovich,1976,ROCKETS,S2,unresolved,,no-dated-evidence(membership-season-only; S1-window-missing-or-season-past-2022-23)
tomlina01,Nae'Qwan Tomlin,2025,CAVALIERS,S2,unresolved,,same-day-arrival-and-departure(ordering-flagged); no-season-window(S1-game-table-ends-2022-23-or-season-absent-from-S1); open-stint-without-window; repeat-signing-continues-open-stint
tomlina01,Nae'Qwan Tomlin,2026,CAVALIERS,S2,unresolved,,no-dated-evidence(membership-season-only; S1-window-missing-or-season-past-2022-23)
tonjejo01,John Tonje,2026,CELTICS,S2,unresolved,,no-season-window(S1-game-table-ends-2022-23-or-season-absent-from-S1); open-stint-without-window
toomaja01,Jack Toomay,1949,BULLETS-DEFUNCT,S2,unresolved,,fuzzy-dated-rows-bear-on-this-tenure
toomaja01,Jack Toomay,1949,CAPITOLS,S2,unresolved,"[1948-11-03, 1948-12-28)",fuzzy-dated-rows-bear-on-this-tenure(fuzzy-not-guessed)
topicni01,Nikola Topić,2026,THUNDER,S2,unresolved,,no-dated-evidence(membership-season-only; S1-window-missing-or-season-past-2022-23)
toppija01,Jacob Toppin,2024,KNICKS,S2,unresolved,"[2023-07-06, 2024-02-21)",same-day-arrival-and-departure(ordering-flagged); open-stint-without-window; repeat-signing-continues-open-stint
toppija01,Jacob Toppin,2025,HAWKS,S2,unresolved,,no-season-window(S1-game-table-ends-2022-23-or-season-absent-from-S1); open-stint-without-window
toppiob01,Obi Toppin,2024,PACERS,S2,unresolved,,no-season-window(S1-game-table-ends-2022-23-or-season-absent-from-S1); open-stint-without-window
toppiob01,Obi Toppin,2025,PACERS,S2,unresolved,,no-season-window(S1-game-table-ends-2022-23-or-season-absent-from-S1); open-stint-without-window
toppiob01,Obi Toppin,2026,PACERS,S2,unresolved,,no-dated-evidence(membership-season-only; S1-window-missing-or-season-past-2022-23)
toscaju01,Juan Toscano-Anderson,2020,WARRIORS,S2,unresolved,"[2019-09-10, 2019-10-19)",stint-entirely-outside-team-season-window(stands-on-transactions-alone)
toscaju01,Juan Toscano-Anderson,2021,WARRIORS,S2,unresolved,"[2020-12-21, 2021-05-17)","departure-after-closed-stint(prior-spell-exit,or-source-noise)"
toscaju01,Juan Toscano-Anderson,2024,KINGS,S2,unresolved,"[2023-12-15, 2024-01-07)",open-stint-without-window
townska01,Karl-Anthony Towns,2024,TIMBERWOLVES,S2,unresolved,,no-dated-evidence(membership-season-only; S1-window-missing-or-season-past-2022-23)
townska01,Karl-Anthony Towns,2025,KNICKS,S2,unresolved,,no-season-window(S1-game-table-ends-2022-23-or-season-absent-from-S1); open-stint-without-window
townska01,Karl-Anthony Towns,2026,KNICKS,S2,unresolved,,no-dated-evidence(membership-season-only; S1-window-missing-or-season-past-2022-23)
traorno01,Nolan Traoré,2026,NETS,S2,unresolved,,no-season-window(S1-game-table-ends-2022-23-or-season-absent-from-S1); open-stint-without-window
trappjo01,John Trapp,1971,ROCKETS,S2,unresolved,,no-dated-evidence(membership-season-only; S1-window-missing-or-season-past-2022-23)
travelu01,Luke Travers,2025,CAVALIERS,S2,unresolved,,no-season-window(S1-game-table-ends-2022-23-or-season-absent-from-S1); open-stint-without-window
trentga02,Gary Trent Jr.,2024,RAPTORS,S2,unresolved,,no-dated-evidence(membership-season-only; S1-window-missing-or-season-past-2022-23)
trentga02,Gary Trent Jr.,2025,BUCKS,S2,unresolved,,no-season-window(S1-game-table-ends-2022-23-or-season-absent-from-S1); open-stint-without-window
trentga02,Gary Trent Jr.,2026,BUCKS,S2,unresolved,,no-season-window(S1-game-table-ends-2022-23-or-season-absent-from-S1); open-stint-without-window
tresvjo01,John Tresvant,1967,PISTONS,S2,unresolved,,no-dated-evidence(membership-season-only; S1-window-missing-or-season-past-2022-23)
tresvjo01,John Tresvant,1971,WIZARDS,S2,unresolved,,flagged-transaction-legs(team-unresolved)
tresvjo01,John Tresvant,1971,LAKERS,S2,unresolved,,flagged-transaction-legs(team-unresolved)
tripuke01,Kelly Tripucka,1988,JAZZ,S2,unresolved,,flagged-transaction-legs(team-unresolved)
tshieos01,Oscar Tshiebwe,2024,PACERS,S2,unresolved,,no-season-window(S1-game-table-ends-2022-23-or-season-absent-from-S1); open-stint-without-window
tshieos01,Oscar Tshiebwe,2025,JAZZ,S2,unresolved,,no-season-window(S1-game-table-ends-2022-23-or-season-absent-from-S1); open-stint-without-window
tshieos01,Oscar Tshiebwe,2026,JAZZ,S2,unresolved,,no-season-window(S1-game-table-ends-2022-23-or-season-absent-from-S1); open-stint-without-window
tuckeal01,Al Tucker,1970,WIZARDS,S2,unresolved,,flagged-transaction-legs(team-unresolved)
tuckeal01,Al Tucker,1970,BULLS,S2,unresolved,"[1969-10-14, 1970-04-06)",flagged-transaction-legs(team-unresolved)
tuckepj01,P.J. Tucker,2013,SUNS,S2,unresolved,,no-season-window(S1-game-table-ends-2022-23-or-season-absent-from-S1); open-stint-without-window
tuckepj01,P.J. Tucker,2024,CLIPPERS,S2,unresolved,,no-season-window(S1-game-table-ends-2022-23-or-season-absent-from-S1); open-stint-without-window
tuckepj01,P.J. Tucker,2024,76ERS,S2,unresolved,,"no-season-window(S1-game-table-ends-2022-23-or-season-absent-from-S1); departure-after-closed-stint(prior-spell-exit,or-source-noise)"
tuckepj01,P.J. Tucker,2025,KNICKS,S2,unresolved,,no-season-window(S1-game-table-ends-2022-23-or-season-absent-from-S1); open-stint-without-window; repeat-signing-continues-open-stint; repeat-signing-continues-open-stint
tuckera01,Rayjon Tucker,2022,BUCKS,S2,unresolved,"[2021-10-12, 2021-10-14)",stint-entirely-outside-team-season-window(stands-on-transactions-alone)
turkohe01,Hedo Türkoğlu,2013,MAGIC,S2,unresolved,,no-dated-evidence(membership-season-only; S1-window-missing-or-season-past-2022-23)
turnean01,Andre Turner,1990,HORNETS-PELICANS,S2,unresolved,"[1989-10-05, 1989-10-31)","departure-after-closed-stint(prior-spell-exit,or-source-noise); stint-entirely-outside-team-season-window(stands-on-transactions-alone)"
turnean01,Andre Turner,1990,HORNETS-PELICANS,S2,unresolved,"[1989-11-23, 1989-12-03)","departure-after-closed-stint(prior-spell-exit,or-source-noise)"
turneev01,Evan Turner,2013,76ERS,S2,unresolved,,no-dated-evidence(membership-season-only; S1-window-missing-or-season-past-2022-23)
turneja02,Jack Turner,1962,WIZARDS,S2,unresolved,,no-dated-evidence(membership-season-only; S1-window-missing-or-season-past-2022-23)
turnemy01,Myles Turner,2024,PACERS,S2,unresolved,,no-dated-evidence(membership-season-only; S1-window-missing-or-season-past-2022-23)
turnemy01,Myles Turner,2025,PACERS,S2,unresolved,,no-dated-evidence(membership-season-only; S1-window-missing-or-season-past-2022-23)
turnemy01,Myles Turner,2026,BUCKS,S2,unresolved,,no-season-window(S1-game-table-ends-2022-23-or-season-absent-from-S1); open-stint-without-window
twymaja01,Jack Twyman,1961,KINGS,S2,unresolved,,no-dated-evidence(membership-season-only; S1-window-missing-or-season-past-2022-23)
tylerje01,Jeremy Tyler,2013,HAWKS,S2,unresolved,"[2013-02-21, 2013-03-06)",stint-entirely-outside-team-season-window(stands-on-transactions-alone)
tylerje01,Jeremy Tyler,2013,WARRIORS,S2,unresolved,,"departure-after-closed-stint(prior-spell-exit,or-source-noise)"
tylerje01,Jeremy Tyler,2014,KNICKS,S2,unresolved,"[2013-08-06, 2013-10-25)",stint-entirely-outside-team-season-window(stands-on-transactions-alone)
tyrach01,Charlie Tyra,1961,KNICKS,S2,unresolved,,no-season-window(S1-game-table-ends-2022-23-or-season-absent-from-S1); flagged-transaction-legs(team-unresolved)
tyrach01,Charlie Tyra,1962,WIZARDS,S2,unresolved,,no-dated-evidence(membership-season-only; S1-window-missing-or-season-past-2022-23)
tysonhu01,Hunter Tyson,2024,NUGGETS,S2,unresolved,,no-season-window(S1-game-table-ends-2022-23-or-season-absent-from-S1); open-stint-without-window
tysonhu01,Hunter Tyson,2025,NUGGETS,S2,unresolved,,no-dated-evidence(membership-season-only; S1-window-missing-or-season-past-2022-23)
tysonhu01,Hunter Tyson,2026,NUGGETS,S2,unresolved,,"no-season-window(S1-game-table-ends-2022-23-or-season-absent-from-S1); departure-after-closed-stint(prior-spell-exit,or-source-noise)"
tysonja01,Jaylon Tyson,2025,CAVALIERS,S2,unresolved,,no-season-window(S1-game-table-ends-2022-23-or-season-absent-from-S1); open-stint-without-window
tysonja01,Jaylon Tyson,2026,CAVALIERS,S2,unresolved,,no-dated-evidence(membership-season-only; S1-window-missing-or-season-past-2022-23)
udrihbe01,Beno Udrih,2013,BUCKS,S2,unresolved,,"departure-after-closed-stint(prior-spell-exit,or-source-noise)"
udrihbe01,Beno Udrih,2013,MAGIC,S2,unresolved,,no-season-window(S1-game-table-ends-2022-23-or-season-absent-from-S1); open-stint-without-window
umudest01,Stanley Umude,2023,PISTONS,S2,unresolved,"[2022-09-25, 2022-10-15)",stint-entirely-outside-team-season-window(stands-on-transactions-alone)
umudest01,Stanley Umude,2024,PISTONS,S2,unresolved,,no-season-window(S1-game-table-ends-2022-23-or-season-absent-from-S1); open-stint-without-window; repeat-signing-continues-open-stint
umudest01,Stanley Umude,2025,BUCKS,S2,unresolved,,no-season-window(S1-game-table-ends-2022-23-or-season-absent-from-S1); open-stint-without-window
upshake01,Kelvin Upshaw,1991,MAVERICKS,S2,unresolved,"[1990-10-01, 1990-10-28)",stint-entirely-outside-team-season-window(stands-on-transactions-alone)
uthofja01,Jarrod Uthoff,2020,GRIZZLIES,S2,unresolved,"[2019-10-16, 2019-10-17)",stint-entirely-outside-team-season-window(stands-on-transactions-alone)
valanjo01,Jonas Valančiūnas,2013,RAPTORS,S2,unresolved,,no-dated-evidence(membership-season-only; S1-window-missing-or-season-past-2022-23)
valanjo01,Jonas Valančiūnas,2024,HORNETS-PELICANS,S2,unresolved,,no-dated-evidence(membership-season-only; S1-window-missing-or-season-past-2022-23)
valanjo01,Jonas Valančiūnas,2025,KINGS,S2,unresolved,,same-day-arrival-to-multiple-franchises(ordering-unresolved)
valanjo01,Jonas Valančiūnas,2025,WIZARDS,S2,unresolved,,same-day-arrival-to-multiple-franchises(ordering-unresolved)
valanjo01,Jonas Valančiūnas,2026,NUGGETS,S2,unresolved,,no-season-window(S1-game-table-ends-2022-23-or-season-absent-from-S1); open-stint-without-window
valenda01,Darnell Valentine,1988,CLIPPERS,S2,unresolved,,flagged-transaction-legs(team-unresolved)
vanardi01,Dick Van Arsdale,1971,SUNS,S2,unresolved,,no-dated-evidence(membership-season-only; S1-window-missing-or-season-past-2022-23)
vanardi01,Dick Van Arsdale,1977,SUNS,S2,unresolved,,no-dated-evidence(membership-season-only; S1-window-missing-or-season-past-2022-23)
vanarto01,Tom Van Arsdale,1967,PISTONS,S2,unresolved,,no-dated-evidence(membership-season-only; S1-window-missing-or-season-past-2022-23)
vanarto01,Tom Van Arsdale,1971,KINGS,S2,unresolved,,no-dated-evidence(membership-season-only; S1-window-missing-or-season-past-2022-23)
vanarto01,Tom Van Arsdale,1976,HAWKS,S2,unresolved,,"no-season-window(S1-game-table-ends-2022-23-or-season-absent-from-S1); departure-after-closed-stint(prior-spell-exit,or-source-noise)"
vanarto01,Tom Van Arsdale,1977,SUNS,S2,unresolved,,no-season-window(S1-game-table-ends-2022-23-or-season-absent-from-S1); open-stint-without-window
vanbrja01,Jan van Breda Kolff,1977,NETS,S2,unresolved,,no-season-window(S1-game-table-ends-2022-23-or-season-absent-from-S1); flagged-transaction-legs(team-unresolved)
vandeja01,Jarred Vanderbilt,2024,LAKERS,S2,unresolved,,no-dated-evidence(membership-season-only; S1-window-missing-or-season-past-2022-23)
vandeja01,Jarred Vanderbilt,2025,LAKERS,S2,unresolved,,no-dated-evidence(membership-season-only; S1-window-missing-or-season-past-2022-23)
vandeja01,Jarred Vanderbilt,2026,LAKERS,S2,unresolved,,no-dated-evidence(membership-season-only; S1-window-missing-or-season-past-2022-23)
vanlino01,Norm Van Lier,1971,KINGS,S2,unresolved,,no-dated-evidence(membership-season-only; S1-window-missing-or-season-past-2022-23)
vanlino01,Norm Van Lier,1976,BULLS,S2,unresolved,,no-dated-evidence(membership-season-only; S1-window-missing-or-season-past-2022-23)
vanvlfr01,Fred VanVleet,2024,ROCKETS,S2,unresolved,,no-season-window(S1-game-table-ends-2022-23-or-season-absent-from-S1); open-stint-without-window
vanvlfr01,Fred VanVleet,2025,ROCKETS,S2,unresolved,,no-dated-evidence(membership-season-only; S1-window-missing-or-season-past-2022-23)
varejan01,Anderson Varejão,2013,CAVALIERS,S2,unresolved,,no-dated-evidence(membership-season-only; S1-window-missing-or-season-past-2022-23)
varnaja01,Jarvis Varnado,2013,CELTICS,S2,unresolved,"[2012-12-24, 2013-01-06)",stint-entirely-outside-team-season-window(stands-on-transactions-alone)
varnaja01,Jarvis Varnado,2013,HEAT,S2,unresolved,"[2012-09-07, 2012-10-26)",stint-entirely-outside-team-season-window(stands-on-transactions-alone)
vasqugr01,Greivis Vásquez,2013,HORNETS-PELICANS,S2,unresolved,,no-dated-evidence(membership-season-only; S1-window-missing-or-season-past-2022-23)
vassede01,Devin Vassell,2024,SPURS,S2,unresolved,,no-dated-evidence(membership-season-only; S1-window-missing-or-season-past-2022-23)
vassede01,Devin Vassell,2025,SPURS,S2,unresolved,,no-dated-evidence(membership-season-only; S1-window-missing-or-season-past-2022-23)
vassede01,Devin Vassell,2026,SPURS,S2,unresolved,,no-dated-evidence(membership-season-only; S1-window-missing-or-season-past-2022-23)
vaughch01,Chico Vaughn,1967,PISTONS,S2,unresolved,,no-dated-evidence(membership-season-only; S1-window-missing-or-season-past-2022-23)
veselja01,Jan Veselý,2013,WIZARDS,S2,unresolved,,no-dated-evidence(membership-season-only; S1-window-missing-or-season-past-2022-23)
villach01,Charlie Villanueva,2013,PISTONS,S2,unresolved,,no-dated-evidence(membership-season-only; S1-window-missing-or-season-past-2022-23)
vincega01,Gabe Vincent,2024,LAKERS,S2,unresolved,,no-season-window(S1-game-table-ends-2022-23-or-season-absent-from-S1); open-stint-without-window
vincega01,Gabe Vincent,2025,LAKERS,S2,unresolved,,no-dated-evidence(membership-season-only; S1-window-missing-or-season-past-2022-23)
vincega01,Gabe Vincent,2026,HAWKS,S2,unresolved,,no-season-window(S1-game-table-ends-2022-23-or-season-absent-from-S1); open-stint-without-window
vincega01,Gabe Vincent,2026,LAKERS,S2,unresolved,,"no-season-window(S1-game-table-ends-2022-23-or-season-absent-from-S1); departure-after-closed-stint(prior-spell-exit,or-source-noise)"
vucevni01,Nikola Vučević,2013,MAGIC,S2,unresolved,,no-season-window(S1-game-table-ends-2022-23-or-season-absent-from-S1); open-stint-without-window
vucevni01,Nikola Vučević,2024,BULLS,S2,unresolved,,no-dated-evidence(membership-season-only; S1-window-missing-or-season-past-2022-23)
vucevni01,Nikola Vučević,2025,BULLS,S2,unresolved,,no-dated-evidence(membership-season-only; S1-window-missing-or-season-past-2022-23)
vucevni01,Nikola Vučević,2026,CELTICS,S2,unresolved,,no-season-window(S1-game-table-ends-2022-23-or-season-absent-from-S1); open-stint-without-window
vucevni01,Nikola Vučević,2026,BULLS,S2,unresolved,,"no-season-window(S1-game-table-ends-2022-23-or-season-absent-from-S1); departure-after-closed-stint(prior-spell-exit,or-source-noise)"
vukcetr01,Tristan Vukcevic,2024,WIZARDS,S2,unresolved,,no-season-window(S1-game-table-ends-2022-23-or-season-absent-from-S1); open-stint-without-window
vukcetr01,Tristan Vukcevic,2025,WIZARDS,S2,unresolved,,no-season-window(S1-game-table-ends-2022-23-or-season-absent-from-S1); open-stint-without-window
vukcetr01,Tristan Vukcevic,2026,WIZARDS,S2,unresolved,,no-season-window(S1-game-table-ends-2022-23-or-season-absent-from-S1); open-stint-without-window
wadede01,Dean Wade,2024,CAVALIERS,S2,unresolved,,no-dated-evidence(membership-season-only; S1-window-missing-or-season-past-2022-23)
wadede01,Dean Wade,2025,CAVALIERS,S2,unresolved,,no-dated-evidence(membership-season-only; S1-window-missing-or-season-past-2022-23)
wadede01,Dean Wade,2026,CAVALIERS,S2,unresolved,,no-dated-evidence(membership-season-only; S1-window-missing-or-season-past-2022-23)
wagnefr01,Franz Wagner,2024,MAGIC,S2,unresolved,,no-dated-evidence(membership-season-only; S1-window-missing-or-season-past-2022-23)
wagnefr01,Franz Wagner,2025,MAGIC,S2,unresolved,,no-dated-evidence(membership-season-only; S1-window-missing-or-season-past-2022-23)
wagnefr01,Franz Wagner,2026,MAGIC,S2,unresolved,,no-dated-evidence(membership-season-only; S1-window-missing-or-season-past-2022-23)
wagnemo01,Moritz Wagner,2024,MAGIC,S2,unresolved,,no-season-window(S1-game-table-ends-2022-23-or-season-absent-from-S1); open-stint-without-window
wagnemo01,Moritz Wagner,2025,MAGIC,S2,unresolved,,no-season-window(S1-game-table-ends-2022-23-or-season-absent-from-S1); open-stint-without-window
wagnemo01,Moritz Wagner,2026,MAGIC,S2,unresolved,,no-season-window(S1-game-table-ends-2022-23-or-season-absent-from-S1); open-stint-without-window
wainris01,Ish Wainright,2024,SUNS,S2,unresolved,,"no-season-window(S1-game-table-ends-2022-23-or-season-absent-from-S1); open-stint-without-window; departure-after-closed-stint(prior-spell-exit,or-source-noise); departure-after-closed-stint(prior-spell-exit,or-source-noise)"
waitedi01,Dion Waiters,2013,CAVALIERS,S2,unresolved,,no-dated-evidence(membership-season-only; S1-window-missing-or-season-past-2022-23)
walkean01,Andy Walker,1977,JAZZ,S2,unresolved,,no-dated-evidence(membership-season-only; S1-window-missing-or-season-past-2022-23)
walkebr01,Brady Walker,1950,CELTICS,S2,unresolved,,fuzzy-dated-rows-bear-on-this-tenure
walkefo01,Foots Walker,1984,NETS,S2,unresolved,,"departure-after-closed-stint(prior-spell-exit,or-source-noise)"
walkeho01,Horace Walker,1962,WIZARDS,S2,unresolved,,no-dated-evidence(membership-season-only; S1-window-missing-or-season-past-2022-23)
walkeja01,Jabari Walker,2024,TRAIL BLAZERS,S2,unresolved,,no-dated-evidence(membership-season-only; S1-window-missing-or-season-past-2022-23)
walkeja01,Jabari Walker,2025,TRAIL BLAZERS,S2,unresolved,,no-dated-evidence(membership-season-only; S1-window-missing-or-season-past-2022-23)
walkeja01,Jabari Walker,2026,76ERS,S2,unresolved,,no-season-window(S1-game-table-ends-2022-23-or-season-absent-from-S1); open-stint-without-window
walkeja02,Jarace Walker,2024,PACERS,S2,unresolved,,no-season-window(S1-game-table-ends-2022-23-or-season-absent-from-S1); open-stint-without-window
walkeja02,Jarace Walker,2025,PACERS,S2,unresolved,,no-dated-evidence(membership-season-only; S1-window-missing-or-season-past-2022-23)
walkeja02,Jarace Walker,2026,PACERS,S2,unresolved,,no-dated-evidence(membership-season-only; S1-window-missing-or-season-past-2022-23)
walkeji01,Jimmy Walker,1971,PISTONS,S2,unresolved,,no-dated-evidence(membership-season-only; S1-window-missing-or-season-past-2022-23)
walkeji01,Jimmy Walker,1976,KINGS,S2,unresolved,,no-dated-evidence(membership-season-only; S1-window-missing-or-season-past-2022-23)
walkeke02,Kemba Walker,2013,BOBCATS-HORNETS2,S2,unresolved,,no-dated-evidence(membership-season-only; S1-window-missing-or-season-past-2022-23)
walkeke02,Kemba Walker,2020,CELTICS,S2,unresolved,,same-day-arrival-to-multiple-franchises(ordering-unresolved)
walkelo01,Lonnie Walker IV,2024,NETS,S2,unresolved,,no-season-window(S1-game-table-ends-2022-23-or-season-absent-from-S1); open-stint-without-window
walkelo01,Lonnie Walker IV,2025,76ERS,S2,unresolved,,no-season-window(S1-game-table-ends-2022-23-or-season-absent-from-S1); open-stint-without-window
walkne01,Neal Walk,1971,SUNS,S2,unresolved,,no-dated-evidence(membership-season-only; S1-window-missing-or-season-past-2022-23)
walkne01,Neal Walk,1976,KNICKS,S2,unresolved,,no-dated-evidence(membership-season-only; S1-window-missing-or-season-past-2022-23)
walkne01,Neal Walk,1977,KNICKS,S2,unresolved,,"no-season-window(S1-game-table-ends-2022-23-or-season-absent-from-S1); departure-after-closed-stint(prior-spell-exit,or-source-noise)"
wallaca01,Cason Wallace,2024,THUNDER,S2,unresolved,,no-season-window(S1-game-table-ends-2022-23-or-season-absent-from-S1); open-stint-without-window; repeat-signing-continues-open-stint
wallaca01,Cason Wallace,2025,THUNDER,S2,unresolved,,no-dated-evidence(membership-season-only; S1-window-missing-or-season-past-2022-23)
wallaca01,Cason Wallace,2026,THUNDER,S2,unresolved,,no-dated-evidence(membership-season-only; S1-window-missing-or-season-past-2022-23)
wallake01,Keaton Wallace,2025,HAWKS,S2,unresolved,,no-season-window(S1-game-table-ends-2022-23-or-season-absent-from-S1); open-stint-without-window
wallake01,Keaton Wallace,2026,HAWKS,S2,unresolved,,no-season-window(S1-game-table-ends-2022-23-or-season-absent-from-S1); open-stint-without-window
wallara01,Rasheed Wallace,2013,KNICKS,S2,unresolved,"[2012-10-04, 2013-04-17)",stint-entirely-outside-team-season-window(stands-on-transactions-alone)
wallaty01,Tyrone Wallace,2018,CLIPPERS,S2,unresolved,"[2017-08-15, 2017-10-14)",stint-entirely-outside-team-season-window(stands-on-transactions-alone)
walljo01,John Wall,2013,WIZARDS,S2,unresolved,,no-dated-evidence(membership-season-only; S1-window-missing-or-season-past-2022-23)
walshjo01,Jordan Walsh,2024,CELTICS,S2,unresolved,,no-season-window(S1-game-table-ends-2022-23-or-season-absent-from-S1); open-stint-without-window
walshjo01,Jordan Walsh,2025,CELTICS,S2,unresolved,,no-dated-evidence(membership-season-only; S1-window-missing-or-season-past-2022-23)
walshjo01,Jordan Walsh,2026,CELTICS,S2,unresolved,,no-dated-evidence(membership-season-only; S1-window-missing-or-season-past-2022-23)
walteja01,Ja'Kobe Walter,2025,RAPTORS,S2,unresolved,,no-season-window(S1-game-table-ends-2022-23-or-season-absent-from-S1); open-stint-without-window
walteja01,Ja'Kobe Walter,2026,RAPTORS,S2,unresolved,,no-dated-evidence(membership-season-only; S1-window-missing-or-season-past-2022-23)
waltere01,Rex Walters,1998,76ERS,S2,unresolved,"[1997-10-31, 1998-04-20)",multi-team-season(ordering-unresolved): player has dated moves to other franchises this season; bracket-only stint cannot be ordered against them
waltobi01,Bill Walton,1976,TRAIL BLAZERS,S2,unresolved,,no-dated-evidence(membership-season-only; S1-window-missing-or-season-past-2022-23)
waltode01,Derrick Walton,2022,PISTONS,S2,unresolved,"[2021-09-27, 2021-10-16)",stint-entirely-outside-team-season-window(stands-on-transactions-alone)
waltoll01,Lloyd Walton,1977,BUCKS,S2,unresolved,,no-dated-evidence(membership-season-only; S1-window-missing-or-season-past-2022-23)
waltolu01,Luke Walton,2013,CAVALIERS,S2,unresolved,,no-dated-evidence(membership-season-only; S1-window-missing-or-season-past-2022-23)
wardhe01,Henry Ward,1977,SPURS,S2,unresolved,"[1977-01-19, 1977-04-16)","departure-after-closed-stint(prior-spell-exit,or-source-noise)"
wareke01,Kel'el Ware,2025,HEAT,S2,unresolved,,no-season-window(S1-game-table-ends-2022-23-or-season-absent-from-S1); open-stint-without-window
wareke01,Kel'el Ware,2026,HEAT,S2,unresolved,,no-dated-evidence(membership-season-only; S1-window-missing-or-season-past-2022-23)
warlebe01,Ben Warley,1967,WIZARDS,S2,unresolved,,no-dated-evidence(membership-season-only; S1-window-missing-or-season-past-2022-23)
warneco01,Cornell Warner,1971,CLIPPERS,S2,unresolved,,no-dated-evidence(membership-season-only; S1-window-missing-or-season-past-2022-23)
warneco01,Cornell Warner,1976,LAKERS,S2,unresolved,,no-dated-evidence(membership-season-only; S1-window-missing-or-season-past-2022-23)
warneco01,Cornell Warner,1977,LAKERS,S2,unresolved,,"departure-after-closed-stint(prior-spell-exit,or-source-noise)"
warneja01,Jameel Warney,2018,MAVERICKS,S2,unresolved,"[2017-10-13, 2017-10-14)",stint-entirely-outside-team-season-window(stands-on-transactions-alone)
warrejo01,John Warren,1971,CAVALIERS,S2,unresolved,,no-dated-evidence(membership-season-only; S1-window-missing-or-season-past-2022-23)
warretj01,T.J. Warren,2024,TIMBERWOLVES,S2,unresolved,,no-season-window(S1-game-table-ends-2022-23-or-season-absent-from-S1); open-stint-without-window; repeat-signing-continues-open-stint; repeat-signing-continues-open-stint
washibo01,Bobby Washington,1971,CAVALIERS,S2,unresolved,,no-season-window(S1-game-table-ends-2022-23-or-season-absent-from-S1); open-stint-without-window
washiji01,Jim Washington,1972,76ERS,S2,unresolved,"[1971-10-12, 1971-11-19)","same-day-game-order-unresolved(S2-player-games=17,S1-season-games=82,S2-team-games=82,interval-capacity=16,departure-day-allowance=1,missing-games-allowance=0,capacity-upper-bound=17)"
washike01,Kermit Washington,1976,LAKERS,S2,unresolved,,no-dated-evidence(membership-season-only; S1-window-missing-or-season-past-2022-23)
washipj01,P.J. Washington,2024,MAVERICKS,S2,unresolved,,no-season-window(S1-game-table-ends-2022-23-or-season-absent-from-S1); open-stint-without-window
washipj01,P.J. Washington,2025,MAVERICKS,S2,unresolved,,no-dated-evidence(membership-season-only; S1-window-missing-or-season-past-2022-23)
washipj01,P.J. Washington,2026,MAVERICKS,S2,unresolved,,no-dated-evidence(membership-season-only; S1-window-missing-or-season-past-2022-23)
washiri01,Richard Washington,1977,KINGS,S2,unresolved,,no-dated-evidence(membership-season-only; S1-window-missing-or-season-past-2022-23)
washity02,TyTy Washington Jr.,2024,BUCKS,S2,unresolved,,no-season-window(S1-game-table-ends-2022-23-or-season-absent-from-S1); open-stint-without-window
washity02,TyTy Washington Jr.,2025,SUNS,S2,unresolved,,no-season-window(S1-game-table-ends-2022-23-or-season-absent-from-S1); open-stint-without-window
washity02,TyTy Washington Jr.,2026,CLIPPERS,S2,unresolved,"[2025-08-07, 2025-09-26)",open-stint-without-window
washity02,TyTy Washington Jr.,2026,CLIPPERS,S2,unresolved,"[2025-10-13, 2025-10-18)",open-stint-without-window
watanyu01,Yuta Watanabe,2024,GRIZZLIES,S2,unresolved,,no-season-window(S1-game-table-ends-2022-23-or-season-absent-from-S1); open-stint-without-window
waterli01,Lindy Waters III,2025,PISTONS,S2,unresolved,,no-season-window(S1-game-table-ends-2022-23-or-season-absent-from-S1); open-stint-without-window
waterli01,Lindy Waters III,2025,WARRIORS,S2,unresolved,,"no-season-window(S1-game-table-ends-2022-23-or-season-absent-from-S1); departure-after-closed-stint(prior-spell-exit,or-source-noise)"
waterli01,Lindy Waters III,2026,SPURS,S2,unresolved,,no-season-window(S1-game-table-ends-2022-23-or-season-absent-from-S1); open-stint-without-window
watfotr01,Trendon Watford,2024,NETS,S2,unresolved,,no-dated-evidence(membership-season-only; S1-window-missing-or-season-past-2022-23)
watfotr01,Trendon Watford,2025,NETS,S2,unresolved,,no-season-window(S1-game-table-ends-2022-23-or-season-absent-from-S1); open-stint-without-window
watfotr01,Trendon Watford,2026,76ERS,S2,unresolved,,no-season-window(S1-game-table-ends-2022-23-or-season-absent-from-S1); open-stint-without-window
watkija01,Jamir Watkins,2026,WIZARDS,S2,unresolved,,no-season-window(S1-game-table-ends-2022-23-or-season-absent-from-S1); open-stint-without-window
watsoan02,Anton Watson,2025,KNICKS,S2,unresolved,,no-season-window(S1-game-table-ends-2022-23-or-season-absent-from-S1); open-stint-without-window
watsoea01,Earl Watson,2013,JAZZ,S2,unresolved,,no-dated-evidence(membership-season-only; S1-window-missing-or-season-past-2022-23)
watsope01,Peyton Watson,2024,NUGGETS,S2,unresolved,,no-dated-evidence(membership-season-only; S1-window-missing-or-season-past-2022-23)
watsope01,Peyton Watson,2025,NUGGETS,S2,unresolved,,no-dated-evidence(membership-season-only; S1-window-missing-or-season-past-2022-23)
watsope01,Peyton Watson,2026,NUGGETS,S2,unresolved,,no-dated-evidence(membership-season-only; S1-window-missing-or-season-past-2022-23)
wattssl01,Slick Watts,1977,THUNDER,S2,unresolved,,no-dated-evidence(membership-season-only; S1-window-missing-or-season-past-2022-23)
waynsma01,Maalik Wayns,2013,76ERS,S2,unresolved,"[2012-07-31, 2013-01-06)",open-stint-without-window
wearda01,David Wear,2015,KINGS,S2,unresolved,"[2014-09-05, 2014-10-19)",stint-entirely-outside-team-season-window(stands-on-transactions-alone)
weartr01,Travis Wear,2018,LAKERS,S2,unresolved,"[2017-10-12, 2017-10-14)",repeat-signing-continues-open-stint; repeat-signing-continues-open-stint; stint-entirely-outside-team-season-window(stands-on-transactions-alone)
weathni01,Nick Weatherspoon,1977,THUNDER,S2,unresolved,,no-season-window(S1-game-table-ends-2022-23-or-season-absent-from-S1); open-stint-without-window
weathni01,Nick Weatherspoon,1977,WIZARDS,S2,unresolved,,"departure-after-closed-stint(prior-spell-exit,or-source-noise)"
weathqu01,Quinndary Weatherspoon,2022,WARRIORS,S2,unresolved,"[2021-10-10, 2021-10-13)",repeat-signing-continues-open-stint; stint-entirely-outside-team-season-window(stands-on-transactions-alone)
webbje01,Jeff Webb,1972,BUCKS,S2,unresolved,"[1971-10-14, 1972-04-23)",multi-team-season(ordering-unresolved): player has dated moves to other franchises this season; bracket-only stint cannot be ordered against them
weberbr01,Briante Weber,2016,HEAT,S2,unresolved,"[2015-10-19, 2015-10-24)",stint-entirely-outside-team-season-window(stands-on-transactions-alone)
webstma02,Martell Webster,2013,WIZARDS,S2,unresolved,,no-season-window(S1-game-table-ends-2022-23-or-season-absent-from-S1); open-stint-without-window
wedmasc01,Scott Wedman,1976,KINGS,S2,unresolved,,no-dated-evidence(membership-season-only; S1-window-missing-or-season-past-2022-23)
wedmasc01,Scott Wedman,1977,KINGS,S2,unresolved,,no-dated-evidence(membership-season-only; S1-window-missing-or-season-past-2022-23)
weemsso01,Sonny Weems,2016,SUNS,S2,unresolved,"[2015-07-16, 2016-03-05)","departure-after-closed-stint(prior-spell-exit,or-source-noise)"
wellsja01,Jaylen Wells,2025,GRIZZLIES,S2,unresolved,,no-season-window(S1-game-table-ends-2022-23-or-season-absent-from-S1); open-stint-without-window
wellsja01,Jaylen Wells,2026,GRIZZLIES,S2,unresolved,,no-dated-evidence(membership-season-only; S1-window-missing-or-season-past-2022-23)
wembavi01,Victor Wembanyama,2024,SPURS,S2,unresolved,,no-season-window(S1-game-table-ends-2022-23-or-season-absent-from-S1); open-stint-without-window
wembavi01,Victor Wembanyama,2025,SPURS,S2,unresolved,,no-dated-evidence(membership-season-only; S1-window-missing-or-season-past-2022-23)
wembavi01,Victor Wembanyama,2026,SPURS,S2,unresolved,,no-dated-evidence(membership-season-only; S1-window-missing-or-season-past-2022-23)
werdaro01,Robert Werdann,1997,NETS,S2,unresolved,,"departure-after-closed-stint(prior-spell-exit,or-source-noise)"
wertira01,Ray Wertis,1948,STEAMROLLERS,S2,unresolved,,flagged-transaction-legs(team-unresolved)
weslebl01,Blake Wesley,2024,SPURS,S2,unresolved,,no-dated-evidence(membership-season-only; S1-window-missing-or-season-past-2022-23)
weslebl01,Blake Wesley,2025,SPURS,S2,unresolved,,no-dated-evidence(membership-season-only; S1-window-missing-or-season-past-2022-23)
weslebl01,Blake Wesley,2026,TRAIL BLAZERS,S2,unresolved,,no-season-window(S1-game-table-ends-2022-23-or-season-absent-from-S1); open-stint-without-window
weslewa01,Walt Wesley,1971,CAVALIERS,S2,unresolved,,no-dated-evidence(membership-season-only; S1-window-missing-or-season-past-2022-23)
weslewa01,Walt Wesley,1976,LAKERS,S2,unresolved,,"no-season-window(S1-game-table-ends-2022-23-or-season-absent-from-S1); departure-after-closed-stint(prior-spell-exit,or-source-noise)"
westbru01,Russell Westbrook,2012,THUNDER,S2,unresolved,"[2012-01-19, 2012-06-22)","appearance-count-conflict(S2-player-games=66,S1-season-games=66,S2-team-games=66,interval-capacity=51,departure-day-allowance=0,missing-games-allowance=0,capacity-upper-bound=51)"
westbru01,Russell Westbrook,2024,CLIPPERS,S2,unresolved,,no-season-window(S1-game-table-ends-2022-23-or-season-absent-from-S1); open-stint-without-window
westbru01,Russell Westbrook,2025,NUGGETS,S2,unresolved,,no-season-window(S1-game-table-ends-2022-23-or-season-absent-from-S1); open-stint-without-window
westbru01,Russell Westbrook,2026,KINGS,S2,unresolved,,no-season-window(S1-game-table-ends-2022-23-or-season-absent-from-S1); open-stint-without-window
westje01,Jerry West,1961,LAKERS,S2,unresolved,,no-dated-evidence(membership-season-only; S1-window-missing-or-season-past-2022-23)
westma02,Mario West,2010,HAWKS,S2,unresolved,"[2010-01-12, 2010-05-11)","departure-after-closed-stint(prior-spell-exit,or-source-noise)"
westppa01,Paul Westphal,1977,SUNS,S2,unresolved,,no-dated-evidence(membership-season-only; S1-window-missing-or-season-past-2022-23)
wetzejo01,John Wetzel,1971,SUNS,S2,unresolved,,no-dated-evidence(membership-season-only; S1-window-missing-or-season-past-2022-23)
whalero01,Robert Whaley,2006,JAZZ,S2,unresolved,"[2005-11-02, 2006-06-08)","departure-after-closed-stint(prior-spell-exit,or-source-noise)"
whatlen01,Ennis Whatley,1994,HAWKS,S2,unresolved,,fuzzy-dated-rows-bear-on-this-tenure
whatlen01,Ennis Whatley,1995,HAWKS,S2,unresolved,"[1995-03-01, 1995-05-03)",repeat-signing-continues-open-stint; fuzzy-dated-rows-bear-on-this-tenure(fuzzy-not-guessed)
wheelph02,Phillip Wheeler,2025,76ERS,S2,unresolved,,no-season-window(S1-game-table-ends-2022-23-or-season-absent-from-S1); open-stint-without-window
whiteco01,Coby White,2024,BULLS,S2,unresolved,,no-season-window(S1-game-table-ends-2022-23-or-season-absent-from-S1); open-stint-without-window
whiteco01,Coby White,2025,BULLS,S2,unresolved,,no-dated-evidence(membership-season-only; S1-window-missing-or-season-past-2022-23)
whiteco01,Coby White,2026,BULLS,S2,unresolved,,"no-season-window(S1-game-table-ends-2022-23-or-season-absent-from-S1); departure-after-closed-stint(prior-spell-exit,or-source-noise)"
whiteco01,Coby White,2026,BOBCATS-HORNETS2,S2,unresolved,,no-season-window(S1-game-table-ends-2022-23-or-season-absent-from-S1); open-stint-without-window
whiteda01,Dariq Whitehead,2024,NETS,S2,unresolved,,no-season-window(S1-game-table-ends-2022-23-or-season-absent-from-S1); open-stint-without-window
whiteda01,Dariq Whitehead,2025,NETS,S2,unresolved,,no-dated-evidence(membership-season-only; S1-window-missing-or-season-past-2022-23)
whiteda01,Dariq Whitehead,2026,GRIZZLIES,S2,unresolved,,no-season-window(S1-game-table-ends-2022-23-or-season-absent-from-S1); open-stint-without-window
whitede01,Derrick White,2024,CELTICS,S2,unresolved,,no-dated-evidence(membership-season-only; S1-window-missing-or-season-past-2022-23)
whitede01,Derrick White,2025,CELTICS,S2,unresolved,,no-dated-evidence(membership-season-only; S1-window-missing-or-season-past-2022-23)
whitede01,Derrick White,2026,CELTICS,S2,unresolved,,no-dated-evidence(membership-season-only; S1-window-missing-or-season-past-2022-23)
whiteja03,Jack White,2024,GRIZZLIES,S2,unresolved,,no-season-window(S1-game-table-ends-2022-23-or-season-absent-from-S1); open-stint-without-window
whitejo01,Jo Jo White,1971,CELTICS,S2,unresolved,,no-dated-evidence(membership-season-only; S1-window-missing-or-season-past-2022-23)
whiteok01,Okaro White,2017,HEAT,S2,unresolved,"[2016-07-15, 2016-10-22)",repeat-signing-continues-open-stint; repeat-signing-continues-open-stint; stint-entirely-outside-team-season-window(stands-on-transactions-alone)
whiteru01,Rudy White,1976,ROCKETS,S2,unresolved,,no-dated-evidence(membership-season-only; S1-window-missing-or-season-past-2022-23)
whiteto01,Tony White,1988,BULLS,S2,unresolved,"[1987-11-07, 1987-11-12)","departure-after-closed-stint(prior-spell-exit,or-source-noise)"
whiteto01,Tony White,1988,KNICKS,S2,unresolved,"[1987-11-16, 1987-12-11)","departure-after-closed-stint(prior-spell-exit,or-source-noise)"
whitfdw01,Dwayne Whitfield,1996,RAPTORS,S2,unresolved,"[1995-09-18, 1995-11-02)",stint-entirely-outside-team-season-window(stands-on-transactions-alone)
whitmca01,Cam Whitmore,2024,ROCKETS,S2,unresolved,,no-season-window(S1-game-table-ends-2022-23-or-season-absent-from-S1); open-stint-without-window
whitmca01,Cam Whitmore,2025,ROCKETS,S2,unresolved,,no-dated-evidence(membership-season-only; S1-window-missing-or-season-past-2022-23)
whitmca01,Cam Whitmore,2026,WIZARDS,S2,unresolved,,no-season-window(S1-game-table-ends-2022-23-or-season-absent-from-S1); open-stint-without-window
wickssi01,Sidney Wicks,1976,TRAIL BLAZERS,S2,unresolved,,no-dated-evidence(membership-season-only; S1-window-missing-or-season-past-2022-23)
wiggiaa01,Aaron Wiggins,2024,THUNDER,S2,unresolved,,no-dated-evidence(membership-season-only; S1-window-missing-or-season-past-2022-23)
wiggiaa01,Aaron Wiggins,2025,THUNDER,S2,unresolved,,no-season-window(S1-game-table-ends-2022-23-or-season-absent-from-S1); open-stint-without-window
wiggiaa01,Aaron Wiggins,2026,THUNDER,S2,unresolved,,no-dated-evidence(membership-season-only; S1-window-missing-or-season-past-2022-23)
wiggian01,Andrew Wiggins,2024,WARRIORS,S2,unresolved,,no-dated-evidence(membership-season-only; S1-window-missing-or-season-past-2022-23)
wiggian01,Andrew Wiggins,2025,WARRIORS,S2,unresolved,,"no-season-window(S1-game-table-ends-2022-23-or-season-absent-from-S1); departure-after-closed-stint(prior-spell-exit,or-source-noise)"
wiggian01,Andrew Wiggins,2025,HEAT,S2,unresolved,,no-season-window(S1-game-table-ends-2022-23-or-season-absent-from-S1); open-stint-without-window
wiggian01,Andrew Wiggins,2026,HEAT,S2,unresolved,,no-dated-evidence(membership-season-only; S1-window-missing-or-season-past-2022-23)
wiggili01,Lindell Wigginton,2023,BUCKS,S2,unresolved,"[2022-07-08, 2022-10-15)",stint-entirely-outside-team-season-window(stands-on-transactions-alone)
wiggili01,Lindell Wigginton,2024,BUCKS,S2,unresolved,,"no-season-window(S1-game-table-ends-2022-23-or-season-absent-from-S1); departure-after-closed-stint(prior-spell-exit,or-source-noise)"
wileymo01,Morlon Wiley,1994,MAVERICKS,S2,unresolved,"[1994-03-31, 1994-04-25)","departure-after-closed-stint(prior-spell-exit,or-source-noise)"
wilfowi01,Win Wilfong,1961,KINGS,S2,unresolved,,no-dated-evidence(membership-season-only; S1-window-missing-or-season-past-2022-23)
wilkebo01,Bob Wilkerson,1977,THUNDER,S2,unresolved,,"no-season-window(S1-game-table-ends-2022-23-or-season-absent-from-S1); departure-after-closed-stint(prior-spell-exit,or-source-noise)"
wilkele01,Lenny Wilkens,1961,HAWKS,S2,unresolved,,no-dated-evidence(membership-season-only; S1-window-missing-or-season-past-2022-23)
wilkele01,Lenny Wilkens,1962,HAWKS,S2,unresolved,,no-dated-evidence(membership-season-only; S1-window-missing-or-season-past-2022-23)
wilkele01,Lenny Wilkens,1971,THUNDER,S2,unresolved,,no-dated-evidence(membership-season-only; S1-window-missing-or-season-past-2022-23)
wilkida01,Dale Wilkinson,1985,PISTONS,S2,unresolved,"[1984-10-24, 1984-11-06)",fuzzy-dated-rows-bear-on-this-tenure(fuzzy-not-guessed)
wilkida01,Dale Wilkinson,1985,CLIPPERS,S2,unresolved,"[1985-03-10, 1985-04-15)",fuzzy-dated-rows-bear-on-this-tenure(fuzzy-not-guessed)
wilkida02,Damien Wilkins,2013,76ERS,S2,unresolved,,no-season-window(S1-game-table-ends-2022-23-or-season-absent-from-S1); open-stint-without-window
wilksmi01,Mike Wilks,2008,NUGGETS,S2,unresolved,"[2007-10-19, 2007-10-23)",stint-entirely-outside-team-season-window(stands-on-transactions-alone)
willial06,Alondes Williams,2024,HEAT,S2,unresolved,"[2023-08-11, 2023-10-14)",open-stint-without-window
willial06,Alondes Williams,2026,WIZARDS,S2,unresolved,"[2025-10-12, 2025-10-18)",open-stint-without-window
william01,Amari Williams,2026,CELTICS,S2,unresolved,,no-season-window(S1-game-table-ends-2022-23-or-season-absent-from-S1); open-stint-without-window
williar01,Art Williams,1971,CELTICS,S2,unresolved,,no-season-window(S1-game-table-ends-2022-23-or-season-absent-from-S1); open-stint-without-window
willibe01,Bernie Williams,1971,ROCKETS,S2,unresolved,,no-dated-evidence(membership-season-only; S1-window-missing-or-season-past-2022-23)
willibr03,Brandon Williams,2024,MAVERICKS,S2,unresolved,,no-season-window(S1-game-table-ends-2022-23-or-season-absent-from-S1); open-stint-without-window
willibr03,Brandon Williams,2025,MAVERICKS,S2,unresolved,,no-season-window(S1-game-table-ends-2022-23-or-season-absent-from-S1); open-stint-without-window
willibr03,Brandon Williams,2026,MAVERICKS,S2,unresolved,,no-dated-evidence(membership-season-only; S1-window-missing-or-season-past-2022-23)
willich02,Chuck Williams,1977,CLIPPERS,S2,unresolved,,no-season-window(S1-game-table-ends-2022-23-or-season-absent-from-S1); open-stint-without-window
willich02,Chuck Williams,1977,NUGGETS,S2,unresolved,,"departure-after-closed-stint(prior-spell-exit,or-source-noise)"
willicj01,C.J. Williams,2018,CLIPPERS,S2,unresolved,"[2017-09-14, 2017-10-14)",same-day-arrival-and-departure(ordering-flagged); stint-entirely-outside-team-season-window(stands-on-transactions-alone)
willicj01,C.J. Williams,2018,CLIPPERS,S2,unresolved,"[2018-04-09, 2018-04-12)",same-day-arrival-and-departure(ordering-flagged)
willico04,Cody Williams,2025,JAZZ,S2,unresolved,,no-season-window(S1-game-table-ends-2022-23-or-season-absent-from-S1); open-stint-without-window
willico04,Cody Williams,2026,JAZZ,S2,unresolved,,no-dated-evidence(membership-season-only; S1-window-missing-or-season-past-2022-23)
willide02,Derrick Williams,2013,TIMBERWOLVES,S2,unresolved,,no-dated-evidence(membership-season-only; S1-window-missing-or-season-past-2022-23)
williea01,Earl Williams,1976,PISTONS,S2,unresolved,"[1975-09-30, 1976-02-23)",stint-entirely-outside-team-season-window(stands-on-transactions-alone)
willigr01,Grant Williams,2024,BOBCATS-HORNETS2,S2,unresolved,,no-season-window(S1-game-table-ends-2022-23-or-season-absent-from-S1); open-stint-without-window
willigr01,Grant Williams,2025,BOBCATS-HORNETS2,S2,unresolved,,no-dated-evidence(membership-season-only; S1-window-missing-or-season-past-2022-23)
willigr01,Grant Williams,2026,BOBCATS-HORNETS2,S2,unresolved,,no-dated-evidence(membership-season-only; S1-window-missing-or-season-past-2022-23)
willija06,Jalen Williams,2024,THUNDER,S2,unresolved,,no-dated-evidence(membership-season-only; S1-window-missing-or-season-past-2022-23)
willija06,Jalen Williams,2025,THUNDER,S2,unresolved,,no-dated-evidence(membership-season-only; S1-window-missing-or-season-past-2022-23)
willija06,Jalen Williams,2026,THUNDER,S2,unresolved,,no-dated-evidence(membership-season-only; S1-window-missing-or-season-past-2022-23)
willija07,Jaylin Williams,2024,THUNDER,S2,unresolved,,no-dated-evidence(membership-season-only; S1-window-missing-or-season-past-2022-23)
willija07,Jaylin Williams,2025,THUNDER,S2,unresolved,,no-dated-evidence(membership-season-only; S1-window-missing-or-season-past-2022-23)
willija07,Jaylin Williams,2026,THUNDER,S2,unresolved,,no-dated-evidence(membership-season-only; S1-window-missing-or-season-past-2022-23)
willije02,Nate Williams,2024,ROCKETS,S2,unresolved,,no-season-window(S1-game-table-ends-2022-23-or-season-absent-from-S1); open-stint-without-window; repeat-signing-continues-open-stint
willije02,Nate Williams,2025,ROCKETS,S2,unresolved,,no-season-window(S1-game-table-ends-2022-23-or-season-absent-from-S1); open-stint-without-window
willije02,Nate Williams,2026,WARRIORS,S2,unresolved,,no-season-window(S1-game-table-ends-2022-23-or-season-absent-from-S1); open-stint-without-window
willijo01,John Williamson,1977,PACERS,S2,unresolved,,no-season-window(S1-game-table-ends-2022-23-or-season-absent-from-S1); open-stint-without-window
willijo01,John Williamson,1977,NETS,S2,unresolved,,"no-season-window(S1-game-table-ends-2022-23-or-season-absent-from-S1); departure-after-closed-stint(prior-spell-exit,or-source-noise)"
willijo04,Johnathan Williams,2019,LAKERS,S2,unresolved,"[2018-07-21, 2018-10-13)",stint-entirely-outside-team-season-window(stands-on-transactions-alone)
williju01,Justin Williams,2007,KINGS,S2,unresolved,"[2006-07-24, 2006-10-26)",stint-entirely-outside-team-season-window(stands-on-transactions-alone)
willike02,Kevin Willis,2002,ROCKETS,S2,unresolved,,same-day-arrival-to-multiple-franchises(ordering-unresolved)
willike04,Kenrich Williams,2021,THUNDER,S2,unresolved,,same-day-arrival-to-multiple-franchises(ordering-unresolved)
willike04,Kenrich Williams,2024,THUNDER,S2,unresolved,,no-dated-evidence(membership-season-only; S1-window-missing-or-season-past-2022-23)
willike04,Kenrich Williams,2025,THUNDER,S2,unresolved,,no-dated-evidence(membership-season-only; S1-window-missing-or-season-past-2022-23)
willike04,Kenrich Williams,2026,THUNDER,S2,unresolved,,no-dated-evidence(membership-season-only; S1-window-missing-or-season-past-2022-23)
willilu01,Lucas Williamson,2026,GRIZZLIES,S2,unresolved,,no-season-window(S1-game-table-ends-2022-23-or-season-absent-from-S1); open-stint-without-window; repeat-signing-continues-open-stint
willima01,Mo Williams,2013,JAZZ,S2,unresolved,,no-dated-evidence(membership-season-only; S1-window-missing-or-season-past-2022-23)
willima02,Marvin Williams,2013,JAZZ,S2,unresolved,,no-season-window(S1-game-table-ends-2022-23-or-season-absent-from-S1); open-stint-without-window
willima04,Marcus Williams,2008,SPURS,S2,unresolved,,"departure-after-closed-stint(prior-spell-exit,or-source-noise)"
willima05,Matt Williams,2018,HEAT,S2,unresolved,"[2017-07-24, 2017-10-15)","same-day-arrival-and-departure(ordering-flagged); departure-after-closed-stint(prior-spell-exit,or-source-noise); stint-entirely-outside-team-season-window(stands-on-transactions-alone)"
willima07,Mark Williams,2024,BOBCATS-HORNETS2,S2,unresolved,,no-dated-evidence(membership-season-only; S1-window-missing-or-season-past-2022-23)
willima07,Mark Williams,2025,BOBCATS-HORNETS2,S2,unresolved,,"no-season-window(S1-game-table-ends-2022-23-or-season-absent-from-S1); departure-after-closed-stint(prior-spell-exit,or-source-noise)"
willima07,Mark Williams,2026,SUNS,S2,unresolved,,no-dated-evidence(membership-season-only; S1-window-missing-or-season-past-2022-23)
willima11,Malik Williams,2024,RAPTORS,S2,unresolved,,no-season-window(S1-game-table-ends-2022-23-or-season-absent-from-S1); open-stint-without-window; repeat-signing-continues-open-stint
willina01,Nate Williams,1976,JAZZ,S2,unresolved,,no-dated-evidence(membership-season-only; S1-window-missing-or-season-past-2022-23)
willina01,Nate Williams,1977,JAZZ,S2,unresolved,,no-dated-evidence(membership-season-only; S1-window-missing-or-season-past-2022-23)
willipa01,Patrick Williams,2024,BULLS,S2,unresolved,,no-dated-evidence(membership-season-only; S1-window-missing-or-season-past-2022-23)
willipa01,Patrick Williams,2025,BULLS,S2,unresolved,,no-season-window(S1-game-table-ends-2022-23-or-season-absent-from-S1); open-stint-without-window
willipa01,Patrick Williams,2026,BULLS,S2,unresolved,,no-dated-evidence(membership-season-only; S1-window-missing-or-season-past-2022-23)
willipe01,Pete Williams,1987,NUGGETS,S2,unresolved,"[1986-10-31, 1986-11-26)","departure-after-closed-stint(prior-spell-exit,or-source-noise)"
willira01,Ray Williams,1986,SPURS,S2,unresolved,"[1986-02-11, 1986-03-28)","departure-after-closed-stint(prior-spell-exit,or-source-noise)"
willire02,Reggie Williams,2013,BOBCATS-HORNETS2,S2,unresolved,,no-dated-evidence(membership-season-only; S1-window-missing-or-season-past-2022-23)
williro04,Robert Williams,2024,TRAIL BLAZERS,S2,unresolved,,no-season-window(S1-game-table-ends-2022-23-or-season-absent-from-S1); open-stint-without-window
williro04,Robert Williams,2025,TRAIL BLAZERS,S2,unresolved,,no-dated-evidence(membership-season-only; S1-window-missing-or-season-past-2022-23)
williro04,Robert Williams,2026,TRAIL BLAZERS,S2,unresolved,,no-dated-evidence(membership-season-only; S1-window-missing-or-season-past-2022-23)
willivi01,Vince Williams Jr.,2024,GRIZZLIES,S2,unresolved,,no-dated-evidence(membership-season-only; S1-window-missing-or-season-past-2022-23)
willivi01,Vince Williams Jr.,2025,GRIZZLIES,S2,unresolved,,no-dated-evidence(membership-season-only; S1-window-missing-or-season-past-2022-23)
willivi01,Vince Williams Jr.,2026,GRIZZLIES,S2,unresolved,,"no-season-window(S1-game-table-ends-2022-23-or-season-absent-from-S1); departure-after-closed-stint(prior-spell-exit,or-source-noise)"
williwi01,Willie Williams,1971,CELTICS,S2,unresolved,,"no-season-window(S1-game-table-ends-2022-23-or-season-absent-from-S1); departure-after-closed-stint(prior-spell-exit,or-source-noise)"
williwi01,Willie Williams,1971,KINGS,S2,unresolved,,no-season-window(S1-game-table-ends-2022-23-or-season-absent-from-S1); open-stint-without-window
willizi01,Zion Williamson,2024,HORNETS-PELICANS,S2,unresolved,,no-dated-evidence(membership-season-only; S1-window-missing-or-season-past-2022-23)
willizi01,Zion Williamson,2025,HORNETS-PELICANS,S2,unresolved,,no-dated-evidence(membership-season-only; S1-window-missing-or-season-past-2022-23)
willizi01,Zion Williamson,2026,HORNETS-PELICANS,S2,unresolved,,no-dated-evidence(membership-season-only; S1-window-missing-or-season-past-2022-23)
willizi02,Ziaire Williams,2024,GRIZZLIES,S2,unresolved,,no-dated-evidence(membership-season-only; S1-window-missing-or-season-past-2022-23)
willizi02,Ziaire Williams,2025,NETS,S2,unresolved,,no-season-window(S1-game-table-ends-2022-23-or-season-absent-from-S1); open-stint-without-window
willizi02,Ziaire Williams,2026,NETS,S2,unresolved,,no-season-window(S1-game-table-ends-2022-23-or-season-absent-from-S1); open-stint-without-window
willobi01,Bill Willoughby,1976,HAWKS,S2,unresolved,,no-dated-evidence(membership-season-only; S1-window-missing-or-season-past-2022-23)
willobi01,Bill Willoughby,1977,HAWKS,S2,unresolved,,no-dated-evidence(membership-season-only; S1-window-missing-or-season-past-2022-23)
wilsobo03,Bobby Wilson,1976,BULLS,S2,unresolved,,no-dated-evidence(membership-season-only; S1-window-missing-or-season-past-2022-23)
wilsobo03,Bobby Wilson,1977,CELTICS,S2,unresolved,"[1977-01-28, 1977-04-01)",stint-entirely-outside-team-season-window(stands-on-transactions-alone)
wilsodj01,D.J. Wilson,2024,76ERS,S2,unresolved,,no-season-window(S1-game-table-ends-2022-23-or-season-absent-from-S1); open-stint-without-window
wilsoge01,George Wilson,1967,KINGS,S2,unresolved,,"departure-after-closed-stint(prior-spell-exit,or-source-noise)"
wilsoge01,George Wilson,1971,CLIPPERS,S2,unresolved,,no-dated-evidence(membership-season-only; S1-window-missing-or-season-past-2022-23)
wilsoja03,Jalen Wilson,2024,NETS,S2,unresolved,,no-season-window(S1-game-table-ends-2022-23-or-season-absent-from-S1); open-stint-without-window
wilsoja03,Jalen Wilson,2025,NETS,S2,unresolved,,no-dated-evidence(membership-season-only; S1-window-missing-or-season-past-2022-23)
wilsoja03,Jalen Wilson,2026,NETS,S2,unresolved,,no-dated-evidence(membership-season-only; S1-window-missing-or-season-past-2022-23)
wilsomi01,Michael Wilson,1987,NETS,S2,unresolved,"[1986-10-31, 1987-04-19)",multi-team-season(ordering-unresolved): player has dated moves to other franchises this season; bracket-only stint cannot be ordered against them
winchke01,Kennard Winchester,1992,ROCKETS,S2,unresolved,"[1991-11-01, 1991-11-11)","departure-after-closed-stint(prior-spell-exit,or-source-noise)"
windldy01,Dylan Windler,2024,HAWKS,S2,unresolved,,no-season-window(S1-game-table-ends-2022-23-or-season-absent-from-S1); open-stint-without-window
winfile01,Lee Winfield,1971,THUNDER,S2,unresolved,,no-dated-evidence(membership-season-only; S1-window-missing-or-season-past-2022-23)
winfile01,Lee Winfield,1976,KINGS,S2,unresolved,,no-season-window(S1-game-table-ends-2022-23-or-season-absent-from-S1); open-stint-without-window
wingoha01,Harthorne Wingo,1976,KNICKS,S2,unresolved,,no-dated-evidence(membership-season-only; S1-window-missing-or-season-past-2022-23)
wintebr01,Brian Winters,1977,BUCKS,S2,unresolved,,no-dated-evidence(membership-season-only; S1-window-missing-or-season-past-2022-23)
wisemja01,James Wiseman,2024,PISTONS,S2,unresolved,,no-dated-evidence(membership-season-only; S1-window-missing-or-season-past-2022-23)
wohlda01,Dave Wohl,1976,ROCKETS,S2,unresolved,,no-dated-evidence(membership-season-only; S1-window-missing-or-season-past-2022-23)
wohlda01,Dave Wohl,1977,ROCKETS,S2,unresolved,,"departure-after-closed-stint(prior-spell-exit,or-source-noise)"
wohlda01,Dave Wohl,1977,NETS,S2,unresolved,,no-season-window(S1-game-table-ends-2022-23-or-season-absent-from-S1); open-stint-without-window
wolfda01,Danny Wolf,2026,NETS,S2,unresolved,,no-season-window(S1-game-table-ends-2022-23-or-season-absent-from-S1); open-stint-without-window
wolfjo01,Joe Wolf,1995,HORNETS-PELICANS,S2,unresolved,"[1994-11-03, 1995-05-05)",fuzzy-dated-rows-bear-on-this-tenure(fuzzy-not-guessed)
wongis01,Isaiah Wong,2024,PACERS,S2,unresolved,,no-season-window(S1-game-table-ends-2022-23-or-season-absent-from-S1); open-stint-without-window
woodch01,Christian Wood,2019,BUCKS,S2,unresolved,"[2018-09-21, 2019-03-18)","departure-after-closed-stint(prior-spell-exit,or-source-noise)"
woodch01,Christian Wood,2021,ROCKETS,S2,unresolved,,same-day-arrival-to-multiple-franchises(ordering-unresolved)
woodch01,Christian Wood,2024,LAKERS,S2,unresolved,,no-season-window(S1-game-table-ends-2022-23-or-season-absent-from-S1); open-stint-without-window
workmha01,Haywoode Workman,2000,BUCKS,S2,unresolved,"[1999-11-02, 2000-02-07)","departure-after-closed-stint(prior-spell-exit,or-source-noise)"
workmto01,Tom Workman,1968,WIZARDS,S2,unresolved,,flagged-transaction-legs(team-unresolved)
workmto01,Tom Workman,1968,HAWKS,S2,unresolved,,flagged-transaction-legs(team-unresolved)
workmto01,Tom Workman,1970,PISTONS,S2,unresolved,,flagged-transaction-legs(team-unresolved)
wrighbr03,Brandan Wright,2013,MAVERICKS,S2,unresolved,,no-dated-evidence(membership-season-only; S1-window-missing-or-season-past-2022-23)
wrighch02,Chris Wright,2013,MAVERICKS,S2,unresolved,,no-season-window(S1-game-table-ends-2022-23-or-season-absent-from-S1); open-stint-without-window
wrighde01,Delon Wright,2020,MAVERICKS,S2,unresolved,,same-day-arrival-to-multiple-franchises(ordering-unresolved)
wrighde01,Delon Wright,2024,HEAT,S2,unresolved,,no-season-window(S1-game-table-ends-2022-23-or-season-absent-from-S1); open-stint-without-window
wrighde01,Delon Wright,2024,WIZARDS,S2,unresolved,,"no-season-window(S1-game-table-ends-2022-23-or-season-absent-from-S1); departure-after-closed-stint(prior-spell-exit,or-source-noise)"
wrighde01,Delon Wright,2025,KNICKS,S2,unresolved,,no-season-window(S1-game-table-ends-2022-23-or-season-absent-from-S1); open-stint-without-window
wrighdo01,Dorell Wright,2013,76ERS,S2,unresolved,,no-season-window(S1-game-table-ends-2022-23-or-season-absent-from-S1); open-stint-without-window
wrighho02,Howard Wright,1991,HAWKS,S2,unresolved,"[1990-09-24, 1990-11-13)","departure-after-closed-stint(prior-spell-exit,or-source-noise)"
wrighho02,Howard Wright,1993,MAGIC,S2,unresolved,"[1992-10-05, 1992-10-19)",stint-entirely-outside-team-season-window(stands-on-transactions-alone)
wrighmo01,Moses Wright,2022,CLIPPERS,S2,unresolved,"[2021-09-07, 2021-10-14)",stint-entirely-outside-team-season-window(stands-on-transactions-alone)
yabusgu01,Guerschon Yabusele,2025,76ERS,S2,unresolved,,no-season-window(S1-game-table-ends-2022-23-or-season-absent-from-S1); open-stint-without-window
yabusgu01,Guerschon Yabusele,2026,BULLS,S2,unresolved,,no-season-window(S1-game-table-ends-2022-23-or-season-absent-from-S1); open-stint-without-window
yangha01,Yang Hansen,2026,TRAIL BLAZERS,S2,unresolved,,no-season-window(S1-game-table-ends-2022-23-or-season-absent-from-S1); open-stint-without-window
yorkga01,Gabe York,2023,PACERS,S2,unresolved,"[2022-09-16, 2022-09-22)",stint-entirely-outside-team-season-window(stands-on-transactions-alone)
youngch01,Chris Youngblood,2026,TRAIL BLAZERS,S2,unresolved,,no-season-window(S1-game-table-ends-2022-23-or-season-absent-from-S1); open-stint-without-window
youngja05,Jahmir Young,2025,BULLS,S2,unresolved,,no-season-window(S1-game-table-ends-2022-23-or-season-absent-from-S1); open-stint-without-window
youngja05,Jahmir Young,2026,HEAT,S2,unresolved,,no-season-window(S1-game-table-ends-2022-23-or-season-absent-from-S1); open-stint-without-window; repeat-signing-continues-open-stint
youngni01,Nick Young,2013,76ERS,S2,unresolved,,no-season-window(S1-game-table-ends-2022-23-or-season-absent-from-S1); open-stint-without-window
youngpe01,Perry Young,1987,TRAIL BLAZERS,S2,unresolved,"[1986-08-27, 1986-10-28)",stint-entirely-outside-team-season-window(stands-on-transactions-alone)
youngsa01,Sam Young,2013,PACERS,S2,unresolved,"[2012-09-06, 2013-01-06)",stint-entirely-outside-team-season-window(stands-on-transactions-alone)
youngth01,Thaddeus Young,2013,76ERS,S2,unresolved,,no-dated-evidence(membership-season-only; S1-window-missing-or-season-past-2022-23)
youngth01,Thaddeus Young,2024,SUNS,S2,unresolved,,no-season-window(S1-game-table-ends-2022-23-or-season-absent-from-S1); open-stint-without-window
youngth01,Thaddeus Young,2024,RAPTORS,S2,unresolved,,"no-season-window(S1-game-table-ends-2022-23-or-season-absent-from-S1); departure-after-closed-stint(prior-spell-exit,or-source-noise)"
youngtr01,Trae Young,2024,HAWKS,S2,unresolved,,no-dated-evidence(membership-season-only; S1-window-missing-or-season-past-2022-23)
youngtr01,Trae Young,2025,HAWKS,S2,unresolved,,no-dated-evidence(membership-season-only; S1-window-missing-or-season-past-2022-23)
youngtr01,Trae Young,2026,HAWKS,S2,unresolved,,"no-season-window(S1-game-table-ends-2022-23-or-season-absent-from-S1); departure-after-closed-stint(prior-spell-exit,or-source-noise)"
youngtr01,Trae Young,2026,WIZARDS,S2,unresolved,,no-season-window(S1-game-table-ends-2022-23-or-season-absent-from-S1); open-stint-without-window
yurtsom01,Omer Yurtseven,2026,WARRIORS,S2,unresolved,,no-season-window(S1-game-table-ends-2022-23-or-season-absent-from-S1); open-stint-without-window; repeat-signing-continues-open-stint
zasloma01,Max Zaslofsky,1951,KNICKS,S2,unresolved,,flagged-transaction-legs(team-unresolved)
zelleco01,Cody Zeller,2024,HORNETS-PELICANS,S2,unresolved,,no-season-window(S1-game-table-ends-2022-23-or-season-absent-from-S1); open-stint-without-window
zellety01,Tyler Zeller,2013,CAVALIERS,S2,unresolved,,no-dated-evidence(membership-season-only; S1-window-missing-or-season-past-2022-23)
zikarro01,Rocco Zikarsky,2026,TIMBERWOLVES,S2,unresolved,,no-season-window(S1-game-table-ends-2022-23-or-season-absent-from-S1); open-stint-without-window; repeat-signing-continues-open-stint
zubaciv01,Ivica Zubac,2024,CLIPPERS,S2,unresolved,,no-dated-evidence(membership-season-only; S1-window-missing-or-season-past-2022-23)
zubaciv01,Ivica Zubac,2025,CLIPPERS,S2,unresolved,,no-dated-evidence(membership-season-only; S1-window-missing-or-season-past-2022-23)
zubaciv01,Ivica Zubac,2026,PACERS,S2,unresolved,,no-season-window(S1-game-table-ends-2022-23-or-season-absent-from-S1); open-stint-without-window
zubaciv01,Ivica Zubac,2026,CLIPPERS,S2,unresolved,,"no-season-window(S1-game-table-ends-2022-23-or-season-absent-from-S1); departure-after-closed-stint(prior-spell-exit,or-source-noise)"
