group_id,player,season,reasons,records,reading_status,pending_records
ackeral01:2006,ackeral01,2006,complex:repeated-intervals,tenure-00102|tenure-00103,complete,0
adamsjo01:2015,adamsjo01,2015,complex:repeated-intervals,tenure-00151|tenure-00152|tenure-00153|tenure-00154|tenure-00155,complete,0
adamsmi01:1987,adamsmi01,1987,complex:repeated-intervals,tenure-00158|tenure-00159,complete,0
adelmri01:1975,adelmri01,1975,complex:three-plus-franchises,tenure-00203|tenure-00204|tenure-00205,complete,0
adrieje01:2011,adrieje01,2011,complex:repeated-intervals,tenure-00206|tenure-00207,complete,0
agerma01:2007,agerma01,2007,complex:repeated-intervals,tenure-00231|tenure-00232|tenure-00233,complete,0
agerma01:2008,agerma01,2008,complex:same-day-ambiguity,tenure-00234|tenure-00235,complete,0
ahearbl01:2009,ahearbl01,2009,complex:repeated-intervals,tenure-00253|tenure-00254,complete,0
ajincal01:2010,ajincal01,2010,complex:repeated-intervals,tenure-00272|tenure-00273,complete,0
alabiso01:2011,alabiso01,2011,complex:repeated-intervals,tenure-00284|tenure-00285|tenure-00286|tenure-00287,complete,0
alabiso01:2012,alabiso01,2012,complex:repeated-intervals,tenure-00288|tenure-00289,complete,0
aldamsa01:2022,aldamsa01,2022,complex:repeated-intervals|complex:same-day-ambiguity,tenure-00297|tenure-00298|tenure-00299|tenure-00300|tenure-00301|tenure-00302|tenure-00303,complete,0
aldrico01:2011,aldrico01,2011,complex:repeated-intervals,tenure-00309|tenure-00310|tenure-00311|tenure-00312,complete,0
aldrico01:2014,aldrico01,2014,complex:repeated-intervals,tenure-00316|tenure-00317,complete,0
alexacl01:2016,alexacl01,2016,complex:repeated-intervals,tenure-00340|tenure-00341,complete,0
alexajo01:2010,alexajo01,2010,complex:same-day-ambiguity,tenure-00357,complete,0
alexaky01:2020,alexaky01,2020,complex:repeated-intervals,tenure-00358|tenure-00359,complete,0
alexani01:2020,alexani01,2020,complex:repeated-intervals,tenure-00360|tenure-00361,complete,0
alexani01:2026,alexani01,2026,complex:same-day-ambiguity,tenure-00369,complete,0
allengr01:2019,allengr01,2019,complex:repeated-intervals|complex:same-day-ambiguity,tenure-00385|tenure-00386|tenure-00387|tenure-00388|tenure-00389|tenure-00390|tenure-00391|tenure-00392,complete,0
allengr01:2020,allengr01,2020,complex:repeated-intervals,tenure-00393|tenure-00394,complete,0
allenka01:2019,allenka01,2019,complex:repeated-intervals,tenure-00415|tenure-00416,complete,0
allenra01:1989,allenra01,1989,complex:repeated-intervals,tenure-00448|tenure-00449,complete,0
almonmo01:2008,almonmo01,2008,complex:repeated-intervals,tenure-00488|tenure-00489|tenure-00490|tenure-00491,complete,0
almonmo01:2009,almonmo01,2009,complex:repeated-intervals,tenure-00492|tenure-00493,complete,0
amundlo01:2013,amundlo01,2013,complex:three-plus-franchises,tenure-00544|tenure-00545|tenure-00546,complete,0
amundlo01:2015,amundlo01,2015,complex:repeated-intervals,tenure-00549|tenure-00550|tenure-00551,complete,0
anderal01:2007,anderal01,2007,complex:repeated-intervals,tenure-00554|tenure-00555,complete,0
andergr01:1991,andergr01,1991,complex:three-plus-franchises,tenure-00607|tenure-00608|tenure-00609,complete,0
anderja01:2011,anderja01,2011,complex:repeated-intervals,tenure-00616|tenure-00617|tenure-00618,complete,0
anderje01:1977,anderje01,1977,complex:repeated-intervals,tenure-00625|tenure-00626,complete,0
anderju01:2016,anderju01,2016,complex:repeated-intervals|complex:same-day-ambiguity,tenure-00631|tenure-00632|tenure-00633|tenure-00634|tenure-00635|tenure-00636|tenure-00637,complete,0
anderju01:2022,anderju01,2022,complex:repeated-intervals,tenure-00643|tenure-00644|tenure-00645,complete,0
anderky01:2015,anderky01,2015,complex:repeated-intervals,tenure-00665|tenure-00666|tenure-00667|tenure-00668|tenure-00669|tenure-00670|tenure-00671|tenure-00672,complete,0
anderky01:2025,anderky01,2025,complex:same-day-ambiguity,tenure-00682|tenure-00683,complete,0
anderky01:2026,anderky01,2026,complex:three-plus-franchises,tenure-00684|tenure-00685|tenure-00686,complete,0
andrima01:2006,andrima01,2006,complex:repeated-intervals,tenure-00755|tenure-00756|tenure-00757|tenure-00758,complete,0
anigbik01:2018,anigbik01,2018,complex:repeated-intervals,tenure-00760|tenure-00761|tenure-00762|tenure-00763|tenure-00764|tenure-00765,complete,0
anigbik01:2019,anigbik01,2019,complex:repeated-intervals,tenure-00766|tenure-00767|tenure-00768|tenure-00769|tenure-00770|tenure-00771,complete,0
anslemi01:1992,anslemi01,1992,complex:repeated-intervals,tenure-00774|tenure-00775|tenure-00776,complete,0
antetth01:2016,antetth01,2016,complex:repeated-intervals,tenure-00797|tenure-00798,complete,0
antetth01:2020,antetth01,2020,complex:repeated-intervals,tenure-00799|tenure-00800|tenure-00801,complete,0
anthojo01:2008,anthojo01,2008,complex:repeated-intervals,tenure-00845|tenure-00846,complete,0
anthojo01:2017,anthojo01,2017,complex:repeated-intervals,tenure-00856|tenure-00857,complete,0
applike01:2016,applike01,2016,complex:repeated-intervals,tenure-00870|tenure-00871,complete,0
archiro01:2004,archiro01,2004,complex:three-plus-franchises,tenure-00877|tenure-00878|tenure-00879,complete,0
armsthi01:2010,armsthi01,2010,complex:three-plus-franchises,tenure-00990|tenure-00991|tenure-00992,complete,0
armsthi01:2014,armsthi01,2014,complex:repeated-intervals,tenure-00995|tenure-00996,complete,0
askewvi01:1997,askewvi01,1997,complex:three-plus-franchises,tenure-01064|tenure-01065|tenure-01066,complete,0
augusja01:2007,augusja01,2007,complex:repeated-intervals,tenure-01141|tenure-01142,complete,0
azubuke01:2012,azubuke01,2012,complex:repeated-intervals|complex:same-day-ambiguity,tenure-01206|tenure-01207,complete,0
azubuud01:2022,azubuud01,2022,complex:repeated-intervals,tenure-01209|tenure-01210|tenure-01211|tenure-01212|tenure-01213|tenure-01214|tenure-01215,complete,0
babbilu01:2011,babbilu01,2011,complex:repeated-intervals,tenure-01219|tenure-01220|tenure-01221,complete,0
babbilu01:2012,babbilu01,2012,complex:repeated-intervals,tenure-01222|tenure-01223,complete,0
babicmi01:1992,babicmi01,1992,complex:repeated-intervals,tenure-01232|tenure-01233,complete,0
bacondw01:2018,bacondw01,2018,complex:repeated-intervals,tenure-01235|tenure-01236|tenure-01237|tenure-01238,complete,0
bacondw01:2019,bacondw01,2019,complex:repeated-intervals|complex:same-day-ambiguity,tenure-01239|tenure-01240|tenure-01241|tenure-01242|tenure-01243|tenure-01244|tenure-01245|tenure-01246|tenure-01247|tenure-01248|tenure-01249,complete,0
bacondw01:2020,bacondw01,2020,complex:repeated-intervals,tenure-01250|tenure-01251,complete,0
bairsca01:2016,bairsca01,2016,complex:repeated-intervals,tenure-01321|tenure-01322,complete,0
bakerro01:2017,bakerro01,2017,complex:repeated-intervals|complex:same-day-ambiguity,tenure-01327|tenure-01328|tenure-01329|tenure-01330|tenure-01331|tenure-01332,complete,0
bakerro01:2018,bakerro01,2018,complex:repeated-intervals|complex:same-day-ambiguity,tenure-01333|tenure-01334|tenure-01335,complete,0
baldwpa01:2026,baldwpa01,2026,complex:three-plus-franchises,tenure-01358|tenure-01359|tenure-01360,complete,0
baldwwa01:2017,baldwwa01,2017,complex:repeated-intervals,tenure-01361|tenure-01362|tenure-01363|tenure-01364|tenure-01365|tenure-01366,complete,0
baldwwa01:2019,baldwwa01,2019,complex:same-day-ambiguity,tenure-01368,complete,0
ballce01:1991,ballce01,1991,complex:repeated-intervals,tenure-01387|tenure-01388,complete,0
balllo01:2022,balllo01,2022,complex:same-day-ambiguity,tenure-01399,complete,0
bambamo01:2026,bambamo01,2026,complex:repeated-intervals,tenure-01412|tenure-01413|tenure-01414,complete,0
bantoda01:2022,bantoda01,2022,complex:repeated-intervals|complex:same-day-ambiguity,tenure-01447|tenure-01448|tenure-01449|tenure-01450|tenure-01451|tenure-01452|tenure-01453|tenure-01454|tenure-01455|tenure-01456|tenure-01457|tenure-01458|tenure-01459,complete,0
bantomi01:1978,bantomi01,1978,complex:same-day-ambiguity,tenure-01472,complete,0
bardost01:1992,bardost01,1992,complex:repeated-intervals,tenure-01495|tenure-01496,complete,0
bareajo01:2007,bareajo01,2007,complex:repeated-intervals,tenure-01499|tenure-01500,complete,0
barketo01:1979,barketo01,1979,complex:three-plus-franchises,tenure-01528|tenure-01529|tenure-01530,complete,0
barnema01:1980,barnema01,1980,complex:repeated-intervals,tenure-01613|tenure-01614,complete,0
barroea01:2006,barroea01,2006,complex:repeated-intervals,tenure-01685|tenure-01686,complete,0
barroea01:2011,barroea01,2011,complex:three-plus-franchises,tenure-01690|tenure-01691|tenure-01692,complete,0
barroea01:2015,barroea01,2015,complex:repeated-intervals,tenure-01696|tenure-01697,complete,0
barrybr01:2008,barrybr01,2008,complex:repeated-intervals,tenure-01711|tenure-01712,complete,0
barrydr01:1998,barrydr01,1998,complex:repeated-intervals,tenure-01714|tenure-01715,complete,0
basdeed01:2006,basdeed01,2006,complex:repeated-intervals,tenure-01761|tenure-01762,complete,0
baskeje01:1976,baskeje01,1976,complex:repeated-intervals,tenure-01763|tenure-01764,complete,0
bassbr01:2006,bassbr01,2006,complex:repeated-intervals,tenure-01765|tenure-01766,complete,0
bassech01:2022,bassech01,2022,complex:repeated-intervals,tenure-01778|tenure-01779|tenure-01780|tenure-01781|tenure-01782,complete,0
bassech01:2026,bassech01,2026,complex:three-plus-franchises,tenure-01786|tenure-01787|tenure-01788|tenure-01789,complete,0
bateeme01:2002,bateeme01,2002,complex:repeated-intervals,tenure-01800|tenure-01801,complete,0
bateske01:2019,bateske01,2019,complex:repeated-intervals,tenure-01811|tenure-01812,complete,0
bateske01:2020,bateske01,2020,complex:repeated-intervals,tenure-01813|tenure-01814|tenure-01815|tenure-01816,complete,0
baxtelo01:2004,baxtelo01,2004,complex:three-plus-franchises,tenure-01898|tenure-01899|tenure-01900,complete,0
bayleje01:2017,bayleje01,2017,complex:repeated-intervals,tenure-01914|tenure-01915,complete,0
baynear01:2013,baynear01,2013,complex:repeated-intervals,tenure-01932|tenure-01933|tenure-01934|tenure-01935|tenure-01936|tenure-01937,complete,0
baynear01:2014,baynear01,2014,complex:repeated-intervals,tenure-01938|tenure-01939|tenure-01940,complete,0
bazemke01:2013,bazemke01,2013,complex:repeated-intervals,tenure-01949|tenure-01950|tenure-01951|tenure-01952|tenure-01953|tenure-01954,complete,0
bazemke01:2014,bazemke01,2014,complex:repeated-intervals,tenure-01955|tenure-01956|tenure-01957|tenure-01958,complete,0
bazleda01:2020,bazleda01,2020,complex:same-day-ambiguity,tenure-01968,complete,0
beaslma01:2017,beaslma01,2017,complex:repeated-intervals,tenure-02004|tenure-02005|tenure-02006|tenure-02007|tenure-02008|tenure-02009|tenure-02010,complete,0
beaubro01:2011,beaubro01,2011,complex:repeated-intervals,tenure-02041|tenure-02042,complete,0
beaucma01:2025,beaucma01,2025,complex:three-plus-franchises,tenure-02047|tenure-02048|tenure-02049,complete,0
beckco01:1996,beckco01,1996,complex:repeated-intervals,tenure-02052|tenure-02053,complete,0
beckemo01:1947,beckemo01,1947,complex:three-plus-franchises,tenure-02057|tenure-02058|tenure-02059,complete,0
behagro01:1978,behagro01,1978,complex:three-plus-franchises,tenure-02084|tenure-02085|tenure-02086,complete,0
behagro01:1979,behagro01,1979,complex:three-plus-franchises,tenure-02087|tenure-02088|tenure-02089,complete,0
belljo01:2018,belljo01,2018,complex:repeated-intervals,tenure-02134|tenure-02135,complete,0
belljo01:2021,belljo01,2021,complex:repeated-intervals,tenure-02139|tenure-02140|tenure-02141,complete,0
bembrde01:2017,bembrde01,2017,complex:repeated-intervals,tenure-02160|tenure-02161|tenure-02162|tenure-02163|tenure-02164,complete,0
bembrde01:2018,bembrde01,2018,complex:repeated-intervals,tenure-02165|tenure-02166|tenure-02167,complete,0
bendedr01:2020,bendedr01,2020,complex:repeated-intervals,tenure-02180|tenure-02181|tenure-02182|tenure-02183|tenure-02184|tenure-02185|tenure-02186|tenure-02187|tenure-02188|tenure-02189|tenure-02190|tenure-02191,complete,0
bennean01:2016,bennean01,2016,complex:repeated-intervals,tenure-02225|tenure-02226|tenure-02227|tenure-02228|tenure-02229,complete,0
bennean01:2017,bennean01,2017,complex:repeated-intervals|complex:same-day-ambiguity,tenure-02230|tenure-02231,complete,0
bertada01:2017,bertada01,2017,complex:repeated-intervals,tenure-02283|tenure-02284|tenure-02285|tenure-02286|tenure-02287,complete,0
bertada01:2018,bertada01,2018,complex:repeated-intervals,tenure-02288|tenure-02289|tenure-02290,complete,0
beshode01:1979,beshode01,1979,complex:repeated-intervals,tenure-02300|tenure-02301,complete,0
beverpa01:2013,beverpa01,2013,complex:repeated-intervals|complex:same-day-ambiguity,tenure-02314|tenure-02315,complete,0
bhullsi01:2015,bhullsi01,2015,complex:repeated-intervals,tenure-02336|tenure-02337,complete,0
bibbymi01:2011,bibbymi01,2011,complex:three-plus-franchises,tenure-02372|tenure-02373|tenure-02374,complete,0
birchkh01:2018,birchkh01,2018,complex:repeated-intervals,tenure-02426|tenure-02427|tenure-02428|tenure-02429|tenure-02430|tenure-02431|tenure-02432|tenure-02433|tenure-02434,complete,0
bitadgo01:2020,bitadgo01,2020,complex:repeated-intervals,tenure-02469|tenure-02470|tenure-02471|tenure-02472|tenure-02473|tenure-02474|tenure-02475,complete,0
bitadgo01:2022,bitadgo01,2022,complex:repeated-intervals,tenure-02477|tenure-02478|tenure-02479,complete,0
blackja01:1995,blackja01,1995,complex:repeated-intervals,tenure-02526|tenure-02527|tenure-02528,complete,0
blackta01:2015,blackta01,2015,complex:repeated-intervals,tenure-02546|tenure-02547|tenure-02548,complete,0
blackta01:2016,blackta01,2016,complex:repeated-intervals|complex:same-day-ambiguity,tenure-02549|tenure-02550|tenure-02551|tenure-02552|tenure-02553|tenure-02554,complete,0
blakean01:2019,blakean01,2019,complex:repeated-intervals,tenure-02567|tenure-02568,complete,0
blalowi01:2007,blalowi01,2007,complex:repeated-intervals,tenure-02585|tenure-02586|tenure-02587,complete,0
blantri01:1993,blantri01,1993,complex:repeated-intervals,tenure-02592|tenure-02593,complete,0
blatcan01:2006,blatcan01,2006,complex:repeated-intervals,tenure-02594|tenure-02595,complete,0
bledser01:2012,bledser01,2012,complex:repeated-intervals,tenure-02618|tenure-02619,complete,0
blueva01:2014,blueva01,2014,complex:repeated-intervals|complex:same-day-ambiguity,tenure-02676|tenure-02677,complete,0
blueva01:2018,blueva01,2018,complex:repeated-intervals,tenure-02679|tenure-02680,complete,0
boehebu01:2024,boehebu01,2024,complex:repeated-intervals,tenure-02695|tenure-02696,complete,0
boehebu01:2026,boehebu01,2026,complex:repeated-intervals,tenure-02697|tenure-02698,complete,0
boldejo01:2019,boldejo01,2019,complex:repeated-intervals,tenure-02785|tenure-02786|tenure-02787|tenure-02788|tenure-02789,complete,0
boldejo01:2020,boldejo01,2020,complex:repeated-intervals|complex:same-day-ambiguity,tenure-02790|tenure-02791|tenure-02792|tenure-02793|tenure-02794|tenure-02795|tenure-02796,complete,0
boldema01:2020,boldema01,2020,complex:repeated-intervals,tenure-02797|tenure-02798,complete,0
bolma01:1994,bolma01,1994,complex:three-plus-franchises,tenure-02811|tenure-02812|tenure-02813,complete,0
bolmale01:2022,bolmale01,2022,complex:repeated-intervals,tenure-02815|tenure-02816|tenure-02817|tenure-02818|tenure-02819|tenure-02820|tenure-02821,complete,0
bolomjo01:2017,bolomjo01,2017,complex:repeated-intervals|complex:same-day-ambiguity,tenure-02823|tenure-02824|tenure-02825|tenure-02826|tenure-02827|tenure-02828|tenure-02829|tenure-02830|tenure-02831|tenure-02832|tenure-02833|tenure-02834|tenure-02835|tenure-02836,complete,0
bondwa01:1995,bondwa01,1995,complex:repeated-intervals,tenure-02844|tenure-02845|tenure-02846,complete,0
bonejo01:2020,bonejo01,2020,complex:same-day-ambiguity,tenure-02847,complete,0
bongais01:2019,bongais01,2019,complex:repeated-intervals|complex:same-day-ambiguity,tenure-02850|tenure-02851|tenure-02852|tenure-02853|tenure-02854|tenure-02855|tenure-02856|tenure-02857,complete,0
bongais01:2020,bongais01,2020,complex:repeated-intervals|complex:same-day-ambiguity,tenure-02858|tenure-02859|tenure-02860,complete,0
bongais01:2022,bongais01,2022,complex:repeated-intervals|complex:same-day-ambiguity,tenure-02862|tenure-02863|tenure-02864|tenure-02865|tenure-02866|tenure-02867|tenure-02868|tenure-02869|tenure-02870|tenure-02871,complete,0
booketr01:2018,booketr01,2018,complex:three-plus-franchises,tenure-02914|tenure-02915|tenure-02916,complete,0
boonero01:1978,boonero01,1978,complex:same-day-ambiguity,tenure-02922,complete,0
bostobr01:2022,bostobr01,2022,complex:same-day-ambiguity,tenure-02992,complete,0
bouchch01:2019,bouchch01,2019,complex:repeated-intervals,tenure-03005|tenure-03006|tenure-03007|tenure-03008|tenure-03009,complete,0
bouknja01:2022,bouknja01,2022,complex:repeated-intervals,tenure-03017|tenure-03018|tenure-03019|tenure-03020|tenure-03021|tenure-03022|tenure-03023,complete,0
bouyeja01:2023,bouyeja01,2023,complex:repeated-intervals,tenure-03029|tenure-03030|tenure-03031,complete,0
bovendo01:1953,bovendo01,1953,complex:three-plus-franchises,tenure-03038|tenure-03039|tenure-03040,complete,0
boykiea01:1999,boykiea01,1999,complex:repeated-intervals,tenure-03108|tenure-03109|tenure-03110,complete,0
brackcr01:2011,brackcr01,2011,complex:repeated-intervals,tenure-03135|tenure-03136|tenure-03137|tenure-03138,complete,0
brackcr01:2012,brackcr01,2012,complex:repeated-intervals,tenure-03139|tenure-03140,complete,0
bradlav01:2011,bradlav01,2011,complex:repeated-intervals,tenure-03147|tenure-03148,complete,0
bradlmi01:2005,bradlmi01,2005,complex:three-plus-franchises,tenure-03191|tenure-03192|tenure-03193,complete,0
bradlto01:2018,bradlto01,2018,complex:repeated-intervals|complex:same-day-ambiguity,tenure-03209|tenure-03210|tenure-03211|tenure-03212|tenure-03213|tenure-03214|tenure-03215|tenure-03216|tenure-03217|tenure-03218|tenure-03219|tenure-03220|tenure-03221|tenure-03222|tenure-03223|tenure-03224,complete,0
bradlto01:2019,bradlto01,2019,complex:repeated-intervals,tenure-03225|tenure-03226|tenure-03227|tenure-03228|tenure-03229|tenure-03230|tenure-03231,complete,0
bradlto01:2020,bradlto01,2020,complex:same-day-ambiguity,tenure-03232,complete,0
brazdig01:2020,brazdig01,2020,complex:repeated-intervals|complex:same-day-ambiguity,tenure-03322|tenure-03323|tenure-03324|tenure-03325|tenure-03326|tenure-03327|tenure-03328|tenure-03329|tenure-03330,complete,0
brazdig01:2021,brazdig01,2021,complex:three-plus-franchises|complex:repeated-intervals,tenure-03331|tenure-03332|tenure-03333|tenure-03334,complete,0
brezepr01:2008,brezepr01,2008,complex:three-plus-franchises,tenure-03420|tenure-03421|tenure-03422,complete,0
brimaam01:2021,brimaam01,2021,complex:repeated-intervals,tenure-03492|tenure-03493,complete,0
briscis01:2019,briscis01,2019,complex:repeated-intervals,tenure-03495|tenure-03496,complete,0
brogdma01:2020,brogdma01,2020,complex:same-day-ambiguity,tenure-03531,complete,0
brookaa01:2008,brookaa01,2008,complex:repeated-intervals,tenure-03542|tenure-03543,complete,0
brookdi01:2022,brookdi01,2022,complex:same-day-ambiguity,tenure-03564,complete,0
brookdi01:2024,brookdi01,2024,complex:same-day-ambiguity,tenure-03566,complete,0
brookma01:2014,brookma01,2014,complex:three-plus-franchises|complex:repeated-intervals,tenure-03575|tenure-03576|tenure-03577|tenure-03578|tenure-03579|tenure-03580,complete,0
brownan02:2016,brownan02,2016,complex:repeated-intervals|complex:same-day-ambiguity,tenure-03606|tenure-03607|tenure-03608|tenure-03609|tenure-03610|tenure-03611|tenure-03612,complete,0
brownbo02:2017,brownbo02,2017,complex:repeated-intervals,tenure-03622|tenure-03623,complete,0
brownbo02:2018,brownbo02,2018,complex:repeated-intervals,tenure-03624|tenure-03625,complete,0
brownbr01:2019,brownbr01,2019,complex:repeated-intervals|complex:same-day-ambiguity,tenure-03626|tenure-03627,complete,0
brownch05:2022,brownch05,2022,complex:repeated-intervals,tenure-03659|tenure-03660|tenure-03661,complete,0
brownda04:2026,brownda04,2026,complex:repeated-intervals,tenure-03667|tenure-03668,complete,0
brownde02:2003,brownde02,2003,complex:repeated-intervals,tenure-03682|tenure-03683|tenure-03684,complete,0
brownja01:2015,brownja01,2015,complex:repeated-intervals,tenure-03720|tenure-03721,complete,0
brownlo01:2014,brownlo01,2014,complex:repeated-intervals,tenure-03768|tenure-03769|tenure-03770|tenure-03771|tenure-03772|tenure-03773,complete,0
brownma02:2015,brownma02,2015,complex:repeated-intervals,tenure-03780|tenure-03781,complete,0
brownmo01:2021,brownmo01,2021,complex:same-day-ambiguity,tenure-03796,complete,0
brownmo01:2022,brownmo01,2022,complex:repeated-intervals|complex:same-day-ambiguity,tenure-03797|tenure-03798|tenure-03799|tenure-03800,complete,0
brownra01:1990,brownra01,1990,complex:repeated-intervals,tenure-03822|tenure-03823,complete,0
brownsh01:2007,brownsh01,2007,complex:repeated-intervals,tenure-03846|tenure-03847,complete,0
brownsh01:2008,brownsh01,2008,complex:repeated-intervals,tenure-03848|tenure-03849|tenure-03850|tenure-03851,complete,0
brownst02:2018,brownst02,2018,complex:repeated-intervals,tenure-03863|tenure-03864|tenure-03865,complete,0
brownst02:2019,brownst02,2019,complex:repeated-intervals,tenure-03866|tenure-03867|tenure-03868,complete,0
browntr01:2019,browntr01,2019,complex:repeated-intervals,tenure-03887|tenure-03888|tenure-03889|tenure-03890|tenure-03891|tenure-03892|tenure-03893|tenure-03894,complete,0
brussni01:2017,brussni01,2017,complex:repeated-intervals,tenure-03923|tenure-03924|tenure-03925|tenure-03926,complete,0
brussni01:2018,brussni01,2018,complex:repeated-intervals,tenure-03927|tenure-03928|tenure-03929,complete,0
bryanma01:2003,bryanma01,2003,complex:three-plus-franchises,tenure-03982|tenure-03983|tenure-03984,complete,0
bryanth01:2018,bryanth01,2018,complex:repeated-intervals|complex:same-day-ambiguity,tenure-03985|tenure-03986|tenure-03987|tenure-03988|tenure-03989|tenure-03990|tenure-03991|tenure-03992|tenure-03993|tenure-03994|tenure-03995|tenure-03996|tenure-03997|tenure-03998|tenure-03999|tenure-04000,complete,0
bryanth01:2020,bryanth01,2020,complex:repeated-intervals|complex:same-day-ambiguity,tenure-04002|tenure-04003,complete,0
buchash01:2022,buchash01,2022,complex:repeated-intervals,tenure-04017|tenure-04018,complete,0
buechju01:1992,buechju01,1992,complex:three-plus-franchises,tenure-04062|tenure-04063|tenure-04064,complete,0
buforro01:2004,buforro01,2004,complex:repeated-intervals,tenure-04082|tenure-04083,complete,0
bullore01:2015,bullore01,2015,complex:repeated-intervals,tenure-04097|tenure-04098|tenure-04099|tenure-04100,complete,0
bullore01:2016,bullore01,2016,complex:repeated-intervals,tenure-04101|tenure-04102,complete,0
burketr01:2018,burketr01,2018,complex:repeated-intervals,tenure-04125|tenure-04126,complete,0
burksal01:2017,burksal01,2017,complex:repeated-intervals,tenure-04139|tenure-04140|tenure-04141,complete,0
burksal01:2019,burksal01,2019,complex:three-plus-franchises,tenure-04143|tenure-04144|tenure-04145,complete,0
burtode02:2019,burtode02,2019,complex:repeated-intervals,tenure-04184|tenure-04185,complete,0
burtode02:2020,burtode02,2020,complex:repeated-intervals,tenure-04186|tenure-04187|tenure-04188|tenure-04189|tenure-04190|tenure-04191|tenure-04192,complete,0
burtowi01:1997,burtowi01,1997,complex:repeated-intervals,tenure-04202|tenure-04203,complete,0
butleja02:2022,butleja02,2022,complex:same-day-ambiguity,tenure-04252,complete,0
butleji01:2020,butleji01,2020,complex:same-day-ambiguity,tenure-04266,complete,0
butleji01:2025,butleji01,2025,complex:same-day-ambiguity,tenure-04271|tenure-04272,complete,0
buyckdw01:2014,buyckdw01,2014,complex:repeated-intervals,tenure-04297|tenure-04298|tenure-04299,complete,0
byrneto01:1951,byrneto01,1951,complex:three-plus-franchises,tenure-04332|tenure-04333|tenure-04334,complete,0
cabocbr01:2015,cabocbr01,2015,complex:repeated-intervals,tenure-04349|tenure-04350|tenure-04351,complete,0
cabocbr01:2016,cabocbr01,2016,complex:repeated-intervals|complex:same-day-ambiguity,tenure-04352|tenure-04353|tenure-04354|tenure-04355|tenure-04356|tenure-04357|tenure-04358|tenure-04359|tenure-04360|tenure-04361|tenure-04362|tenure-04363|tenure-04364|tenure-04365|tenure-04366|tenure-04367|tenure-04368|tenure-04369|tenure-04370|tenure-04371,complete,0
cabocbr01:2017,cabocbr01,2017,complex:repeated-intervals|complex:same-day-ambiguity,tenure-04372|tenure-04373|tenure-04374|tenure-04375|tenure-04376|tenure-04377|tenure-04378|tenure-04379|tenure-04380|tenure-04381|tenure-04382|tenure-04383|tenure-04384|tenure-04385|tenure-04386|tenure-04387|tenure-04388|tenure-04389|tenure-04390|tenure-04391|tenure-04392|tenure-04393|tenure-04394|tenure-04395|tenure-04396|tenure-04397|tenure-04398|tenure-04399,complete,0
cabocbr01:2018,cabocbr01,2018,complex:repeated-intervals|complex:same-day-ambiguity,tenure-04400|tenure-04401|tenure-04402|tenure-04403|tenure-04404|tenure-04405|tenure-04406,complete,0
cabocbr01:2020,cabocbr01,2020,complex:repeated-intervals|complex:same-day-ambiguity,tenure-04408|tenure-04409|tenure-04410|tenure-04411,complete,0
cacokde01:2020,cacokde01,2020,complex:repeated-intervals,tenure-04413|tenure-04414,complete,0
cacokde01:2022,cacokde01,2022,complex:repeated-intervals,tenure-04416|tenure-04417|tenure-04418|tenure-04419,complete,0
calipde01:1992,calipde01,1992,complex:repeated-intervals,tenure-04513|tenure-04514|tenure-04515,complete,0
callori01:1991,callori01,1991,complex:repeated-intervals,tenure-04517|tenure-04518,complete,0
calvima01:1977,calvima01,1977,complex:three-plus-franchises,tenure-04522|tenure-04523|tenure-04524,complete,0
campbel01:2005,campbel01,2005,complex:repeated-intervals,tenure-04570|tenure-04571|tenure-04572,complete,0
canaais01:2014,canaais01,2014,complex:repeated-intervals,tenure-04585|tenure-04586|tenure-04587|tenure-04588|tenure-04589|tenure-04590,complete,0
canaais01:2015,canaais01,2015,complex:repeated-intervals,tenure-04591|tenure-04592|tenure-04593,complete,0
canaais01:2019,canaais01,2019,complex:three-plus-franchises,tenure-04598|tenure-04599|tenure-04600,complete,0
cancavl01:2020,cancavl01,2020,complex:repeated-intervals,tenure-04601|tenure-04602,complete,0
cancavl01:2022,cancavl01,2022,complex:repeated-intervals,tenure-04604|tenure-04605,complete,0
cannade01:2021,cannade01,2021,complex:repeated-intervals,tenure-04608|tenure-04609|tenure-04610,complete,0
cannade01:2022,cannade01,2022,complex:repeated-intervals,tenure-04611|tenure-04612,complete,0
capelca01:2015,capelca01,2015,complex:repeated-intervals,tenure-04614|tenure-04615|tenure-04616|tenure-04617|tenure-04618,complete,0
capelca01:2026,capelca01,2026,complex:same-day-ambiguity,tenure-04629,complete,0
caracde01:2011,caracde01,2011,complex:repeated-intervals,tenure-04630|tenure-04631|tenure-04632,complete,0
cardibr01:2010,cardibr01,2010,complex:repeated-intervals,tenure-04642|tenure-04643,complete,0
careyve01:2021,careyve01,2021,complex:repeated-intervals,tenure-04647|tenure-04648,complete,0
careyve01:2022,careyve01,2022,complex:same-day-ambiguity,tenure-04649|tenure-04650,complete,0
carrode01:2011,carrode01,2011,complex:repeated-intervals,tenure-04741|tenure-04742|tenure-04743,complete,0
carrode01:2020,carrode01,2020,complex:same-day-ambiguity,tenure-04753|tenure-04754,complete,0
cartean01:2007,cartean01,2007,complex:repeated-intervals,tenure-04787|tenure-04788,complete,0
carteje01:2019,carteje01,2019,complex:repeated-intervals|complex:same-day-ambiguity,tenure-04819|tenure-04820|tenure-04821|tenure-04822|tenure-04823|tenure-04824,complete,0
cartema01:2004,cartema01,2004,complex:repeated-intervals,tenure-04834|tenure-04835|tenure-04836,complete,0
cartemi01:2018,cartemi01,2018,complex:repeated-intervals,tenure-04842|tenure-04843,complete,0
cartero01:1980,cartero01,1980,complex:repeated-intervals,tenure-04852|tenure-04853,complete,0
cartewe01:2020,cartewe01,2020,complex:same-day-ambiguity,tenure-04879,complete,0
cassesa01:1997,cassesa01,1997,complex:three-plus-franchises,tenure-04918|tenure-04919|tenure-04920,complete,0
casspom01:2017,casspom01,2017,complex:three-plus-franchises,tenure-04942|tenure-04943|tenure-04944,complete,0
castlco01:2025,castlco01,2025,complex:three-plus-franchises,tenure-04948|tenure-04949|tenure-04950,complete,0
cavanty01:2018,cavanty01,2018,complex:repeated-intervals,tenure-05009|tenure-05010|tenure-05011|tenure-05012|tenure-05013|tenure-05014|tenure-05015|tenure-05016|tenure-05017,complete,0
champmi01:1989,champmi01,1989,complex:repeated-intervals,tenure-05100|tenure-05101,complete,0
chealjo01:2020,chealjo01,2020,complex:repeated-intervals,tenure-05185|tenure-05186,complete,0
cheatzy01:2022,cheatzy01,2022,complex:repeated-intervals,tenure-05201|tenure-05202,complete,0
chilcpe01:2000,chilcpe01,2000,complex:three-plus-franchises,tenure-05244|tenure-05245|tenure-05246,complete,0
chiozch01:2019,chiozch01,2019,complex:repeated-intervals|complex:same-day-ambiguity,tenure-05268|tenure-05269|tenure-05270,complete,0
chiozch01:2021,chiozch01,2021,complex:repeated-intervals,tenure-05273|tenure-05274,complete,0
chrisjo01:2022,chrisjo01,2022,complex:repeated-intervals,tenure-05317|tenure-05318,complete,0
chrisma01:2020,chrisma01,2020,complex:repeated-intervals,tenure-05325|tenure-05326,complete,0
chrisra01:2016,chrisra01,2016,complex:repeated-intervals,tenure-05335|tenure-05336|tenure-05337|tenure-05338,complete,0
chrisra01:2017,chrisra01,2017,complex:repeated-intervals,tenure-05339|tenure-05340|tenure-05341|tenure-05342|tenure-05343|tenure-05344,complete,0
chrisse01:2017,chrisse01,2017,complex:repeated-intervals,tenure-05345|tenure-05346|tenure-05347,complete,0
clarkco01:2016,clarkco01,2016,complex:repeated-intervals,tenure-05374|tenure-05375|tenure-05376|tenure-05377,complete,0
clarkea01:2010,clarkea01,2010,complex:repeated-intervals,tenure-05378|tenure-05379,complete,0
clarkga01:2019,clarkga01,2019,complex:repeated-intervals,tenure-05387|tenure-05388|tenure-05389|tenure-05390|tenure-05391|tenure-05392,complete,0
clarkga01:2020,clarkga01,2020,complex:repeated-intervals,tenure-05393|tenure-05394|tenure-05395|tenure-05396|tenure-05397,complete,0
clarkga01:2021,clarkga01,2021,complex:three-plus-franchises,tenure-05398|tenure-05399|tenure-05400,complete,0
clarkga01:2022,clarkga01,2022,complex:repeated-intervals,tenure-05401|tenure-05402,complete,0
clarkia01:2014,clarkia01,2014,complex:repeated-intervals,tenure-05403|tenure-05404|tenure-05405,complete,0
clarkia01:2015,clarkia01,2015,complex:repeated-intervals,tenure-05406|tenure-05407|tenure-05408,complete,0
clarkjo01:2015,clarkjo01,2015,complex:repeated-intervals,tenure-05415|tenure-05416|tenure-05417|tenure-05418,complete,0
clavegi01:2018,clavegi01,2018,complex:same-day-ambiguity,tenure-05439,complete,0
clavevi01:2013,clavevi01,2013,complex:repeated-intervals,tenure-05440|tenure-05441,complete,0
claxtni01:2020,claxtni01,2020,complex:repeated-intervals|complex:same-day-ambiguity,tenure-05445|tenure-05446|tenure-05447|tenure-05448|tenure-05449|tenure-05450,complete,0
claxtni01:2022,claxtni01,2022,complex:repeated-intervals,tenure-05452|tenure-05453,complete,0
clemoch01:2020,clemoch01,2020,complex:repeated-intervals,tenure-05495|tenure-05496|tenure-05497|tenure-05498,complete,0
colliar01:1981,colliar01,1981,complex:repeated-intervals,tenure-05601|tenure-05602,complete,0
collija03:2011,collija03,2011,complex:repeated-intervals,tenure-05646|tenure-05647|tenure-05648,complete,0
collijo01:2018,collijo01,2018,complex:same-day-ambiguity,tenure-05666,complete,0
colliky01:2018,colliky01,2018,complex:repeated-intervals,tenure-05675|tenure-05676|tenure-05677,complete,0
collish01:2011,collish01,2011,complex:repeated-intervals,tenure-05697|tenure-05698,complete,0
colliza01:2022,colliza01,2022,complex:repeated-intervals,tenure-05703|tenure-05704,complete,0
coltest01:1988,coltest01,1988,complex:repeated-intervals,tenure-05718|tenure-05719|tenure-05720,complete,0
conrowi01:2007,conrowi01,2007,complex:repeated-intervals,tenure-05800|tenure-05801|tenure-05802,complete,0
conrowi01:2010,conrowi01,2010,complex:repeated-intervals,tenure-05803|tenure-05804,complete,0
cookda02:2008,cookda02,2008,complex:repeated-intervals,tenure-05834|tenure-05835,complete,0
cookeja01:2026,cookeja01,2026,complex:repeated-intervals,tenure-05844|tenure-05845,complete,0
cookqu01:2017,cookqu01,2017,complex:repeated-intervals,tenure-05862|tenure-05863|tenure-05864,complete,0
cookty01:2020,cookty01,2020,complex:repeated-intervals|complex:same-day-ambiguity,tenure-05871|tenure-05872|tenure-05873|tenure-05874|tenure-05875,complete,0
cooleja01:2015,cooleja01,2015,complex:repeated-intervals,tenure-05879|tenure-05880,complete,0
coopejo01:1983,coopejo01,1983,complex:three-plus-franchises,tenure-05892|tenure-05893|tenure-05894,complete,0
copelch01:2013,copelch01,2013,complex:repeated-intervals|complex:same-day-ambiguity,tenure-05925|tenure-05926,complete,0
coughjo01:1980,coughjo01,1980,complex:repeated-intervals,tenure-05996|tenure-05997,complete,0
councri01:2024,councri01,2024,complex:repeated-intervals,tenure-06001|tenure-06002,complete,0
courtjo01:1993,courtjo01,1993,complex:repeated-intervals,tenure-06018|tenure-06019|tenure-06020,complete,0
covinro01:2014,covinro01,2014,complex:repeated-intervals,tenure-06056|tenure-06057|tenure-06058|tenure-06059|tenure-06060|tenure-06061|tenure-06062,complete,0
covinro01:2019,covinro01,2019,complex:repeated-intervals,tenure-06067|tenure-06068|tenure-06069,complete,0
crabbal01:2014,crabbal01,2014,complex:repeated-intervals,tenure-06094|tenure-06095|tenure-06096,complete,0
crabbal01:2019,crabbal01,2019,complex:same-day-ambiguity,tenure-06101,complete,0
crabbal01:2020,crabbal01,2020,complex:same-day-ambiguity,tenure-06102|tenure-06103,complete,0
crawfjo02:2018,crawfjo02,2018,complex:repeated-intervals,tenure-06161|tenure-06162,complete,0
creekmi01:2019,creekmi01,2019,complex:repeated-intervals|complex:same-day-ambiguity,tenure-06163|tenure-06164|tenure-06165|tenure-06166|tenure-06167,complete,0
crottjo01:2003,crottjo01,2003,complex:repeated-intervals,tenure-06234|tenure-06235,complete,0
crowdco01:1995,crowdco01,1995,complex:repeated-intervals,tenure-06237|tenure-06238,complete,0
crowdja01:2014,crowdja01,2014,complex:repeated-intervals,tenure-06240|tenure-06241|tenure-06242,complete,0
culveja01:2022,culveja01,2022,complex:repeated-intervals|complex:same-day-ambiguity,tenure-06263|tenure-06264|tenure-06265|tenure-06266,complete,0
cunnija01:2013,cunnija01,2013,complex:repeated-intervals,tenure-06336|tenure-06337,complete,0
cunnija01:2014,cunnija01,2014,complex:repeated-intervals,tenure-06338|tenure-06339|tenure-06340|tenure-06341|tenure-06342|tenure-06343,complete,0
curlebi01:1999,curlebi01,1999,complex:repeated-intervals,tenure-06368|tenure-06369,complete,0
curlebi01:2000,curlebi01,2000,complex:repeated-intervals,tenure-06370|tenure-06371|tenure-06372|tenure-06373,complete,0
curlebi01:2001,curlebi01,2001,complex:repeated-intervals,tenure-06374|tenure-06375|tenure-06376,complete,0
curryst01:2020,curryst01,2020,complex:same-day-ambiguity,tenure-06444,complete,0
daniell01:1997,daniell01,1997,complex:repeated-intervals,tenure-06536|tenure-06537|tenure-06538,complete,0
danietr01:2014,danietr01,2014,complex:repeated-intervals,tenure-06551|tenure-06552|tenure-06553|tenure-06554,complete,0
danietr01:2015,danietr01,2015,complex:three-plus-franchises,tenure-06555|tenure-06556|tenure-06557,complete,0
danietr01:2017,danietr01,2017,complex:same-day-ambiguity,tenure-06559,complete,0
datomlu01:2015,datomlu01,2015,complex:repeated-intervals,tenure-06600|tenure-06601|tenure-06602,complete,0
davidje01:2008,davidje01,2008,complex:repeated-intervals,tenure-06611|tenure-06612,complete,0
davisbe01:2000,davisbe01,2000,complex:repeated-intervals,tenure-06678|tenure-06679,complete,0
davisde01:2017,davisde01,2017,complex:repeated-intervals,tenure-06731|tenure-06732|tenure-06733|tenure-06734|tenure-06735,complete,0
davisde01:2018,davisde01,2018,complex:repeated-intervals|complex:same-day-ambiguity,tenure-06736|tenure-06737|tenure-06738|tenure-06739|tenure-06740,complete,0
davised01:2011,davised01,2011,complex:repeated-intervals,tenure-06747|tenure-06748,complete,0
davisji01:1972,davisji01,1972,complex:three-plus-franchises,tenure-06800|tenure-06801|tenure-06802,complete,0
davisjo02:2006,davisjo02,2006,complex:three-plus-franchises,tenure-06819|tenure-06820|tenure-06821,complete,0
davisma01:1989,davisma01,1989,complex:repeated-intervals,tenure-06826|tenure-06827|tenure-06828,complete,0
davisma02:2000,davisma02,2000,complex:repeated-intervals,tenure-06833|tenure-06834,complete,0
dawkian01:2015,dawkian01,2015,complex:repeated-intervals,tenure-06915|tenure-06916,complete,0
dawkida01:1988,dawkida01,1988,complex:same-day-ambiguity,tenure-06929|tenure-06930,complete,0
dawsobr01:2016,dawsobr01,2016,complex:repeated-intervals,tenure-06942|tenure-06943|tenure-06944|tenure-06945|tenure-06946|tenure-06947,complete,0
dayeau01:2014,dayeau01,2014,complex:repeated-intervals,tenure-06956|tenure-06957|tenure-06958,complete,0
deckga01:2022,deckga01,2022,complex:repeated-intervals|complex:same-day-ambiguity,tenure-06992|tenure-06993|tenure-06994,complete,0
decolna01:2013,decolna01,2013,complex:repeated-intervals,tenure-07006|tenure-07007|tenure-07008|tenure-07009,complete,0
decolna01:2014,decolna01,2014,complex:repeated-intervals,tenure-07010|tenure-07011|tenure-07012|tenure-07013|tenure-07014|tenure-07015|tenure-07016|tenure-07017,complete,0
dedmode01:2014,dedmode01,2014,complex:three-plus-franchises|complex:repeated-intervals,tenure-07018|tenure-07019|tenure-07020|tenure-07021|tenure-07022|tenure-07023,complete,0
dedmode01:2016,dedmode01,2016,complex:repeated-intervals,tenure-07025|tenure-07026,complete,0
dejeabr01:2016,dejeabr01,2016,complex:repeated-intervals,tenure-07049|tenure-07050,complete,0
dekkesa01:2016,dekkesa01,2016,complex:repeated-intervals,tenure-07051|tenure-07052|tenure-07053|tenure-07054,complete,0
delauja01:2022,delauja01,2022,complex:repeated-intervals,tenure-07062|tenure-07063,complete,0
dellama01:2017,dellama01,2017,complex:same-day-ambiguity,tenure-07097,complete,0
dennira01:2026,dennira01,2026,complex:three-plus-franchises,tenure-07154|tenure-07155|tenure-07156,complete,0
derozde01:2022,derozde01,2022,complex:same-day-ambiguity,tenure-07175,complete,0
derozde01:2025,derozde01,2025,complex:same-day-ambiguity,tenure-07178,complete,0
diakima01:2022,diakima01,2022,complex:repeated-intervals,tenure-07191|tenure-07192,complete,0
diakima01:2023,diakima01,2023,complex:repeated-intervals,tenure-07193|tenure-07194,complete,0
diallch01:2017,diallch01,2017,complex:repeated-intervals,tenure-07202|tenure-07203|tenure-07204|tenure-07205|tenure-07206|tenure-07207|tenure-07208|tenure-07209,complete,0
diallch01:2018,diallch01,2018,complex:same-day-ambiguity,tenure-07210,complete,0
diallha01:2019,diallha01,2019,complex:same-day-ambiguity,tenure-07214,complete,0
diallha01:2024,diallha01,2024,complex:same-day-ambiguity,tenure-07220,complete,0
dickeka01:2005,dickeka01,2005,complex:repeated-intervals,tenure-07261|tenure-07262,complete,0
dienggo01:2023,dienggo01,2023,complex:repeated-intervals,tenure-07290|tenure-07291,complete,0
diengou01:2026,diengou01,2026,complex:same-day-ambiguity,tenure-07295|tenure-07296,complete,0
dinwisp01:2015,dinwisp01,2015,complex:repeated-intervals,tenure-07336|tenure-07337|tenure-07338,complete,0
dinwisp01:2016,dinwisp01,2016,complex:repeated-intervals,tenure-07339|tenure-07340|tenure-07341|tenure-07342,complete,0
dinwisp01:2022,dinwisp01,2022,complex:same-day-ambiguity,tenure-07348|tenure-07349,complete,0
divindo01:2019,divindo01,2019,complex:repeated-intervals,tenure-07403|tenure-07404|tenure-07405|tenure-07406,complete,0
doolike01:2013,doolike01,2013,complex:repeated-intervals,tenure-07486|tenure-07487,complete,0
dorsejo01:2009,dorsejo01,2009,complex:repeated-intervals,tenure-07492|tenure-07493,complete,0
dorsejo01:2010,dorsejo01,2010,complex:repeated-intervals,tenure-07494|tenure-07495|tenure-07496,complete,0
dorsety01:2018,dorsety01,2018,complex:repeated-intervals,tenure-07499|tenure-07500|tenure-07501|tenure-07502|tenure-07503,complete,0
dorsety01:2019,dorsety01,2019,complex:repeated-intervals,tenure-07504|tenure-07505|tenure-07506|tenure-07507|tenure-07508,complete,0
dotsoda01:2018,dotsoda01,2018,complex:repeated-intervals|complex:same-day-ambiguity,tenure-07523|tenure-07524|tenure-07525|tenure-07526|tenure-07527|tenure-07528|tenure-07529|tenure-07530|tenure-07531|tenure-07532|tenure-07533|tenure-07534,complete,0
dotsode01:2023,dotsode01,2023,complex:repeated-intervals,tenure-07541|tenure-07542,complete,0
douglch01:2013,douglch01,2013,complex:repeated-intervals,tenure-07551|tenure-07552,complete,0
douglto01:2015,douglto01,2015,complex:repeated-intervals,tenure-07585|tenure-07586,complete,0
douglto01:2017,douglto01,2017,complex:repeated-intervals,tenure-07588|tenure-07589,complete,0
doumbse01:2020,doumbse01,2020,complex:repeated-intervals|complex:same-day-ambiguity,tenure-07590|tenure-07591|tenure-07592|tenure-07593|tenure-07594,complete,0
doumbse01:2022,doumbse01,2022,complex:repeated-intervals,tenure-07596|tenure-07597,complete,0
dowtije01:2022,dowtije01,2022,complex:three-plus-franchises|complex:repeated-intervals,tenure-07604|tenure-07605|tenure-07606|tenure-07607|tenure-07608,complete,0
doylemi01:2018,doylemi01,2018,complex:repeated-intervals,tenure-07613|tenure-07614,complete,0
dragizo01:2015,dragizo01,2015,complex:repeated-intervals,tenure-07642|tenure-07643|tenure-07644,complete,0
driggna01:1997,driggna01,1997,complex:repeated-intervals,tenure-07702|tenure-07703,complete,0
duffybo02:1964,duffybo02,1964,complex:three-plus-franchises,tenure-07796|tenure-07797|tenure-07798,complete,0
dukandu01:2016,dukandu01,2016,complex:repeated-intervals,tenure-07809|tenure-07810|tenure-07811|tenure-07812|tenure-07813|tenure-07814|tenure-07815|tenure-07816,complete,0
dunlemi02:2016,dunlemi02,2016,complex:repeated-intervals,tenure-07899|tenure-07900,complete,0
dunnkr01:2018,dunnkr01,2018,complex:repeated-intervals|complex:same-day-ambiguity,tenure-07904|tenure-07905,complete,0
dunnkr01:2025,dunnkr01,2025,complex:same-day-ambiguity,tenure-07912,complete,0
duprero01:2011,duprero01,2011,complex:repeated-intervals,tenure-07937|tenure-07938,complete,0
durhapa01:1995,durhapa01,1995,complex:repeated-intervals,tenure-07966|tenure-07967,complete,0
earlycl01:2015,earlycl01,2015,complex:repeated-intervals,tenure-07998|tenure-07999|tenure-08000,complete,0
earlycl01:2016,earlycl01,2016,complex:repeated-intervals|complex:same-day-ambiguity,tenure-08001|tenure-08002|tenure-08003|tenure-08004,complete,0
ebankde01:2011,ebankde01,2011,complex:repeated-intervals,tenure-08024|tenure-08025,complete,0
ebankde01:2012,ebankde01,2012,complex:repeated-intervals,tenure-08026|tenure-08027,complete,0
echenja01:2022,echenja01,2022,complex:repeated-intervals,tenure-08036|tenure-08037,complete,0
eddieja01:2018,eddieja01,2018,complex:repeated-intervals,tenure-08040|tenure-08041|tenure-08042|tenure-08043,complete,0
edwarca01:2020,edwarca01,2020,complex:repeated-intervals|complex:same-day-ambiguity,tenure-08079|tenure-08080|tenure-08081|tenure-08082|tenure-08083|tenure-08084,complete,0
edwarco01:2005,edwarco01,2005,complex:repeated-intervals,tenure-08087|tenure-08088,complete,0
edwarro01:2022,edwarro01,2022,complex:repeated-intervals,tenure-08144|tenure-08145,complete,0
eisleho01:1996,eisleho01,1996,complex:repeated-intervals,tenure-08182|tenure-08183,complete,0
ekeziob01:2001,ekeziob01,2001,complex:repeated-intervals,tenure-08197|tenure-08198|tenure-08199,complete,0
ellenhe01:2017,ellenhe01,2017,complex:repeated-intervals|complex:same-day-ambiguity,tenure-08220|tenure-08221|tenure-08222|tenure-08223|tenure-08224|tenure-08225|tenure-08226|tenure-08227|tenure-08228|tenure-08229|tenure-08230|tenure-08231|tenure-08232|tenure-08233|tenure-08234|tenure-08235,complete,0
ellenhe01:2018,ellenhe01,2018,complex:repeated-intervals|complex:same-day-ambiguity,tenure-08236|tenure-08237,complete,0
ellenhe01:2019,ellenhe01,2019,complex:repeated-intervals|complex:same-day-ambiguity,tenure-08238|tenure-08239|tenure-08240|tenure-08241|tenure-08242|tenure-08243,complete,0
ellenhe01:2021,ellenhe01,2021,complex:repeated-intervals,tenure-08245|tenure-08246,complete,0
ellinwa01:2022,ellinwa01,2022,complex:same-day-ambiguity,tenure-08261,complete,0
englech01:1985,englech01,1985,complex:three-plus-franchises,tenure-08427|tenure-08428|tenure-08429,complete,0
englech01:1987,englech01,1987,complex:three-plus-franchises|complex:repeated-intervals,tenure-08430|tenure-08431|tenure-08432|tenure-08433,complete,0
englijo01:1993,englijo01,1993,complex:repeated-intervals,tenure-08455|tenure-08456,complete,0
ennisja01:2016,ennisja01,2016,complex:three-plus-franchises|complex:repeated-intervals,tenure-08464|tenure-08465|tenure-08466|tenure-08467|tenure-08468|tenure-08469|tenure-08470|tenure-08471|tenure-08472|tenure-08473|tenure-08474,complete,0
ennisja01:2022,ennisja01,2022,complex:three-plus-franchises,tenure-08483|tenure-08484|tenure-08485,complete,0
ennisty01:2015,ennisty01,2015,complex:repeated-intervals,tenure-08486|tenure-08487|tenure-08488|tenure-08489,complete,0
evansja01:2018,evansja01,2018,complex:repeated-intervals,tenure-08549|tenure-08550,complete,0
evansja02:2019,evansja02,2019,complex:repeated-intervals,tenure-08553|tenure-08554|tenure-08555|tenure-08556|tenure-08557|tenure-08558|tenure-08559|tenure-08560|tenure-08561,complete,0
evansja02:2020,evansja02,2020,complex:repeated-intervals,tenure-08562|tenure-08563|tenure-08564|tenure-08565,complete,0
evansje01:2011,evansje01,2011,complex:repeated-intervals,tenure-08566|tenure-08567,complete,0
evansje01:2016,evansje01,2016,complex:repeated-intervals,tenure-08572|tenure-08573|tenure-08574|tenure-08575|tenure-08576,complete,0
evansje01:2018,evansje01,2018,complex:repeated-intervals,tenure-08577|tenure-08578|tenure-08579|tenure-08580,complete,0
exumda01:2017,exumda01,2017,complex:repeated-intervals,tenure-08653|tenure-08654,complete,0
exumda01:2018,exumda01,2018,complex:repeated-intervals|complex:same-day-ambiguity,tenure-08655|tenure-08656,complete,0
exumda01:2019,exumda01,2019,complex:same-day-ambiguity,tenure-08657,complete,0
exumda01:2020,exumda01,2020,complex:repeated-intervals|complex:same-day-ambiguity,tenure-08658|tenure-08659|tenure-08660,complete,0
eyengch01:2011,eyengch01,2011,complex:repeated-intervals,tenure-08664|tenure-08665,complete,0
eyengch01:2012,eyengch01,2012,complex:same-day-ambiguity,tenure-08666|tenure-08667,complete,0
ezelife01:2015,ezelife01,2015,complex:repeated-intervals,tenure-08669|tenure-08670,complete,0
ezersjo01:1949,ezersjo01,1949,complex:three-plus-franchises,tenure-08673|tenure-08674|tenure-08675,complete,0
farmajo01:2007,farmajo01,2007,complex:repeated-intervals|complex:same-day-ambiguity,tenure-08697|tenure-08698|tenure-08699,complete,0
farmajo01:2017,farmajo01,2017,complex:repeated-intervals,tenure-08708|tenure-08709,complete,0
farmeji01:1991,farmeji01,1991,complex:repeated-intervals,tenure-08715|tenure-08716|tenure-08717,complete,0
favervi01:2014,favervi01,2014,complex:repeated-intervals,tenure-08730|tenure-08731|tenure-08732|tenure-08733,complete,0
fazekni01:2008,fazekni01,2008,complex:repeated-intervals,tenure-08747|tenure-08748|tenure-08749,complete,0
feitlda01:1992,feitlda01,1992,complex:repeated-intervals,tenure-08771|tenure-08772,complete,0
feldeka01:2017,feldeka01,2017,complex:repeated-intervals|complex:same-day-ambiguity,tenure-08773|tenure-08774|tenure-08775|tenure-08776|tenure-08777|tenure-08778|tenure-08779|tenure-08780|tenure-08781|tenure-08782,complete,0
feldeka01:2018,feldeka01,2018,complex:repeated-intervals|complex:same-day-ambiguity,tenure-08783|tenure-08784|tenure-08785|tenure-08786,complete,0
feliccr01:2016,feliccr01,2016,complex:repeated-intervals,tenure-08787|tenure-08788|tenure-08789,complete,0
feliccr01:2017,feliccr01,2017,complex:repeated-intervals,tenure-08790|tenure-08791,complete,0
feliccr01:2018,feliccr01,2018,complex:repeated-intervals|complex:same-day-ambiguity,tenure-08792|tenure-08793|tenure-08794|tenure-08795|tenure-08796|tenure-08797|tenure-08798|tenure-08799,complete,0
feliccr01:2020,feliccr01,2020,complex:repeated-intervals|complex:same-day-ambiguity,tenure-08801|tenure-08802,complete,0
felixca01:2014,felixca01,2014,complex:repeated-intervals,tenure-08804|tenure-08805|tenure-08806|tenure-08807|tenure-08808|tenure-08809,complete,0
fergute01:2018,fergute01,2018,complex:repeated-intervals,tenure-08840|tenure-08841|tenure-08842|tenure-08843|tenure-08844,complete,0
fernabr01:2020,fernabr01,2020,complex:repeated-intervals,tenure-08848|tenure-08849|tenure-08850|tenure-08851,complete,0
fernabr01:2022,fernabr01,2022,complex:repeated-intervals,tenure-08853|tenure-08854|tenure-08855|tenure-08856|tenure-08857|tenure-08858,complete,0
ferreyo01:2017,ferreyo01,2017,complex:repeated-intervals|complex:same-day-ambiguity,tenure-08892|tenure-08893|tenure-08894|tenure-08895,complete,0
fesenky01:2008,fesenky01,2008,complex:repeated-intervals,tenure-08927|tenure-08928|tenure-08929|tenure-08930,complete,0
fesenky01:2009,fesenky01,2009,complex:repeated-intervals,tenure-08931|tenure-08932|tenure-08933,complete,0
fittsma01:2021,fittsma01,2021,complex:repeated-intervals,tenure-09019|tenure-09020,complete,0
fittsma01:2022,fittsma01,2022,complex:repeated-intervals,tenure-09021|tenure-09022|tenure-09023|tenure-09024,complete,0
flynnjo01:2011,flynnjo01,2011,complex:repeated-intervals,tenure-09084|tenure-09085|tenure-09086,complete,0
flynnma01:2021,flynnma01,2021,complex:repeated-intervals,tenure-09089|tenure-09090,complete,0
flynnma01:2022,flynnma01,2022,complex:repeated-intervals|complex:same-day-ambiguity,tenure-09091|tenure-09092|tenure-09093|tenure-09094|tenure-09095,complete,0
flynnma01:2024,flynnma01,2024,complex:three-plus-franchises,tenure-09097|tenure-09098|tenure-09099,complete,0
forbebr01:2017,forbebr01,2017,complex:repeated-intervals|complex:same-day-ambiguity,tenure-09114|tenure-09115|tenure-09116|tenure-09117|tenure-09118|tenure-09119|tenure-09120|tenure-09121|tenure-09122|tenure-09123|tenure-09124,complete,0
fordal02:2004,fordal02,2004,complex:repeated-intervals,tenure-09138|tenure-09139,complete,0
fordtj01:2012,fordtj01,2012,complex:repeated-intervals,tenure-09180|tenure-09181,complete,0
fortsco01:2012,fortsco01,2012,complex:repeated-intervals,tenure-09191|tenure-09192|tenure-09193,complete,0
fostefr01:1973,fostefr01,1973,complex:same-day-ambiguity,tenure-09209,complete,0
fostegr01:2003,fostegr01,2003,complex:same-day-ambiguity,tenure-09227,complete,0
foylead01:2009,foylead01,2009,complex:repeated-intervals,tenure-09338|tenure-09339|tenure-09340,complete,0
frankja01:2014,frankja01,2014,complex:repeated-intervals,tenure-09356|tenure-09357|tenure-09358|tenure-09359,complete,0
frankro01:2021,frankro01,2021,complex:repeated-intervals,tenure-09362|tenure-09363,complete,0
frazime01:2019,frazime01,2019,complex:repeated-intervals|complex:same-day-ambiguity,tenure-09369|tenure-09370|tenure-09371|tenure-09372|tenure-09373,complete,0
frazime01:2020,frazime01,2020,complex:repeated-intervals,tenure-09374|tenure-09375|tenure-09376|tenure-09377|tenure-09378|tenure-09379|tenure-09380|tenure-09381,complete,0
frazime01:2022,frazime01,2022,complex:repeated-intervals,tenure-09382|tenure-09383,complete,0
fraziti01:2019,fraziti01,2019,complex:repeated-intervals,tenure-09391|tenure-09392|tenure-09393,complete,0
fultzma01:2022,fultzma01,2022,complex:same-day-ambiguity,tenure-09495,complete,0
gabriwe01:2020,gabriwe01,2020,complex:repeated-intervals,tenure-09522|tenure-09523|tenure-09524|tenure-09525|tenure-09526|tenure-09527|tenure-09528,complete,0
gabriwe01:2022,gabriwe01,2022,complex:three-plus-franchises,tenure-09530|tenure-09531|tenure-09532,complete,0
gaffoda01:2020,gaffoda01,2020,complex:repeated-intervals|complex:same-day-ambiguity,tenure-09546|tenure-09547|tenure-09548,complete,0
gainesu01:2011,gainesu01,2011,complex:three-plus-franchises,tenure-09570|tenure-09571|tenure-09572,complete,0
gallida01:2018,gallida01,2018,complex:same-day-ambiguity,tenure-09601,complete,0
gallida01:2021,gallida01,2021,complex:same-day-ambiguity,tenure-09604,complete,0
gallida01:2024,gallida01,2024,complex:three-plus-franchises,tenure-09606|tenure-09607|tenure-09608,complete,0
gallola01:2015,gallola01,2015,complex:repeated-intervals,tenure-09609|tenure-09610,complete,0
gardnth01:2009,gardnth01,2009,complex:repeated-intervals,tenure-09667|tenure-09668,complete,0
garlawi01:1988,garlawi01,1988,complex:repeated-intervals,tenure-09685|tenure-09686,complete,0
garrebi01:2019,garrebi01,2019,complex:repeated-intervals,tenure-09730|tenure-09731,complete,0
garredi02:2013,garredi02,2013,complex:repeated-intervals,tenure-09749|tenure-09750|tenure-09751,complete,0
garrito01:1989,garrito01,1989,complex:repeated-intervals,tenure-09775|tenure-09776,complete,0
garrito01:1992,garrito01,1992,complex:three-plus-franchises,tenure-09779|tenure-09780|tenure-09781,complete,0
garubus01:2022,garubus01,2022,complex:repeated-intervals,tenure-09782|tenure-09783|tenure-09784,complete,0
garzalu01:2022,garzalu01,2022,complex:repeated-intervals|complex:same-day-ambiguity,tenure-09788|tenure-09789|tenure-09790|tenure-09791|tenure-09792|tenure-09793|tenure-09794|tenure-09795|tenure-09796|tenure-09797|tenure-09798|tenure-09799|tenure-09800,complete,0
gattike01:1990,gattike01,1990,complex:repeated-intervals,tenure-09858|tenure-09859,complete,0
gbinimi01:2017,gbinimi01,2017,complex:repeated-intervals|complex:same-day-ambiguity,tenure-09888|tenure-09889|tenure-09890|tenure-09891|tenure-09892|tenure-09893|tenure-09894|tenure-09895|tenure-09896|tenure-09897|tenure-09898|tenure-09899|tenure-09900,complete,0
geeal01:2011,geeal01,2011,complex:three-plus-franchises,tenure-09904|tenure-09905|tenure-09906,complete,0
geeal01:2017,geeal01,2017,complex:repeated-intervals,tenure-09913|tenure-09914,complete,0
gelabmi01:2008,gelabmi01,2008,complex:repeated-intervals,tenure-09926|tenure-09927,complete,0
georgma01:2018,georgma01,2018,complex:repeated-intervals,tenure-09955|tenure-09956,complete,0
gibsojo01:2017,gibsojo01,2017,complex:repeated-intervals,tenure-10024|tenure-10025,complete,0
giddejr01:2009,giddejr01,2009,complex:repeated-intervals,tenure-10054|tenure-10055,complete,0
giddejr01:2010,giddejr01,2010,complex:repeated-intervals,tenure-10056|tenure-10057|tenure-10058,complete,0
gilesha01:2019,gilesha01,2019,complex:repeated-intervals,tenure-10062|tenure-10063|tenure-10064,complete,0
gilyaja01:2023,gilyaja01,2023,complex:repeated-intervals,tenure-10156|tenure-10157,complete,0
giricgo01:2008,giricgo01,2008,complex:three-plus-franchises,tenure-10183|tenure-10184|tenure-10185,complete,0
gladnmi01:2012,gladnmi01,2012,complex:repeated-intervals,tenure-10188|tenure-10189|tenure-10190,complete,0
goberru01:2014,goberru01,2014,complex:repeated-intervals,tenure-10236|tenure-10237|tenure-10238,complete,0
goldwan01:2001,goldwan01,2001,complex:repeated-intervals,tenure-10270|tenure-10271,complete,0
goldwan01:2005,goldwan01,2005,complex:repeated-intervals,tenure-10276|tenure-10277|tenure-10278,complete,0
goodedr01:2009,goodedr01,2009,complex:three-plus-franchises,tenure-10305|tenure-10306|tenure-10307,complete,0
goodrst01:2002,goodrst01,2002,complex:repeated-intervals,tenure-10331|tenure-10332,complete,0
goodwar01:2014,goodwar01,2014,complex:repeated-intervals,tenure-10333|tenure-10334|tenure-10335,complete,0
goodwar01:2015,goodwar01,2015,complex:repeated-intervals,tenure-10336|tenure-10337|tenure-10338|tenure-10339|tenure-10340,complete,0
goodwar01:2017,goodwar01,2017,complex:repeated-intervals,tenure-10342|tenure-10343|tenure-10344,complete,0
goodwbr01:2019,goodwbr01,2019,complex:repeated-intervals,tenure-10345|tenure-10346,complete,0
goodwjo01:2022,goodwjo01,2022,complex:repeated-intervals,tenure-10350|tenure-10351|tenure-10352,complete,0
goodwjo01:2025,goodwjo01,2025,complex:repeated-intervals,tenure-10356|tenure-10357,complete,0
gordodr01:2015,gordodr01,2015,complex:repeated-intervals,tenure-10385|tenure-10386,complete,0
gortama01:2008,gortama01,2008,complex:repeated-intervals,tenure-10411|tenure-10412,complete,0
grabojo01:1962,grabojo01,1962,complex:three-plus-franchises,tenure-10444|tenure-10445|tenure-10446,complete,0
grahade01:2019,grahade01,2019,complex:repeated-intervals,tenure-10448|tenure-10449|tenure-10450|tenure-10451|tenure-10452|tenure-10453|tenure-10454|tenure-10455,complete,0
grahapa01:1992,grahapa01,1992,complex:repeated-intervals,tenure-10477|tenure-10478,complete,0
grahast01:2006,grahast01,2006,complex:three-plus-franchises,tenure-10481|tenure-10482|tenure-10483,complete,0
grahatr01:2019,grahatr01,2019,complex:repeated-intervals,tenure-10491|tenure-10492,complete,0
grandji01:1991,grandji01,1991,complex:repeated-intervals,tenure-10495|tenure-10496,complete,0
grandro01:1992,grandro01,1992,complex:repeated-intervals,tenure-10498|tenure-10499,complete,0
grandro01:1996,grandro01,1996,complex:three-plus-franchises,tenure-10501|tenure-10502|tenure-10503,complete,0
grangst01:1985,grangst01,1985,complex:repeated-intervals,tenure-10516|tenure-10517,complete,0
grangst01:1987,grangst01,1987,complex:repeated-intervals,tenure-10518|tenure-10519,complete,0
grantdo01:2019,grantdo01,2019,complex:repeated-intervals,tenure-10534|tenure-10535,complete,0
grantgr01:1996,grantgr01,1996,complex:three-plus-franchises,tenure-10555|tenure-10556|tenure-10557,complete,0
grantje01:2021,grantje01,2021,complex:same-day-ambiguity,tenure-10593,complete,0
grantje02:2017,grantje02,2017,complex:repeated-intervals,tenure-10600|tenure-10601|tenure-10602,complete,0
grantpa01:2004,grantpa01,2004,complex:repeated-intervals,tenure-10609|tenure-10610|tenure-10611,complete,0
graveha01:2022,graveha01,2022,complex:repeated-intervals,tenure-10616|tenure-10617,complete,0
grayde01:2000,grayde01,2000,complex:repeated-intervals,tenure-10629|tenure-10630,complete,0
grayra01:2023,grayra01,2023,complex:repeated-intervals|complex:same-day-ambiguity,tenure-10652|tenure-10653|tenure-10654,complete,0
greenda02:2010,greenda02,2010,complex:repeated-intervals,tenure-10704|tenure-10705,complete,0
greenda02:2011,greenda02,2011,complex:repeated-intervals,tenure-10706|tenure-10707|tenure-10708,complete,0
greenda02:2017,greenda02,2017,complex:same-day-ambiguity,tenure-10714,complete,0
greendo01:2009,greendo01,2009,complex:repeated-intervals,tenure-10724|tenure-10725,complete,0
greener01:2015,greener01,2015,complex:repeated-intervals,tenure-10743|tenure-10744,complete,0
greenge01:2006,greenge01,2006,complex:repeated-intervals,tenure-10747|tenure-10748|tenure-10749,complete,0
greenja01:2015,greenja01,2015,complex:repeated-intervals,tenure-10762|tenure-10763|tenure-10764,complete,0
greenja02:2020,greenja02,2020,complex:same-day-ambiguity,tenure-10774,complete,0
greenjo02:2021,greenjo02,2021,complex:repeated-intervals,tenure-10828|tenure-10829,complete,0
greenjo02:2022,greenjo02,2022,complex:repeated-intervals,tenure-10830|tenure-10831,complete,0
greenta01:2008,greenta01,2008,complex:repeated-intervals,tenure-10905|tenure-10906|tenure-10907|tenure-10908,complete,0
griffbl01:2018,griffbl01,2018,complex:same-day-ambiguity,tenure-10976|tenure-10977,complete,0
griffta01:2010,griffta01,2010,complex:repeated-intervals,tenure-11007|tenure-11008|tenure-11009|tenure-11010,complete,0
gudurma01:2020,gudurma01,2020,complex:repeated-intervals,tenure-11051|tenure-11052,complete,0
gueyemo01:2024,gueyemo01,2024,complex:repeated-intervals,tenure-11067|tenure-11068,complete,0
guglito01:1995,guglito01,1995,complex:three-plus-franchises,tenure-11075|tenure-11076|tenure-11077,complete,0
guidija01:1994,guidija01,1994,complex:repeated-intervals,tenure-11093|tenure-11094,complete,0
guokama02:1974,guokama02,1974,complex:three-plus-franchises,tenure-11109|tenure-11110|tenure-11111,complete,0
haddaha01:2009,haddaha01,2009,complex:repeated-intervals,tenure-11135|tenure-11136|tenure-11137,complete,0
haganas01:2024,haganas01,2024,complex:same-day-ambiguity,tenure-11146,complete,0
hairsma01:2009,hairsma01,2009,complex:repeated-intervals|complex:same-day-ambiguity,tenure-11175|tenure-11176|tenure-11177,complete,0
hairsma01:2010,hairsma01,2010,complex:repeated-intervals,tenure-11178|tenure-11179|tenure-11180,complete,0
hallde01:2020,hallde01,2020,complex:repeated-intervals,tenure-11223|tenure-11224,complete,0
halldo01:2020,halldo01,2020,complex:repeated-intervals,tenure-11225|tenure-11226|tenure-11227|tenure-11228|tenure-11229,complete,0
halldo01:2021,halldo01,2021,complex:repeated-intervals,tenure-11230|tenure-11231,complete,0
halljo02:2023,halljo02,2023,complex:repeated-intervals,tenure-11236|tenure-11237,complete,0
hallty01:2022,hallty01,2022,complex:repeated-intervals,tenure-11242|tenure-11243,complete,0
hamilda02:2019,hamilda02,2019,complex:repeated-intervals,tenure-11256|tenure-11257,complete,0
hamiljo02:2012,hamiljo02,2012,complex:repeated-intervals,tenure-11260|tenure-11261,complete,0
hamilju01:2014,hamilju01,2014,complex:repeated-intervals,tenure-11267|tenure-11268|tenure-11269|tenure-11270,complete,0
hamilze01:2004,hamilze01,2004,complex:repeated-intervals,tenure-11300|tenure-11301,complete,0
hammoaj01:2017,hammoaj01,2017,complex:repeated-intervals|complex:same-day-ambiguity,tenure-11309|tenure-11310|tenure-11311|tenure-11312|tenure-11313|tenure-11314,complete,0
hancoda01:1997,hancoda01,1997,complex:three-plus-franchises|complex:repeated-intervals,tenure-11336|tenure-11337|tenure-11338|tenure-11339,complete,0
hannadu01:2020,hannadu01,2020,complex:repeated-intervals,tenure-11347|tenure-11348,complete,0
haranlu01:2012,haranlu01,2012,complex:repeated-intervals,tenure-11399|tenure-11400|tenure-11401|tenure-11402,complete,0
hardati02:2016,hardati02,2016,complex:repeated-intervals,tenure-11435|tenure-11436|tenure-11437,complete,0
harpeja01:2021,harpeja01,2021,complex:repeated-intervals|complex:same-day-ambiguity,tenure-11526|tenure-11527,complete,0
harpeja01:2022,harpeja01,2022,complex:repeated-intervals,tenure-11528|tenure-11529|tenure-11530,complete,0
harrejo01:2013,harrejo01,2013,complex:repeated-intervals,tenure-11568|tenure-11569,complete,0
harremo01:2016,harremo01,2016,complex:repeated-intervals,tenure-11571|tenure-11572|tenure-11573|tenure-11574|tenure-11575|tenure-11576,complete,0
harriaa01:2016,harriaa01,2016,complex:repeated-intervals,tenure-11585|tenure-11586|tenure-11587|tenure-11588,complete,0
harriaa01:2017,harriaa01,2017,complex:repeated-intervals,tenure-11589|tenure-11590|tenure-11591|tenure-11592,complete,0
harrian01:2019,harrian01,2019,complex:three-plus-franchises,tenure-11616|tenure-11617|tenure-11618,complete,0
harriel01:2014,harriel01,2014,complex:repeated-intervals,tenure-11666|tenure-11667|tenure-11668|tenure-11669|tenure-11670,complete,0
harrijo01:2015,harrijo01,2015,complex:repeated-intervals,tenure-11685|tenure-11686|tenure-11687|tenure-11688|tenure-11689|tenure-11690|tenure-11691|tenure-11692|tenure-11693|tenure-11694|tenure-11695|tenure-11696,complete,0
harrijo01:2016,harrijo01,2016,complex:repeated-intervals,tenure-11697|tenure-11698|tenure-11699|tenure-11700|tenure-11701|tenure-11702,complete,0
harriju01:2005,harriju01,2005,complex:repeated-intervals,tenure-11712|tenure-11713,complete,0
harrima01:2017,harrima01,2017,complex:repeated-intervals|complex:same-day-ambiguity,tenure-11732|tenure-11733|tenure-11734|tenure-11735,complete,0
harrimi01:2008,harrimi01,2008,complex:repeated-intervals,tenure-11736|tenure-11737,complete,0
harrimi01:2010,harrimi01,2010,complex:repeated-intervals,tenure-11738|tenure-11739|tenure-11740,complete,0
harrimi01:2011,harrimi01,2011,complex:repeated-intervals,tenure-11741|tenure-11742,complete,0
harrish01:2023,harrish01,2023,complex:repeated-intervals,tenure-11763|tenure-11764|tenure-11765,complete,0
harteis01:2019,harteis01,2019,complex:repeated-intervals,tenure-11798|tenure-11799|tenure-11800|tenure-11801|tenure-11802|tenure-11803|tenure-11804,complete,0
harteis01:2020,harteis01,2020,complex:repeated-intervals,tenure-11805|tenure-11806|tenure-11807|tenure-11808,complete,0
hartjo01:2018,hartjo01,2018,complex:repeated-intervals,tenure-11828|tenure-11829,complete,0
hausesa01:2022,hausesa01,2022,complex:repeated-intervals,tenure-11926|tenure-11927|tenure-11928,complete,0
hayesch01:2006,hayesch01,2006,complex:repeated-intervals,tenure-12020|tenure-12021,complete,0
hayesja02:2022,hayesja02,2022,complex:repeated-intervals,tenure-12058|tenure-12059|tenure-12060,complete,0
hayesni01:2018,hayesni01,2018,complex:three-plus-franchises|complex:repeated-intervals,tenure-12071|tenure-12072|tenure-12073|tenure-12074,complete,0
haywago01:2021,haywago01,2021,complex:same-day-ambiguity,tenure-12092,complete,0
haywala01:2012,haywala01,2012,complex:repeated-intervals,tenure-12098|tenure-12099|tenure-12100,complete,0
hendeal01:2005,hendeal01,2005,complex:repeated-intervals,tenure-12176|tenure-12177,complete,0
hendege01:1991,hendege01,1991,complex:repeated-intervals,tenure-12202|tenure-12203,complete,0
hendege01:1992,hendege01,1992,complex:repeated-intervals,tenure-12204|tenure-12205|tenure-12206,complete,0
hendrma01:2000,hendrma01,2000,complex:repeated-intervals,tenure-12237|tenure-12238|tenure-12239,complete,0
henryco01:1988,henryco01,1988,complex:three-plus-franchises,tenure-12259|tenure-12260|tenure-12261,complete,0
henryxa01:2012,henryxa01,2012,complex:repeated-intervals,tenure-12265|tenure-12266,complete,0
henryxa01:2014,henryxa01,2014,complex:repeated-intervals,tenure-12268|tenure-12269,complete,0
henryxa01:2015,henryxa01,2015,complex:repeated-intervals,tenure-12270|tenure-12271,complete,0
hernade01:2020,hernade01,2020,complex:repeated-intervals|complex:same-day-ambiguity,tenure-12299|tenure-12300|tenure-12301|tenure-12302|tenure-12303|tenure-12304|tenure-12305,complete,0
hernaju01:2017,hernaju01,2017,complex:repeated-intervals,tenure-12306|tenure-12307,complete,0
hernaju01:2022,hernaju01,2022,complex:three-plus-franchises,tenure-12313|tenure-12314|tenure-12315,complete,0
hernawi01:2017,hernawi01,2017,complex:same-day-ambiguity,tenure-12317,complete,0
hicksph01:1979,hicksph01,1979,complex:repeated-intervals,tenure-12406|tenure-12407,complete,0
hieldbu01:2025,hieldbu01,2025,complex:same-day-ambiguity,tenure-12419,complete,0
higgiro01:1986,higgiro01,1986,complex:three-plus-franchises,tenure-12430|tenure-12431|tenure-12432|tenure-12433,complete,0
highjo01:1984,highjo01,1984,complex:repeated-intervals,tenure-12456|tenure-12457,complete,0
hillida01:2016,hillida01,2016,complex:repeated-intervals,tenure-12542|tenure-12543|tenure-12544|tenure-12545,complete,0
hillida01:2017,hillida01,2017,complex:same-day-ambiguity,tenure-12546,complete,0
hillso01:2014,hillso01,2014,complex:repeated-intervals,tenure-12566|tenure-12567,complete,0
hillso01:2020,hillso01,2020,complex:same-day-ambiguity,tenure-12573|tenure-12574,complete,0
hillst01:2009,hillst01,2009,complex:repeated-intervals,tenure-12577|tenure-12578,complete,0
hintona01:2022,hintona01,2022,complex:repeated-intervals,tenure-12623|tenure-12624|tenure-12625,complete,0
hoardja01:2021,hoardja01,2021,complex:repeated-intervals,tenure-12638|tenure-12639,complete,0
hoardja01:2022,hoardja01,2022,complex:repeated-intervals,tenure-12640|tenure-12641|tenure-12642,complete,0
hobsoda01:2012,hobsoda01,2012,complex:repeated-intervals,tenure-12643|tenure-12644|tenure-12645,complete,0
hodgeju01:2006,hodgeju01,2006,complex:repeated-intervals,tenure-12665|tenure-12666|tenure-12667,complete,0
hodgeju01:2007,hodgeju01,2007,complex:repeated-intervals,tenure-12668|tenure-12669|tenure-12670,complete,0
hoffmpa01:1955,hoffmpa01,1955,complex:three-plus-franchises,tenure-12679|tenure-12680|tenure-12681,complete,0
holidju01:2015,holidju01,2015,complex:repeated-intervals,tenure-12725|tenure-12726,complete,0
hollies01:1979,hollies01,1979,complex:repeated-intervals,tenure-12756|tenure-12757,complete,0
holliry01:2007,holliry01,2007,complex:repeated-intervals,tenure-12775|tenure-12776,complete,0
holliry01:2016,holliry01,2016,complex:repeated-intervals,tenure-12787|tenure-12788|tenure-12789|tenure-12790,complete,0
holmeri01:2017,holmeri01,2017,complex:repeated-intervals,tenure-12793|tenure-12794|tenure-12795|tenure-12796,complete,0
honeyty01:2012,honeyty01,2012,complex:repeated-intervals,tenure-12835|tenure-12836,complete,0
hopsosc01:2014,hopsosc01,2014,complex:repeated-intervals,tenure-12875|tenure-12876,complete,0
hopsosc01:2022,hopsosc01,2022,complex:repeated-intervals,tenure-12878|tenure-12879,complete,0
hornede01:2012,hornede01,2012,complex:repeated-intervals,tenure-12921|tenure-12922,complete,0
hortota01:2020,hortota01,2020,complex:repeated-intervals|complex:same-day-ambiguity,tenure-12943|tenure-12944|tenure-12945|tenure-12946,complete,0
houbrbo01:1955,houbrbo01,1955,complex:three-plus-franchises,tenure-12958|tenure-12959|tenure-12960,complete,0
houseda01:2017,houseda01,2017,complex:repeated-intervals|complex:same-day-ambiguity,tenure-12964|tenure-12965|tenure-12966,complete,0
houseda01:2019,houseda01,2019,complex:repeated-intervals,tenure-12968|tenure-12969,complete,0
houseda01:2022,houseda01,2022,complex:three-plus-franchises,tenure-12972|tenure-12973|tenure-12974,complete,0
houseed01:2005,houseed01,2005,complex:three-plus-franchises,tenure-12981|tenure-12982|tenure-12983,complete,0
howarst01:1997,howarst01,1997,complex:repeated-intervals,tenure-13078|tenure-13079|tenure-13080,complete,0
hudsole01:2010,hudsole01,2010,complex:repeated-intervals,tenure-13109|tenure-13110|tenure-13111|tenure-13112|tenure-13113,complete,0
hudsole01:2011,hudsole01,2011,complex:repeated-intervals,tenure-13114|tenure-13115,complete,0
huestjo01:2016,huestjo01,2016,complex:repeated-intervals,tenure-13155|tenure-13156|tenure-13157|tenure-13158|tenure-13159|tenure-13160|tenure-13161|tenure-13162|tenure-13163|tenure-13164|tenure-13165|tenure-13166|tenure-13167|tenure-13168|tenure-13169|tenure-13170,complete,0
huestjo01:2017,huestjo01,2017,complex:repeated-intervals|complex:same-day-ambiguity,tenure-13171|tenure-13172|tenure-13173|tenure-13174|tenure-13175|tenure-13176|tenure-13177|tenure-13178|tenure-13179|tenure-13180|tenure-13181|tenure-13182|tenure-13183|tenure-13184|tenure-13185|tenure-13186,complete,0
hugheed01:1988,hugheed01,1988,complex:repeated-intervals,tenure-13194|tenure-13195,complete,0
hugheed01:1989,hugheed01,1989,complex:repeated-intervals,tenure-13196|tenure-13197,complete,0
hugheel01:2022,hugheel01,2022,complex:repeated-intervals|complex:same-day-ambiguity,tenure-13200|tenure-13201|tenure-13202|tenure-13203|tenure-13204|tenure-13205|tenure-13206|tenure-13207,complete,0
humphis01:2019,humphis01,2019,complex:repeated-intervals,tenure-13244|tenure-13245,complete,0
humphkr01:2016,humphkr01,2016,complex:three-plus-franchises,tenure-13271|tenure-13272|tenure-13273,complete,0
hunteli01:2004,hunteli01,2004,complex:repeated-intervals,tenure-13309|tenure-13310,complete,0
hunteot01:2009,hunteot01,2009,complex:repeated-intervals,tenure-13317|tenure-13318,complete,0
hunterj01:2016,hunterj01,2016,complex:repeated-intervals|complex:same-day-ambiguity,tenure-13320|tenure-13321|tenure-13322|tenure-13323,complete,0
hunterj01:2017,hunterj01,2017,complex:repeated-intervals|complex:same-day-ambiguity,tenure-13324|tenure-13325|tenure-13326|tenure-13327,complete,0
hutchch01:2020,hutchch01,2020,complex:repeated-intervals,tenure-13360|tenure-13361,complete,0
ibakase01:2022,ibakase01,2022,complex:repeated-intervals|complex:same-day-ambiguity,tenure-13404|tenure-13405|tenure-13406,complete,0
ilgauzy01:2010,ilgauzy01,2010,complex:repeated-intervals,tenure-13440|tenure-13441,complete,0
ilicmi01:2007,ilicmi01,2007,complex:repeated-intervals,tenure-13443|tenure-13444,complete,0
ilyaser01:2017,ilyaser01,2017,complex:three-plus-franchises,tenure-13454|tenure-13455|tenure-13456,complete,0
inglida01:2016,inglida01,2016,complex:repeated-intervals,tenure-13488|tenure-13489|tenure-13490,complete,0
ingrabr01:2019,ingrabr01,2019,complex:same-day-ambiguity,tenure-13495,complete,0
isaacjo01:2018,isaacjo01,2018,complex:repeated-intervals,tenure-13524|tenure-13525|tenure-13526,complete,0
iwundwe01:2018,iwundwe01,2018,complex:repeated-intervals,tenure-13577|tenure-13578|tenure-13579|tenure-13580|tenure-13581,complete,0
jacksce01:2010,jacksce01,2010,complex:three-plus-franchises,tenure-13619|tenure-13620|tenure-13621,complete,0
jacksda01:2009,jacksda01,2009,complex:repeated-intervals,tenure-13622|tenure-13623|tenure-13624,complete,0
jacksda01:2010,jacksda01,2010,complex:repeated-intervals,tenure-13625|tenure-13626|tenure-13627|tenure-13628,complete,0
jacksde01:2017,jacksde01,2017,complex:repeated-intervals|complex:same-day-ambiguity,tenure-13630|tenure-13631|tenure-13632|tenure-13633|tenure-13634|tenure-13635|tenure-13636|tenure-13637|tenure-13638|tenure-13639|tenure-13640|tenure-13641|tenure-13642|tenure-13643|tenure-13644,complete,0
jacksde01:2018,jacksde01,2018,complex:repeated-intervals|complex:same-day-ambiguity,tenure-13645|tenure-13646|tenure-13647,complete,0
jacksfr01:2019,jacksfr01,2019,complex:repeated-intervals,tenure-13649|tenure-13650|tenure-13651,complete,0
jacksfr01:2023,jacksfr01,2023,complex:repeated-intervals|complex:same-day-ambiguity,tenure-13655|tenure-13656,complete,0
jacksis01:2022,jacksis01,2022,complex:repeated-intervals,tenure-13662|tenure-13663|tenure-13664|tenure-13665,complete,0
jacksjo02:2020,jacksjo02,2020,complex:repeated-intervals,tenure-13719|tenure-13720,complete,0
jacksju01:2018,jacksju01,2018,complex:repeated-intervals,tenure-13724|tenure-13725|tenure-13726|tenure-13727,complete,0
jacksmi02:1989,jacksmi02,1989,complex:repeated-intervals,tenure-13779|tenure-13780,complete,0
jackspi01:2017,jackspi01,2017,complex:repeated-intervals,tenure-13795|tenure-13796,complete,0
jacksqu01:2023,jacksqu01,2023,complex:repeated-intervals,tenure-13797|tenure-13798,complete,0
jacksre01:2012,jacksre01,2012,complex:repeated-intervals,tenure-13805|tenure-13806,complete,0
jacksre01:2013,jacksre01,2013,complex:repeated-intervals,tenure-13807|tenure-13808,complete,0
jamesbe01:2014,jamesbe01,2014,complex:repeated-intervals,tenure-13873|tenure-13874,complete,0
jamesbe01:2015,jamesbe01,2015,complex:repeated-intervals,tenure-13875|tenure-13876,complete,0
jameshe01:1991,jameshe01,1991,complex:repeated-intervals,tenure-13887|tenure-13888,complete,0
jamesju01:2020,jamesju01,2020,complex:repeated-intervals,tenure-13905|tenure-13906|tenure-13907,complete,0
jamesmi01:2002,jamesmi01,2002,complex:repeated-intervals,tenure-13932|tenure-13933,complete,0
jamesmi01:2012,jamesmi01,2012,complex:repeated-intervals,tenure-13946|tenure-13947,complete,0
jamesmi01:2014,jamesmi01,2014,complex:repeated-intervals,tenure-13949|tenure-13950|tenure-13951,complete,0
jarrede01:2026,jarrede01,2026,complex:same-day-ambiguity,tenure-13998,complete,0
jawaina01:2009,jawaina01,2009,complex:repeated-intervals,tenure-14002|tenure-14003,complete,0
jawaina01:2010,jawaina01,2010,complex:repeated-intervals,tenure-14004|tenure-14005|tenure-14006,complete,0
jeffeam01:2020,jeffeam01,2020,complex:repeated-intervals,tenure-14027|tenure-14028|tenure-14029|tenure-14030,complete,0
jeffeco01:2015,jeffeco01,2015,complex:repeated-intervals,tenure-14034|tenure-14035,complete,0
jeffeco01:2016,jeffeco01,2016,complex:repeated-intervals,tenure-14036|tenure-14037,complete,0
jeffrda01:2023,jeffrda01,2023,complex:repeated-intervals|complex:same-day-ambiguity,tenure-14066|tenure-14067|tenure-14068,complete,0
jeffrda01:2025,jeffrda01,2025,complex:same-day-ambiguity,tenure-14070,complete,0
jenkijo01:2014,jenkijo01,2014,complex:repeated-intervals,tenure-14097|tenure-14098,complete,0
jenkijo01:2015,jenkijo01,2015,complex:repeated-intervals,tenure-14099|tenure-14100|tenure-14101,complete,0
jenkijo01:2019,jenkijo01,2019,complex:repeated-intervals|complex:same-day-ambiguity,tenure-14105|tenure-14106|tenure-14107|tenure-14108|tenure-14109,complete,0
jennibr01:2016,jennibr01,2016,complex:repeated-intervals,tenure-14116|tenure-14117|tenure-14118,complete,0
jeromty01:2020,jeromty01,2020,complex:repeated-intervals,tenure-14139|tenure-14140|tenure-14141,complete,0
jeromty01:2021,jeromty01,2021,complex:repeated-intervals,tenure-14142|tenure-14143,complete,0
jeromty01:2022,jeromty01,2022,complex:repeated-intervals,tenure-14144|tenure-14145,complete,0
jerregr01:2015,jerregr01,2015,complex:repeated-intervals,tenure-14150|tenure-14151|tenure-14152|tenure-14153|tenure-14154|tenure-14155|tenure-14156|tenure-14157|tenure-14158|tenure-14159,complete,0
jianlyi01:2012,jianlyi01,2012,complex:repeated-intervals|complex:same-day-ambiguity,tenure-14165|tenure-14166,complete,0
johnsal01:2007,johnsal01,2007,complex:repeated-intervals,tenure-14177|tenure-14178,complete,0
johnsal02:2019,johnsal02,2019,complex:repeated-intervals,tenure-14180|tenure-14181|tenure-14182|tenure-14183,complete,0
johnsal02:2020,johnsal02,2020,complex:repeated-intervals|complex:same-day-ambiguity,tenure-14184|tenure-14185|tenure-14186|tenure-14187|tenure-14188|tenure-14189|tenure-14190|tenure-14191|tenure-14192|tenure-14193|tenure-14194,complete,0
johnsal02:2022,johnsal02,2022,complex:three-plus-franchises,tenure-14196|tenure-14197|tenure-14198,complete,0
johnsal02:2023,johnsal02,2023,complex:repeated-intervals,tenure-14199|tenure-14200,complete,0
johnsam01:2006,johnsam01,2006,complex:repeated-intervals,tenure-14201|tenure-14202,complete,0
johnsam01:2007,johnsam01,2007,complex:repeated-intervals,tenure-14203|tenure-14204|tenure-14205,complete,0
johnsam01:2019,johnsam01,2019,complex:repeated-intervals,tenure-14217|tenure-14218|tenure-14219,complete,0
johnsar02:2011,johnsar02,2011,complex:repeated-intervals,tenure-14246|tenure-14247,complete,0
johnsar02:2012,johnsar02,2012,complex:repeated-intervals,tenure-14248|tenure-14249|tenure-14250,complete,0
johnsbj01:2019,johnsbj01,2019,complex:repeated-intervals,tenure-14270|tenure-14271|tenure-14272,complete,0
johnsbj01:2020,johnsbj01,2020,complex:repeated-intervals,tenure-14273|tenure-14274,complete,0
johnsbj01:2022,johnsbj01,2022,complex:repeated-intervals,tenure-14275|tenure-14276,complete,0
johnsbr01:2004,johnsbr01,2004,complex:repeated-intervals,tenure-14277|tenure-14278,complete,0
johnsbr02:2017,johnsbr02,2017,complex:repeated-intervals,tenure-14280|tenure-14281|tenure-14282,complete,0
johnsbr02:2018,johnsbr02,2018,complex:same-day-ambiguity,tenure-14283|tenure-14284,complete,0
johnsch04:2015,johnsch04,2015,complex:three-plus-franchises,tenure-14317|tenure-14318|tenure-14319,complete,0
johnscl02:1982,johnscl02,1982,complex:repeated-intervals,tenure-14333|tenure-14334,complete,0
johnsda03:2013,johnsda03,2013,complex:repeated-intervals|complex:same-day-ambiguity,tenure-14340|tenure-14341|tenure-14342|tenure-14343,complete,0
johnsda04:2018,johnsda04,2018,complex:repeated-intervals|complex:same-day-ambiguity,tenure-14345|tenure-14346|tenure-14347|tenure-14348|tenure-14349|tenure-14350|tenure-14351|tenure-14352|tenure-14353|tenure-14354,complete,0
johnsde03:2008,johnsde03,2008,complex:repeated-intervals,tenure-14377|tenure-14378,complete,0
johnsfr01:1993,johnsfr01,1993,complex:repeated-intervals,tenure-14431|tenure-14432,complete,0
johnsja01:2011,johnsja01,2011,complex:repeated-intervals,tenure-14473|tenure-14474|tenure-14475,complete,0
johnsja01:2023,johnsja01,2023,complex:repeated-intervals,tenure-14489|tenure-14490,complete,0
johnsja05:2022,johnsja05,2022,complex:repeated-intervals|complex:same-day-ambiguity,tenure-14494|tenure-14495|tenure-14496|tenure-14497|tenure-14498|tenure-14499|tenure-14500|tenure-14501|tenure-14502|tenure-14503|tenure-14504,complete,0
johnske04:2020,johnske04,2020,complex:repeated-intervals,tenure-14562|tenure-14563|tenure-14564|tenure-14565|tenure-14566|tenure-14567|tenure-14568|tenure-14569,complete,0
johnske07:2022,johnske07,2022,complex:same-day-ambiguity,tenure-14576|tenure-14577,complete,0
johnsla01:1978,johnsla01,1978,complex:repeated-intervals,tenure-14584|tenure-14585,complete,0
johnsli01:2004,johnsli01,2004,complex:repeated-intervals,tenure-14598|tenure-14599,complete,0
johnsmi01:1983,johnsmi01,1983,complex:three-plus-franchises,tenure-14640|tenure-14641|tenure-14642,complete,0
johnsna01:1990,johnsna01,1990,complex:repeated-intervals,tenure-14646|tenure-14647|tenure-14648,complete,0
johnsni01:2015,johnsni01,2015,complex:repeated-intervals,tenure-14661|tenure-14662|tenure-14663,complete,0
johnsor01:2013,johnsor01,2013,complex:repeated-intervals,tenure-14676|tenure-14677|tenure-14678,complete,0
johnsor01:2014,johnsor01,2014,complex:repeated-intervals,tenure-14679|tenure-14680|tenure-14681,complete,0
johnsre01:1982,johnsre01,1982,complex:three-plus-franchises,tenure-14690|tenure-14691|tenure-14692,complete,0
johnsst02:1987,johnsst02,1987,complex:repeated-intervals,tenure-14701|tenure-14702,complete,0
johnsst04:2017,johnsst04,2017,complex:repeated-intervals,tenure-14716|tenure-14717,complete,0
johnsst04:2020,johnsst04,2020,complex:repeated-intervals,tenure-14721|tenure-14722,complete,0
johnsty01:2015,johnsty01,2015,complex:repeated-intervals,tenure-14731|tenure-14732,complete,0
jonesbo02:2007,jonesbo02,2007,complex:repeated-intervals,tenure-14799|tenure-14800,complete,0
jonesbo02:2008,jonesbo02,2008,complex:three-plus-franchises|complex:repeated-intervals,tenure-14801|tenure-14802|tenure-14803|tenure-14804|tenure-14805|tenure-14806,complete,0
jonesca03:2022,jonesca03,2022,complex:repeated-intervals,tenure-14821|tenure-14822|tenure-14823,complete,0
jonesca03:2023,jonesca03,2023,complex:repeated-intervals,tenure-14824|tenure-14825,complete,0
jonesch01:1994,jonesch01,1994,complex:repeated-intervals,tenure-14837|tenure-14838,complete,0
jonesch02:1989,jonesch02,1989,complex:repeated-intervals,tenure-14846|tenure-14847,complete,0
jonesda01:2000,jonesda01,2000,complex:repeated-intervals,tenure-14857|tenure-14858|tenure-14859,complete,0
jonesda02:2017,jonesda02,2017,complex:repeated-intervals,tenure-14882|tenure-14883,complete,0
jonesda03:2017,jonesda03,2017,complex:repeated-intervals,tenure-14884|tenure-14885|tenure-14886|tenure-14887|tenure-14888|tenure-14889|tenure-14890|tenure-14891|tenure-14892|tenure-14893,complete,0
jonesda03:2018,jonesda03,2018,complex:repeated-intervals,tenure-14894|tenure-14895|tenure-14896|tenure-14897|tenure-14898|tenure-14899|tenure-14900|tenure-14901,complete,0
jonesda03:2021,jonesda03,2021,complex:three-plus-franchises,tenure-14904|tenure-14905|tenure-14906,complete,0
jonesde02:2017,jonesde02,2017,complex:repeated-intervals|complex:same-day-ambiguity,tenure-14913|tenure-14914|tenure-14915|tenure-14916|tenure-14917|tenure-14918|tenure-14919,complete,0
jonesde02:2018,jonesde02,2018,complex:repeated-intervals|complex:same-day-ambiguity,tenure-14920|tenure-14921|tenure-14922|tenure-14923|tenure-14924|tenure-14925|tenure-14926,complete,0
jonesdo02:2011,jonesdo02,2011,complex:repeated-intervals,tenure-14938|tenure-14939,complete,0
jonesdo02:2012,jonesdo02,2012,complex:repeated-intervals,tenure-14940|tenure-14941,complete,0
jonesdw02:2006,jonesdw02,2006,complex:same-day-ambiguity,tenure-14955,complete,0
jonesdw02:2007,jonesdw02,2007,complex:repeated-intervals,tenure-14956|tenure-14957,complete,0
jonesfr01:2009,jonesfr01,2009,complex:repeated-intervals,tenure-14994|tenure-14995,complete,0
joneska01:2022,joneska01,2022,complex:repeated-intervals,tenure-15039|tenure-15040|tenure-15041|tenure-15042|tenure-15043|tenure-15044|tenure-15045|tenure-15046|tenure-15047|tenure-15048|tenure-15049,complete,0
joneske01:2013,joneske01,2013,complex:repeated-intervals|complex:same-day-ambiguity,tenure-15063|tenure-15064|tenure-15065|tenure-15066|tenure-15067|tenure-15068,complete,0
jonesma05:2021,jonesma05,2021,complex:repeated-intervals,tenure-15079|tenure-15080|tenure-15081,complete,0
jonespe01:2013,jonespe01,2013,complex:repeated-intervals,tenure-15090|tenure-15091|tenure-15092|tenure-15093|tenure-15094|tenure-15095|tenure-15096|tenure-15097|tenure-15098,complete,0
jonessh01:1989,jonessh01,1989,complex:three-plus-franchises,tenure-15127|tenure-15128|tenure-15129,complete,0
joneste01:2013,joneste01,2013,complex:repeated-intervals,tenure-15142|tenure-15143|tenure-15144|tenure-15145|tenure-15146|tenure-15147,complete,0
joneste01:2019,joneste01,2019,complex:repeated-intervals,tenure-15153|tenure-15154,complete,0
jonestr01:2021,jonestr01,2021,complex:repeated-intervals,tenure-15155|tenure-15156,complete,0
jonesty01:2016,jonesty01,2016,complex:repeated-intervals,tenure-15163|tenure-15164,complete,0
jonesty01:2026,jonesty01,2026,complex:three-plus-franchises,tenure-15174|tenure-15175|tenure-15176,complete,0
jordaad01:1994,jordaad01,1994,complex:repeated-intervals,tenure-15198|tenure-15199,complete,0
jordaad01:1999,jordaad01,1999,complex:repeated-intervals,tenure-15200|tenure-15201,complete,0
jordaje01:2012,jordaje01,2012,complex:repeated-intervals,tenure-15232|tenure-15233|tenure-15234|tenure-15235,complete,0
josepco01:2012,josepco01,2012,complex:repeated-intervals,tenure-15280|tenure-15281|tenure-15282|tenure-15283,complete,0
josepco01:2013,josepco01,2013,complex:repeated-intervals,tenure-15284|tenure-15285|tenure-15286|tenure-15287|tenure-15288,complete,0
josepkr01:2013,josepkr01,2013,complex:repeated-intervals|complex:same-day-ambiguity,tenure-15304|tenure-15305|tenure-15306|tenure-15307|tenure-15308|tenure-15309|tenure-15310,complete,0
kabenmf01:2020,kabenmf01,2020,complex:repeated-intervals,tenure-15325|tenure-15326|tenure-15327|tenure-15328|tenure-15329|tenure-15330|tenure-15331|tenure-15332|tenure-15333,complete,0
kalaige01:2022,kalaige01,2022,complex:repeated-intervals|complex:same-day-ambiguity,tenure-15347|tenure-15348|tenure-15349|tenure-15350,complete,0
karasse01:2014,karasse01,2014,complex:repeated-intervals,tenure-15401|tenure-15402|tenure-15403|tenure-15404|tenure-15405|tenure-15406|tenure-15407|tenure-15408|tenure-15409,complete,0
karlco01:2008,karlco01,2008,complex:repeated-intervals,tenure-15412|tenure-15413|tenure-15414|tenure-15415,complete,0
kaunsa01:2016,kaunsa01,2016,complex:repeated-intervals|complex:same-day-ambiguity,tenure-15432|tenure-15433,complete,0
keelstr01:2023,keelstr01,2023,complex:repeated-intervals|complex:same-day-ambiguity,tenure-15451|tenure-15452,complete,0
kellyry01:2014,kellyry01,2014,complex:repeated-intervals,tenure-15479|tenure-15480|tenure-15481|tenure-15482|tenure-15483,complete,0
kellyry01:2015,kellyry01,2015,complex:repeated-intervals,tenure-15484|tenure-15485,complete,0
kellyry01:2016,kellyry01,2016,complex:repeated-intervals|complex:same-day-ambiguity,tenure-15486|tenure-15487|tenure-15488|tenure-15489|tenure-15490,complete,0
kellyry01:2017,kellyry01,2017,complex:repeated-intervals,tenure-15491|tenure-15492|tenure-15493,complete,0
kennalu01:2018,kennalu01,2018,complex:same-day-ambiguity,tenure-15528,complete,0
kennalu01:2019,kennalu01,2019,complex:repeated-intervals,tenure-15529|tenure-15530,complete,0
kennego01:1977,kennego01,1977,complex:repeated-intervals,tenure-15541|tenure-15542,complete,0
kenonla01:1983,kenonla01,1983,complex:three-plus-franchises,tenure-15552|tenure-15553|tenure-15554,complete,0
keybr01:2022,keybr01,2022,complex:repeated-intervals,tenure-15625|tenure-15626|tenure-15627,complete,0
kilpase01:2018,kilpase01,2018,complex:three-plus-franchises,tenure-15682|tenure-15683|tenure-15684|tenure-15685,complete,0
kimbrst01:1993,kimbrst01,1993,complex:repeated-intervals,tenure-15699|tenure-15700,complete,0
kirkal01:2015,kirkal01,2015,complex:repeated-intervals,tenure-15802|tenure-15803|tenure-15804|tenure-15805,complete,0
kleinjo01:1997,kleinjo01,1997,complex:three-plus-franchises,tenure-15863|tenure-15864|tenure-15865,complete,0
knighbi01:1984,knighbi01,1984,complex:same-day-ambiguity,tenure-15894,complete,0
knighbr01:2004,knighbr01,2004,complex:three-plus-franchises,tenure-15905|tenure-15906|tenure-15907,complete,0
knighbr03:2019,knighbr03,2019,complex:repeated-intervals,tenure-15921|tenure-15922|tenure-15923,complete,0
kofoeba01:1993,kofoeba01,1993,complex:repeated-intervals,tenure-15971|tenure-15972,complete,0
kolokch01:2026,kolokch01,2026,complex:three-plus-franchises,tenure-15989|tenure-15990|tenure-15991,complete,0
korkmfu01:2018,korkmfu01,2018,complex:repeated-intervals|complex:same-day-ambiguity,tenure-16028|tenure-16029|tenure-16030|tenure-16031|tenure-16032|tenure-16033|tenure-16034|tenure-16035|tenure-16036,complete,0
kornelu01:2019,kornelu01,2019,complex:repeated-intervals,tenure-16046|tenure-16047|tenure-16048|tenure-16049,complete,0
kornelu01:2022,kornelu01,2022,complex:three-plus-franchises|complex:repeated-intervals,tenure-16053|tenure-16054|tenure-16055|tenure-16056|tenure-16057,complete,0
koufoko01:2009,koufoko01,2009,complex:repeated-intervals,tenure-16088|tenure-16089,complete,0
koufoko01:2010,koufoko01,2010,complex:repeated-intervals,tenure-16090|tenure-16091|tenure-16092,complete,0
krejcvi01:2022,krejcvi01,2022,complex:repeated-intervals|complex:same-day-ambiguity,tenure-16125|tenure-16126|tenure-16127|tenure-16128|tenure-16129|tenure-16130|tenure-16131|tenure-16132|tenure-16133,complete,0
kuczebr01:1984,kuczebr01,1984,complex:three-plus-franchises,tenure-16173|tenure-16174|tenure-16175,complete,0
kuminjo01:2022,kuminjo01,2022,complex:repeated-intervals,tenure-16203|tenure-16204|tenure-16205|tenure-16206|tenure-16207|tenure-16208|tenure-16209,complete,0
kurucro01:2019,kurucro01,2019,complex:repeated-intervals|complex:same-day-ambiguity,tenure-16237|tenure-16238,complete,0
kurucro01:2020,kurucro01,2020,complex:repeated-intervals|complex:same-day-ambiguity,tenure-16239|tenure-16240|tenure-16241|tenure-16242|tenure-16243|tenure-16244,complete,0
kurucro01:2021,kurucro01,2021,complex:three-plus-franchises,tenure-16245|tenure-16246|tenure-16247,complete,0
kuzmaky01:2020,kuzmaky01,2020,complex:same-day-ambiguity,tenure-16252,complete,0
kuzmiog01:2014,kuzmiog01,2014,complex:repeated-intervals,tenure-16262|tenure-16263|tenure-16264|tenure-16265|tenure-16266|tenure-16267|tenure-16268|tenure-16269|tenure-16270|tenure-16271|tenure-16272,complete,0
kuzmiog01:2015,kuzmiog01,2015,complex:repeated-intervals,tenure-16273|tenure-16274|tenure-16275|tenure-16276|tenure-16277,complete,0
labissk01:2017,labissk01,2017,complex:repeated-intervals,tenure-16278|tenure-16279|tenure-16280|tenure-16281|tenure-16282,complete,0
labissk01:2018,labissk01,2018,complex:repeated-intervals,tenure-16283|tenure-16284,complete,0
lambje01:2013,lambje01,2013,complex:repeated-intervals,tenure-16372|tenure-16373|tenure-16374|tenure-16375|tenure-16376|tenure-16377|tenure-16378|tenure-16379|tenure-16380|tenure-16381|tenure-16382,complete,0
landajo01:2022,landajo01,2022,complex:repeated-intervals,tenure-16408|tenure-16409,complete,0
landrca01:2016,landrca01,2016,complex:repeated-intervals,tenure-16425|tenure-16426,complete,0
landrma01:2010,landrma01,2010,complex:repeated-intervals,tenure-16427|tenure-16428|tenure-16429,complete,0
laneje01:1992,laneje01,1992,complex:three-plus-franchises,tenure-16441|tenure-16442|tenure-16443,complete,0
langfke01:2008,langfke01,2008,complex:repeated-intervals,tenure-16468|tenure-16469,complete,0
langfro01:2020,langfro01,2020,complex:repeated-intervals|complex:same-day-ambiguity,tenure-16470|tenure-16471|tenure-16472|tenure-16473|tenure-16474|tenure-16475,complete,0
laproni01:2017,laproni01,2017,complex:repeated-intervals,tenure-16511|tenure-16512,complete,0
larkish01:2014,larkish01,2014,complex:repeated-intervals,tenure-16520|tenure-16521|tenure-16522|tenure-16523|tenure-16524,complete,0
larueru01:1998,larueru01,1998,complex:repeated-intervals,tenure-16530|tenure-16531,complete,0
larueru01:2002,larueru01,2002,complex:repeated-intervals,tenure-16534|tenure-16535,complete,0
lavinza01:2018,lavinza01,2018,complex:repeated-intervals|complex:same-day-ambiguity,tenure-16567|tenure-16568|tenure-16569|tenure-16570|tenure-16571|tenure-16572,complete,0
lawac01:2010,lawac01,2010,complex:three-plus-franchises,tenure-16589|tenure-16590|tenure-16591,complete,0
lawalga01:2011,lawalga01,2011,complex:repeated-intervals,tenure-16594|tenure-16595,complete,0
lawsoaj01:2023,lawsoaj01,2023,complex:repeated-intervals,tenure-16597|tenure-16598|tenure-16599,complete,0
lawvi01:2020,lawvi01,2020,complex:repeated-intervals,tenure-16614|tenure-16615,complete,0
laymaja01:2017,laymaja01,2017,complex:repeated-intervals,tenure-16616|tenure-16617,complete,0
laymaja01:2020,laymaja01,2020,complex:same-day-ambiguity,tenure-16620,complete,0
leaftj01:2018,leaftj01,2018,complex:repeated-intervals,tenure-16628|tenure-16629,complete,0
leaveal01:1987,leaveal01,1987,complex:repeated-intervals,tenure-16643|tenure-16644,complete,0
lecquja01:2020,lecquja01,2020,complex:repeated-intervals,tenure-16658|tenure-16659|tenure-16660|tenure-16661,complete,0
lecquja01:2021,lecquja01,2021,complex:repeated-intervals,tenure-16662|tenure-16663,complete,0
ledori01:2014,ledori01,2014,complex:repeated-intervals,tenure-16664|tenure-16665|tenure-16666|tenure-16667|tenure-16668,complete,0
ledori01:2015,ledori01,2015,complex:repeated-intervals,tenure-16669|tenure-16670|tenure-16671|tenure-16672|tenure-16673|tenure-16674|tenure-16675,complete,0
leedo01:1993,leedo01,1993,complex:repeated-intervals,tenure-16729|tenure-16730,complete,0
leema01:2012,leema01,2012,complex:repeated-intervals,tenure-16744|tenure-16745|tenure-16746,complete,0
leema01:2013,leema01,2013,complex:same-day-ambiguity,tenure-16747,complete,0
leema01:2015,leema01,2015,complex:repeated-intervals,tenure-16748|tenure-16749,complete,0
leesa01:2022,leesa01,2022,complex:repeated-intervals|complex:same-day-ambiguity,tenure-16763|tenure-16764|tenure-16765|tenure-16766|tenure-16767|tenure-16768|tenure-16769|tenure-16770|tenure-16771|tenure-16772|tenure-16773|tenure-16774|tenure-16775,complete,0
leesa01:2023,leesa01,2023,complex:repeated-intervals,tenure-16776|tenure-16777|tenure-16778,complete,0
leonsma01:2025,leonsma01,2025,complex:repeated-intervals,tenure-16857|tenure-16858,complete,0
leslitr01:2012,leslitr01,2012,complex:repeated-intervals,tenure-16868|tenure-16869|tenure-16870,complete,0
leuerjo01:2013,leuerjo01,2013,complex:repeated-intervals,tenure-16880|tenure-16881|tenure-16882|tenure-16883,complete,0
leverca01:2019,leverca01,2019,complex:same-day-ambiguity,tenure-16895,complete,0
lewiski01:2024,lewiski01,2024,complex:three-plus-franchises|complex:same-day-ambiguity,tenure-16946|tenure-16947|tenure-16948,complete,0
lichtto01:1994,lichtto01,1994,complex:three-plus-franchises,tenure-16995|tenure-16996|tenure-16997,complete,0
liddeej01:2024,liddeej01,2024,complex:same-day-ambiguity,tenure-16998,complete,0
liggide01:2013,liggide01,2013,complex:repeated-intervals,tenure-17002|tenure-17003|tenure-17004|tenure-17005|tenure-17006|tenure-17007|tenure-17008|tenure-17009|tenure-17010|tenure-17011|tenure-17012,complete,0
liggide01:2017,liggide01,2017,complex:same-day-ambiguity,tenure-17014|tenure-17015,complete,0
linje01:2011,linje01,2011,complex:repeated-intervals,tenure-17034|tenure-17035|tenure-17036|tenure-17037,complete,0
linje01:2012,linje01,2012,complex:repeated-intervals,tenure-17038|tenure-17039,complete,0
liveris01:2022,liveris01,2022,complex:repeated-intervals|complex:same-day-ambiguity,tenure-17073|tenure-17074|tenure-17075|tenure-17076|tenure-17077|tenure-17078|tenure-17079|tenure-17080|tenure-17081|tenure-17082,complete,0
livinra01:1998,livinra01,1998,complex:repeated-intervals,tenure-17090|tenure-17091,complete,0
lloydle01:1990,lloydle01,1990,complex:repeated-intervals,tenure-17138|tenure-17139|tenure-17140,complete,0
loftoke01:2024,loftoke01,2024,complex:three-plus-franchises,tenure-17163|tenure-17164|tenure-17165,complete,0
longsh01:2017,longsh01,2017,complex:repeated-intervals,tenure-17235|tenure-17236,complete,0
looneke01:2016,looneke01,2016,complex:repeated-intervals,tenure-17237|tenure-17238|tenure-17239|tenure-17240|tenure-17241,complete,0
looneke01:2017,looneke01,2017,complex:repeated-intervals,tenure-17242|tenure-17243|tenure-17244|tenure-17245,complete,0
louzama01:2022,louzama01,2022,complex:repeated-intervals,tenure-17322|tenure-17323|tenure-17324|tenure-17325,complete,0
lovebo01:1977,lovebo01,1977,complex:three-plus-franchises,tenure-17337|tenure-17338|tenure-17339,complete,0
lowesi01:1985,lowesi01,1985,complex:repeated-intervals,tenure-17378|tenure-17379|tenure-17380,complete,0
lowryky01:2022,lowryky01,2022,complex:same-day-ambiguity,tenure-17399,complete,0
lucasjo01:1985,lucasjo01,1985,complex:repeated-intervals,tenure-17427|tenure-17428,complete,0
lucasjo02:2011,lucasjo02,2011,complex:repeated-intervals,tenure-17436|tenure-17437,complete,0
lucaska01:2015,lucaska01,2015,complex:repeated-intervals,tenure-17443|tenure-17444|tenure-17445,complete,0
luwawti01:2017,luwawti01,2017,complex:repeated-intervals,tenure-17489|tenure-17490|tenure-17491|tenure-17492|tenure-17493,complete,0
luwawti01:2020,luwawti01,2020,complex:repeated-intervals|complex:same-day-ambiguity,tenure-17497|tenure-17498,complete,0
lydonty01:2018,lydonty01,2018,complex:repeated-intervals,tenure-17501|tenure-17502|tenure-17503|tenure-17504|tenure-17505,complete,0
machasc01:2013,machasc01,2013,complex:repeated-intervals,tenure-17550|tenure-17551|tenure-17552|tenure-17553|tenure-17554,complete,0
machasc01:2019,machasc01,2019,complex:repeated-intervals,tenure-17555|tenure-17556,complete,0
macklve01:2012,macklve01,2012,complex:repeated-intervals,tenure-17562|tenure-17563,complete,0
macksh01:2013,macksh01,2013,complex:three-plus-franchises,tenure-17580|tenure-17581|tenure-17582,complete,0
macurjp01:2020,macurjp01,2020,complex:repeated-intervals,tenure-17610|tenure-17611,complete,0
magetjo01:2020,magetjo01,2020,complex:same-day-ambiguity,tenure-17635,complete,0
mahinia01:2008,mahinia01,2008,complex:repeated-intervals,tenure-17665|tenure-17666,complete,0
mahnkjo01:1949,mahnkjo01,1949,complex:three-plus-franchises,tenure-17680|tenure-17681|tenure-17682,complete,0
mahnkjo01:1950,mahnkjo01,1950,complex:three-plus-franchises,tenure-17683|tenure-17684|tenure-17685,complete,0
maledth01:2022,maledth01,2022,complex:repeated-intervals|complex:same-day-ambiguity,tenure-17734|tenure-17735|tenure-17736|tenure-17737|tenure-17738|tenure-17739,complete,0
malonmo01:1983,malonmo01,1983,complex:same-day-ambiguity,tenure-17790,complete,0
malovst01:1980,malovst01,1980,complex:three-plus-franchises,tenure-17803|tenure-17804|tenure-17805,complete,0
mamuksa01:2023,mamuksa01,2023,complex:same-day-ambiguity,tenure-17808|tenure-17809,complete,0
manniri01:1996,manniri01,1996,complex:repeated-intervals,tenure-17848|tenure-17849,complete,0
mannte01:2020,mannte01,2020,complex:repeated-intervals,tenure-17852|tenure-17853|tenure-17854|tenure-17855|tenure-17856|tenure-17857|tenure-17858|tenure-17859,complete,0
manntr01:2022,manntr01,2022,complex:repeated-intervals|complex:same-day-ambiguity,tenure-17867|tenure-17868|tenure-17869|tenure-17870,complete,0
marblde01:2015,marblde01,2015,complex:repeated-intervals,tenure-17892|tenure-17893,complete,0
marblde01:2016,marblde01,2016,complex:repeated-intervals,tenure-17894|tenure-17895|tenure-17896,complete,0
marjabo01:2016,marjabo01,2016,complex:repeated-intervals,tenure-17953|tenure-17954|tenure-17955,complete,0
marjabo01:2023,marjabo01,2023,complex:repeated-intervals,tenure-17964|tenure-17965,complete,0
markkla01:2018,markkla01,2018,complex:same-day-ambiguity,tenure-17967,complete,0
markkla01:2020,markkla01,2020,complex:same-day-ambiguity,tenure-17969,complete,0
markkla01:2022,markkla01,2022,complex:same-day-ambiguity,tenure-17971,complete,0
markoda01:2007,markoda01,2007,complex:repeated-intervals,tenure-17976|tenure-17977|tenure-17978,complete,0
marshdo02:2002,marshdo02,2002,complex:repeated-intervals,tenure-18014|tenure-18015,complete,0
marshke01:2016,marshke01,2016,complex:repeated-intervals,tenure-18021|tenure-18022,complete,0
marshna01:2022,marshna01,2022,complex:repeated-intervals,tenure-18024|tenure-18025,complete,0
marshra01:2006,marshra01,2006,complex:repeated-intervals,tenure-18030|tenure-18031,complete,0
marshto01:1958,marshto01,1958,complex:repeated-intervals,tenure-18036|tenure-18037|tenure-18038,complete,0
martibr01:1986,martibr01,1986,complex:repeated-intervals,tenure-18047|tenure-18048|tenure-18049,complete,0
martica01:2014,martica01,2014,complex:repeated-intervals,tenure-18056|tenure-18057|tenure-18058,complete,0
martica02:2020,martica02,2020,complex:repeated-intervals|complex:same-day-ambiguity,tenure-18060|tenure-18061|tenure-18062|tenure-18063|tenure-18064|tenure-18065|tenure-18066|tenure-18067,complete,0
martico01:2020,martico01,2020,complex:repeated-intervals|complex:same-day-ambiguity,tenure-18075|tenure-18076|tenure-18077|tenure-18078|tenure-18079,complete,0
martija01:2016,martija01,2016,complex:repeated-intervals,tenure-18110|tenure-18111|tenure-18112|tenure-18113|tenure-18114|tenure-18115,complete,0
martija01:2017,martija01,2017,complex:repeated-intervals,tenure-18116|tenure-18117|tenure-18118,complete,0
martija01:2018,martija01,2018,complex:repeated-intervals|complex:same-day-ambiguity,tenure-18119|tenure-18120|tenure-18121,complete,0
martike04:2025,martike04,2025,complex:same-day-ambiguity,tenure-18167|tenure-18168,complete,0
mashaja01:2026,mashaja01,2026,complex:same-day-ambiguity,tenure-18193,complete,0
masseto01:1992,masseto01,1992,complex:three-plus-franchises,tenure-18249|tenure-18250|tenure-18251|tenure-18252,complete,0
matthwe02:2019,matthwe02,2019,complex:three-plus-franchises,tenure-18307|tenure-18308|tenure-18309,complete,0
mayescl01:1977,mayescl01,1977,complex:three-plus-franchises,tenure-18383|tenure-18384|tenure-18385,complete,0
mayfibi01:1981,mayfibi01,1981,complex:repeated-intervals,tenure-18388|tenure-18389,complete,0
mcadoja01:2015,mcadoja01,2015,complex:repeated-intervals,tenure-18466|tenure-18467|tenure-18468|tenure-18469,complete,0
mcbrimi01:2022,mcbrimi01,2022,complex:repeated-intervals|complex:same-day-ambiguity,tenure-18474|tenure-18475|tenure-18476|tenure-18477|tenure-18478|tenure-18479|tenure-18480|tenure-18481,complete,0
mccalra01:2014,mccalra01,2014,complex:repeated-intervals,tenure-18489|tenure-18490,complete,0
mccalra01:2016,mccalra01,2016,complex:repeated-intervals,tenure-18492|tenure-18493|tenure-18494|tenure-18495|tenure-18496|tenure-18497|tenure-18498|tenure-18499,complete,0
mccalta01:2019,mccalta01,2019,complex:repeated-intervals,tenure-18500|tenure-18501,complete,0
mccanbo01:1996,mccanbo01,1996,complex:repeated-intervals,tenure-18505|tenure-18506,complete,0
mccawpa01:2017,mccawpa01,2017,complex:repeated-intervals,tenure-18549|tenure-18550|tenure-18551,complete,0
mccawpa01:2018,mccawpa01,2018,complex:repeated-intervals,tenure-18552|tenure-18553|tenure-18554,complete,0
mcclesh01:2017,mcclesh01,2017,complex:repeated-intervals,tenure-18564|tenure-18565|tenure-18566,complete,0
mccluma01:2022,mccluma01,2022,complex:repeated-intervals,tenure-18582|tenure-18583|tenure-18584|tenure-18585,complete,0
mccluma01:2023,mccluma01,2023,complex:repeated-intervals,tenure-18586|tenure-18587,complete,0
mccolcj01:2014,mccolcj01,2014,complex:repeated-intervals,tenure-18591|tenure-18592,complete,0
mccoyje01:2008,mccoyje01,2008,complex:repeated-intervals,tenure-18637|tenure-18638|tenure-18639,complete,0
mccrapa01:1973,mccrapa01,1973,complex:repeated-intervals,tenure-18641|tenure-18642,complete,0
mcculch01:2017,mcculch01,2017,complex:same-day-ambiguity,tenure-18660|tenure-18661,complete,0
mcculch01:2018,mcculch01,2018,complex:repeated-intervals|complex:same-day-ambiguity,tenure-18662|tenure-18663|tenure-18664|tenure-18665,complete,0
mcculjo01:1982,mcculjo01,1982,complex:repeated-intervals,tenure-18666|tenure-18667,complete,0
mcdanja01:2020,mcdanja01,2020,complex:repeated-intervals,tenure-18671|tenure-18672|tenure-18673|tenure-18674|tenure-18675|tenure-18676|tenure-18677,complete,0
mcdanja01:2021,mcdanja01,2021,complex:repeated-intervals,tenure-18678|tenure-18679,complete,0
mcdankj01:2016,mcdankj01,2016,complex:repeated-intervals,tenure-18698|tenure-18699|tenure-18700|tenure-18701|tenure-18702|tenure-18703|tenure-18704|tenure-18705|tenure-18706,complete,0
mcderdo01:2017,mcderdo01,2017,complex:repeated-intervals,tenure-18724|tenure-18725|tenure-18726,complete,0
mcderdo01:2022,mcderdo01,2022,complex:same-day-ambiguity,tenure-18732,complete,0
mcgarmi01:2015,mcgarmi01,2015,complex:repeated-intervals,tenure-18780|tenure-18781|tenure-18782|tenure-18783|tenure-18784,complete,0
mcgarmi01:2016,mcgarmi01,2016,complex:repeated-intervals,tenure-18785|tenure-18786|tenure-18787|tenure-18788|tenure-18789|tenure-18790|tenure-18791|tenure-18792|tenure-18793|tenure-18794|tenure-18795,complete,0
mcgruro01:2018,mcgruro01,2018,complex:repeated-intervals,tenure-18873|tenure-18874,complete,0
mcguido01:2011,mcguido01,2011,complex:repeated-intervals,tenure-18900|tenure-18901,complete,0
mcguido01:2013,mcguido01,2013,complex:three-plus-franchises,tenure-18903|tenure-18904|tenure-18905,complete,0
mckinal01:2018,mckinal01,2018,complex:repeated-intervals|complex:same-day-ambiguity,tenure-18988|tenure-18989|tenure-18990|tenure-18991|tenure-18992|tenure-18993|tenure-18994|tenure-18995|tenure-18996|tenure-18997|tenure-18998|tenure-18999|tenure-19000,complete,0
mckinal01:2020,mckinal01,2020,complex:repeated-intervals,tenure-19002|tenure-19003,complete,0
mckintr01:2018,mckintr01,2018,complex:repeated-intervals,tenure-19023|tenure-19024,complete,0
mclembe01:2018,mclembe01,2018,complex:repeated-intervals,tenure-19038|tenure-19039,complete,0
mcleoke01:2004,mcleoke01,2004,complex:repeated-intervals,tenure-19057|tenure-19058,complete,0
mcraejo01:2016,mcraejo01,2016,complex:repeated-intervals|complex:same-day-ambiguity,tenure-19149|tenure-19150|tenure-19151|tenure-19152,complete,0
mcraejo01:2020,mcraejo01,2020,complex:three-plus-franchises,tenure-19155|tenure-19156|tenure-19157,complete,0
mcrobjo01:2008,mcrobjo01,2008,complex:repeated-intervals,tenure-19159|tenure-19160,complete,0
mehendi01:1951,mehendi01,1951,complex:three-plus-franchises,tenure-19205|tenure-19206|tenure-19207,complete,0
mejrisa01:2016,mejrisa01,2016,complex:repeated-intervals|complex:same-day-ambiguity,tenure-19217|tenure-19218|tenure-19219|tenure-19220|tenure-19221|tenure-19222|tenure-19223|tenure-19224,complete,0
mejrisa01:2019,mejrisa01,2019,complex:repeated-intervals,tenure-19227|tenure-19228,complete,0
mekelga01:2014,mekelga01,2014,complex:repeated-intervals,tenure-19229|tenure-19230|tenure-19231,complete,0
melofa01:2013,melofa01,2013,complex:repeated-intervals,tenure-19240|tenure-19241|tenure-19242|tenure-19243|tenure-19244|tenure-19245,complete,0
meltode01:2019,meltode01,2019,complex:repeated-intervals,tenure-19246|tenure-19247|tenure-19248|tenure-19249,complete,0
meltode01:2020,meltode01,2020,complex:repeated-intervals|complex:same-day-ambiguity,tenure-19250|tenure-19251|tenure-19252,complete,0
mensana01:2024,mensana01,2024,complex:repeated-intervals,tenure-19280|tenure-19281,complete,0
mensapo01:2007,mensapo01,2007,complex:repeated-intervals,tenure-19282|tenure-19283|tenure-19284|tenure-19285,complete,0
merrisa01:2021,merrisa01,2021,complex:repeated-intervals,tenure-19313|tenure-19314,complete,0
merrisa01:2022,merrisa01,2022,complex:repeated-intervals|complex:same-day-ambiguity,tenure-19315|tenure-19316|tenure-19317|tenure-19318,complete,0
metuch01:2019,metuch01,2019,complex:repeated-intervals,tenure-19333|tenure-19334|tenure-19335|tenure-19336|tenure-19337|tenure-19338|tenure-19339|tenure-19340|tenure-19341|tenure-19342|tenure-19343|tenure-19344|tenure-19345|tenure-19346|tenure-19347,complete,0
metuch01:2020,metuch01,2020,complex:repeated-intervals,tenure-19348|tenure-19349|tenure-19350|tenure-19351|tenure-19352|tenure-19353|tenure-19354|tenure-19355|tenure-19356|tenure-19357,complete,0
metuch01:2021,metuch01,2021,complex:repeated-intervals,tenure-19358|tenure-19359,complete,0
mickejo01:2016,mickejo01,2016,complex:repeated-intervals,tenure-19386|tenure-19387|tenure-19388|tenure-19389|tenure-19390|tenure-19391|tenure-19392|tenure-19393|tenure-19394|tenure-19395|tenure-19396|tenure-19397|tenure-19398|tenure-19399|tenure-19400,complete,0
mickejo01:2017,mickejo01,2017,complex:repeated-intervals,tenure-19401|tenure-19402|tenure-19403|tenure-19404|tenure-19405|tenure-19406|tenure-19407|tenure-19408,complete,0
mikaer01:2020,mikaer01,2020,complex:repeated-intervals,tenure-19436|tenure-19437,complete,0
mikaned01:1951,mikaned01,1951,complex:three-plus-franchises,tenure-19441|tenure-19442|tenure-19443,complete,0
milescj01:2006,milescj01,2006,complex:repeated-intervals,tenure-19468|tenure-19469,complete,0
milescj01:2007,milescj01,2007,complex:repeated-intervals,tenure-19470|tenure-19471,complete,0
milescj01:2020,milescj01,2020,complex:repeated-intervals|complex:same-day-ambiguity,tenure-19485|tenure-19486,complete,0
millean01:2001,millean01,2001,complex:three-plus-franchises,tenure-19528|tenure-19529|tenure-19530,complete,0
millema01:2019,millema01,2019,complex:repeated-intervals|complex:same-day-ambiguity,tenure-19599|tenure-19600|tenure-19601|tenure-19602|tenure-19603|tenure-19604|tenure-19605|tenure-19606,complete,0
millema01:2020,millema01,2020,complex:repeated-intervals|complex:same-day-ambiguity,tenure-19607|tenure-19608|tenure-19609,complete,0
millequ01:2013,millequ01,2013,complex:repeated-intervals,tenure-19638|tenure-19639,complete,0
millequ01:2015,millequ01,2015,complex:repeated-intervals,tenure-19641|tenure-19642|tenure-19643|tenure-19644,complete,0
millspa02:2010,millspa02,2010,complex:repeated-intervals,tenure-19695|tenure-19696|tenure-19697,complete,0
miltosh01:2020,miltosh01,2020,complex:repeated-intervals,tenure-19728|tenure-19729|tenure-19730|tenure-19731,complete,0
miltosh01:2024,miltosh01,2024,complex:three-plus-franchises,tenure-19735|tenure-19736|tenure-19737,complete,0
miltosh01:2025,miltosh01,2025,complex:same-day-ambiguity,tenure-19738|tenure-19739,complete,0
mirotni01:2018,mirotni01,2018,complex:repeated-intervals,tenure-19780|tenure-19781|tenure-19782,complete,0
mitchto02:2014,mitchto02,2014,complex:repeated-intervals,tenure-19833|tenure-19834,complete,0
mitrona01:2018,mitrona01,2018,complex:repeated-intervals|complex:same-day-ambiguity,tenure-19836|tenure-19837|tenure-19838|tenure-19839|tenure-19840|tenure-19841,complete,0
mogusle01:1949,mogusle01,1949,complex:three-plus-franchises,tenure-19888|tenure-19889|tenure-19890,complete,0
moisoje01:2005,moisoje01,2005,complex:three-plus-franchises|complex:repeated-intervals,tenure-19920|tenure-19921|tenure-19922|tenure-19923,complete,0
moniase01:2006,moniase01,2006,complex:repeated-intervals,tenure-19962|tenure-19963|tenure-19964,complete,0
monkma01:2018,monkma01,2018,complex:repeated-intervals,tenure-19965|tenure-19966,complete,0
monrogr01:2018,monrogr01,2018,complex:three-plus-franchises,tenure-19996|tenure-19997|tenure-19998,complete,0
monrogr01:2019,monrogr01,2019,complex:three-plus-franchises,tenure-19999|tenure-20000|tenure-20001,complete,0
monrogr01:2022,monrogr01,2022,complex:three-plus-franchises|complex:repeated-intervals,tenure-20002|tenure-20003|tenure-20004|tenure-20005|tenure-20006,complete,0
montelu01:2016,montelu01,2016,complex:repeated-intervals,tenure-20008|tenure-20009,complete,0
moodymo01:2022,moodymo01,2022,complex:repeated-intervals,tenure-20023|tenure-20024|tenure-20025|tenure-20026|tenure-20027|tenure-20028|tenure-20029|tenure-20030|tenure-20031,complete,0
moonxa01:2023,moonxa01,2023,complex:repeated-intervals,tenure-20047|tenure-20048,complete,0
moorebe01:2018,moorebe01,2018,complex:repeated-intervals,tenure-20052|tenure-20053,complete,0
mooreja01:1955,mooreja01,1955,complex:three-plus-franchises,tenure-20064|tenure-20065|tenure-20066,complete,0
moreler01:2015,moreler01,2015,complex:repeated-intervals,tenure-20131|tenure-20132|tenure-20133|tenure-20134,complete,0
moreler01:2016,moreler01,2016,complex:repeated-intervals,tenure-20135|tenure-20136,complete,0
moreler01:2019,moreler01,2019,complex:repeated-intervals,tenure-20138|tenure-20139|tenure-20140,complete,0
morgaju01:2020,morgaju01,2020,complex:repeated-intervals|complex:same-day-ambiguity,tenure-20147|tenure-20148|tenure-20149|tenure-20150|tenure-20151|tenure-20152|tenure-20153|tenure-20154,complete,0
morgaju01:2022,morgaju01,2022,complex:repeated-intervals,tenure-20156|tenure-20157|tenure-20158,complete,0
morrida01:2012,morrida01,2012,complex:repeated-intervals,tenure-20180|tenure-20181,complete,0
morrida01:2013,morrida01,2013,complex:repeated-intervals,tenure-20182|tenure-20183|tenure-20184,complete,0
morrida01:2014,morrida01,2014,complex:three-plus-franchises,tenure-20185|tenure-20186|tenure-20187,complete,0
morrija01:2022,morrija01,2022,complex:repeated-intervals,tenure-20192|tenure-20193,complete,0
morrima03:2012,morrima03,2012,complex:repeated-intervals,tenure-20214|tenure-20215|tenure-20216,complete,0
morrima03:2018,morrima03,2018,complex:same-day-ambiguity,tenure-20223,complete,0
morrimo01:2019,morrimo01,2019,complex:same-day-ambiguity,tenure-20234,complete,0
motiedo01:2013,motiedo01,2013,complex:repeated-intervals,tenure-20278|tenure-20279|tenure-20280,complete,0
motiedo01:2016,motiedo01,2016,complex:repeated-intervals|complex:same-day-ambiguity,tenure-20283|tenure-20284|tenure-20285,complete,0
moultar01:2014,moultar01,2014,complex:repeated-intervals,tenure-20294|tenure-20295,complete,0
muhamsh01:2014,muhamsh01,2014,complex:repeated-intervals,tenure-20340|tenure-20341,complete,0
mulleby01:2010,mulleby01,2010,complex:repeated-intervals,tenure-20354|tenure-20355|tenure-20356|tenure-20357,complete,0
mulleby01:2011,mulleby01,2011,complex:repeated-intervals,tenure-20358|tenure-20359|tenure-20360|tenure-20361,complete,0
munfoxa02:2018,munfoxa02,2018,complex:repeated-intervals,tenure-20397|tenure-20398,complete,0
murkead01:2022,murkead01,2022,complex:repeated-intervals,tenure-20418|tenure-20419,complete,0
murphtr02:2022,murphtr02,2022,complex:repeated-intervals,tenure-20465|tenure-20466|tenure-20467|tenure-20468|tenure-20469|tenure-20470,complete,0
murrade01:2017,murrade01,2017,complex:repeated-intervals|complex:same-day-ambiguity,tenure-20476|tenure-20477|tenure-20478|tenure-20479|tenure-20480|tenure-20481|tenure-20482|tenure-20483|tenure-20484|tenure-20485,complete,0
murratr01:1993,murratr01,1993,complex:same-day-ambiguity,tenure-20538,complete,0
murryto01:2014,murryto01,2014,complex:repeated-intervals,tenure-20559|tenure-20560|tenure-20561,complete,0
murryto01:2015,murryto01,2015,complex:repeated-intervals,tenure-20562|tenure-20563|tenure-20564|tenure-20565,complete,0
musadz01:2019,musadz01,2019,complex:repeated-intervals|complex:same-day-ambiguity,tenure-20566|tenure-20567|tenure-20568|tenure-20569|tenure-20570|tenure-20571|tenure-20572,complete,0
musadz01:2020,musadz01,2020,complex:repeated-intervals|complex:same-day-ambiguity,tenure-20573|tenure-20574|tenure-20575|tenure-20576|tenure-20577,complete,0
muscami01:2015,muscami01,2015,complex:repeated-intervals,tenure-20579|tenure-20580|tenure-20581|tenure-20582|tenure-20583,complete,0
muscami01:2018,muscami01,2018,complex:repeated-intervals,tenure-20586|tenure-20587|tenure-20588,complete,0
muscami01:2024,muscami01,2024,complex:three-plus-franchises,tenure-20596|tenure-20597|tenure-20598,complete,0
myerspe01:1996,myerspe01,1996,complex:repeated-intervals,tenure-20637|tenure-20638|tenure-20639,complete,0
mykhasv01:2019,mykhasv01,2019,complex:repeated-intervals,tenure-20641|tenure-20642|tenure-20643|tenure-20644|tenure-20645|tenure-20646|tenure-20647,complete,0
mykhasv01:2022,mykhasv01,2022,complex:repeated-intervals,tenure-20651|tenure-20652,complete,0
naderab01:2018,naderab01,2018,complex:repeated-intervals,tenure-20668|tenure-20669|tenure-20670|tenure-20671|tenure-20672,complete,0
naderab01:2019,naderab01,2019,complex:repeated-intervals|complex:same-day-ambiguity,tenure-20673|tenure-20674|tenure-20675,complete,0
nailole01:2004,nailole01,2004,complex:three-plus-franchises,tenure-20684|tenure-20685|tenure-20686,complete,0
nancepe01:2025,nancepe01,2025,complex:repeated-intervals,tenure-20731|tenure-20732|tenure-20733,complete,0
napiesh01:2015,napiesh01,2015,complex:repeated-intervals,tenure-20735|tenure-20736|tenure-20737,complete,0
nathaho01:1996,nathaho01,1996,complex:repeated-intervals,tenure-20777|tenure-20778,complete,0
nattke01:1985,nattke01,1985,complex:repeated-intervals,tenure-20794|tenure-20795|tenure-20796,complete,0
ndiayha01:2011,ndiayha01,2011,complex:repeated-intervals,tenure-20811|tenure-20812,complete,0
ndiayha01:2012,ndiayha01,2012,complex:repeated-intervals,tenure-20813|tenure-20814,complete,0
ndiayha01:2014,ndiayha01,2014,complex:repeated-intervals,tenure-20815|tenure-20816|tenure-20817,complete,0
ndourma01:2017,ndourma01,2017,complex:repeated-intervals|complex:same-day-ambiguity,tenure-20826|tenure-20827|tenure-20828|tenure-20829|tenure-20830|tenure-20831|tenure-20832|tenure-20833|tenure-20834|tenure-20835|tenure-20836|tenure-20837|tenure-20838|tenure-20839|tenure-20840|tenure-20841|tenure-20842,complete,0
nealga01:2012,nealga01,2012,complex:repeated-intervals,tenure-20847|tenure-20848,complete,0
nedovne01:2014,nedovne01,2014,complex:repeated-intervals,tenure-20877|tenure-20878|tenure-20879|tenure-20880|tenure-20881|tenure-20882|tenure-20883|tenure-20884|tenure-20885|tenure-20886,complete,0
nelsode01:2009,nelsode01,2009,complex:repeated-intervals,tenure-20889|tenure-20890,complete,0
nelsoja01:2015,nelsoja01,2015,complex:three-plus-franchises,tenure-20916|tenure-20917|tenure-20918,complete,0
nembhrj01:2022,nembhrj01,2022,complex:repeated-intervals,tenure-20933|tenure-20934|tenure-20935,complete,0
nembhru01:1997,nembhru01,1997,complex:repeated-intervals,tenure-20936|tenure-20937|tenure-20938,complete,0
nesmiaa01:2022,nesmiaa01,2022,complex:repeated-intervals,tenure-20946|tenure-20947|tenure-20948,complete,0
netora01:2017,netora01,2017,complex:repeated-intervals,tenure-20968|tenure-20969|tenure-20970,complete,0
nevitch01:1985,nevitch01,1985,complex:repeated-intervals,tenure-20988|tenure-20989,complete,0
nevitch01:1992,nevitch01,1992,complex:repeated-intervals,tenure-20996|tenure-20997,complete,0
newblir01:2002,newblir01,2002,complex:repeated-intervals,tenure-21004|tenure-21005,complete,0
newblir01:2008,newblir01,2008,complex:three-plus-franchises,tenure-21011|tenure-21012|tenure-21013,complete,0
newmada01:1970,newmada01,1970,complex:same-day-ambiguity,tenure-21027,complete,0
newmama01:2020,newmama01,2020,complex:repeated-intervals,tenure-21045|tenure-21046|tenure-21047,complete,0
newmama01:2022,newmama01,2022,complex:repeated-intervals,tenure-21048|tenure-21049,complete,0
niangge01:2017,niangge01,2017,complex:repeated-intervals,tenure-21055|tenure-21056|tenure-21057|tenure-21058|tenure-21059,complete,0
niangge01:2019,niangge01,2019,complex:repeated-intervals|complex:same-day-ambiguity,tenure-21061|tenure-21062|tenure-21063|tenure-21064,complete,0
nichode01:2008,nichode01,2008,complex:repeated-intervals,tenure-21078|tenure-21079|tenure-21080|tenure-21081,complete,0
nixda01:2022,nixda01,2022,complex:repeated-intervals,tenure-21118|tenure-21119,complete,0
noahjo01:2018,noahjo01,2018,complex:same-day-ambiguity,tenure-21150,complete,0
noelne01:2017,noelne01,2017,complex:repeated-intervals,tenure-21172|tenure-21173|tenure-21174|tenure-21175,complete,0
noguelu01:2015,noguelu01,2015,complex:repeated-intervals,tenure-21188|tenure-21189|tenure-21190,complete,0
noguelu01:2016,noguelu01,2016,complex:repeated-intervals|complex:same-day-ambiguity,tenure-21191|tenure-21192|tenure-21193|tenure-21194|tenure-21195|tenure-21196|tenure-21197|tenure-21198|tenure-21199,complete,0
nordgje01:1998,nordgje01,1998,complex:repeated-intervals,tenure-21204|tenure-21205,complete,0
nostrge01:1950,nostrge01,1950,complex:three-plus-franchises,tenure-21262|tenure-21263|tenure-21264,complete,0
novakst01:2008,novakst01,2008,complex:repeated-intervals,tenure-21273|tenure-21274,complete,0
nowelja01:2020,nowelja01,2020,complex:repeated-intervals|complex:same-day-ambiguity,tenure-21287|tenure-21288|tenure-21289|tenure-21290|tenure-21291|tenure-21292|tenure-21293|tenure-21294,complete,0
ntilila01:2019,ntilila01,2019,complex:same-day-ambiguity,tenure-21325,complete,0
nuttde01:1987,nuttde01,1987,complex:repeated-intervals,tenure-21354|tenure-21355,complete,0
nwabada01:2017,nwabada01,2017,complex:repeated-intervals|complex:same-day-ambiguity,tenure-21356|tenure-21357|tenure-21358|tenure-21359|tenure-21360|tenure-21361,complete,0
nworajo01:2021,nworajo01,2021,complex:repeated-intervals,tenure-21367|tenure-21368,complete,0
nworajo01:2022,nworajo01,2022,complex:repeated-intervals|complex:same-day-ambiguity,tenure-21369|tenure-21370|tenure-21371,complete,0
obertfa01:2009,obertfa01,2009,complex:same-day-ambiguity,tenure-21404,complete,0
obriejj01:2016,obriejj01,2016,complex:repeated-intervals,tenure-21411|tenure-21412,complete,0
obriera01:1953,obriera01,1953,complex:three-plus-franchises,tenure-21414|tenure-21415|tenure-21416,complete,0
obryapa01:2007,obryapa01,2007,complex:repeated-intervals,tenure-21422|tenure-21423|tenure-21424|tenure-21425,complete,0
obryapa01:2008,obryapa01,2008,complex:repeated-intervals,tenure-21426|tenure-21427,complete,0
odomla01:2012,odomla01,2012,complex:repeated-intervals,tenure-21450|tenure-21451,complete,0
oggal01:1991,oggal01,1991,complex:repeated-intervals,tenure-21458|tenure-21459,complete,0
ohlbrti01:2013,ohlbrti01,2013,complex:repeated-intervals,tenure-21467|tenure-21468,complete,0
okafoja01:2025,okafoja01,2025,complex:same-day-ambiguity,tenure-21503,complete,0
okoboel01:2019,okoboel01,2019,complex:repeated-intervals,tenure-21517|tenure-21518|tenure-21519,complete,0
okongon01:2022,okongon01,2022,complex:repeated-intervals,tenure-21531|tenure-21532,complete,0
okpalkz01:2020,okpalkz01,2020,complex:repeated-intervals,tenure-21551|tenure-21552,complete,0
oladivi01:2020,oladivi01,2020,complex:repeated-intervals|complex:same-day-ambiguity,tenure-21572|tenure-21573|tenure-21574|tenure-21575,complete,0
oladivi01:2021,oladivi01,2021,complex:three-plus-franchises,tenure-21576|tenure-21577|tenure-21578,complete,0
olivebr01:1995,olivebr01,1995,complex:repeated-intervals,tenure-21629|tenure-21630,complete,0
olynyke01:2017,olynyke01,2017,complex:same-day-ambiguity,tenure-21684,complete,0
olynyke01:2022,olynyke01,2022,complex:same-day-ambiguity,tenure-21690,complete,0
onealro01:2018,onealro01,2018,complex:repeated-intervals|complex:same-day-ambiguity,tenure-21722|tenure-21723,complete,0
onimi01:2020,onimi01,2020,complex:repeated-intervals|complex:same-day-ambiguity,tenure-21754|tenure-21755|tenure-21756|tenure-21757|tenure-21758|tenure-21759|tenure-21760|tenure-21761|tenure-21762|tenure-21763|tenure-21764|tenure-21765|tenure-21766,complete,0
onuakar01:2014,onuakar01,2014,complex:repeated-intervals|complex:same-day-ambiguity,tenure-21769|tenure-21770|tenure-21771|tenure-21772|tenure-21773,complete,0
onuakch01:2017,onuakch01,2017,complex:repeated-intervals,tenure-21776|tenure-21777|tenure-21778|tenure-21779|tenure-21780|tenure-21781|tenure-21782|tenure-21783|tenure-21784|tenure-21785,complete,0
onuakch01:2018,onuakch01,2018,complex:repeated-intervals,tenure-21786|tenure-21787|tenure-21788|tenure-21789|tenure-21790,complete,0
ortonda01:2013,ortonda01,2013,complex:repeated-intervals,tenure-21813|tenure-21814|tenure-21815|tenure-21816|tenure-21817|tenure-21818|tenure-21819|tenure-21820|tenure-21821|tenure-21822|tenure-21823,complete,0
osmande01:2018,osmande01,2018,complex:repeated-intervals,tenure-21831|tenure-21832,complete,0
ostergr01:2006,ostergr01,2006,complex:same-day-ambiguity,tenure-21849,complete,0
ottendo01:1951,ottendo01,1951,complex:three-plus-franchises,tenure-21862|tenure-21863|tenure-21864,complete,0
overtdo01:1999,overtdo01,1999,complex:three-plus-franchises,tenure-21919|tenure-21920|tenure-21921,complete,0
overtdo01:2001,overtdo01,2001,complex:three-plus-franchises,tenure-21923|tenure-21924|tenure-21925,complete,0
owensta01:2020,owensta01,2020,complex:repeated-intervals,tenure-21955|tenure-21956,complete,0
paddige01:1994,paddige01,1994,complex:three-plus-franchises,tenure-22002|tenure-22003|tenure-22004,complete,0
palacmi01:2001,palacmi01,2001,complex:repeated-intervals,tenure-22018|tenure-22019,complete,0
palmetr01:2022,palmetr01,2022,complex:repeated-intervals,tenure-22040|tenure-22041,complete,0
pangoke01:2022,pangoke01,2022,complex:repeated-intervals,tenure-22044|tenure-22045|tenure-22046,complete,0
papagge01:2017,papagge01,2017,complex:repeated-intervals,tenure-22048|tenure-22049|tenure-22050|tenure-22051|tenure-22052|tenure-22053|tenure-22054|tenure-22055|tenure-22056|tenure-22057|tenure-22058,complete,0
papagge01:2018,papagge01,2018,complex:repeated-intervals,tenure-22059|tenure-22060|tenure-22061|tenure-22062|tenure-22063|tenure-22064|tenure-22065|tenure-22066,complete,0
papanko01:2016,papanko01,2016,complex:repeated-intervals,tenure-22068|tenure-22069,complete,0
pargoja01:2004,pargoja01,2004,complex:three-plus-franchises,tenure-22071|tenure-22072|tenure-22073,complete,0
pargoja01:2013,pargoja01,2013,complex:three-plus-franchises,tenure-22080|tenure-22081|tenure-22082,complete,0
parkeja01:2018,parkeja01,2018,complex:repeated-intervals,tenure-22125|tenure-22126|tenure-22127|tenure-22128|tenure-22129,complete,0
parketo01:2018,parketo01,2018,complex:repeated-intervals,tenure-22166|tenure-22167|tenure-22168,complete,0
pasecan01:2020,pasecan01,2020,complex:repeated-intervals|complex:same-day-ambiguity,tenure-22202|tenure-22203|tenure-22204|tenure-22205,complete,0
pattela01:2016,pattela01,2016,complex:repeated-intervals|complex:same-day-ambiguity,tenure-22217|tenure-22218|tenure-22219|tenure-22220|tenure-22221|tenure-22222|tenure-22223|tenure-22224,complete,0
pattepa01:2011,pattepa01,2011,complex:repeated-intervals,tenure-22226|tenure-22227,complete,0
pattoju01:2018,pattoju01,2018,complex:repeated-intervals,tenure-22260|tenure-22261|tenure-22262|tenure-22263|tenure-22264,complete,0
pattoju01:2019,pattoju01,2019,complex:repeated-intervals,tenure-22265|tenure-22266,complete,0
pattoju01:2020,pattoju01,2020,complex:repeated-intervals|complex:same-day-ambiguity,tenure-22267|tenure-22268|tenure-22269|tenure-22270|tenure-22271|tenure-22272|tenure-22273|tenure-22274|tenure-22275,complete,0
paulbr01:2018,paulbr01,2018,complex:repeated-intervals,tenure-22277|tenure-22278|tenure-22279,complete,0
pavloal01:2011,pavloal01,2011,complex:three-plus-franchises,tenure-22324|tenure-22325|tenure-22326,complete,0
paynead01:2015,paynead01,2015,complex:repeated-intervals,tenure-22357|tenure-22358|tenure-22359|tenure-22360|tenure-22361|tenure-22362,complete,0
paynead01:2016,paynead01,2016,complex:repeated-intervals,tenure-22363|tenure-22364,complete,0
payneca01:2016,payneca01,2016,complex:repeated-intervals,tenure-22367|tenure-22368|tenure-22369,complete,0
payneca01:2017,payneca01,2017,complex:repeated-intervals,tenure-22370|tenure-22371|tenure-22372|tenure-22373|tenure-22374|tenure-22375,complete,0
payneca01:2018,payneca01,2018,complex:repeated-intervals,tenure-22376|tenure-22377,complete,0
paytoel01:2025,paytoel01,2025,complex:repeated-intervals,tenure-22402|tenure-22403|tenure-22404,complete,0
paytoga01:2005,paytoga01,2005,complex:repeated-intervals,tenure-22420|tenure-22421,complete,0
paytoga02:2019,paytoga02,2019,complex:repeated-intervals,tenure-22427|tenure-22428,complete,0
paytoga02:2020,paytoga02,2020,complex:repeated-intervals|complex:same-day-ambiguity,tenure-22429|tenure-22430|tenure-22431,complete,0
pelleno01:2020,pelleno01,2020,complex:repeated-intervals|complex:same-day-ambiguity,tenure-22471|tenure-22472,complete,0
pelleno01:2021,pelleno01,2021,complex:three-plus-franchises,tenure-22473|tenure-22474|tenure-22475,complete,0
pellosa01:1980,pellosa01,1980,complex:repeated-intervals,tenure-22477|tenure-22478,complete,0
pendeje02:2012,pendeje02,2012,complex:same-day-ambiguity,tenure-22487,complete,0
peplomi01:1995,peplomi01,1995,complex:repeated-intervals,tenure-22496|tenure-22497,complete,0
peplomi01:1996,peplomi01,1996,complex:repeated-intervals,tenure-22498|tenure-22499|tenure-22500,complete,0
perkike01:2018,perkike01,2018,complex:repeated-intervals,tenure-22530|tenure-22531,complete,0
perovko01:2008,perovko01,2008,complex:repeated-intervals,tenure-22552|tenure-22553|tenure-22554,complete,0
perryel01:2001,perryel01,2001,complex:repeated-intervals,tenure-22575|tenure-22576|tenure-22577,complete,0
persowe01:2004,persowe01,2004,complex:three-plus-franchises,tenure-22613|tenure-22614|tenure-22615,complete,0
petrufi01:2024,petrufi01,2024,complex:same-day-ambiguity,tenure-22672|tenure-22673,complete,0
pietkst01:1981,pietkst01,1981,complex:repeated-intervals,tenure-22790|tenure-22791|tenure-22792,complete,0
pinsoth01:2019,pinsoth01,2019,complex:repeated-intervals,tenure-22821|tenure-22822,complete,0
pinsoth01:2020,pinsoth01,2020,complex:repeated-intervals|complex:same-day-ambiguity,tenure-22823|tenure-22824|tenure-22825|tenure-22826|tenure-22827|tenure-22828,complete,0
pittmde01:2011,pittmde01,2011,complex:repeated-intervals,tenure-22866|tenure-22867|tenure-22868,complete,0
pittmde01:2013,pittmde01,2013,complex:same-day-ambiguity,tenure-22870|tenure-22871,complete,0
pleisti01:2016,pleisti01,2016,complex:repeated-intervals,tenure-22876|tenure-22877|tenure-22878|tenure-22879|tenure-22880|tenure-22881,complete,0
plumlma02:2017,plumlma02,2017,complex:repeated-intervals|complex:same-day-ambiguity,tenure-22900|tenure-22901|tenure-22902|tenure-22903|tenure-22904|tenure-22905|tenure-22906|tenure-22907|tenure-22908|tenure-22909|tenure-22910|tenure-22911|tenure-22912|tenure-22913|tenure-22914|tenure-22915|tenure-22916|tenure-22917,complete,0
plumlmi01:2013,plumlmi01,2013,complex:repeated-intervals,tenure-22919|tenure-22920|tenure-22921|tenure-22922|tenure-22923|tenure-22924|tenure-22925,complete,0
plumlmi01:2018,plumlmi01,2018,complex:repeated-intervals,tenure-22932|tenure-22933,complete,0
poeltja01:2017,poeltja01,2017,complex:repeated-intervals,tenure-22942|tenure-22943|tenure-22944,complete,0
poirivi01:2020,poirivi01,2020,complex:repeated-intervals|complex:same-day-ambiguity,tenure-22955|tenure-22956|tenure-22957|tenure-22958,complete,0
pokusal01:2021,pokusal01,2021,complex:repeated-intervals,tenure-22960|tenure-22961,complete,0
pokusal01:2022,pokusal01,2022,complex:repeated-intervals,tenure-22962|tenure-22963|tenure-22964|tenure-22965|tenure-22966|tenure-22967,complete,0
poolejo01:2020,poolejo01,2020,complex:repeated-intervals,tenure-23022|tenure-23023,complete,0
popsoda01:1989,popsoda01,1989,complex:repeated-intervals,tenure-23038|tenure-23039|tenure-23040|tenure-23041,complete,0
popsoda01:1991,popsoda01,1991,complex:repeated-intervals,tenure-23042|tenure-23043,complete,0
portejo01:2021,portejo01,2021,complex:repeated-intervals,tenure-23069|tenure-23070,complete,0
portibo01:2017,portibo01,2017,complex:repeated-intervals,tenure-23128|tenure-23129,complete,0
poweldw01:2015,poweldw01,2015,complex:repeated-intervals,tenure-23194|tenure-23195|tenure-23196|tenure-23197|tenure-23198|tenure-23199|tenure-23200|tenure-23201|tenure-23202|tenure-23203|tenure-23204|tenure-23205|tenure-23206|tenure-23207,complete,0
poweljo01:2006,poweljo01,2006,complex:repeated-intervals,tenure-23225|tenure-23226,complete,0
powelno01:2016,powelno01,2016,complex:repeated-intervals|complex:same-day-ambiguity,tenure-23236|tenure-23237|tenure-23238|tenure-23239|tenure-23240|tenure-23241|tenure-23242,complete,0
pressph01:2015,pressph01,2015,complex:repeated-intervals,tenure-23277|tenure-23278,complete,0
priceaj01:2015,priceaj01,2015,complex:three-plus-franchises|complex:repeated-intervals,tenure-23288|tenure-23289|tenure-23290|tenure-23291,complete,0
priceji01:1977,priceji01,1977,complex:three-plus-franchises,tenure-23306|tenure-23307|tenure-23308,complete,0
primojo01:2022,primojo01,2022,complex:repeated-intervals,tenure-23346|tenure-23347|tenure-23348|tenure-23349|tenure-23350|tenure-23351|tenure-23352|tenure-23353|tenure-23354|tenure-23355|tenure-23356,complete,0
princta01:2015,princta01,2015,complex:three-plus-franchises,tenure-23372|tenure-23373|tenure-23374,complete,0
princta02:2017,princta02,2017,complex:repeated-intervals,tenure-23376|tenure-23377|tenure-23378,complete,0
pritcke01:1992,pritcke01,1992,complex:repeated-intervals,tenure-23391|tenure-23392,complete,0
pritcke01:1995,pritcke01,1995,complex:repeated-intervals,tenure-23393|tenure-23394|tenure-23395|tenure-23396,complete,0
pruitga01:2008,pruitga01,2008,complex:repeated-intervals,tenure-23412|tenure-23413|tenure-23414|tenure-23415,complete,0
pughro01:1949,pughro01,1949,complex:three-plus-franchises,tenure-23434|tenure-23435|tenure-23436,complete,0
pulleja01:2018,pulleja01,2018,complex:same-day-ambiguity,tenure-23438,complete,0
purviro01:2018,purviro01,2018,complex:repeated-intervals,tenure-23441|tenure-23442|tenure-23443,complete,0
qizh01:2018,qizh01,2018,complex:repeated-intervals,tenure-23448|tenure-23449|tenure-23450|tenure-23451|tenure-23452|tenure-23453|tenure-23454|tenure-23455|tenure-23456,complete,0
quartti01:2017,quartti01,2017,complex:repeated-intervals,tenure-23458|tenure-23459|tenure-23460|tenure-23461,complete,0
quartti01:2018,quartti01,2018,complex:repeated-intervals,tenure-23462|tenure-23463,complete,0
quinole01:2023,quinole01,2023,complex:repeated-intervals,tenure-23496|tenure-23497,complete,0
rabbiv01:2018,rabbiv01,2018,complex:repeated-intervals|complex:same-day-ambiguity,tenure-23501|tenure-23502|tenure-23503|tenure-23504|tenure-23505|tenure-23506|tenure-23507|tenure-23508|tenure-23509|tenure-23510|tenure-23511|tenure-23512|tenure-23513|tenure-23514,complete,0
rabbiv01:2019,rabbiv01,2019,complex:repeated-intervals,tenure-23515|tenure-23516|tenure-23517,complete,0
ramseja01:2021,ramseja01,2021,complex:repeated-intervals,tenure-23588|tenure-23589,complete,0
ramseja01:2022,ramseja01,2022,complex:repeated-intervals,tenure-23590|tenure-23591|tenure-23592|tenure-23593|tenure-23594|tenure-23595|tenure-23596,complete,0
randlch01:2017,randlch01,2017,complex:repeated-intervals,tenure-23605|tenure-23606|tenure-23607|tenure-23608|tenure-23609,complete,0
randlch01:2019,randlch01,2019,complex:repeated-intervals,tenure-23610|tenure-23611|tenure-23612|tenure-23613|tenure-23614,complete,0
randosh01:2010,randosh01,2010,complex:repeated-intervals,tenure-23640|tenure-23641|tenure-23642|tenure-23643,complete,0
rayal01:2007,rayal01,2007,complex:repeated-intervals,tenure-23720|tenure-23721,complete,0
reathdu01:2024,reathdu01,2024,complex:repeated-intervals,tenure-23741|tenure-23742,complete,0
reedda01:2018,reedda01,2018,complex:repeated-intervals,tenure-23808|tenure-23809|tenure-23810|tenure-23811|tenure-23812|tenure-23813|tenure-23814,complete,0
reedda01:2022,reedda01,2022,complex:repeated-intervals,tenure-23816|tenure-23817,complete,0
reedhu01:1964,reedhu01,1964,complex:same-day-ambiguity,tenure-23826,complete,0
reedpa01:2021,reedpa01,2021,complex:same-day-ambiguity,tenure-23832,complete,0
reedpa01:2022,reedpa01,2022,complex:repeated-intervals,tenure-23833|tenure-23834|tenure-23835|tenure-23836|tenure-23837,complete,0
reeseal01:2025,reeseal01,2025,complex:repeated-intervals,tenure-23858|tenure-23859|tenure-23860,complete,0
reidna01:2020,reidna01,2020,complex:repeated-intervals,tenure-23909|tenure-23910|tenure-23911|tenure-23912|tenure-23913,complete,0
reidry01:2012,reidry01,2012,complex:repeated-intervals|complex:same-day-ambiguity,tenure-23934|tenure-23935|tenure-23936,complete,0
reynoca01:2021,reynoca01,2021,complex:repeated-intervals,tenure-23965|tenure-23966|tenure-23967,complete,0
ricegl02:2014,ricegl02,2014,complex:repeated-intervals,tenure-24001|tenure-24002,complete,0
ricegl02:2015,ricegl02,2015,complex:repeated-intervals|complex:same-day-ambiguity,tenure-24003|tenure-24004,complete,0
richach01:2008,richach01,2008,complex:repeated-intervals,tenure-24005|tenure-24006,complete,0
richach01:2010,richach01,2010,complex:repeated-intervals,tenure-24007|tenure-24008,complete,0
richaje01:2008,richaje01,2008,complex:three-plus-franchises,tenure-24035|tenure-24036|tenure-24037,complete,0
richajo01:2016,richajo01,2016,complex:repeated-intervals,tenure-24039|tenure-24040|tenure-24041,complete,0
richama01:2017,richama01,2017,complex:repeated-intervals,tenure-24053|tenure-24054|tenure-24055|tenure-24056,complete,0
richama01:2018,richama01,2018,complex:repeated-intervals,tenure-24057|tenure-24058|tenure-24059|tenure-24060|tenure-24061|tenure-24062,complete,0
richama01:2019,richama01,2019,complex:repeated-intervals,tenure-24063|tenure-24064|tenure-24065|tenure-24066|tenure-24067,complete,0
richani01:2021,richani01,2021,complex:repeated-intervals,tenure-24077|tenure-24078|tenure-24079,complete,0
ridnolu01:2015,ridnolu01,2015,complex:same-day-ambiguity,tenure-24155,complete,0
roberan02:2006,roberan02,2006,complex:repeated-intervals,tenure-24267|tenure-24268|tenure-24269,complete,0
roberan03:2014,roberan03,2014,complex:repeated-intervals,tenure-24273|tenure-24274|tenure-24275|tenure-24276|tenure-24277|tenure-24278|tenure-24279|tenure-24280|tenure-24281,complete,0
roberan03:2021,roberan03,2021,complex:repeated-intervals,tenure-24287|tenure-24288,complete,0
roberbi01:1949,roberbi01,1949,complex:three-plus-franchises,tenure-24289|tenure-24290|tenure-24291,complete,0
roberla01:2006,roberla01,2006,complex:repeated-intervals,tenure-24316|tenure-24317|tenure-24318,complete,0
robindu01:2026,robindu01,2026,complex:same-day-ambiguity,tenure-24432,complete,0
robingl02:2016,robingl02,2016,complex:repeated-intervals,tenure-24461|tenure-24462,complete,0
robingl02:2018,robingl02,2018,complex:repeated-intervals|complex:same-day-ambiguity,tenure-24464|tenure-24465|tenure-24466,complete,0
robinje01:2019,robinje01,2019,complex:repeated-intervals,tenure-24483|tenure-24484|tenure-24485|tenure-24486|tenure-24487,complete,0
robinje01:2020,robinje01,2020,complex:repeated-intervals,tenure-24488|tenure-24489|tenure-24490,complete,0
robinje02:2022,robinje02,2022,complex:same-day-ambiguity,tenure-24493,complete,0
robinju01:2020,robinju01,2020,complex:repeated-intervals|complex:same-day-ambiguity,tenure-24499|tenure-24500|tenure-24501|tenure-24502|tenure-24503|tenure-24504|tenure-24505|tenure-24506|tenure-24507|tenure-24508|tenure-24509|tenure-24510|tenure-24511|tenure-24512,complete,0
robinju01:2022,robinju01,2022,complex:three-plus-franchises,tenure-24514|tenure-24515|tenure-24516,complete,0
robinla01:1991,robinla01,1991,complex:repeated-intervals,tenure-24517|tenure-24518|tenure-24519,complete,0
robinla01:2001,robinla01,2001,complex:repeated-intervals,tenure-24524|tenure-24525|tenure-24526,complete,0
robinor01:2023,robinor01,2023,complex:repeated-intervals,tenure-24551|tenure-24552|tenure-24553,complete,0
robinru01:1997,robinru01,1997,complex:three-plus-franchises,tenure-24564|tenure-24565|tenure-24566,complete,0
robisda01:1984,robisda01,1984,complex:three-plus-franchises,tenure-24597|tenure-24598|tenure-24599,complete,0
robyis01:2020,robyis01,2020,complex:same-day-ambiguity,tenure-24600,complete,0
robyis01:2022,robyis01,2022,complex:repeated-intervals|complex:same-day-ambiguity,tenure-24602|tenure-24603|tenure-24604|tenure-24605|tenure-24606|tenure-24607,complete,0
roddyda01:2025,roddyda01,2025,complex:three-plus-franchises,tenure-24627|tenure-24628|tenure-24629,complete,0
rolliph01:1961,rolliph01,1961,complex:three-plus-franchises,tenure-24706|tenure-24707|tenure-24708,complete,0
rondora01:2019,rondora01,2019,complex:repeated-intervals,tenure-24752|tenure-24753,complete,0
rotheir01:1948,rotheir01,1948,complex:three-plus-franchises,tenure-24852|tenure-24853|tenure-24854,complete,0
royaldo01:1997,royaldo01,1997,complex:three-plus-franchises,tenure-24900|tenure-24901|tenure-24902,complete,0
roziete01:2016,roziete01,2016,complex:repeated-intervals,tenure-24917|tenure-24918|tenure-24919|tenure-24920|tenure-24921|tenure-24922|tenure-24923,complete,0
roziete01:2020,roziete01,2020,complex:same-day-ambiguity,tenure-24927,complete,0
ruffimi01:2009,ruffimi01,2009,complex:same-day-ambiguity,tenure-24967,complete,0
russeda01:2018,russeda01,2018,complex:repeated-intervals|complex:same-day-ambiguity,tenure-25069|tenure-25070,complete,0
russeda01:2020,russeda01,2020,complex:same-day-ambiguity,tenure-25072|tenure-25073,complete,0
ryanma01:2025,ryanma01,2025,complex:repeated-intervals,tenure-25095|tenure-25096,complete,0
sacrero01:2013,sacrero01,2013,complex:repeated-intervals,tenure-25115|tenure-25116|tenure-25117|tenure-25118|tenure-25119|tenure-25120,complete,0
sailoke01:1948,sailoke01,1948,complex:three-plus-franchises,tenure-25131|tenure-25132|tenure-25133,complete,0
samanlu01:2020,samanlu01,2020,complex:repeated-intervals,tenure-25173|tenure-25174,complete,0
samanlu01:2021,samanlu01,2021,complex:repeated-intervals,tenure-25175|tenure-25176,complete,0
sambch01:2008,sambch01,2008,complex:repeated-intervals,tenure-25179|tenure-25180|tenure-25181,complete,0
sambch01:2009,sambch01,2009,complex:three-plus-franchises|complex:same-day-ambiguity,tenure-25182|tenure-25183|tenure-25184,complete,0
sampsja02:2015,sampsja02,2015,complex:repeated-intervals,tenure-25191|tenure-25192,complete,0
sampsja02:2019,sampsja02,2019,complex:repeated-intervals,tenure-25196|tenure-25197,complete,0
sampsja02:2020,sampsja02,2020,complex:repeated-intervals,tenure-25198|tenure-25199,complete,0
samuesa01:2011,samuesa01,2011,complex:repeated-intervals,tenure-25212|tenure-25213,complete,0
sanchpe01:2001,sanchpe01,2001,complex:repeated-intervals,tenure-25216|tenure-25217|tenure-25218,complete,0
sandela01:2011,sandela01,2011,complex:repeated-intervals,tenure-25228|tenure-25229,complete,0
sandela01:2017,sandela01,2017,complex:repeated-intervals,tenure-25234|tenure-25235|tenure-25236|tenure-25237|tenure-25238,complete,0
sarrol01:2022,sarrol01,2022,complex:repeated-intervals,tenure-25292|tenure-25293|tenure-25294,complete,0
satorto01:2020,satorto01,2020,complex:same-day-ambiguity,tenure-25309,complete,0
satorto01:2022,satorto01,2022,complex:three-plus-franchises,tenure-25311|tenure-25312|tenure-25313,complete,0
schakjo01:2022,schakjo01,2022,complex:repeated-intervals,tenure-25364|tenure-25365,complete,0
schefst01:1993,schefst01,1993,complex:repeated-intervals,tenure-25415|tenure-25416,complete,0
schofad01:2020,schofad01,2020,complex:repeated-intervals|complex:same-day-ambiguity,tenure-25461|tenure-25462|tenure-25463|tenure-25464|tenure-25465|tenure-25466|tenure-25467|tenure-25468|tenure-25469|tenure-25470|tenure-25471|tenure-25472|tenure-25473|tenure-25474|tenure-25475|tenure-25476,complete,0
schofad01:2022,schofad01,2022,complex:repeated-intervals,tenure-25477|tenure-25478,complete,0
schrode01:2014,schrode01,2014,complex:repeated-intervals,tenure-25501|tenure-25502,complete,0
schrode01:2025,schrode01,2025,complex:three-plus-franchises,tenure-25515|tenure-25516|tenure-25517,complete,0
schrode01:2026,schrode01,2026,complex:same-day-ambiguity,tenure-25518|tenure-25519,complete,0
schuldi01:1950,schuldi01,1950,complex:three-plus-franchises,tenure-25524|tenure-25525|tenure-25526,complete,0
scottmi01:2013,scottmi01,2013,complex:repeated-intervals,tenure-25600|tenure-25601,complete,0
scottmi01:2017,scottmi01,2017,complex:repeated-intervals,tenure-25605|tenure-25606|tenure-25607|tenure-25608,complete,0
scotttr01:2022,scotttr01,2022,complex:repeated-intervals,tenure-25628|tenure-25629,complete,0
scrubja01:2023,scrubja01,2023,complex:repeated-intervals,tenure-25633|tenure-25634,complete,0
seabrde01:2023,seabrde01,2023,complex:repeated-intervals,tenure-25639|tenure-25640,complete,0
selbyjo01:2012,selbyjo01,2012,complex:repeated-intervals,tenure-25694|tenure-25695|tenure-25696|tenure-25697,complete,0
seldewa01:2017,seldewa01,2017,complex:repeated-intervals,tenure-25699|tenure-25700|tenure-25701,complete,0
seldewa01:2018,seldewa01,2018,complex:repeated-intervals,tenure-25702|tenure-25703,complete,0
senesa01:2007,senesa01,2007,complex:repeated-intervals,tenure-25732|tenure-25733|tenure-25734,complete,0
senesa01:2008,senesa01,2008,complex:repeated-intervals,tenure-25735|tenure-25736,complete,0
sessira01:2008,sessira01,2008,complex:repeated-intervals,tenure-25766|tenure-25767,complete,0
seungha01:2006,seungha01,2006,complex:repeated-intervals,tenure-25783|tenure-25784,complete,0
sextoco01:2023,sextoco01,2023,complex:same-day-ambiguity,tenure-25790,complete,0
sharpda01:2022,sharpda01,2022,complex:repeated-intervals|complex:same-day-ambiguity,tenure-25861|tenure-25862|tenure-25863|tenure-25864|tenure-25865|tenure-25866|tenure-25867|tenure-25868|tenure-25869|tenure-25870|tenure-25871,complete,0
shawbr01:2002,shawbr01,2002,complex:repeated-intervals,tenure-25900|tenure-25901,complete,0
shengto01:2013,shengto01,2013,complex:repeated-intervals,tenure-25921|tenure-25922|tenure-25923|tenure-25924|tenure-25925|tenure-25926,complete,0
shengto01:2014,shengto01,2014,complex:repeated-intervals,tenure-25927|tenure-25928|tenure-25929|tenure-25930|tenure-25931|tenure-25932|tenure-25933,complete,0
sheppje01:1999,sheppje01,1999,complex:repeated-intervals,tenure-25937|tenure-25938|tenure-25939,complete,0
shumajo01:1980,shumajo01,1980,complex:three-plus-franchises,tenure-25983|tenure-25984|tenure-25985,complete,0
shumpim01:2021,shumpim01,2021,complex:repeated-intervals,tenure-25999|tenure-26000,complete,0
shvedal01:2015,shvedal01,2015,complex:three-plus-franchises,tenure-26003|tenure-26004|tenure-26005,complete,0
siakapa01:2017,siakapa01,2017,complex:repeated-intervals|complex:same-day-ambiguity,tenure-26006|tenure-26007|tenure-26008|tenure-26009|tenure-26010|tenure-26011|tenure-26012|tenure-26013|tenure-26014|tenure-26015|tenure-26016|tenure-26017|tenure-26018,complete,0
silerga01:2011,silerga01,2011,complex:repeated-intervals,tenure-26094|tenure-26095,complete,0
silvach01:2020,silvach01,2020,complex:repeated-intervals,tenure-26097|tenure-26098,complete,0
silvach01:2022,silvach01,2022,complex:repeated-intervals,tenure-26101|tenure-26102|tenure-26103,complete,0
simmobo01:2003,simmobo01,2003,complex:repeated-intervals,tenure-26116|tenure-26117,complete,0
simmoce01:2008,simmoce01,2008,complex:repeated-intervals,tenure-26127|tenure-26128|tenure-26129|tenure-26130,complete,0
simmojo02:2016,simmojo02,2016,complex:repeated-intervals,tenure-26146|tenure-26147|tenure-26148|tenure-26149|tenure-26150,complete,0
simmoko01:2019,simmoko01,2019,complex:repeated-intervals,tenure-26156|tenure-26157|tenure-26158|tenure-26159,complete,0
simonan01:2019,simonan01,2019,complex:repeated-intervals,tenure-26169|tenure-26170,complete,0
simonma01:2022,simonma01,2022,complex:repeated-intervals,tenure-26179|tenure-26180|tenure-26181|tenure-26182,complete,0
simpsza01:2022,simpsza01,2022,complex:repeated-intervals,tenure-26202|tenure-26203,complete,0
simsco01:2008,simsco01,2008,complex:repeated-intervals,tenure-26208|tenure-26209,complete,0
simsco01:2009,simsco01,2009,complex:repeated-intervals,tenure-26210|tenure-26211|tenure-26212,complete,0
simshe01:2014,simshe01,2014,complex:repeated-intervals,tenure-26215|tenure-26216|tenure-26217|tenure-26218,complete,0
sirvyde01:2022,sirvyde01,2022,complex:repeated-intervals,tenure-26251|tenure-26252,complete,0
sivape01:2014,sivape01,2014,complex:repeated-intervals,tenure-26254|tenure-26255,complete,0
skapidm01:2024,skapidm01,2024,complex:repeated-intervals,tenure-26256|tenure-26257,complete,0
skinnbr01:2011,skinnbr01,2011,complex:repeated-intervals,tenure-26288|tenure-26289,complete,0
slatere01:1996,slatere01,1996,complex:three-plus-franchises,tenure-26301|tenure-26302|tenure-26303,complete,0
sloando01:2012,sloando01,2012,complex:three-plus-franchises,tenure-26318|tenure-26319|tenure-26320,complete,0
smailal01:2020,smailal01,2020,complex:repeated-intervals|complex:same-day-ambiguity,tenure-26339|tenure-26340|tenure-26341|tenure-26342,complete,0
smailal01:2021,smailal01,2021,complex:repeated-intervals,tenure-26343|tenure-26344,complete,0
smartja01:2022,smartja01,2022,complex:repeated-intervals,tenure-26346|tenure-26347|tenure-26348,complete,0
smartma01:2015,smartma01,2015,complex:repeated-intervals,tenure-26351|tenure-26352,complete,0
smithch02:1991,smithch02,1991,complex:repeated-intervals,tenure-26412|tenure-26413,complete,0
smithch05:2014,smithch05,2014,complex:repeated-intervals,tenure-26425|tenure-26426,complete,0
smithdo04:2006,smithdo04,2006,complex:repeated-intervals,tenure-26463|tenure-26464,complete,0
smithdr01:2023,smithdr01,2023,complex:repeated-intervals,tenure-26465|tenure-26466|tenure-26467,complete,0
smithgr02:2012,smithgr02,2012,complex:repeated-intervals,tenure-26493|tenure-26494|tenure-26495,complete,0
smithis01:2011,smithis01,2011,complex:repeated-intervals,tenure-26500|tenure-26501|tenure-26502|tenure-26503,complete,0
smithja02:2019,smithja02,2019,complex:three-plus-franchises,tenure-26537|tenure-26538|tenure-26539,complete,0
smithjo02:2001,smithjo02,2001,complex:same-day-ambiguity,tenure-26560,complete,0
smithke01:1997,smithke01,1997,complex:three-plus-franchises,tenure-26617|tenure-26618|tenure-26619,complete,0
smithle01:2002,smithle01,2002,complex:repeated-intervals,tenure-26638|tenure-26639,complete,0
smithru01:2015,smithru01,2015,complex:repeated-intervals,tenure-26700|tenure-26701|tenure-26702|tenure-26703|tenure-26704|tenure-26705|tenure-26706,complete,0
smithru01:2016,smithru01,2016,complex:repeated-intervals,tenure-26707|tenure-26708|tenure-26709,complete,0
smithzh01:2019,smithzh01,2019,complex:repeated-intervals,tenure-26753|tenure-26754,complete,0
smithzh01:2020,smithzh01,2020,complex:repeated-intervals,tenure-26755|tenure-26756|tenure-26757|tenure-26758|tenure-26759,complete,0
sneedxa01:2023,sneedxa01,2023,complex:repeated-intervals,tenure-26784|tenure-26785,complete,0
sowpa01:2006,sowpa01,2006,complex:repeated-intervals,tenure-26874|tenure-26875,complete,0
spaldra01:2019,spaldra01,2019,complex:repeated-intervals|complex:same-day-ambiguity,tenure-26877|tenure-26878|tenure-26879,complete,0
spellom01:2019,spellom01,2019,complex:repeated-intervals,tenure-26930|tenure-26931,complete,0
splitti01:2017,splitti01,2017,complex:repeated-intervals,tenure-26969|tenure-26970,complete,0
sprinja01:2022,sprinja01,2022,complex:repeated-intervals,tenure-26994|tenure-26995|tenure-26996,complete,0
stanlca01:2022,stanlca01,2022,complex:repeated-intervals|complex:same-day-ambiguity,tenure-27049|tenure-27050|tenure-27051|tenure-27052,complete,0
stausni01:2019,stausni01,2019,complex:same-day-ambiguity,tenure-27076|tenure-27077,complete,0
stausni01:2022,stausni01,2022,complex:repeated-intervals,tenure-27078|tenure-27079|tenure-27080|tenure-27081,complete,0
stavela01:1964,stavela01,1964,complex:three-plus-franchises,tenure-27086|tenure-27087|tenure-27088,complete,0
steigma01:1997,steigma01,1997,complex:repeated-intervals,tenure-27098|tenure-27099,complete,0
stephal01:2016,stephal01,2016,complex:repeated-intervals,tenure-27106|tenure-27107|tenure-27108,complete,0
stephjo01:1997,stephjo01,1997,complex:repeated-intervals,tenure-27114|tenure-27115,complete,0
stephla01:2017,stephla01,2017,complex:three-plus-franchises,tenure-27125|tenure-27126|tenure-27127,complete,0
stephla01:2022,stephla01,2022,complex:repeated-intervals|complex:same-day-ambiguity,tenure-27130|tenure-27131|tenure-27132,complete,0
steppbr01:1987,steppbr01,1987,complex:repeated-intervals,tenure-27136|tenure-27137,complete,0
stivral01:1993,stivral01,1993,complex:three-plus-franchises|complex:repeated-intervals,tenure-27209|tenure-27210|tenure-27211|tenure-27212|tenure-27213,complete,0
stojape01:2011,stojape01,2011,complex:three-plus-franchises,tenure-27248|tenure-27249|tenure-27250,complete,0
stokeja01:2015,stokeja01,2015,complex:repeated-intervals,tenure-27254|tenure-27255|tenure-27256|tenure-27257|tenure-27258|tenure-27259,complete,0
stokeja01:2016,stokeja01,2016,complex:repeated-intervals,tenure-27260|tenure-27261|tenure-27262|tenure-27263|tenure-27264|tenure-27265|tenure-27266|tenure-27267,complete,0
stonedi01:2017,stonedi01,2017,complex:repeated-intervals,tenure-27273|tenure-27274|tenure-27275|tenure-27276,complete,0
stoneju01:2012,stoneju01,2012,complex:repeated-intervals,tenure-27277|tenure-27278,complete,0
stoneju01:2018,stoneju01,2018,complex:repeated-intervals,tenure-27281|tenure-27282|tenure-27283|tenure-27284,complete,0
strawdj01:2008,strawdj01,2008,complex:repeated-intervals,tenure-27322|tenure-27323,complete,0
stricer01:1997,stricer01,1997,complex:repeated-intervals,tenure-27331|tenure-27332,complete,0
stricma01:1997,stricma01,1997,complex:repeated-intervals,tenure-27343|tenure-27344,complete,0
stricma01:2002,stricma01,2002,complex:repeated-intervals,tenure-27350|tenure-27351,complete,0
stroejo01:1989,stroejo01,1989,complex:repeated-intervals,tenure-27375|tenure-27376|tenure-27377,complete,0
strusma01:2024,strusma01,2024,complex:same-day-ambiguity,tenure-27395,complete,0
sullija01:2017,sullija01,2017,complex:repeated-intervals,tenure-27425|tenure-27426|tenure-27427,complete,0
sumneed01:2019,sumneed01,2019,complex:repeated-intervals,tenure-27433|tenure-27434,complete,0
sumneed01:2020,sumneed01,2020,complex:repeated-intervals,tenure-27435|tenure-27436|tenure-27437|tenure-27438,complete,0
swanica01:2018,swanica01,2018,complex:repeated-intervals,tenure-27481|tenure-27482,complete,0
swanica01:2019,swanica01,2019,complex:repeated-intervals,tenure-27483|tenure-27484|tenure-27485,complete,0
swanica01:2020,swanica01,2020,complex:repeated-intervals|complex:same-day-ambiguity,tenure-27486|tenure-27487|tenure-27488|tenure-27489,complete,0
swordcr01:2022,swordcr01,2022,complex:repeated-intervals,tenure-27516|tenure-27517,complete,0
sykeske01:2022,sykeske01,2022,complex:repeated-intervals,tenure-27519|tenure-27520,complete,0
sypa01:2011,sypa01,2011,complex:repeated-intervals,tenure-27522|tenure-27523,complete,0
szabobr01:1997,szabobr01,1997,complex:repeated-intervals,tenure-27524|tenure-27525,complete,0
tavarwa01:2016,tavarwa01,2016,complex:repeated-intervals,tenure-27578|tenure-27579|tenure-27580|tenure-27581|tenure-27582|tenure-27583|tenure-27584|tenure-27585|tenure-27586|tenure-27587|tenure-27588,complete,0
taylois01:2017,taylois01,2017,complex:repeated-intervals,tenure-27604|tenure-27605|tenure-27606|tenure-27607|tenure-27608|tenure-27609|tenure-27610|tenure-27611,complete,0
taylois01:2018,taylois01,2018,complex:repeated-intervals,tenure-27612|tenure-27613|tenure-27614,complete,0
tayloje02:2010,tayloje02,2010,complex:repeated-intervals,tenure-27618|tenure-27619|tenure-27620|tenure-27621,complete,0
tayloje03:2015,tayloje03,2015,complex:repeated-intervals,tenure-27626|tenure-27627,complete,0
taylote01:2022,taylote01,2022,complex:repeated-intervals,tenure-27644|tenure-27645,complete,0
tayloty01:2013,tayloty01,2013,complex:repeated-intervals,tenure-27650|tenure-27651|tenure-27652|tenure-27653|tenure-27654,complete,0
tayloty01:2014,tayloty01,2014,complex:repeated-intervals,tenure-27655|tenure-27656|tenure-27657|tenure-27658,complete,0
teaguma01:2014,teaguma01,2014,complex:repeated-intervals,tenure-27687|tenure-27688|tenure-27689,complete,0
templga01:2010,templga01,2010,complex:three-plus-franchises|complex:repeated-intervals,tenure-27710|tenure-27711|tenure-27712|tenure-27713,complete,0
templga01:2011,templga01,2011,complex:three-plus-franchises,tenure-27714|tenure-27715|tenure-27716,complete,0
templga01:2022,templga01,2022,complex:same-day-ambiguity,tenure-27727,complete,0
teodomi01:2018,teodomi01,2018,complex:same-day-ambiguity,tenure-27732,complete,0
terryda01:2026,terryda01,2026,complex:same-day-ambiguity,tenure-27750|tenure-27751,complete,0
terryem01:2019,terryem01,2019,complex:repeated-intervals|complex:same-day-ambiguity,tenure-27752|tenure-27753|tenure-27754,complete,0
terryty01:2021,terryty01,2021,complex:repeated-intervals,tenure-27775|tenure-27776,complete,0
thabeha01:2010,thabeha01,2010,complex:repeated-intervals,tenure-27779|tenure-27780,complete,0
thabeha01:2011,thabeha01,2011,complex:repeated-intervals,tenure-27781|tenure-27782|tenure-27783,complete,0
theisda01:2022,theisda01,2022,complex:same-day-ambiguity,tenure-27797|tenure-27798,complete,0
thirdda01:1985,thirdda01,1985,complex:three-plus-franchises,tenure-27826|tenure-27827|tenure-27828,complete,0
thomabi01:2006,thomabi01,2006,complex:same-day-ambiguity,tenure-27834,complete,0
thomaca01:1998,thomaca01,1998,complex:three-plus-franchises|complex:repeated-intervals,tenure-27842|tenure-27843|tenure-27844|tenure-27845,complete,0
thomaca02:2022,thomaca02,2022,complex:repeated-intervals|complex:same-day-ambiguity,tenure-27846|tenure-27847|tenure-27848,complete,0
thomais02:2018,thomais02,2018,complex:same-day-ambiguity,tenure-27885|tenure-27886,complete,0
thomais02:2022,thomais02,2022,complex:three-plus-franchises,tenure-27890|tenure-27891|tenure-27892,complete,0
thomaja01:2000,thomaja01,2000,complex:repeated-intervals,tenure-27894|tenure-27895|tenure-27896,complete,0
thomajo02:2006,thomajo02,2006,complex:three-plus-franchises,tenure-27912|tenure-27913|tenure-27914,complete,0
thomakh01:2019,thomakh01,2019,complex:repeated-intervals|complex:same-day-ambiguity,tenure-27928|tenure-27929|tenure-27930|tenure-27931|tenure-27932|tenure-27933|tenure-27934|tenure-27935,complete,0
thomakh01:2020,thomakh01,2020,complex:repeated-intervals,tenure-27936|tenure-27937,complete,0
thomakh01:2021,thomakh01,2021,complex:repeated-intervals,tenure-27938|tenure-27939,complete,0
thomala01:2012,thomala01,2012,complex:repeated-intervals,tenure-27959|tenure-27960,complete,0
thomala01:2015,thomala01,2015,complex:repeated-intervals,tenure-27963|tenure-27964|tenure-27965,complete,0
thomala01:2020,thomala01,2020,complex:repeated-intervals,tenure-27970|tenure-27971,complete,0
thomama01:2012,thomama01,2012,complex:repeated-intervals|complex:same-day-ambiguity,tenure-27972|tenure-27973,complete,0
thomama01:2013,thomama01,2013,complex:repeated-intervals,tenure-27974|tenure-27975|tenure-27976,complete,0
thomama01:2014,thomama01,2014,complex:repeated-intervals,tenure-27977|tenure-27978|tenure-27979|tenure-27980|tenure-27981|tenure-27982,complete,0
thomama01:2015,thomama01,2015,complex:repeated-intervals,tenure-27983|tenure-27984,complete,0
thomama02:2020,thomama02,2020,complex:repeated-intervals,tenure-27985|tenure-27986,complete,0
thomati01:2009,thomati01,2009,complex:three-plus-franchises,tenure-28005|tenure-28006|tenure-28007,complete,0
thompbr01:1998,thompbr01,1998,complex:repeated-intervals,tenure-28039|tenure-28040|tenure-28041,complete,0
thompdi01:2006,thompdi01,2006,complex:repeated-intervals,tenure-28051|tenure-28052,complete,0
thompkl01:2025,thompkl01,2025,complex:same-day-ambiguity,tenure-28084,complete,0
thompst01:1992,thompst01,1992,complex:repeated-intervals,tenure-28121|tenure-28122|tenure-28123,complete,0
thomptr01:2022,thomptr01,2022,complex:three-plus-franchises,tenure-28134|tenure-28135|tenure-28136,complete,0
thorjt01:2022,thorjt01,2022,complex:repeated-intervals,tenure-28141|tenure-28142|tenure-28143|tenure-28144|tenure-28145|tenure-28146|tenure-28147|tenure-28148|tenure-28149|tenure-28150,complete,0
thornsi01:2018,thornsi01,2018,complex:repeated-intervals|complex:same-day-ambiguity,tenure-28191|tenure-28192,complete,0
thornsi01:2019,thornsi01,2019,complex:repeated-intervals,tenure-28193|tenure-28194|tenure-28195|tenure-28196,complete,0
thornsi01:2021,thornsi01,2021,complex:repeated-intervals,tenure-28198|tenure-28199|tenure-28200,complete,0
tobeymi01:2017,tobeymi01,2017,complex:repeated-intervals,tenure-28304|tenure-28305,complete,0
toddis01:2022,toddis01,2022,complex:repeated-intervals,tenure-28306|tenure-28307|tenure-28308|tenure-28309|tenure-28310|tenure-28311|tenure-28312|tenure-28313,complete,0
tolbeto01:1990,tolbeto01,1990,complex:repeated-intervals,tenure-28327|tenure-28328,complete,0
tollian01:2009,tollian01,2009,complex:repeated-intervals,tenure-28334|tenure-28335,complete,0
tollian01:2020,tollian01,2020,complex:three-plus-franchises,tenure-28348|tenure-28349|tenure-28350,complete,0
tomlina01:2025,tomlina01,2025,complex:same-day-ambiguity,tenure-28366,complete,0
toolsan01:1996,toolsan01,1996,complex:repeated-intervals,tenure-28386|tenure-28387,complete,0
toppija01:2024,toppija01,2024,complex:same-day-ambiguity,tenure-28395,complete,0
toscaju01:2020,toscaju01,2020,complex:repeated-intervals,tenure-28417|tenure-28418,complete,0
toupaax01:2017,toupaax01,2017,complex:repeated-intervals|complex:same-day-ambiguity,tenure-28431|tenure-28432|tenure-28433,complete,0
townsra01:1982,townsra01,1982,complex:repeated-intervals,tenure-28460|tenure-28461,complete,0
trentga02:2019,trentga02,2019,complex:repeated-intervals,tenure-28494|tenure-28495,complete,0
tuckeal02:2008,tuckeal02,2008,complex:repeated-intervals,tenure-28567|tenure-28568|tenure-28569|tenure-28570,complete,0
tuckeal02:2009,tuckeal02,2009,complex:repeated-intervals,tenure-28571|tenure-28572,complete,0
tuckepj01:2007,tuckepj01,2007,complex:repeated-intervals|complex:same-day-ambiguity,tenure-28579|tenure-28580|tenure-28581,complete,0
tuckera01:2020,tuckera01,2020,complex:repeated-intervals,tenure-28598|tenure-28599,complete,0
tuckera01:2022,tuckera01,2022,complex:repeated-intervals,tenure-28601|tenure-28602|tenure-28603,complete,0
turnean01:1990,turnean01,1990,complex:repeated-intervals,tenure-28647|tenure-28648|tenure-28649,complete,0
tylerje01:2012,tylerje01,2012,complex:repeated-intervals,tenure-28727|tenure-28728,complete,0
tylerje01:2013,tylerje01,2013,complex:repeated-intervals,tenure-28729|tenure-28730|tenure-28731|tenure-28732|tenure-28733|tenure-28734,complete,0
tylerje01:2014,tylerje01,2014,complex:repeated-intervals,tenure-28735|tenure-28736,complete,0
ulisty01:2017,ulisty01,2017,complex:repeated-intervals,tenure-28792|tenure-28793,complete,0
umudest01:2023,umudest01,2023,complex:repeated-intervals,tenure-28796|tenure-28797,complete,0
umudest01:2026,umudest01,2026,complex:repeated-intervals,tenure-28800|tenure-28801,complete,0
upshake01:1990,upshake01,1990,complex:three-plus-franchises|complex:repeated-intervals,tenure-28818|tenure-28819|tenure-28820|tenure-28821,complete,0
upshake01:1991,upshake01,1991,complex:repeated-intervals,tenure-28822|tenure-28823|tenure-28824,complete,0
uthofja01:2017,uthofja01,2017,complex:repeated-intervals,tenure-28825|tenure-28826|tenure-28827,complete,0
uthofja01:2020,uthofja01,2020,complex:repeated-intervals,tenure-28828|tenure-28829|tenure-28830,complete,0
uzohbe01:2011,uzohbe01,2011,complex:repeated-intervals,tenure-28831|tenure-28832,complete,0
valanjo01:2025,valanjo01,2025,complex:same-day-ambiguity,tenure-28848|tenure-28849,complete,0
valende01:2017,valende01,2017,complex:repeated-intervals,tenure-28861|tenure-28862|tenure-28863,complete,0
valende01:2020,valende01,2020,complex:repeated-intervals|complex:same-day-ambiguity,tenure-28865|tenure-28866,complete,0
vandeja01:2019,vandeja01,2019,complex:repeated-intervals,tenure-28923|tenure-28924,complete,0
vandeja01:2020,vandeja01,2020,complex:repeated-intervals,tenure-28925|tenure-28926|tenure-28927|tenure-28928,complete,0
vanvlfr01:2017,vanvlfr01,2017,complex:repeated-intervals|complex:same-day-ambiguity,tenure-28990|tenure-28991|tenure-28992|tenure-28993|tenure-28994|tenure-28995|tenure-28996|tenure-28997|tenure-28998|tenure-28999|tenure-29000|tenure-29001|tenure-29002|tenure-29003|tenure-29004|tenure-29005,complete,0
varnaja01:2013,varnaja01,2013,complex:repeated-intervals,tenure-29030|tenure-29031|tenure-29032|tenure-29033|tenure-29034|tenure-29035,complete,0
vaughda02:1998,vaughda02,1998,complex:three-plus-franchises,tenure-29060|tenure-29061|tenure-29062,complete,0
vaughra01:2016,vaughra01,2016,complex:repeated-intervals,tenure-29088|tenure-29089,complete,0
vaughra01:2017,vaughra01,2017,complex:repeated-intervals,tenure-29090|tenure-29091|tenure-29092,complete,0
vaughra01:2018,vaughra01,2018,complex:three-plus-franchises,tenure-29093|tenure-29094|tenure-29095,complete,0
vincima01:2007,vincima01,2007,complex:repeated-intervals,tenure-29149|tenure-29150|tenure-29151,complete,0
vonleno01:2015,vonleno01,2015,complex:repeated-intervals,tenure-29160|tenure-29161,complete,0
vonleno01:2018,vonleno01,2018,complex:same-day-ambiguity,tenure-29164|tenure-29165,complete,0
wafervo01:2006,wafervo01,2006,complex:repeated-intervals,tenure-29256|tenure-29257,complete,0
wagnemo01:2019,wagnemo01,2019,complex:repeated-intervals,tenure-29277|tenure-29278|tenure-29279|tenure-29280|tenure-29281|tenure-29282|tenure-29283,complete,0
wagnemo01:2021,wagnemo01,2021,complex:three-plus-franchises,tenure-29285|tenure-29286|tenure-29287,complete,0
waitedi01:2019,waitedi01,2019,complex:repeated-intervals,tenure-29304|tenure-29305,complete,0
walkebi01:2009,walkebi01,2009,complex:repeated-intervals,tenure-29330|tenure-29331,complete,0
walkebi01:2010,walkebi01,2010,complex:repeated-intervals,tenure-29332|tenure-29333|tenure-29334,complete,0
walkeke02:2020,walkeke02,2020,complex:same-day-ambiguity,tenure-29410,complete,0
walkelo01:2019,walkelo01,2019,complex:repeated-intervals,tenure-29414|tenure-29415|tenure-29416|tenure-29417|tenure-29418|tenure-29419|tenure-29420|tenure-29421|tenure-29422|tenure-29423|tenure-29424|tenure-29425,complete,0
wallara01:2004,wallara01,2004,complex:three-plus-franchises,tenure-29515|tenure-29516|tenure-29517,complete,0
wallaty01:2020,wallaty01,2020,complex:repeated-intervals,tenure-29529|tenure-29530|tenure-29531,complete,0
waltode01:2020,waltode01,2020,complex:repeated-intervals|complex:same-day-ambiguity,tenure-29581|tenure-29582|tenure-29583|tenure-29584|tenure-29585,complete,0
waltode01:2022,waltode01,2022,complex:repeated-intervals,tenure-29586|tenure-29587,complete,0
wanambr01:2019,wanambr01,2019,complex:repeated-intervals,tenure-29604|tenure-29605|tenure-29606,complete,0
warneja01:2018,warneja01,2018,complex:repeated-intervals,tenure-29664|tenure-29665,complete,0
warretj01:2015,warretj01,2015,complex:repeated-intervals,tenure-29671|tenure-29672|tenure-29673,complete,0
warrewi01:2011,warrewi01,2011,complex:repeated-intervals,tenure-29683|tenure-29684|tenure-29685,complete,0
washida01:2008,washida01,2008,complex:repeated-intervals|complex:same-day-ambiguity,tenure-29707|tenure-29708|tenure-29709,complete,0
washity02:2026,washity02,2026,complex:repeated-intervals,tenure-29762|tenure-29763,complete,0
watanyu01:2022,watanyu01,2022,complex:repeated-intervals,tenure-29770|tenure-29771,complete,0
wearda01:2015,wearda01,2015,complex:repeated-intervals,tenure-29845|tenure-29846,complete,0
weartr01:2018,weartr01,2018,complex:repeated-intervals,tenure-29848|tenure-29849|tenure-29850,complete,0
weathqu01:2022,weathqu01,2022,complex:repeated-intervals,tenure-29876|tenure-29877,complete,0
weaveky01:2009,weaveky01,2009,complex:repeated-intervals,tenure-29878|tenure-29879|tenure-29880,complete,0
weaveky01:2010,weaveky01,2010,complex:repeated-intervals,tenure-29881|tenure-29882|tenure-29883|tenure-29884,complete,0
weberbr01:2016,weberbr01,2016,complex:repeated-intervals,tenure-29921|tenure-29922|tenure-29923,complete,0
weberbr01:2017,weberbr01,2017,complex:repeated-intervals,tenure-29924|tenure-29925|tenure-29926,complete,0
webstma02:2006,webstma02,2006,complex:repeated-intervals,tenure-29941|tenure-29942,complete,0
weemsso01:2009,weemsso01,2009,complex:repeated-intervals,tenure-29966|tenure-29967|tenure-29968|tenure-29969,complete,0
whatlen01:1986,whatlen01,1986,complex:three-plus-franchises,tenure-30186|tenure-30187|tenure-30188,complete,0
whitede01:2018,whitede01,2018,complex:repeated-intervals,tenure-30216|tenure-30217|tenure-30218|tenure-30219|tenure-30220|tenure-30221|tenure-30222|tenure-30223|tenure-30224|tenure-30225|tenure-30226|tenure-30227|tenure-30228|tenure-30229,complete,0
whitede01:2019,whitede01,2019,complex:repeated-intervals,tenure-30230|tenure-30231,complete,0
whitedj01:2009,whitedj01,2009,complex:repeated-intervals,tenure-30240|tenure-30241|tenure-30242|tenure-30243,complete,0
whitedj01:2010,whitedj01,2010,complex:repeated-intervals,tenure-30244|tenure-30245|tenure-30246|tenure-30247,complete,0
whiteha01:2011,whiteha01,2011,complex:repeated-intervals,tenure-30258|tenure-30259,complete,0
whiteha01:2012,whiteha01,2012,complex:repeated-intervals,tenure-30260|tenure-30261,complete,0
whiteha01:2015,whiteha01,2015,complex:repeated-intervals,tenure-30262|tenure-30263,complete,0
whiteis01:2018,whiteis01,2018,complex:repeated-intervals|complex:same-day-ambiguity,tenure-30275|tenure-30276|tenure-30277|tenure-30278|tenure-30279|tenure-30280|tenure-30281|tenure-30282|tenure-30283|tenure-30284,complete,0
whiteja02:2007,whiteja02,2007,complex:repeated-intervals,tenure-30293|tenure-30294|tenure-30295,complete,0
whiteja02:2013,whiteja02,2013,complex:repeated-intervals|complex:same-day-ambiguity,tenure-30297|tenure-30298,complete,0
whiteje01:1981,whiteje01,1981,complex:three-plus-franchises,tenure-30304|tenure-30305|tenure-30306,complete,0
whiteok01:2017,whiteok01,2017,complex:repeated-intervals,tenure-30329|tenure-30330|tenure-30331,complete,0
whiteok01:2019,whiteok01,2019,complex:repeated-intervals,tenure-30333|tenure-30334|tenure-30335,complete,0
whitero01:1984,whitero01,1984,complex:three-plus-franchises,tenure-30342|tenure-30343|tenure-30344,complete,0
whitero03:2014,whitero03,2014,complex:repeated-intervals|complex:same-day-ambiguity,tenure-30353|tenure-30354,complete,0
whiteto01:1988,whiteto01,1988,complex:three-plus-franchises,tenure-30361|tenure-30362|tenure-30363,complete,0
whitfdw01:1996,whitfdw01,1996,complex:repeated-intervals,tenure-30366|tenure-30367,complete,0
whittsh01:2015,whittsh01,2015,complex:repeated-intervals,tenure-30386|tenure-30387,complete,0
whittsh01:2016,whittsh01,2016,complex:repeated-intervals,tenure-30388|tenure-30389|tenure-30390|tenure-30391|tenure-30392|tenure-30393|tenure-30394|tenure-30395|tenure-30396,complete,0
wieskjo01:2022,wieskjo01,2022,complex:repeated-intervals,tenure-30409|tenure-30410|tenure-30411|tenure-30412|tenure-30413,complete,0
wiggili01:2023,wiggili01,2023,complex:repeated-intervals,tenure-30435|tenure-30436,complete,0
wilcocj01:2015,wilcocj01,2015,complex:repeated-intervals,tenure-30459|tenure-30460,complete,0
wilcocj01:2016,wilcocj01,2016,complex:repeated-intervals,tenure-30461|tenure-30462|tenure-30463|tenure-30464|tenure-30465,complete,0
wilcocj01:2017,wilcocj01,2017,complex:repeated-intervals|complex:same-day-ambiguity,tenure-30466|tenure-30467|tenure-30468,complete,0
wileymo01:1992,wileymo01,1992,complex:three-plus-franchises,tenure-30481|tenure-30482|tenure-30483,complete,0
wilkida02:2011,wilkida02,2011,complex:repeated-intervals,tenure-30539|tenure-30540,complete,0
wilksmi01:2003,wilksmi01,2003,complex:repeated-intervals,tenure-30586|tenure-30587|tenure-30588,complete,0
wilksmi01:2008,wilksmi01,2008,complex:three-plus-franchises|complex:repeated-intervals,tenure-30594|tenure-30595|tenure-30596|tenure-30597,complete,0
williaa01:1995,williaa01,1995,complex:repeated-intervals,tenure-30600|tenure-30601,complete,0
willial03:2017,willial03,2017,complex:repeated-intervals,tenure-30628|tenure-30629,complete,0
willial03:2018,willial03,2018,complex:repeated-intervals,tenure-30630|tenure-30631,complete,0
willial03:2019,willial03,2019,complex:repeated-intervals,tenure-30632|tenure-30633,complete,0
willicj01:2018,willicj01,2018,complex:repeated-intervals|complex:same-day-ambiguity,tenure-30678|tenure-30679,complete,0
williel01:2014,williel01,2014,complex:repeated-intervals,tenure-30730|tenure-30731,complete,0
willigr01:2020,willigr01,2020,complex:same-day-ambiguity,tenure-30760,complete,0
willihe01:1996,willihe01,1996,complex:repeated-intervals,tenure-30796|tenure-30797|tenure-30798,complete,0
willija04:2009,willija04,2009,complex:repeated-intervals,tenure-30838|tenure-30839,complete,0
willijo03:2012,willijo03,2012,complex:repeated-intervals,tenure-30881|tenure-30882,complete,0
willijo04:2019,willijo04,2019,complex:repeated-intervals,tenure-30883|tenure-30884,complete,0
willijo04:2020,willijo04,2020,complex:repeated-intervals,tenure-30885|tenure-30886,complete,0
williju01:2007,williju01,2007,complex:repeated-intervals,tenure-30887|tenure-30888,complete,0
willike02:2002,willike02,2002,complex:same-day-ambiguity,tenure-30916,complete,0
willike04:2019,willike04,2019,complex:repeated-intervals,tenure-30925|tenure-30926|tenure-30927|tenure-30928,complete,0
willike04:2021,willike04,2021,complex:same-day-ambiguity,tenure-30930,complete,0
willilo01:1993,willilo01,1993,complex:three-plus-franchises,tenure-30936|tenure-30937|tenure-30938,complete,0
willilo01:1994,willilo01,1994,complex:three-plus-franchises,tenure-30939|tenure-30940|tenure-30941,complete,0
willilo02:2007,willilo02,2007,complex:repeated-intervals,tenure-30948|tenure-30949,complete,0
willima04:2009,willima04,2009,complex:repeated-intervals,tenure-31005|tenure-31006,complete,0
willima05:2018,willima05,2018,complex:same-day-ambiguity,tenure-31007,complete,0
willini01:2020,willini01,2020,complex:repeated-intervals|complex:same-day-ambiguity,tenure-31049|tenure-31050|tenure-31051|tenure-31052|tenure-31053|tenure-31054|tenure-31055|tenure-31056|tenure-31057|tenure-31058,complete,0
willira01:1986,willira01,1986,complex:three-plus-franchises,tenure-31075|tenure-31076|tenure-31077,complete,0
willire01:1990,willire01,1990,complex:three-plus-franchises,tenure-31081|tenure-31082|tenure-31083,complete,0
willire02:2017,willire02,2017,complex:repeated-intervals,tenure-31099|tenure-31100,complete,0
williro04:2019,williro04,2019,complex:repeated-intervals,tenure-31112|tenure-31113|tenure-31114|tenure-31115|tenure-31116|tenure-31117,complete,0
willise01:2012,willise01,2012,complex:repeated-intervals|complex:same-day-ambiguity,tenure-31152|tenure-31153|tenure-31154|tenure-31155|tenure-31156,complete,0
willish03:2014,willish03,2014,complex:repeated-intervals,tenure-31180|tenure-31181,complete,0
willite01:2011,willite01,2011,complex:repeated-intervals,tenure-31192|tenure-31193|tenure-31194,complete,0
willitr02:2017,willitr02,2017,complex:repeated-intervals|complex:same-day-ambiguity,tenure-31200|tenure-31201|tenure-31202|tenure-31203|tenure-31204|tenure-31205|tenure-31206|tenure-31207|tenure-31208,complete,0
willitr02:2018,willitr02,2018,complex:repeated-intervals|complex:same-day-ambiguity,tenure-31209|tenure-31210|tenure-31211|tenure-31212|tenure-31213|tenure-31214|tenure-31215|tenure-31216,complete,0
willode01:2000,willode01,2000,complex:repeated-intervals,tenure-31259|tenure-31260,complete,0
wilsodj01:2018,wilsodj01,2018,complex:repeated-intervals,tenure-31267|tenure-31268|tenure-31269|tenure-31270|tenure-31271|tenure-31272|tenure-31273|tenure-31274,complete,0
wilsodj01:2019,wilsodj01,2019,complex:repeated-intervals,tenure-31275|tenure-31276|tenure-31277|tenure-31278,complete,0
wilsodj01:2020,wilsodj01,2020,complex:repeated-intervals,tenure-31279|tenure-31280|tenure-31281,complete,0
wiltjky01:2017,wiltjky01,2017,complex:repeated-intervals,tenure-31317|tenure-31318|tenure-31319|tenure-31320|tenure-31321|tenure-31322|tenure-31323|tenure-31324|tenure-31325|tenure-31326|tenure-31327|tenure-31328,complete,0
windldy01:2022,windldy01,2022,complex:repeated-intervals|complex:same-day-ambiguity,tenure-31335|tenure-31336|tenure-31337|tenure-31338|tenure-31339|tenure-31340,complete,0
windldy01:2024,windldy01,2024,complex:three-plus-franchises,tenure-31342|tenure-31343|tenure-31344,complete,0
wisemja01:2026,wisemja01,2026,complex:repeated-intervals,tenure-31405|tenure-31406,complete,0
woodaro01:2021,woodaro01,2021,complex:repeated-intervals,tenure-31467|tenure-31468,complete,0
woodaro01:2022,woodaro01,2022,complex:repeated-intervals,tenure-31469|tenure-31470|tenure-31471|tenure-31472|tenure-31473,complete,0
woodch01:2016,woodch01,2016,complex:repeated-intervals|complex:same-day-ambiguity,tenure-31475|tenure-31476|tenure-31477|tenure-31478|tenure-31479|tenure-31480,complete,0
woodch01:2017,woodch01,2017,complex:repeated-intervals,tenure-31481|tenure-31482|tenure-31483|tenure-31484,complete,0
woodch01:2019,woodch01,2019,complex:repeated-intervals,tenure-31485|tenure-31486|tenure-31487|tenure-31488|tenure-31489|tenure-31490|tenure-31491|tenure-31492|tenure-31493|tenure-31494|tenure-31495|tenure-31496|tenure-31497|tenure-31498|tenure-31499|tenure-31500|tenure-31501,complete,0
woodch01:2021,woodch01,2021,complex:same-day-ambiguity,tenure-31503,complete,0
woodda01:1996,woodda01,1996,complex:three-plus-franchises,tenure-31512|tenure-31513|tenure-31514,complete,0
wrighbr02:2006,wrighbr02,2006,complex:repeated-intervals,tenure-31605|tenure-31606|tenure-31607,complete,0
wrighbr03:2015,wrighbr03,2015,complex:three-plus-franchises,tenure-31616|tenure-31617|tenure-31618,complete,0
wrighch01:2012,wrighch01,2012,complex:repeated-intervals,tenure-31623|tenure-31624|tenure-31625|tenure-31626,complete,0
wrighch01:2014,wrighch01,2014,complex:repeated-intervals,tenure-31627|tenure-31628,complete,0
wrighde01:2016,wrighde01,2016,complex:repeated-intervals|complex:same-day-ambiguity,tenure-31630|tenure-31631|tenure-31632|tenure-31633|tenure-31634|tenure-31635|tenure-31636|tenure-31637|tenure-31638|tenure-31639|tenure-31640|tenure-31641|tenure-31642,complete,0
wrighde01:2017,wrighde01,2017,complex:repeated-intervals|complex:same-day-ambiguity,tenure-31643|tenure-31644|tenure-31645|tenure-31646,complete,0
wrighde01:2020,wrighde01,2020,complex:same-day-ambiguity,tenure-31650,complete,0
wrighdo01:2006,wrighdo01,2006,complex:repeated-intervals,tenure-31660|tenure-31661,complete,0
wrighho02:1991,wrighho02,1991,complex:three-plus-franchises,tenure-31672|tenure-31673|tenure-31674,complete,0
wrighho02:1993,wrighho02,1993,complex:repeated-intervals,tenure-31675|tenure-31676,complete,0
wrighmo01:2022,wrighmo01,2022,complex:repeated-intervals,tenure-31706|tenure-31707|tenure-31708,complete,0
wroteto01:2013,wroteto01,2013,complex:repeated-intervals,tenure-31714|tenure-31715|tenure-31716|tenure-31717,complete,0
wroteto01:2016,wroteto01,2016,complex:repeated-intervals,tenure-31720|tenure-31721,complete,0
yabusgu01:2018,yabusgu01,2018,complex:repeated-intervals,tenure-31723|tenure-31724|tenure-31725|tenure-31726|tenure-31727|tenure-31728|tenure-31729|tenure-31730|tenure-31731,complete,0
yabusgu01:2019,yabusgu01,2019,complex:repeated-intervals,tenure-31732|tenure-31733,complete,0
yorkga01:2023,yorkga01,2023,complex:repeated-intervals,tenure-31752|tenure-31753,complete,0
youngda01:1995,youngda01,1995,complex:repeated-intervals,tenure-31766|tenure-31767,complete,0
youngja01:2015,youngja01,2015,complex:repeated-intervals,tenure-31768|tenure-31769|tenure-31770|tenure-31771|tenure-31772|tenure-31773|tenure-31774|tenure-31775|tenure-31776|tenure-31777|tenure-31778|tenure-31779,complete,0
youngja01:2016,youngja01,2016,complex:repeated-intervals|complex:same-day-ambiguity,tenure-31780|tenure-31781|tenure-31782|tenure-31783|tenure-31784|tenure-31785|tenure-31786|tenure-31787|tenure-31788|tenure-31789|tenure-31790|tenure-31791,complete,0
youngjo01:2016,youngjo01,2016,complex:repeated-intervals,tenure-31796|tenure-31797|tenure-31798,complete,0
youngjo01:2017,youngjo01,2017,complex:repeated-intervals,tenure-31799|tenure-31800,complete,0
youngpe01:1987,youngpe01,1987,complex:repeated-intervals,tenure-31819|tenure-31820|tenure-31821,complete,0
youngsa01:2013,youngsa01,2013,complex:repeated-intervals,tenure-31826|tenure-31827,complete,0
yuesu01:2009,yuesu01,2009,complex:repeated-intervals,tenure-31858|tenure-31859|tenure-31860,complete,0
zasloma01:1954,zasloma01,1954,complex:three-plus-franchises,tenure-31872|tenure-31873|tenure-31874,complete,0
zimmest01:2017,zimmest01,2017,complex:repeated-intervals,tenure-31921|tenure-31922|tenure-31923|tenure-31924,complete,0
zipsepa01:2017,zipsepa01,2017,complex:repeated-intervals|complex:same-day-ambiguity,tenure-31925|tenure-31926|tenure-31927|tenure-31928,complete,0
zipsepa01:2018,zipsepa01,2018,complex:repeated-intervals,tenure-31929|tenure-31930,complete,0
zizican01:2018,zizican01,2018,complex:repeated-intervals|complex:same-day-ambiguity,tenure-31931|tenure-31932|tenure-31933|tenure-31934|tenure-31935|tenure-31936|tenure-31937|tenure-31938|tenure-31939|tenure-31940|tenure-31941|tenure-31942,complete,0
zubaciv01:2017,zubaciv01,2017,complex:repeated-intervals|complex:same-day-ambiguity,tenure-31947|tenure-31948|tenure-31949|tenure-31950|tenure-31951|tenure-31952|tenure-31953|tenure-31954|tenure-31955|tenure-31956|tenure-31957,complete,0
zubaciv01:2018,zubaciv01,2018,complex:repeated-intervals|complex:same-day-ambiguity,tenure-31958|tenure-31959|tenure-31960|tenure-31961|tenure-31962|tenure-31963|tenure-31964,complete,0
