audit_id,membership_group_present,current_csv_lines,same_interval_classes,graph_eligible_csv_lines
tenure-00082,True,82,inferred,
tenure-00089,True,89,inferred,
tenure-00090,True,90,unresolved,
tenure-00091,True,91,unresolved,
tenure-00102,True,102,,
tenure-00103,True,102,,
tenure-00140,True,143,cross-checked,
tenure-00151,True,154,,
tenure-00152,True,154,,
tenure-00153,True,154,,
tenure-00154,True,154,,
tenure-00155,True,154,,
tenure-00158,True,157|158,unresolved,
tenure-00159,True,157|158,cross-checked,
tenure-00203,True,202,cross-checked,
tenure-00204,True,203,cross-checked,
tenure-00205,True,204,directly-evidenced,204
tenure-00206,True,205|206,cross-checked,
tenure-00207,True,205|206,cross-checked,
tenure-00231,True,230,,
tenure-00232,True,230,,
tenure-00233,True,230,,
tenure-00234,True,231,,
tenure-00235,True,232,,
tenure-00253,True,250,,250
tenure-00254,True,250,,250
tenure-00270,True,266,inferred,
tenure-00272,True,268,,
tenure-00273,True,268,,
tenure-00284,True,279,,
tenure-00285,True,279,,
tenure-00286,True,279,,
tenure-00287,True,279,,
tenure-00288,True,280,,
tenure-00289,True,280,,
tenure-00296,True,287,directly-evidenced,287
tenure-00297,True,288,,
tenure-00298,True,288,,
tenure-00299,True,288,,
tenure-00300,True,288,,
tenure-00301,True,288,,
tenure-00302,True,288,,
tenure-00303,True,288,,
tenure-00309,True,294,,
tenure-00310,True,294,,
tenure-00311,True,294,,
tenure-00312,True,294,,
tenure-00316,True,298,,
tenure-00317,True,298,,
tenure-00340,True,321,,
tenure-00341,True,321,,
tenure-00357,True,337,,
tenure-00358,True,338|339,unresolved,
tenure-00359,True,338|339,cross-checked,
tenure-00360,True,340,,
tenure-00361,True,340,,
tenure-00369,True,348,unresolved,
tenure-00385,True,364,,
tenure-00386,True,364,,
tenure-00387,True,364,,
tenure-00388,True,364,,
tenure-00389,True,364,,
tenure-00390,True,364,,
tenure-00391,True,364,,
tenure-00392,True,364,,
tenure-00393,True,365,,
tenure-00394,True,365,,
tenure-00415,True,386|387,unresolved,
tenure-00416,True,386|387,cross-checked,
tenure-00432,True,403,unresolved,
tenure-00448,True,419|420|421|422,unresolved,
tenure-00449,True,419|420|421|422,,
tenure-00488,True,461,,
tenure-00489,True,461,,
tenure-00490,True,461,,
tenure-00491,True,461,,
tenure-00492,True,462,,
tenure-00493,True,462,,
tenure-00544,True,513,cross-checked,
tenure-00545,True,514,directly-evidenced,514
tenure-00546,True,515,unresolved,
tenure-00549,True,518,directly-evidenced,518
tenure-00550,True,519|520|521|522,directly-evidenced,519
tenure-00551,True,519|520|521|522,,519
tenure-00554,True,525|526,cross-checked,
tenure-00555,True,525|526,cross-checked,
tenure-00607,True,578,cross-checked,
tenure-00608,True,579,cross-checked,
tenure-00609,True,580,directly-evidenced,580
tenure-00616,True,587,,
tenure-00617,True,587,,
tenure-00618,True,587,,
tenure-00625,True,594|595,directly-evidenced,594|595
tenure-00626,True,594|595,directly-evidenced,594|595
tenure-00631,True,600,,
tenure-00632,True,600,,
tenure-00633,True,600,,
tenure-00634,True,600,,
tenure-00635,True,600,,
tenure-00636,True,600,,
tenure-00637,True,600,,
tenure-00643,True,607,cross-checked,
tenure-00644,True,608|609|610|611,unresolved,
tenure-00645,True,608|609|610|611,,
tenure-00665,True,631,,
tenure-00666,True,631,,
tenure-00667,True,631,,
tenure-00668,True,631,,
tenure-00669,True,631,,
tenure-00670,True,631,,
tenure-00671,True,631,,
tenure-00672,True,631,,
tenure-00682,True,641,unresolved,
tenure-00683,True,642,unresolved,
tenure-00684,True,643,directly-evidenced,643
tenure-00685,True,644,unresolved,
tenure-00686,True,645,directly-evidenced,645
tenure-00755,True,716,,
tenure-00756,True,716,,
tenure-00757,True,716,,
tenure-00758,True,716,,
tenure-00760,True,718,,
tenure-00761,True,718,,
tenure-00762,True,718,,
tenure-00763,True,718,,
tenure-00764,True,718,,
tenure-00765,True,718,,
tenure-00766,True,719,,
tenure-00767,True,719,,
tenure-00768,True,719,,
tenure-00769,True,719,,
tenure-00770,True,719,,
tenure-00771,True,719,,
tenure-00774,True,722|723,cross-checked,
tenure-00775,True,722|723,cross-checked,
tenure-00776,True,724,directly-evidenced,724
tenure-00797,True,745|746,unresolved,
tenure-00798,True,745|746,cross-checked,
tenure-00799,True,747,,
tenure-00800,True,747,,
tenure-00801,True,747,,
tenure-00845,True,791,,
tenure-00846,True,791,,
tenure-00856,True,801|802|803|804,unresolved,
tenure-00857,True,801|802|803|804,,
tenure-00870,True,817|818|819,unresolved,
tenure-00871,True,817|818|819,,
tenure-00877,True,825,directly-evidenced,825
tenure-00878,True,826,directly-evidenced,826
tenure-00879,True,827,cross-checked,
tenure-00880,True,828,unresolved,
tenure-00887,True,835,cross-checked,
tenure-00902,True,852,inferred,
tenure-00969,True,919,inferred,
tenure-00990,True,940,cross-checked,
tenure-00991,True,941,cross-checked,
tenure-00992,True,942,directly-evidenced,942
tenure-00995,True,945|946|947|948,directly-evidenced,945
tenure-00996,True,945|946|947|948,,945
tenure-00997,True,949,,
tenure-01064,True,1016,cross-checked,
tenure-01065,True,1017,directly-evidenced,1017
tenure-01066,True,1018,directly-evidenced,1018
tenure-01077,True,1029,inferred,
tenure-01105,True,1057,inferred,
tenure-01141,True,1093,,
tenure-01142,True,1093,,
tenure-01206,True,1158,,1158
tenure-01207,True,1158,,1158
tenure-01209,True,1160,,
tenure-01210,True,1160,,
tenure-01211,True,1160,,
tenure-01212,True,1160,,
tenure-01213,True,1160,,
tenure-01214,True,1160,,
tenure-01215,True,1160,,
tenure-01219,True,1166,,
tenure-01220,True,1166,,
tenure-01221,True,1166,,
tenure-01222,True,1167,,
tenure-01223,True,1167,,
tenure-01232,True,1176|1177,unresolved,1177
tenure-01233,True,1176|1177,directly-evidenced,1177
tenure-01234,True,1178,inferred,
tenure-01235,True,1179,,
tenure-01236,True,1179,,
tenure-01237,True,1179,,
tenure-01238,True,1179,,
tenure-01239,True,1180,,
tenure-01240,True,1180,,
tenure-01241,True,1180,,
tenure-01242,True,1180,,
tenure-01243,True,1180,,
tenure-01244,True,1180,,
tenure-01245,True,1180,,
tenure-01246,True,1180,,
tenure-01247,True,1180,,
tenure-01248,True,1180,,
tenure-01249,True,1180,,
tenure-01250,True,1181,,
tenure-01251,True,1181,,
tenure-01254,True,1184,inferred,
tenure-01321,True,1251,,
tenure-01322,True,1251,,
tenure-01326,True,1255,inferred,
tenure-01327,True,1256,,
tenure-01328,True,1256,,
tenure-01329,True,1256,,
tenure-01330,True,1256,,
tenure-01331,True,1256,,
tenure-01332,True,1256,,
tenure-01333,True,1257,,
tenure-01334,True,1257,,
tenure-01335,True,1257,,
tenure-01358,True,1280,unresolved,
tenure-01359,True,1281,unresolved,
tenure-01360,True,1282,unresolved,
tenure-01361,True,1283,,
tenure-01362,True,1283,,
tenure-01363,True,1283,,
tenure-01364,True,1283,,
tenure-01365,True,1283,,
tenure-01366,True,1283,,
tenure-01368,True,1286,unresolved,
tenure-01387,True,1305|1306,unresolved,1306
tenure-01388,True,1305|1306,directly-evidenced,1306
tenure-01399,True,1317,unresolved,
tenure-01402,True,1320,inferred,
tenure-01410,True,1328,directly-evidenced,1328
tenure-01412,True,1330,directly-evidenced,1330
tenure-01413,True,1331|1332|1333,directly-evidenced,1331|1333
tenure-01414,True,1331|1332|1333,,1331|1333
tenure-01447,True,1367,,
tenure-01448,True,1367,,
tenure-01449,True,1367,,
tenure-01450,True,1367,,
tenure-01451,True,1367,,
tenure-01452,True,1367,,
tenure-01453,True,1367,,
tenure-01454,True,1367,,
tenure-01455,True,1367,,
tenure-01456,True,1367,,
tenure-01457,True,1367,,
tenure-01458,True,1367,,
tenure-01459,True,1367,,
tenure-01469,True,1377,,
tenure-01472,True,1380,unresolved,
tenure-01495,True,1403|1404,directly-evidenced,1403|1404
tenure-01496,True,1403|1404,directly-evidenced,1403|1404
tenure-01499,True,1407,,
tenure-01500,True,1407,,
tenure-01524,True,1431,inferred,
tenure-01525,True,1432,inferred,
tenure-01526,True,1433,inferred,
tenure-01528,True,1435,directly-evidenced,1435
tenure-01529,True,1436,directly-evidenced,1436
tenure-01530,True,1437,cross-checked,
tenure-01549,True,1456,inferred,
tenure-01550,True,1457,inferred,
tenure-01610,True,1517,cross-checked,
tenure-01613,True,1520|1521,unresolved,
tenure-01614,True,1520|1521,cross-checked,
tenure-01645,True,1552,inferred,
tenure-01646,True,1553,unresolved,
tenure-01647,True,1554,inferred,
tenure-01648,True,1555,inferred,
tenure-01649,True,1556,unresolved,
tenure-01668,True,1575,inferred,
tenure-01669,True,1576,unresolved,
tenure-01685,True,1592,,
tenure-01686,True,1592,,
tenure-01690,True,1596,cross-checked,
tenure-01691,True,1597,directly-evidenced,1597
tenure-01692,True,1598,cross-checked,
tenure-01696,True,1602|1603|1604|1605,unresolved,
tenure-01697,True,1602|1603|1604|1605,,
tenure-01711,True,1619|1620,cross-checked,
tenure-01712,True,1619|1620,cross-checked,
tenure-01714,True,1622|1623|1624,unresolved,
tenure-01715,True,1622|1623|1624,,
tenure-01744,True,1653,unresolved,
tenure-01746,True,1655,inferred,
tenure-01761,True,1670,,
tenure-01762,True,1670,,
tenure-01763,True,1671|1672,unresolved,
tenure-01764,True,1671|1672,unresolved,
tenure-01765,True,1673,,
tenure-01766,True,1673,,
tenure-01775,True,1682,inferred,
tenure-01778,True,1685,,
tenure-01779,True,1685,,
tenure-01780,True,1685,,
tenure-01781,True,1685,,
tenure-01782,True,1685,,
tenure-01786,True,1689,,
tenure-01787,True,1690,unresolved,
tenure-01788,True,1691,unresolved,
tenure-01789,True,1692,,
tenure-01800,True,1704|1705,unresolved,
tenure-01801,True,1704|1705,cross-checked,
tenure-01811,True,1715,,
tenure-01812,True,1715,,
tenure-01813,True,1716,,
tenure-01814,True,1716,,
tenure-01815,True,1717,,
tenure-01816,True,1717,,
tenure-01894,True,1795,inferred,
tenure-01898,True,1799,cross-checked,
tenure-01899,True,1800,unresolved,
tenure-01900,True,1801,cross-checked,
tenure-01914,True,1815,,
tenure-01915,True,1815,,
tenure-01932,True,1832,,
tenure-01933,True,1832,,
tenure-01934,True,1832,,
tenure-01935,True,1832,,
tenure-01936,True,1832,,
tenure-01937,True,1832,,
tenure-01938,True,1833,,
tenure-01939,True,1833,,
tenure-01940,True,1833,,
tenure-01949,True,1842,,
tenure-01950,True,1842,,
tenure-01951,True,1842,,
tenure-01952,True,1842,,
tenure-01953,True,1842,,
tenure-01954,True,1842,,
tenure-01955,True,1843,,
tenure-01956,True,1843,,
tenure-01957,True,1843,,
tenure-01958,True,1844,cross-checked,
tenure-01968,True,1854,,
tenure-02001,True,1887,inferred,
tenure-02002,True,1888,inferred,
tenure-02004,True,1890,,
tenure-02005,True,1890,,
tenure-02006,True,1890,,
tenure-02007,True,1890,,
tenure-02008,True,1890,,
tenure-02009,True,1890,,
tenure-02010,True,1890,,
tenure-02041,True,1923,,
tenure-02042,True,1923,,
tenure-02047,True,1928,directly-evidenced,1928
tenure-02048,True,1929,unresolved,
tenure-02049,True,1930,unresolved,
tenure-02052,True,1933|1934,unresolved,1934
tenure-02053,True,1933|1934,directly-evidenced,1934
tenure-02057,True,1939,cross-checked,
tenure-02058,True,1940,unresolved,
tenure-02059,True,1941,cross-checked,
tenure-02076,True,1958,inferred,
tenure-02077,True,1959,,
tenure-02078,True,1960,,
tenure-02079,True,1961,cross-checked,
tenure-02084,True,1966,unresolved,
tenure-02085,True,1967,directly-evidenced,1967
tenure-02086,True,1968,cross-checked,
tenure-02087,True,1969,directly-evidenced,1969
tenure-02088,True,1970,directly-evidenced,1970
tenure-02089,True,1971,directly-evidenced,1971
tenure-02134,True,2016,,
tenure-02135,True,2016,,
tenure-02139,True,2020,cross-checked,
tenure-02140,True,2021|2022|2023,unresolved,
tenure-02141,True,2021|2022|2023,,
tenure-02160,True,2042,,
tenure-02161,True,2042,,
tenure-02162,True,2042,,
tenure-02163,True,2042,,
tenure-02164,True,2042,,
tenure-02165,True,2043,,
tenure-02166,True,2043,,
tenure-02167,True,2043,,
tenure-02180,True,2056|2057,,
tenure-02181,True,2058,,2058
tenure-02182,True,2058,,2058
tenure-02183,True,2058,,2058
tenure-02184,True,2058,,2058
tenure-02185,True,2058,,2058
tenure-02186,True,2058,,2058
tenure-02187,True,2058,,2058
tenure-02188,True,2058,,2058
tenure-02189,True,2058,,2058
tenure-02190,True,2058,,2058
tenure-02191,True,2058,,2058
tenure-02225,True,2093,,2093
tenure-02226,True,2093,,2093
tenure-02227,True,2093,,2093
tenure-02228,True,2093,,2093
tenure-02229,True,2093,,2093
tenure-02230,True,2094,,2094
tenure-02231,True,2094,,2094
tenure-02283,True,2146,,
tenure-02284,True,2146,,
tenure-02285,True,2146,,
tenure-02286,True,2146,,
tenure-02287,True,2146,,
tenure-02288,True,2147,,
tenure-02289,True,2147,,
tenure-02290,True,2147,,
tenure-02300,True,2157|2158,unresolved,2158
tenure-02301,True,2157|2158,directly-evidenced,2158
tenure-02314,True,2171,,
tenure-02315,True,2171,,
tenure-02336,True,2192|2193,unresolved,
tenure-02337,True,2192|2193,cross-checked,
tenure-02348,True,2204,inferred,
tenure-02372,True,2228,cross-checked,
tenure-02373,True,2229,cross-checked,
tenure-02374,True,2230,directly-evidenced,2230
tenure-02422,True,2278,cross-checked,
tenure-02426,True,2282,,
tenure-02427,True,2282,,
tenure-02428,True,2282,,
tenure-02429,True,2282,,
tenure-02430,True,2282,,
tenure-02431,True,2282,,
tenure-02432,True,2282,,
tenure-02433,True,2282,,
tenure-02434,True,2282,,
tenure-02468,True,2317,inferred,
tenure-02469,True,2318,,
tenure-02470,True,2318,,
tenure-02471,True,2318,,
tenure-02472,True,2318,,
tenure-02473,True,2318,,
tenure-02474,True,2318,,
tenure-02475,True,2318,,
tenure-02477,True,2320,,
tenure-02478,True,2320,,
tenure-02479,True,2320,,
tenure-02520,True,2363,cross-checked,
tenure-02521,True,2364,cross-checked,
tenure-02522,True,2365,directly-evidenced,2365
tenure-02526,True,2369,cross-checked,
tenure-02527,True,2370|2371,unresolved,2371
tenure-02528,True,2370|2371,directly-evidenced,2371
tenure-02546,True,2389,unresolved,
tenure-02547,True,2390,,
tenure-02548,True,2390,,
tenure-02549,True,2391,,
tenure-02550,True,2391,,
tenure-02551,True,2391,,
tenure-02552,True,2391,,
tenure-02553,True,2391,,
tenure-02554,True,2391,,
tenure-02567,True,2404,,
tenure-02568,True,2404,,
tenure-02585,True,2421,,
tenure-02586,True,2421,,
tenure-02587,True,2421,,
tenure-02592,True,2426|2427,unresolved,
tenure-02593,True,2426|2427,cross-checked,
tenure-02594,True,2428,,
tenure-02595,True,2428,,
tenure-02618,True,2451,,
tenure-02619,True,2451,,
tenure-02633,True,2465,inferred,
tenure-02646,True,2478,cross-checked,
tenure-02647,True,2479,cross-checked,
tenure-02648,True,2480,unresolved,
tenure-02649,True,2481,,
tenure-02676,True,2508,,
tenure-02677,True,2508,cross-checked,
tenure-02679,True,2510|2511,unresolved,2511
tenure-02680,True,2510|2511,directly-evidenced,2511
tenure-02695,True,2526|2527,directly-evidenced,2526|2527
tenure-02696,True,2526|2527,directly-evidenced,2526|2527
tenure-02697,True,2528|2529,directly-evidenced,2528|2529
tenure-02698,True,2528|2529,directly-evidenced,2528|2529
tenure-02785,True,2617,,
tenure-02786,True,2617,,
tenure-02787,True,2617,,
tenure-02788,True,2617,,
tenure-02789,True,2617,,
tenure-02790,True,2618,,
tenure-02791,True,2618,,
tenure-02792,True,2618,,
tenure-02793,True,2618,,
tenure-02794,True,2618,,
tenure-02795,True,2618,,
tenure-02796,True,2619,cross-checked,
tenure-02797,True,2620|2621,unresolved,
tenure-02798,True,2620|2621,cross-checked,
tenure-02802,True,2627,inferred,
tenure-02811,True,2636,directly-evidenced,2636
tenure-02812,True,2637,unresolved,
tenure-02813,True,2638,cross-checked,
tenure-02815,True,2640,,
tenure-02816,True,2640,,
tenure-02817,True,2640,,
tenure-02818,True,2640,,
tenure-02819,True,2640,,
tenure-02820,True,2640,,
tenure-02821,True,2640,,
tenure-02823,True,2642,,
tenure-02824,True,2642,,
tenure-02825,True,2642,,
tenure-02826,True,2642,,
tenure-02827,True,2642,,
tenure-02828,True,2642,,
tenure-02829,True,2642,,
tenure-02830,True,2642,,
tenure-02831,True,2642,,
tenure-02832,True,2642,,
tenure-02833,True,2642,,
tenure-02834,True,2642,,
tenure-02835,True,2642,,
tenure-02836,True,2642,,
tenure-02844,True,2650,cross-checked,
tenure-02845,True,2651|2652,cross-checked,2652
tenure-02846,True,2651|2652,directly-evidenced,2652
tenure-02847,True,2653,,
tenure-02850,True,2656,,
tenure-02851,True,2656,,
tenure-02852,True,2656,,
tenure-02853,True,2656,,
tenure-02854,True,2656,,
tenure-02855,True,2656,,
tenure-02856,True,2656,,
tenure-02857,True,2656,,
tenure-02858,True,2657,,
tenure-02859,True,2657,,
tenure-02860,True,2657,,
tenure-02862,True,2659,,
tenure-02863,True,2659,,
tenure-02864,True,2659,,
tenure-02865,True,2659,,
tenure-02866,True,2659,,
tenure-02867,True,2659,,
tenure-02868,True,2659,,
tenure-02869,True,2659,,
tenure-02870,True,2659,,
tenure-02871,True,2659,,
tenure-02914,True,2704,cross-checked,
tenure-02915,True,2705,cross-checked,
tenure-02916,True,2706,directly-evidenced,2706
tenure-02922,True,2712,unresolved,
tenure-02969,True,2759,inferred,
tenure-02992,True,2782,,
tenure-03005,True,2795|2796,,
tenure-03006,True,2795|2796,,
tenure-03007,True,2795|2796,,
tenure-03008,True,2795|2796,,
tenure-03009,True,2795|2796,,
tenure-03017,True,2804,,
tenure-03018,True,2804,,
tenure-03019,True,2804,,
tenure-03020,True,2804,,
tenure-03021,True,2804,,
tenure-03022,True,2804,,
tenure-03023,True,2804,,
tenure-03029,True,2810|2811,unresolved,
tenure-03030,True,2810|2811,cross-checked,
tenure-03031,True,2812,cross-checked,
tenure-03036,True,2817,inferred,
tenure-03038,True,2819,directly-evidenced,2819
tenure-03039,True,2820,cross-checked,
tenure-03040,True,2821,cross-checked,
tenure-03108,True,2891|2892|2893,directly-evidenced,2891
tenure-03109,True,2891|2892|2893,,2891
tenure-03110,True,2894,cross-checked,
tenure-03125,True,2910,cross-checked,
tenure-03135,True,2920,,
tenure-03136,True,2920,,
tenure-03137,True,2920,,
tenure-03138,True,2920,,
tenure-03139,True,2921,,
tenure-03140,True,2921,,
tenure-03147,True,2928,,
tenure-03148,True,2928,,
tenure-03186,True,2966,inferred,
tenure-03191,True,2971,directly-evidenced,2971
tenure-03192,True,2972,cross-checked,
tenure-03193,True,2973,directly-evidenced,2973
tenure-03209,True,2989,,
tenure-03210,True,2989,,
tenure-03211,True,2989,,
tenure-03212,True,2989,,
tenure-03213,True,2989,,
tenure-03214,True,2989,,
tenure-03215,True,2989,,
tenure-03216,True,2989,,
tenure-03217,True,2989,,
tenure-03218,True,2989,,
tenure-03219,True,2989,,
tenure-03220,True,2989,,
tenure-03221,True,2989,,
tenure-03222,True,2989,,
tenure-03223,True,2989,,
tenure-03224,True,2989,,
tenure-03225,True,2990,,
tenure-03226,True,2990,,
tenure-03227,True,2990,,
tenure-03228,True,2990,,
tenure-03229,True,2990,,
tenure-03230,True,2990,,
tenure-03231,True,2990,,
tenure-03232,True,2991,,
tenure-03283,True,3043,inferred,
tenure-03305,True,3065,inferred,
tenure-03306,True,3066,inferred,
tenure-03317,True,3077,inferred,
tenure-03322,True,3082,,
tenure-03323,True,3082,,
tenure-03324,True,3082,,
tenure-03325,True,3082,,
tenure-03326,True,3082,,
tenure-03327,True,3082,,
tenure-03328,True,3082,,
tenure-03329,True,3082,,
tenure-03330,True,3082,,
tenure-03331,True,3083,,
tenure-03332,True,3083,,
tenure-03333,True,3084|3085,,
tenure-03334,True,3086,directly-evidenced,3086
tenure-03354,True,3106,unresolved,
tenure-03420,True,3175,cross-checked,
tenure-03421,True,3176,directly-evidenced,3176
tenure-03422,True,3177,cross-checked,
tenure-03425,True,3180,cross-checked,
tenure-03426,True,3181,directly-evidenced,3181
tenure-03460,True,3215,cross-checked,
tenure-03465,True,3220,inferred,
tenure-03491,True,3247,inferred,
tenure-03492,True,3248|3249,unresolved,
tenure-03493,True,3248|3249,cross-checked,
tenure-03494,True,3250,inferred,
tenure-03495,True,3251,,3251
tenure-03496,True,3251,,3251
tenure-03519,True,3277,directly-evidenced,3277
tenure-03531,True,3289,unresolved,
tenure-03539,True,3297,cross-checked,
tenure-03541,True,3299,directly-evidenced,3299
tenure-03542,True,3300,,
tenure-03543,True,3300,,
tenure-03564,True,3324,,
tenure-03566,True,3326,unresolved,
tenure-03575,True,3335,,3335
tenure-03576,True,3335,,3335
tenure-03577,True,3336,,3336
tenure-03578,True,3336,,3336
tenure-03579,True,3336,,3336
tenure-03580,True,3337,cross-checked,
tenure-03589,True,3347,inferred,
tenure-03605,True,3363,directly-evidenced,3363
tenure-03606,True,3364,,
tenure-03607,True,3364,,
tenure-03608,True,3364,,
tenure-03609,True,3364,,
tenure-03610,True,3364,,
tenure-03611,True,3364,,
tenure-03612,True,3364,,
tenure-03616,True,3368,inferred,
tenure-03617,True,3369,cross-checked,
tenure-03622,True,3374|3375,directly-evidenced,3374
tenure-03623,True,3374|3375,cross-checked,3374
tenure-03624,True,3376|3377,directly-evidenced,3376|3377
tenure-03625,True,3376|3377,directly-evidenced,3376|3377
tenure-03626,True,3378,,
tenure-03627,True,3378,,
tenure-03659,True,3414|3415,,
tenure-03660,True,3416|3417,unresolved,3417
tenure-03661,True,3416|3417,directly-evidenced,3417
tenure-03662,True,3418,inferred,
tenure-03667,True,3423|3424,directly-evidenced,3423|3424
tenure-03668,True,3423|3424,directly-evidenced,3423|3424
tenure-03682,True,3438,cross-checked,
tenure-03683,True,3439|3440,unresolved,3440
tenure-03684,True,3439|3440,directly-evidenced,3440
tenure-03687,True,3443,cross-checked,
tenure-03719,True,3475,inferred,
tenure-03720,True,3476|3477|3478|3479,unresolved,
tenure-03721,True,3476|3477|3478|3479,,
tenure-03732,True,3490,inferred,
tenure-03733,True,3491,inferred,
tenure-03766,True,3524,inferred,
tenure-03768,True,3526,,
tenure-03769,True,3526,,
tenure-03770,True,3526,,
tenure-03771,True,3526,,
tenure-03772,True,3526,,
tenure-03773,True,3526,,
tenure-03780,True,3536,,
tenure-03781,True,3536,,
tenure-03796,True,3552,unresolved,
tenure-03797,True,3553|3554|3555,,
tenure-03798,True,3556,,3556
tenure-03799,True,3556,,3556
tenure-03800,True,3556,,3556
tenure-03822,True,3580|3581,unresolved,
tenure-03823,True,3580|3581,cross-checked,
tenure-03846,True,3604,,
tenure-03847,True,3604,,
tenure-03848,True,3605,,
tenure-03849,True,3605,,
tenure-03850,True,3606,,
tenure-03851,True,3606,,
tenure-03861,True,3619,inferred,
tenure-03863,True,3621,,
tenure-03864,True,3621,,
tenure-03865,True,3621,,
tenure-03866,True,3622,,
tenure-03867,True,3622,,
tenure-03868,True,3622,,
tenure-03887,True,3643,,
tenure-03888,True,3643,,
tenure-03889,True,3643,,
tenure-03890,True,3643,,
tenure-03891,True,3643,,
tenure-03892,True,3643,,
tenure-03893,True,3643,,
tenure-03894,True,3643,,
tenure-03923,True,3672,,
tenure-03924,True,3672,,
tenure-03925,True,3672,,
tenure-03926,True,3672,,
tenure-03927,True,3673,,3673
tenure-03928,True,3673,,3673
tenure-03929,True,3673,,3673
tenure-03940,True,3684,,
tenure-03982,True,3726,cross-checked,
tenure-03983,True,3727,directly-evidenced,3727
tenure-03984,True,3728,directly-evidenced,3728
tenure-03985,True,3729,,3729
tenure-03986,True,3729,,3729
tenure-03987,True,3729,,3729
tenure-03988,True,3729,,3729
tenure-03989,True,3729,,3729
tenure-03990,True,3729,,3729
tenure-03991,True,3729,,3729
tenure-03992,True,3729,,3729
tenure-03993,True,3729,,3729
tenure-03994,True,3729,,3729
tenure-03995,True,3729,,3729
tenure-03996,True,3729,,3729
tenure-03997,True,3729,,3729
tenure-03998,True,3729,,3729
tenure-03999,True,3729,,3729
tenure-04000,True,3729,,3729
tenure-04002,True,3731,,
tenure-04003,True,3731,,
tenure-04017,True,3745|3746,unresolved,
tenure-04018,True,3745|3746,cross-checked,
tenure-04057,True,3785,inferred,
tenure-04058,True,3786,inferred,
tenure-04059,True,3787,inferred,
tenure-04062,True,3790,cross-checked,
tenure-04063,True,3791,cross-checked,
tenure-04064,True,3792,directly-evidenced,3792
tenure-04082,True,3811|3812,directly-evidenced,3811
tenure-04083,True,3811|3812,cross-checked,3811
tenure-04097,True,3826,cross-checked,
tenure-04098,True,3827,,
tenure-04099,True,3827,,
tenure-04100,True,3827,,
tenure-04101,True,3828,,
tenure-04102,True,3828,,
tenure-04113,True,3839,inferred,
tenure-04125,True,3851|3852,unresolved,
tenure-04126,True,3851|3852,cross-checked,
tenure-04139,True,3865,,
tenure-04140,True,3865,,
tenure-04141,True,3865,,
tenure-04143,True,3867,directly-evidenced,3867
tenure-04144,True,3868,cross-checked,
tenure-04145,True,3869,cross-checked,
tenure-04159,True,3883,unresolved,
tenure-04164,True,3888,inferred,
tenure-04184,True,3908,,
tenure-04185,True,3908,,
tenure-04186,True,3909,,
tenure-04187,True,3909,,
tenure-04188,True,3909,,
tenure-04189,True,3909,,
tenure-04190,True,3909,,
tenure-04191,True,3909,,
tenure-04192,True,3909,,
tenure-04195,True,3912,inferred,
tenure-04202,True,3920|3921,unresolved,
tenure-04203,True,3920|3921,unresolved,
tenure-04252,True,3972,,
tenure-04266,True,3986,unresolved,
tenure-04271,True,3991,unresolved,
tenure-04272,True,3992,unresolved,
tenure-04297,True,4017,,
tenure-04298,True,4017,,
tenure-04299,True,4017,,
tenure-04327,True,4047,inferred,
tenure-04328,True,4048,inferred,
tenure-04329,True,4049,cross-checked,
tenure-04330,True,4050,cross-checked,
tenure-04331,True,4051,inferred,
tenure-04332,True,4052,inferred,
tenure-04333,True,4053,inferred,
tenure-04334,True,4054,inferred,
tenure-04335,True,4055,inferred,
tenure-04349,True,4069,,
tenure-04350,True,4069,,
tenure-04351,True,4069,,
tenure-04352,True,4070,,
tenure-04353,True,4070,,
tenure-04354,True,4070,,
tenure-04355,True,4070,,
tenure-04356,True,4070,,
tenure-04357,True,4070,,
tenure-04358,True,4070,,
tenure-04359,True,4070,,
tenure-04360,True,4070,,
tenure-04361,True,4070,,
tenure-04362,True,4070,,
tenure-04363,True,4070,,
tenure-04364,True,4070,,
tenure-04365,True,4070,,
tenure-04366,True,4070,,
tenure-04367,True,4070,,
tenure-04368,True,4070,,
tenure-04369,True,4070,,
tenure-04370,True,4070,,
tenure-04371,True,4070,,
tenure-04372,True,4071,,
tenure-04373,True,4071,,
tenure-04374,True,4071,,
tenure-04375,True,4071,,
tenure-04376,True,4071,,
tenure-04377,True,4071,,
tenure-04378,True,4071,,
tenure-04379,True,4071,,
tenure-04380,True,4071,,
tenure-04381,True,4071,,
tenure-04382,True,4071,,
tenure-04383,True,4071,,
tenure-04384,True,4071,,
tenure-04385,True,4071,,
tenure-04386,True,4071,,
tenure-04387,True,4071,,
tenure-04388,True,4071,,
tenure-04389,True,4071,,
tenure-04390,True,4071,,
tenure-04391,True,4071,,
tenure-04392,True,4071,,
tenure-04393,True,4071,,
tenure-04394,True,4071,,
tenure-04395,True,4071,,
tenure-04396,True,4071,,
tenure-04397,True,4071,,
tenure-04398,True,4071,,
tenure-04399,True,4071,,
tenure-04400,True,4072,,
tenure-04401,True,4072,,
tenure-04402,True,4073,,
tenure-04403,True,4073,,
tenure-04404,True,4073,,
tenure-04405,True,4073,,
tenure-04406,True,4073,,
tenure-04408,True,4077,cross-checked,
tenure-04409,True,4078,,
tenure-04410,True,4078,,
tenure-04411,True,4078,,
tenure-04413,True,4080|4081,unresolved,
tenure-04414,True,4080|4081,cross-checked,
tenure-04416,True,4083,,
tenure-04417,True,4083,,
tenure-04418,True,4083,,
tenure-04419,True,4083,,
tenure-04496,True,4161,inferred,
tenure-04499,True,4164,inferred,
tenure-04501,True,4166,,
tenure-04513,True,4178|4179|4180,unresolved,4179|4180
tenure-04514,True,4178|4179|4180,directly-evidenced,4179|4180
tenure-04515,True,4178|4179|4180,directly-evidenced,4179|4180
tenure-04516,True,4181,inferred,
tenure-04517,True,4182|4183,directly-evidenced,4182
tenure-04518,True,4182|4183,cross-checked,4182
tenure-04519,True,4184,inferred,
tenure-04520,True,4185,inferred,
tenure-04521,True,4186,inferred,
tenure-04522,True,4187,cross-checked,
tenure-04523,True,4188,unresolved,
tenure-04524,True,4189,unresolved,
tenure-04570,True,4235|4236,cross-checked,
tenure-04571,True,4235|4236,cross-checked,
tenure-04572,True,4237,cross-checked,
tenure-04585,True,4250,,
tenure-04586,True,4250,,
tenure-04587,True,4250,,
tenure-04588,True,4250,,
tenure-04589,True,4250,,
tenure-04590,True,4250,,
tenure-04591,True,4251,,
tenure-04592,True,4251,,
tenure-04593,True,4252,cross-checked,
tenure-04598,True,4257,directly-evidenced,4257
tenure-04599,True,4258|4259,,
tenure-04600,True,4260,directly-evidenced,4260
tenure-04601,True,4261,,
tenure-04602,True,4261,,
tenure-04604,True,4263,,
tenure-04605,True,4263,,
tenure-04608,True,4266|4267|4268,unresolved,4267|4268
tenure-04609,True,4266|4267|4268,directly-evidenced,4267|4268
tenure-04610,True,4266|4267|4268,directly-evidenced,4267|4268
tenure-04611,True,4269|4270|4271,unresolved,
tenure-04612,True,4269|4270|4271,,
tenure-04614,True,4273,,
tenure-04615,True,4273,,
tenure-04616,True,4273,,
tenure-04617,True,4273,,
tenure-04618,True,4273,,
tenure-04629,True,4284,unresolved,
tenure-04630,True,4285,,
tenure-04631,True,4285,,
tenure-04632,True,4285,,
tenure-04642,True,4295|4296,cross-checked,
tenure-04643,True,4295|4296,cross-checked,
tenure-04647,True,4300,,
tenure-04648,True,4300,,
tenure-04649,True,4301,,
tenure-04650,True,4302,,
tenure-04653,True,4305,inferred,
tenure-04663,True,4317,inferred,
tenure-04664,True,4318,inferred,
tenure-04666,True,4320,cross-checked,
tenure-04741,True,4396,directly-evidenced,4396
tenure-04742,True,4397,,
tenure-04743,True,4397,,
tenure-04753,True,4407,unresolved,
tenure-04754,True,4408,unresolved,
tenure-04787,True,4441|4442,unresolved,
tenure-04788,True,4441|4442,cross-checked,
tenure-04796,True,4450,cross-checked,
tenure-04817,True,4471,inferred,
tenure-04818,True,4472,inferred,
tenure-04819,True,4473,,
tenure-04820,True,4473,,
tenure-04821,True,4473,,
tenure-04822,True,4473,,
tenure-04823,True,4473,,
tenure-04824,True,4473,,
tenure-04834,True,4483|4484,unresolved,
tenure-04835,True,4483|4484,cross-checked,
tenure-04836,True,4485,cross-checked,
tenure-04842,True,4491,,
tenure-04843,True,4491,,
tenure-04852,True,4502|4503,directly-evidenced,4502|4503
tenure-04853,True,4502|4503,directly-evidenced,4502|4503
tenure-04879,True,4529,,
tenure-04918,True,4568,directly-evidenced,4568
tenure-04919,True,4569,cross-checked,
tenure-04920,True,4570,directly-evidenced,4570
tenure-04942,True,4592,cross-checked,
tenure-04943,True,4593,directly-evidenced,4593
tenure-04944,True,4594,cross-checked,
tenure-04948,True,4598,directly-evidenced,4598
tenure-04949,True,4599,unresolved,
tenure-04950,True,4600|4601,,
tenure-04960,True,4611,cross-checked,
tenure-05009,True,4660|4661,unresolved,4661
tenure-05010,True,4660|4661,,4661
tenure-05011,True,4660|4661,,4661
tenure-05012,True,4660|4661,,4661
tenure-05013,True,4660|4661,,4661
tenure-05014,True,4660|4661,,4661
tenure-05015,True,4660|4661,,4661
tenure-05016,True,4660|4661,,4661
tenure-05017,True,4660|4661,,4661
tenure-05019,True,4663,unresolved,
tenure-05100,True,4744|4745,unresolved,
tenure-05101,True,4744|4745,cross-checked,
tenure-05150,True,4794,inferred,
tenure-05180,True,4824,cross-checked,
tenure-05185,True,4830|4831|4832,unresolved,
tenure-05186,True,4830|4831|4832,,
tenure-05191,True,4837,inferred,
tenure-05201,True,4847,,
tenure-05202,True,4847,,
tenure-05244,True,4889,cross-checked,
tenure-05245,True,4890|4891|4892,,
tenure-05246,True,4893,directly-evidenced,4893
tenure-05268,True,4915|4916,,
tenure-05269,True,4915|4916,,
tenure-05270,True,4915|4916,cross-checked,
tenure-05273,True,4920|4921,unresolved,
tenure-05274,True,4920|4921,cross-checked,
tenure-05317,True,4964,,
tenure-05318,True,4964,,
tenure-05325,True,4971|4972,directly-evidenced,4971
tenure-05326,True,4971|4972,,4971
tenure-05335,True,4984,,
tenure-05336,True,4984,,
tenure-05337,True,4984,,
tenure-05338,True,4984,,
tenure-05339,True,4985,,
tenure-05340,True,4985,,
tenure-05341,True,4985,,
tenure-05342,True,4985,,
tenure-05343,True,4985,,
tenure-05344,True,4985,,
tenure-05345,True,4986,,
tenure-05346,True,4986,,
tenure-05347,True,4986,,
tenure-05374,True,5014|5015|5016,unresolved,
tenure-05375,True,5014|5015|5016,,
tenure-05376,True,5014|5015|5016,,
tenure-05377,True,5014|5015|5016,,
tenure-05378,True,5017,,
tenure-05379,True,5017,,
tenure-05387,True,5027|5028,,
tenure-05388,True,5027|5028,,
tenure-05389,True,5027|5028,,
tenure-05390,True,5027|5028,,
tenure-05391,True,5027|5028,,
tenure-05392,True,5027|5028,,
tenure-05393,True,5029,,
tenure-05394,True,5029,,
tenure-05395,True,5029,,
tenure-05396,True,5029,,
tenure-05397,True,5030|5031|5032,,
tenure-05398,True,5033,directly-evidenced,5033
tenure-05399,True,5034,directly-evidenced,5034
tenure-05400,True,5035,cross-checked,
tenure-05401,True,5036|5037,directly-evidenced,5036
tenure-05402,True,5036|5037,cross-checked,5036
tenure-05403,True,5038,,
tenure-05404,True,5038,,
tenure-05405,True,5038,,
tenure-05406,True,5039,cross-checked,
tenure-05407,True,5040,,
tenure-05408,True,5040,,
tenure-05415,True,5047,,
tenure-05416,True,5047,,
tenure-05417,True,5047,,
tenure-05418,True,5047,,
tenure-05423,True,5052,inferred,
tenure-05439,True,5068,unresolved,
tenure-05440,True,5069,,
tenure-05441,True,5069,,
tenure-05445,True,5073,,
tenure-05446,True,5073,,
tenure-05447,True,5073,,
tenure-05448,True,5073,,
tenure-05449,True,5073,,
tenure-05450,True,5073,,
tenure-05452,True,5075,,
tenure-05453,True,5075,,
tenure-05495,True,5117|5118,,
tenure-05496,True,5117|5118,,
tenure-05497,True,5117|5118,,
tenure-05498,True,5117|5118,,
tenure-05513,True,5135,cross-checked,
tenure-05522,True,5144,inferred,
tenure-05523,True,5145,inferred,
tenure-05524,True,5146,inferred,
tenure-05525,True,5147,cross-checked,
tenure-05601,True,5224|5225,unresolved,
tenure-05602,True,5224|5225,cross-checked,
tenure-05646,True,5269|5270,directly-evidenced,5269
tenure-05647,True,5269|5270,cross-checked,5269
tenure-05648,True,5271,cross-checked,
tenure-05666,True,5291,,
tenure-05675,True,5300|5301|5302|5303,directly-evidenced,5300
tenure-05676,True,5300|5301|5302|5303,,5300
tenure-05677,True,5300|5301|5302|5303,,5300
tenure-05690,True,5316,inferred,
tenure-05697,True,5323,,5323
tenure-05698,True,5323,,5323
tenure-05703,True,5328,,
tenure-05704,True,5328,,
tenure-05710,True,5334,inferred,
tenure-05718,True,5342,cross-checked,
tenure-05719,True,5343|5344|5345,directly-evidenced,5343
tenure-05720,True,5343|5344|5345,,5343
tenure-05764,True,5389,cross-checked,
tenure-05798,True,5425,inferred,
tenure-05799,True,5426,inferred,
tenure-05800,True,5427|5428,directly-evidenced,5427
tenure-05801,True,5427|5428,cross-checked,5427
tenure-05802,True,5429,directly-evidenced,5429
tenure-05803,True,5430|5431|5432,unresolved,
tenure-05804,True,5430|5431|5432,,
tenure-05812,True,5440,inferred,
tenure-05834,True,5462,,
tenure-05835,True,5462,,
tenure-05844,True,5471|5472,directly-evidenced,5471|5472
tenure-05845,True,5471|5472,directly-evidenced,5471|5472
tenure-05862,True,5489,cross-checked,
tenure-05863,True,5490|5491|5492|5493,unresolved,
tenure-05864,True,5490|5491|5492|5493,,
tenure-05871,True,5502|5503|5504,,5502
tenure-05872,True,5502|5503|5504,,5502
tenure-05873,True,5502|5503|5504,,5502
tenure-05874,True,5505|5506,unresolved,
tenure-05875,True,5505|5506,unresolved,
tenure-05879,True,5513|5514|5515|5516,unresolved,
tenure-05880,True,5513|5514|5515|5516,,
tenure-05882,True,5518,inferred,
tenure-05892,True,5528,directly-evidenced,5528
tenure-05893,True,5529,cross-checked,
tenure-05894,True,5530,directly-evidenced,5530
tenure-05925,True,5561,,
tenure-05926,True,5561,,
tenure-05958,True,5593,inferred,
tenure-05960,True,5595,unresolved,
tenure-05993,True,5631,inferred,
tenure-05996,True,5634|5635,directly-evidenced,5634|5635
tenure-05997,True,5634|5635,directly-evidenced,5634|5635
tenure-06001,True,5639,unresolved,
tenure-06002,True,5639,,
tenure-06018,True,5655|5656,unresolved,
tenure-06019,True,5655|5656,cross-checked,
tenure-06020,True,5657,cross-checked,
tenure-06056,True,5698,,
tenure-06057,True,5698,,
tenure-06058,True,5698,,
tenure-06059,True,5698,,
tenure-06060,True,5698,,
tenure-06061,True,5698,,
tenure-06062,True,5698,,
tenure-06067,True,5703,,
tenure-06068,True,5703,,
tenure-06069,True,5704,cross-checked,
tenure-06094,True,5729,,
tenure-06095,True,5729,,
tenure-06096,True,5729,,
tenure-06101,True,5734,,
tenure-06102,True,5735,,5735
tenure-06103,True,5736,directly-evidenced,5736
tenure-06161,True,5795|5796,cross-checked,
tenure-06162,True,5795|5796,cross-checked,
tenure-06163,True,5797|5798|5799,unresolved,5799
tenure-06164,True,5797|5798|5799,,5799
tenure-06165,True,5797|5798|5799,,5799
tenure-06166,True,5797|5798|5799,,5799
tenure-06167,True,5800|5801,,
tenure-06171,True,5805,inferred,
tenure-06187,True,5821,cross-checked,
tenure-06190,True,5824,inferred,
tenure-06191,True,5825,unresolved,
tenure-06192,True,5826,unresolved,
tenure-06195,True,5829,,
tenure-06214,True,5849,inferred,
tenure-06215,True,5850,inferred,
tenure-06228,True,5864,cross-checked,
tenure-06234,True,5870|5871,directly-evidenced,5870|5871
tenure-06235,True,5870|5871,directly-evidenced,5870|5871
tenure-06237,True,5873|5874,unresolved,5874
tenure-06238,True,5873|5874,directly-evidenced,5874
tenure-06240,True,5876,,
tenure-06241,True,5876,,
tenure-06242,True,5876,,
tenure-06254,True,5888,cross-checked,
tenure-06263,True,5897,,
tenure-06264,True,5897,,
tenure-06265,True,5897,,
tenure-06266,True,5897,,
tenure-06336,True,5967,,
tenure-06337,True,5967,,
tenure-06338,True,5968,,5968
tenure-06339,True,5968,,5968
tenure-06340,True,5968,,5968
tenure-06341,True,5968,,5968
tenure-06342,True,5968,,5968
tenure-06343,True,5969|5970,,
tenure-06352,True,5980,inferred,
tenure-06368,True,5997|5998,cross-checked,
tenure-06369,True,5997|5998,cross-checked,
tenure-06370,True,5999|6000|6001,unresolved,6000
tenure-06371,True,5999|6000|6001,directly-evidenced,6000
tenure-06372,True,5999|6000|6001,cross-checked,6000
tenure-06373,True,6002,cross-checked,
tenure-06374,True,6003,directly-evidenced,6003
tenure-06375,True,6004|6005,unresolved,
tenure-06376,True,6004|6005,unresolved,
tenure-06377,True,6006,inferred,
tenure-06444,True,6074,,
tenure-06478,True,6109,inferred,
tenure-06479,True,6110,inferred,
tenure-06480,True,6111,inferred,
tenure-06514,True,6145,cross-checked,
tenure-06536,True,6168|6169,directly-evidenced,6168
tenure-06537,True,6168|6169,cross-checked,6168
tenure-06538,True,6170,directly-evidenced,6170
tenure-06551,True,6183,,
tenure-06552,True,6183,,
tenure-06553,True,6183,,
tenure-06554,True,6183,,
tenure-06555,True,6184,cross-checked,
tenure-06556,True,6185,directly-evidenced,6185
tenure-06557,True,6186,directly-evidenced,6186
tenure-06559,True,6188,unresolved,
tenure-06568,True,6197,directly-evidenced,6197
tenure-06589,True,6218,inferred,
tenure-06600,True,6229,cross-checked,
tenure-06601,True,6230,,
tenure-06602,True,6230,,
tenure-06611,True,6239,,
tenure-06612,True,6239,,
tenure-06619,True,6246,inferred,
tenure-06659,True,6286,inferred,
tenure-06678,True,6306|6307,cross-checked,6307
tenure-06679,True,6306|6307,directly-evidenced,6307
tenure-06680,True,6308,inferred,
tenure-06731,True,6359,,
tenure-06732,True,6359,,
tenure-06733,True,6359,,
tenure-06734,True,6359,,
tenure-06735,True,6359,,
tenure-06736,True,6360,,
tenure-06737,True,6360,,
tenure-06738,True,6360,,
tenure-06739,True,6360,,
tenure-06740,True,6360,,
tenure-06747,True,6369,,
tenure-06748,True,6369,,
tenure-06777,True,6398,directly-evidenced,6398
tenure-06800,True,6421,cross-checked,
tenure-06801,True,6422,cross-checked,
tenure-06802,True,6423,directly-evidenced,6423
tenure-06819,True,6440,directly-evidenced,6440
tenure-06820,True,6441,directly-evidenced,6441
tenure-06821,True,6442,cross-checked,
tenure-06826,True,6447|6448|6449,cross-checked,
tenure-06827,True,6447|6448|6449,,
tenure-06828,True,6450,directly-evidenced,6450
tenure-06833,True,6455|6456|6457,unresolved,
tenure-06834,True,6455|6456|6457,,
tenure-06915,True,6538,,6538
tenure-06916,True,6538,,6538
tenure-06918,True,6540,inferred,
tenure-06929,True,6551,unresolved,
tenure-06930,True,6552,unresolved,
tenure-06942,True,6564,,
tenure-06943,True,6564,,
tenure-06944,True,6564,,
tenure-06945,True,6564,,
tenure-06946,True,6564,,
tenure-06947,True,6564,,
tenure-06956,True,6573,,
tenure-06957,True,6573,,
tenure-06958,True,6574,directly-evidenced,6574
tenure-06992,True,6610,,
tenure-06993,True,6610,,
tenure-06994,True,6610,,
tenure-07006,True,6622,,
tenure-07007,True,6622,,
tenure-07008,True,6622,,
tenure-07009,True,6622,,
tenure-07010,True,6623,,
tenure-07011,True,6623,,
tenure-07012,True,6623,,
tenure-07013,True,6623,,
tenure-07014,True,6623,,
tenure-07015,True,6623,,
tenure-07016,True,6623,,
tenure-07017,True,6624,cross-checked,
tenure-07018,True,6625|6626,unresolved,
tenure-07019,True,6625|6626,,
tenure-07020,True,6625|6626,,
tenure-07021,True,6625|6626,,
tenure-07022,True,6627|6628,,
tenure-07023,True,6629|6630,,6630
tenure-07025,True,6632,,
tenure-07026,True,6632,,
tenure-07048,True,6655,inferred,
tenure-07049,True,6656|6657|6658|6659,unresolved,
tenure-07050,True,6656|6657|6658|6659,,
tenure-07051,True,6660,,
tenure-07052,True,6660,,
tenure-07053,True,6660,,
tenure-07054,True,6660,,
tenure-07062,True,6668|6669,unresolved,
tenure-07063,True,6668|6669,cross-checked,
tenure-07097,True,6703,unresolved,
tenure-07151,True,6757,inferred,
tenure-07154,True,6761,unresolved,
tenure-07155,True,6762,unresolved,
tenure-07156,True,6763,directly-evidenced,6763
tenure-07175,True,6782,unresolved,
tenure-07178,True,6785,unresolved,
tenure-07191,True,6799|6800|6801|6802,unresolved,
tenure-07192,True,6799|6800|6801|6802,,
tenure-07193,True,6803|6804,unresolved,
tenure-07194,True,6803|6804,cross-checked,
tenure-07202,True,6815,,
tenure-07203,True,6815,,
tenure-07204,True,6815,,
tenure-07205,True,6815,,
tenure-07206,True,6815,,
tenure-07207,True,6815,,
tenure-07208,True,6815,,
tenure-07209,True,6815,,
tenure-07210,True,6816,,
tenure-07214,True,6820,,
tenure-07220,True,6826,unresolved,
tenure-07261,True,6867|6868,directly-evidenced,6867
tenure-07262,True,6867|6868,cross-checked,6867
tenure-07290,True,6896|6897|6898|6899,directly-evidenced,6896
tenure-07291,True,6896|6897|6898|6899,,6896
tenure-07295,True,6903,unresolved,
tenure-07296,True,6904,unresolved,
tenure-07323,True,6931,inferred,
tenure-07327,True,6935,inferred,
tenure-07336,True,6944,,
tenure-07337,True,6944,,
tenure-07338,True,6944,,
tenure-07339,True,6945,,
tenure-07340,True,6945,,
tenure-07341,True,6945,,
tenure-07342,True,6945,,
tenure-07348,True,6951,unresolved,
tenure-07349,True,6952,unresolved,
tenure-07361,True,6964,cross-checked,
tenure-07400,True,7003,inferred,
tenure-07403,True,7006,,
tenure-07404,True,7006,,
tenure-07405,True,7006,,
tenure-07406,True,7006,,
tenure-07425,True,7025,inferred,
tenure-07437,True,7037,inferred,
tenure-07438,True,7038,inferred,
tenure-07439,True,7039,cross-checked,
tenure-07440,True,7040,inferred,
tenure-07441,True,7041,cross-checked,
tenure-07486,True,7086,,
tenure-07487,True,7086,,
tenure-07492,True,7091,,
tenure-07493,True,7091,,
tenure-07494,True,7092,,
tenure-07495,True,7092,,
tenure-07496,True,7093,directly-evidenced,7093
tenure-07499,True,7096,,
tenure-07500,True,7096,,
tenure-07501,True,7096,,
tenure-07502,True,7096,,
tenure-07503,True,7096,,
tenure-07504,True,7097,,
tenure-07505,True,7097,,
tenure-07506,True,7098,,
tenure-07507,True,7098,,
tenure-07508,True,7098,,
tenure-07523,True,7113,,
tenure-07524,True,7113,,
tenure-07525,True,7113,,
tenure-07526,True,7113,,
tenure-07527,True,7113,,
tenure-07528,True,7113,,
tenure-07529,True,7113,,
tenure-07530,True,7113,,
tenure-07531,True,7113,,
tenure-07532,True,7113,,
tenure-07533,True,7113,,
tenure-07534,True,7113,,
tenure-07541,True,7121|7122,unresolved,7122
tenure-07542,True,7121|7122,directly-evidenced,7122
tenure-07551,True,7131|7132,directly-evidenced,7131|7132
tenure-07552,True,7131|7132,directly-evidenced,7131|7132
tenure-07585,True,7165|7166|7167,,7166
tenure-07586,True,7165|7166|7167,cross-checked,7166
tenure-07588,True,7169|7170|7171|7172,directly-evidenced,7169|7172
tenure-07589,True,7169|7170|7171|7172,,7169|7172
tenure-07590,True,7173,,
tenure-07591,True,7173,,
tenure-07592,True,7173,,
tenure-07593,True,7173,,
tenure-07594,True,7173,,
tenure-07596,True,7175|7176,directly-evidenced,7175|7176
tenure-07597,True,7175|7176,directly-evidenced,7175|7176
tenure-07601,True,7180,inferred,
tenure-07604,True,7183,directly-evidenced,7183
tenure-07605,True,7184,,
tenure-07606,True,7184,,
tenure-07607,True,7185|7186,unresolved,
tenure-07608,True,7185|7186,unresolved,
tenure-07613,True,7191|7192,unresolved,
tenure-07614,True,7191|7192,cross-checked,
tenure-07642,True,7223,,
tenure-07643,True,7223,,
tenure-07644,True,7224,directly-evidenced,7224
tenure-07702,True,7284|7285|7286|7287,,7285
tenure-07703,True,7284|7285|7286|7287,,7285
tenure-07793,True,7377,inferred,
tenure-07794,True,7378,inferred,
tenure-07796,True,7380,cross-checked,
tenure-07797,True,7381,,
tenure-07798,True,7382,,
tenure-07809,True,7393,,
tenure-07810,True,7393,,
tenure-07811,True,7393,,
tenure-07812,True,7393,,
tenure-07813,True,7393,,
tenure-07814,True,7393,,
tenure-07815,True,7393,,
tenure-07816,True,7393,,
tenure-07851,True,7429,inferred,
tenure-07899,True,7477,,
tenure-07900,True,7477,,
tenure-07904,True,7481,,
tenure-07905,True,7481,,
tenure-07912,True,7492,unresolved,
tenure-07937,True,7518|7519,unresolved,7519
tenure-07938,True,7518|7519,directly-evidenced,7519
tenure-07966,True,7548|7549,unresolved,
tenure-07967,True,7548|7549,cross-checked,
tenure-07978,True,7560,inferred,
tenure-07998,True,7580,,
tenure-07999,True,7580,,
tenure-08000,True,7580,,
tenure-08001,True,7581,,
tenure-08002,True,7581,,
tenure-08003,True,7581,,
tenure-08004,True,7581,,
tenure-08024,True,7601,,
tenure-08025,True,7601,,
tenure-08026,True,7602,,
tenure-08027,True,7602,,
tenure-08036,True,7611|7612,unresolved,
tenure-08037,True,7611|7612,,
tenure-08040,True,7616,cross-checked,
tenure-08041,True,7617|7618,unresolved,
tenure-08042,True,7617|7618,,
tenure-08043,True,7617|7618,,
tenure-08079,True,7655,,
tenure-08080,True,7655,,
tenure-08081,True,7655,,
tenure-08082,True,7655,,
tenure-08083,True,7655,,
tenure-08084,True,7655,,
tenure-08087,True,7658|7659,directly-evidenced,7658
tenure-08088,True,7658|7659,cross-checked,7658
tenure-08144,True,7715|7716,unresolved,
tenure-08145,True,7715|7716,cross-checked,
tenure-08162,True,7734,inferred,
tenure-08163,True,7735,inferred,
tenure-08164,True,7736,inferred,
tenure-08182,True,7755|7756,unresolved,
tenure-08183,True,7755|7756,cross-checked,
tenure-08197,True,7770,cross-checked,
tenure-08198,True,7771|7772,directly-evidenced,7771|7772
tenure-08199,True,7771|7772,directly-evidenced,7771|7772
tenure-08203,True,7776,inferred,
tenure-08218,True,7792,inferred,
tenure-08219,True,7793,cross-checked,
tenure-08220,True,7794,,
tenure-08221,True,7794,,
tenure-08222,True,7794,,
tenure-08223,True,7794,,
tenure-08224,True,7794,,
tenure-08225,True,7794,,
tenure-08226,True,7794,,
tenure-08227,True,7794,,
tenure-08228,True,7794,,
tenure-08229,True,7794,,
tenure-08230,True,7794,,
tenure-08231,True,7794,,
tenure-08232,True,7794,,
tenure-08233,True,7794,,
tenure-08234,True,7794,,
tenure-08235,True,7794,,
tenure-08236,True,7795,,
tenure-08237,True,7795,,
tenure-08238,True,7796,,
tenure-08239,True,7796,,
tenure-08240,True,7796,,
tenure-08241,True,7796,,
tenure-08242,True,7796,,
tenure-08243,True,7797|7798,,
tenure-08245,True,7800|7801,unresolved,
tenure-08246,True,7800|7801,cross-checked,
tenure-08261,True,7816,,
tenure-08265,True,7820,inferred,
tenure-08424,True,7979,inferred,
tenure-08427,True,7982,cross-checked,
tenure-08428,True,7983,cross-checked,
tenure-08429,True,7984,cross-checked,
tenure-08430,True,7985|7986,cross-checked,
tenure-08431,True,7985|7986,cross-checked,
tenure-08432,True,7987,cross-checked,
tenure-08433,True,7988,directly-evidenced,7988
tenure-08455,True,8010|8011,unresolved,8011
tenure-08456,True,8010|8011,directly-evidenced,8011
tenure-08464,True,8021,,8021
tenure-08465,True,8021,,8021
tenure-08466,True,8021,,8021
tenure-08467,True,8021,,8021
tenure-08468,True,8021,,8021
tenure-08469,True,8021,,8021
tenure-08470,True,8021,,8021
tenure-08471,True,8021,,8021
tenure-08472,True,8021,,8021
tenure-08473,True,8022,cross-checked,
tenure-08474,True,8023|8024,,
tenure-08483,True,8033,cross-checked,
tenure-08484,True,8034,cross-checked,
tenure-08485,True,8035,cross-checked,
tenure-08486,True,8036,cross-checked,
tenure-08487,True,8037,,8037
tenure-08488,True,8037,,8037
tenure-08489,True,8037,,8037
tenure-08526,True,8074,inferred,
tenure-08527,True,8075,inferred,
tenure-08542,True,8094,inferred,
tenure-08549,True,8101,,
tenure-08550,True,8101,,
tenure-08553,True,8104,,
tenure-08554,True,8104,,
tenure-08555,True,8104,,
tenure-08556,True,8104,,
tenure-08557,True,8104,,
tenure-08558,True,8104,,
tenure-08559,True,8104,,
tenure-08560,True,8104,,
tenure-08561,True,8104,,
tenure-08562,True,8105,,
tenure-08563,True,8106,,
tenure-08564,True,8106,,
tenure-08565,True,8106,,
tenure-08566,True,8107,,
tenure-08567,True,8107,,
tenure-08572,True,8112,,
tenure-08573,True,8112,,
tenure-08574,True,8112,,
tenure-08575,True,8112,,
tenure-08576,True,8112,,
tenure-08577,True,8113|8114,unresolved,
tenure-08578,True,8113|8114,,
tenure-08579,True,8113|8114,,
tenure-08580,True,8113|8114,,
tenure-08653,True,8188,,
tenure-08654,True,8188,,
tenure-08655,True,8189,,
tenure-08656,True,8189,,
tenure-08657,True,8190,,
tenure-08658,True,8191,cross-checked,
tenure-08659,True,8192,,
tenure-08660,True,8192,,
tenure-08664,True,8196,,
tenure-08665,True,8196,,
tenure-08666,True,8197,,
tenure-08667,True,8198,,
tenure-08669,True,8200,,
tenure-08670,True,8200,,
tenure-08672,True,8202,inferred,
tenure-08673,True,8203,unresolved,
tenure-08674,True,8204,unresolved,
tenure-08675,True,8205,unresolved,
tenure-08676,True,8206,inferred,
tenure-08678,True,8208,inferred,
tenure-08683,True,8215,,
tenure-08684,True,8216,,
tenure-08697,True,8229,,
tenure-08698,True,8229,,
tenure-08699,True,8229,,
tenure-08708,True,8239|8240,unresolved,8240
tenure-08709,True,8239|8240,directly-evidenced,8240
tenure-08715,True,8248|8249|8250,unresolved,
tenure-08716,True,8248|8249|8250,,
tenure-08717,True,8251,directly-evidenced,8251
tenure-08729,True,8263,inferred,
tenure-08730,True,8264,,
tenure-08731,True,8264,,
tenure-08732,True,8264,,
tenure-08733,True,8264,,
tenure-08747,True,8278,,
tenure-08748,True,8278,,
tenure-08749,True,8279,cross-checked,
tenure-08752,True,8282,inferred,
tenure-08753,True,8283,inferred,
tenure-08754,True,8284,inferred,
tenure-08755,True,8285,inferred,
tenure-08756,True,8286,unresolved,
tenure-08765,True,8297,inferred,
tenure-08771,True,8303|8304,directly-evidenced,8303
tenure-08772,True,8303|8304,cross-checked,8303
tenure-08773,True,8305,,
tenure-08774,True,8305,,
tenure-08775,True,8305,,
tenure-08776,True,8305,,
tenure-08777,True,8305,,
tenure-08778,True,8305,,
tenure-08779,True,8305,,
tenure-08780,True,8305,,
tenure-08781,True,8305,,
tenure-08782,True,8305,,
tenure-08783,True,8306,,8306
tenure-08784,True,8306,,8306
tenure-08785,True,8306,,8306
tenure-08786,True,8307,cross-checked,
tenure-08787,True,8308,,
tenure-08788,True,8308,,
tenure-08789,True,8308,,
tenure-08790,True,8309,,
tenure-08791,True,8309,,
tenure-08792,True,8310,,
tenure-08793,True,8310,,
tenure-08794,True,8310,,
tenure-08795,True,8310,,
tenure-08796,True,8310,,
tenure-08797,True,8310,,
tenure-08798,True,8310,,
tenure-08799,True,8310,,
tenure-08801,True,8312,,
tenure-08802,True,8312,,
tenure-08804,True,8314,,
tenure-08805,True,8314,,
tenure-08806,True,8314,,
tenure-08807,True,8314,,
tenure-08808,True,8314,,
tenure-08809,True,8314,,
tenure-08811,True,8316,inferred,
tenure-08838,True,8343,inferred,
tenure-08840,True,8345,,
tenure-08841,True,8345,,
tenure-08842,True,8345,,
tenure-08843,True,8345,,
tenure-08844,True,8345,,
tenure-08848,True,8349,,
tenure-08849,True,8349,,
tenure-08850,True,8349,,
tenure-08851,True,8349,,
tenure-08853,True,8351,,8351
tenure-08854,True,8351,,8351
tenure-08855,True,8351,,8351
tenure-08856,True,8351,,8351
tenure-08857,True,8351,,8351
tenure-08858,True,8352,cross-checked,
tenure-08869,True,8364,inferred,
tenure-08892,True,8388|8389,unresolved,8389
tenure-08893,True,8388|8389,,8389
tenure-08894,True,8388|8389,,8389
tenure-08895,True,8390|8391,,
tenure-08901,True,8398,inferred,
tenure-08927,True,8424,,
tenure-08928,True,8424,,
tenure-08929,True,8424,,
tenure-08930,True,8424,,
tenure-08931,True,8425,,
tenure-08932,True,8425,,
tenure-08933,True,8425,,
tenure-08949,True,8441,inferred,
tenure-09019,True,8513|8514,unresolved,
tenure-09020,True,8513|8514,cross-checked,
tenure-09021,True,8515|8516|8517,,
tenure-09022,True,8515|8516|8517,,
tenure-09023,True,8515|8516|8517,,
tenure-09024,True,8518|8519,,8519
tenure-09025,True,8520,cross-checked,
tenure-09026,True,8521,unresolved,
tenure-09027,True,8522,inferred,
tenure-09028,True,8523,inferred,
tenure-09029,True,8524,unresolved,
tenure-09039,True,8534,inferred,
tenure-09040,True,8535,inferred,
tenure-09041,True,8536,inferred,
tenure-09084,True,8580,,
tenure-09085,True,8580,,
tenure-09086,True,8580,,
tenure-09089,True,8583,,
tenure-09090,True,8583,,
tenure-09091,True,8584,,
tenure-09092,True,8584,,
tenure-09093,True,8584,,
tenure-09094,True,8584,,
tenure-09095,True,8584,,
tenure-09097,True,8586,unresolved,
tenure-09098,True,8587,directly-evidenced,8587
tenure-09099,True,8588,unresolved,
tenure-09114,True,8603,,
tenure-09115,True,8603,,
tenure-09116,True,8603,,
tenure-09117,True,8603,,
tenure-09118,True,8603,,
tenure-09119,True,8603,,
tenure-09120,True,8603,,
tenure-09121,True,8603,,
tenure-09122,True,8603,,
tenure-09123,True,8603,,
tenure-09124,True,8603,,
tenure-09138,True,8617|8618,directly-evidenced,8617|8618
tenure-09139,True,8617|8618,directly-evidenced,8617|8618
tenure-09180,True,8659,,8659
tenure-09181,True,8659,,8659
tenure-09182,True,8660,inferred,
tenure-09191,True,8669,,
tenure-09192,True,8669,,
tenure-09193,True,8670,directly-evidenced,8670
tenure-09209,True,8686,unresolved,
tenure-09227,True,8704,unresolved,
tenure-09241,True,8718|8719,,8719
tenure-09266,True,8744,inferred,
tenure-09288,True,8766,inferred,
tenure-09338,True,8816,directly-evidenced,8816
tenure-09339,True,8817|8818,cross-checked,
tenure-09340,True,8817|8818,cross-checked,
tenure-09353,True,8831,cross-checked,
tenure-09356,True,8834,,
tenure-09357,True,8834,,
tenure-09358,True,8834,,
tenure-09359,True,8834,,
tenure-09361,True,8836,inferred,
tenure-09362,True,8837|8838|8839,unresolved,
tenure-09363,True,8837|8838|8839,,
tenure-09369,True,8845,,
tenure-09370,True,8845,,
tenure-09371,True,8845,,
tenure-09372,True,8845,,
tenure-09373,True,8845,,
tenure-09374,True,8846,,
tenure-09375,True,8846,,
tenure-09376,True,8846,,
tenure-09377,True,8846,,
tenure-09378,True,8846,,
tenure-09379,True,8846,,
tenure-09380,True,8846,,
tenure-09381,True,8846,,
tenure-09382,True,8847|8848,unresolved,
tenure-09383,True,8847|8848,cross-checked,
tenure-09391,True,8858|8859,unresolved,
tenure-09392,True,8858|8859,unresolved,
tenure-09393,True,8860,directly-evidenced,8860
tenure-09405,True,8875,inferred,
tenure-09449,True,8920,inferred,
tenure-09452,True,8923,,
tenure-09472,True,8943,inferred,
tenure-09475,True,8946,inferred,
tenure-09476,True,8947,inferred,
tenure-09477,True,8948,inferred,
tenure-09478,True,8949,inferred,
tenure-09495,True,8966,,
tenure-09522,True,8993,cross-checked,
tenure-09523,True,8994,,8994
tenure-09524,True,8994,,8994
tenure-09525,True,8994,,8994
tenure-09526,True,8994,,8994
tenure-09527,True,8994,,8994
tenure-09528,True,8994,,8994
tenure-09530,True,8996,cross-checked,
tenure-09531,True,8997|8998,,
tenure-09532,True,8999,,
tenure-09546,True,9013,,
tenure-09547,True,9013,,
tenure-09548,True,9013,,
tenure-09563,True,9029,inferred,
tenure-09564,True,9030,inferred,
tenure-09570,True,9036,directly-evidenced,9036
tenure-09571,True,9037,cross-checked,
tenure-09572,True,9038,directly-evidenced,9038
tenure-09582,True,9048,inferred,
tenure-09601,True,9067,unresolved,
tenure-09604,True,9070,unresolved,
tenure-09606,True,9072,directly-evidenced,9072
tenure-09607,True,9073,unresolved,
tenure-09608,True,9074,unresolved,
tenure-09609,True,9075|9076|9077|9078,unresolved,
tenure-09610,True,9075|9076|9077|9078,,
tenure-09645,True,9114,inferred,
tenure-09664,True,9133,inferred,
tenure-09667,True,9136,,
tenure-09668,True,9136,,
tenure-09672,True,9140,inferred,
tenure-09673,True,9141,inferred,
tenure-09674,True,9142,inferred,
tenure-09685,True,9153|9154,directly-evidenced,9153
tenure-09686,True,9153|9154,cross-checked,9153
tenure-09730,True,9198|9199,unresolved,
tenure-09731,True,9198|9199,cross-checked,
tenure-09749,True,9217,,
tenure-09750,True,9217,,
tenure-09751,True,9217,,
tenure-09775,True,9241|9242,cross-checked,
tenure-09776,True,9241|9242,cross-checked,
tenure-09779,True,9245,directly-evidenced,9245
tenure-09780,True,9246,directly-evidenced,9246
tenure-09781,True,9247,unresolved,
tenure-09782,True,9248,,
tenure-09783,True,9248,,
tenure-09784,True,9248,,
tenure-09788,True,9252,,
tenure-09789,True,9252,,
tenure-09790,True,9252,,
tenure-09791,True,9252,,
tenure-09792,True,9252,,
tenure-09793,True,9252,,
tenure-09794,True,9252,,
tenure-09795,True,9252,,
tenure-09796,True,9252,,
tenure-09797,True,9252,,
tenure-09798,True,9252,,
tenure-09799,True,9252,,
tenure-09800,True,9252,,
tenure-09839,True,9292,cross-checked,
tenure-09858,True,9311|9312,unresolved,
tenure-09859,True,9311|9312,cross-checked,
tenure-09888,True,9341,,
tenure-09889,True,9341,,
tenure-09890,True,9341,,
tenure-09891,True,9341,,
tenure-09892,True,9341,,
tenure-09893,True,9341,,
tenure-09894,True,9341,,
tenure-09895,True,9341,,
tenure-09896,True,9341,,
tenure-09897,True,9341,,
tenure-09898,True,9341,,
tenure-09899,True,9341,,
tenure-09900,True,9341,,
tenure-09904,True,9345,cross-checked,
tenure-09905,True,9346,cross-checked,
tenure-09906,True,9347,directly-evidenced,9347
tenure-09913,True,9354|9355,directly-evidenced,9354
tenure-09914,True,9354|9355,cross-checked,9354
tenure-09926,True,9367,,
tenure-09927,True,9367,,
tenure-09955,True,9395,,
tenure-09956,True,9395,,
tenure-09998,True,9439,inferred,
tenure-10013,True,9454,directly-evidenced,9454
tenure-10023,True,9464,cross-checked,
tenure-10024,True,9465|9466,unresolved,9466
tenure-10025,True,9465|9466,directly-evidenced,9466
tenure-10054,True,9496,,
tenure-10055,True,9496,,
tenure-10056,True,9497,,
tenure-10057,True,9497,,
tenure-10058,True,9498,cross-checked,
tenure-10062,True,9502,,
tenure-10063,True,9502,,
tenure-10064,True,9502,,
tenure-10097,True,9538,inferred,
tenure-10150,True,9591,unresolved,
tenure-10151,True,9592,inferred,
tenure-10152,True,9593,inferred,
tenure-10153,True,9594,inferred,
tenure-10154,True,9595,cross-checked,
tenure-10155,True,9596,inferred,
tenure-10156,True,9597|9598,unresolved,
tenure-10157,True,9597|9598,cross-checked,
tenure-10183,True,9624,directly-evidenced,9624
tenure-10184,True,9625,unresolved,
tenure-10185,True,9626,cross-checked,
tenure-10188,True,9629,cross-checked,
tenure-10189,True,9630|9631,directly-evidenced,9630
tenure-10190,True,9630|9631,cross-checked,9630
tenure-10191,True,9632,inferred,
tenure-10198,True,9639,cross-checked,
tenure-10228,True,9669,,
tenure-10236,True,9677,,
tenure-10237,True,9677,,
tenure-10238,True,9677,,
tenure-10257,True,9697,unresolved,
tenure-10264,True,9704,inferred,
tenure-10270,True,9711|9712,unresolved,
tenure-10271,True,9711|9712,cross-checked,
tenure-10276,True,9717,directly-evidenced,9717
tenure-10277,True,9718|9719,directly-evidenced,9718
tenure-10278,True,9718|9719,cross-checked,9718
tenure-10305,True,9746,cross-checked,
tenure-10306,True,9747,cross-checked,
tenure-10307,True,9748,cross-checked,
tenure-10331,True,9774|9775,unresolved,9775
tenure-10332,True,9774|9775,directly-evidenced,9775
tenure-10333,True,9776,,
tenure-10334,True,9776,,
tenure-10335,True,9776,,
tenure-10336,True,9777,,
tenure-10337,True,9777,,
tenure-10338,True,9777,,
tenure-10339,True,9777,,
tenure-10340,True,9777,,
tenure-10342,True,9779|9780|9781,,9780
tenure-10343,True,9779|9780|9781,cross-checked,9780
tenure-10344,True,9782,directly-evidenced,9782
tenure-10345,True,9783|9784,directly-evidenced,9783
tenure-10346,True,9783|9784,cross-checked,9783
tenure-10350,True,9789|9790,unresolved,
tenure-10351,True,9789|9790,,
tenure-10352,True,9789|9790,,
tenure-10356,True,9795,unresolved,
tenure-10357,True,9795,,
tenure-10359,True,9797,inferred,
tenure-10360,True,9798,inferred,
tenure-10385,True,9823|9824,unresolved,9824
tenure-10386,True,9823|9824,directly-evidenced,9824
tenure-10410,True,9848,inferred,
tenure-10411,True,9849,,
tenure-10412,True,9849,,
tenure-10426,True,9864,inferred,
tenure-10427,True,9865,inferred,
tenure-10432,True,9870,inferred,
tenure-10433,True,9871,inferred,
tenure-10434,True,9872,inferred,
tenure-10435,True,9873,inferred,
tenure-10443,True,9881,unresolved,
tenure-10444,True,9882,,
tenure-10445,True,9883,directly-evidenced,9883
tenure-10446,True,9884,,
tenure-10448,True,9886,,
tenure-10449,True,9886,,
tenure-10450,True,9886,,
tenure-10451,True,9886,,
tenure-10452,True,9886,,
tenure-10453,True,9886,,
tenure-10454,True,9886,,
tenure-10455,True,9886,,
tenure-10477,True,9908|9909,unresolved,
tenure-10478,True,9908|9909,cross-checked,
tenure-10481,True,9912,cross-checked,
tenure-10482,True,9913,cross-checked,
tenure-10483,True,9914,directly-evidenced,9914
tenure-10491,True,9922,,
tenure-10492,True,9922,,
tenure-10495,True,9925|9926,unresolved,
tenure-10496,True,9925|9926,cross-checked,
tenure-10498,True,9928|9929,directly-evidenced,9928
tenure-10499,True,9928|9929,cross-checked,9928
tenure-10501,True,9931,cross-checked,
tenure-10502,True,9932,directly-evidenced,9932
tenure-10503,True,9933|9934,,
tenure-10516,True,9947|9948|9949,unresolved,
tenure-10517,True,9947|9948|9949,,
tenure-10518,True,9950|9951|9952,directly-evidenced,9950
tenure-10519,True,9950|9951|9952,,9950
tenure-10534,True,9967|9968,unresolved,
tenure-10535,True,9967|9968,cross-checked,
tenure-10555,True,9990,cross-checked,
tenure-10556,True,9991,directly-evidenced,9991
tenure-10557,True,9992,cross-checked,
tenure-10593,True,10028,unresolved,
tenure-10600,True,10035,,
tenure-10601,True,10035,,
tenure-10602,True,10035,,
tenure-10609,True,10042|10043|10044|10045,unresolved,10043
tenure-10610,True,10042|10043|10044|10045,directly-evidenced,10043
tenure-10611,True,10042|10043|10044|10045,,10043
tenure-10614,True,10048,inferred,
tenure-10616,True,10050|10051|10052,unresolved,
tenure-10617,True,10050|10051|10052,,
tenure-10629,True,10064|10065|10066,directly-evidenced,10064
tenure-10630,True,10064|10065|10066,,10064
tenure-10652,True,10090|10091|10092,unresolved,
tenure-10653,True,10090|10091|10092,unresolved,
tenure-10654,True,10090|10091|10092,unresolved,
tenure-10665,True,10103,inferred,
tenure-10666,True,10104,cross-checked,
tenure-10667,True,10105,cross-checked,
tenure-10704,True,10142,,
tenure-10705,True,10142,,
tenure-10706,True,10143|10144,directly-evidenced,10143
tenure-10707,True,10143|10144,,10143
tenure-10708,True,10143|10144,,10143
tenure-10714,True,10150,,
tenure-10724,True,10160,,
tenure-10725,True,10160,,
tenure-10743,True,10178,,
tenure-10744,True,10178,,
tenure-10747,True,10182,,
tenure-10748,True,10182,,
tenure-10749,True,10182,,
tenure-10762,True,10195|10196|10197,,
tenure-10763,True,10198|10199,unresolved,
tenure-10764,True,10198|10199,cross-checked,
tenure-10774,True,10209,,
tenure-10828,True,10264,,
tenure-10829,True,10264,,
tenure-10830,True,10265,,
tenure-10831,True,10265,,
tenure-10861,True,10297,inferred,
tenure-10890,True,10327,unresolved,
tenure-10905,True,10342,,
tenure-10906,True,10342,,
tenure-10907,True,10343,,
tenure-10908,True,10343,,
tenure-10924,True,10359,unresolved,
tenure-10976,True,10412,cross-checked,
tenure-10977,True,10413,,10413
tenure-11007,True,10443,,
tenure-11008,True,10443,,
tenure-11009,True,10443,,
tenure-11010,True,10443,,
tenure-11020,True,10453,inferred,
tenure-11031,True,10464,inferred,
tenure-11032,True,10465,inferred,
tenure-11051,True,10484,,
tenure-11052,True,10484,,
tenure-11067,True,10499|10500|10501,directly-evidenced,10499|10501
tenure-11068,True,10499|10500|10501,,10499|10501
tenure-11075,True,10508,directly-evidenced,10508
tenure-11076,True,10509,cross-checked,
tenure-11077,True,10510,cross-checked,
tenure-11093,True,10526|10527,cross-checked,
tenure-11094,True,10526|10527,cross-checked,
tenure-11095,True,10528,inferred,
tenure-11096,True,10529,inferred,
tenure-11098,True,10531,inferred,
tenure-11100,True,10533,inferred,
tenure-11109,True,10542,cross-checked,
tenure-11110,True,10543,directly-evidenced,10543
tenure-11111,True,10544,cross-checked,
tenure-11135,True,10575,,
tenure-11136,True,10575,,
tenure-11137,True,10575,,
tenure-11146,True,10585,,
tenure-11158,True,10597,inferred,
tenure-11175,True,10614,,
tenure-11176,True,10614,,
tenure-11177,True,10614,cross-checked,
tenure-11178,True,10615,,
tenure-11179,True,10615,,
tenure-11180,True,10615,,
tenure-11188,True,10623,inferred,
tenure-11189,True,10624,unresolved,
tenure-11190,True,10625,cross-checked,
tenure-11191,True,10626,directly-evidenced,10626
tenure-11192,True,10627,cross-checked,
tenure-11193,True,10628,unresolved,
tenure-11194,True,10629,cross-checked,
tenure-11195,True,10630,unresolved,
tenure-11198,True,10633,cross-checked,
tenure-11199,True,10634,cross-checked,
tenure-11200,True,10635,cross-checked,
tenure-11201,True,10636,inferred,
tenure-11223,True,10661|10662,directly-evidenced,10661
tenure-11224,True,10661|10662,cross-checked,10661
tenure-11225,True,10663,cross-checked,
tenure-11226,True,10664|10665|10666,unresolved,
tenure-11227,True,10664|10665|10666,,
tenure-11228,True,10664|10665|10666,,
tenure-11229,True,10664|10665|10666,,
tenure-11230,True,10667|10668|10669,,10668
tenure-11231,True,10667|10668|10669,cross-checked,10668
tenure-11236,True,10674|10675,directly-evidenced,10674|10675
tenure-11237,True,10674|10675,directly-evidenced,10674|10675
tenure-11242,True,10680|10681,unresolved,
tenure-11243,True,10680|10681,cross-checked,
tenure-11254,True,10692,inferred,
tenure-11256,True,10694,,10694
tenure-11257,True,10694,,10694
tenure-11260,True,10697,,
tenure-11261,True,10697,,
tenure-11267,True,10706,cross-checked,
tenure-11268,True,10707|10708,unresolved,
tenure-11269,True,10707|10708,,
tenure-11270,True,10707|10708,,
tenure-11274,True,10712,cross-checked,
tenure-11275,True,10713,cross-checked,
tenure-11300,True,10738|10739,directly-evidenced,10738
tenure-11301,True,10738|10739,cross-checked,10738
tenure-11309,True,10748,,
tenure-11310,True,10748,,
tenure-11311,True,10748,,
tenure-11312,True,10748,,
tenure-11313,True,10748,,
tenure-11314,True,10748,,
tenure-11336,True,10770|10771|10772,directly-evidenced,10770
tenure-11337,True,10770|10771|10772,,10770
tenure-11338,True,10773,directly-evidenced,10773
tenure-11339,True,10774,cross-checked,
tenure-11342,True,10777,inferred,
tenure-11343,True,10778,inferred,
tenure-11347,True,10782|10783,unresolved,10783
tenure-11348,True,10782|10783,directly-evidenced,10783
tenure-11351,True,10786,,
tenure-11352,True,10787,,
tenure-11359,True,10794,inferred,
tenure-11380,True,10815,directly-evidenced,10815
tenure-11385,True,10821,inferred,
tenure-11386,True,10822,unresolved,
tenure-11399,True,10835,,
tenure-11400,True,10835,,
tenure-11401,True,10835,,
tenure-11402,True,10835,,
tenure-11435,True,10868,,
tenure-11436,True,10868,,
tenure-11437,True,10868,,
tenure-11487,True,10918,cross-checked,
tenure-11488,True,10919,,
tenure-11526,True,10957|10958|10959,,
tenure-11527,True,10957|10958|10959,unresolved,
tenure-11528,True,10960|10961|10962,unresolved,10961
tenure-11529,True,10960|10961|10962,directly-evidenced,10961
tenure-11530,True,10960|10961|10962,cross-checked,10961
tenure-11554,True,10987,unresolved,
tenure-11568,True,11001|11002,unresolved,
tenure-11569,True,11001|11002,cross-checked,
tenure-11571,True,11004,,
tenure-11572,True,11004,,
tenure-11573,True,11004,,
tenure-11574,True,11004,,
tenure-11575,True,11004,,
tenure-11576,True,11004,,
tenure-11585,True,11013,,
tenure-11586,True,11013,,
tenure-11587,True,11013,,
tenure-11588,True,11013,,
tenure-11589,True,11014,,
tenure-11590,True,11014,,
tenure-11591,True,11014,,
tenure-11592,True,11014,,
tenure-11616,True,11039,directly-evidenced,11039
tenure-11617,True,11040,cross-checked,
tenure-11618,True,11041,directly-evidenced,11041
tenure-11666,True,11089,,
tenure-11667,True,11089,,
tenure-11668,True,11089,,
tenure-11669,True,11089,,
tenure-11670,True,11089,,
tenure-11685,True,11104,,
tenure-11686,True,11104,,
tenure-11687,True,11104,,
tenure-11688,True,11104,,
tenure-11689,True,11104,,
tenure-11690,True,11104,,
tenure-11691,True,11104,,
tenure-11692,True,11104,,
tenure-11693,True,11104,,
tenure-11694,True,11104,,
tenure-11695,True,11104,,
tenure-11696,True,11104,,
tenure-11697,True,11105,,
tenure-11698,True,11105,,
tenure-11699,True,11105,,
tenure-11700,True,11105,,
tenure-11701,True,11105,,
tenure-11702,True,11105,,
tenure-11712,True,11115|11116,directly-evidenced,11115
tenure-11713,True,11115|11116,cross-checked,11115
tenure-11732,True,11136|11137,,
tenure-11733,True,11136|11137,,
tenure-11734,True,11136|11137,,
tenure-11735,True,11136|11137,,
tenure-11736,True,11138|11139,unresolved,
tenure-11737,True,11138|11139,cross-checked,
tenure-11738,True,11140|11141,directly-evidenced,11140
tenure-11739,True,11140|11141,,11140
tenure-11740,True,11142,cross-checked,
tenure-11741,True,11143,,
tenure-11742,True,11143,unresolved,
tenure-11763,True,11167,cross-checked,
tenure-11764,True,11168|11169,unresolved,11169
tenure-11765,True,11168|11169,directly-evidenced,11169
tenure-11798,True,11203,,
tenure-11799,True,11203,,
tenure-11800,True,11203,,
tenure-11801,True,11203,,
tenure-11802,True,11203,,
tenure-11803,True,11203,,
tenure-11804,True,11203,,
tenure-11805,True,11204,,
tenure-11806,True,11204,,
tenure-11807,True,11204,,
tenure-11808,True,11204,,
tenure-11828,True,11224,,
tenure-11829,True,11224,,
tenure-11888,True,11283,unresolved,
tenure-11900,True,11295,inferred,
tenure-11926,True,11321,,
tenure-11927,True,11321,,
tenure-11928,True,11321,,
tenure-11944,True,11337,inferred,
tenure-11964,True,11357,unresolved,
tenure-11998,True,11391,inferred,
tenure-12020,True,11414|11415,unresolved,
tenure-12021,True,11414|11415,cross-checked,
tenure-12058,True,11452,,
tenure-12059,True,11452,,
tenure-12060,True,11452,,
tenure-12071,True,11464,cross-checked,
tenure-12072,True,11465,cross-checked,
tenure-12073,True,11466,,
tenure-12074,True,11466,,
tenure-12092,True,11484,unresolved,
tenure-12098,True,11490,,
tenure-12099,True,11490,,
tenure-12100,True,11490,,
tenure-12124,True,11514,cross-checked,
tenure-12129,True,11519,inferred,
tenure-12146,True,11536,unresolved,
tenure-12176,True,11566|11567,directly-evidenced,11566
tenure-12177,True,11566|11567,cross-checked,11566
tenure-12202,True,11593|11594|11595,cross-checked,
tenure-12203,True,11593|11594|11595,,
tenure-12204,True,11596,unresolved,
tenure-12205,True,11597|11598,unresolved,11598
tenure-12206,True,11597|11598,directly-evidenced,11598
tenure-12237,True,11630|11631,directly-evidenced,11630
tenure-12238,True,11630|11631,cross-checked,11630
tenure-12239,True,11632,cross-checked,
tenure-12247,True,11640,inferred,
tenure-12248,True,11641,unresolved,
tenure-12252,True,11645,inferred,
tenure-12253,True,11646,inferred,
tenure-12259,True,11653,cross-checked,
tenure-12260,True,11654,directly-evidenced,11654
tenure-12261,True,11655|11656,,
tenure-12265,True,11660,,
tenure-12266,True,11660,,
tenure-12268,True,11662,,
tenure-12269,True,11662,,
tenure-12270,True,11663,,11663
tenure-12271,True,11663,,11663
tenure-12289,True,11682,inferred,
tenure-12290,True,11683,cross-checked,
tenure-12291,True,11684,cross-checked,
tenure-12292,True,11685,cross-checked,
tenure-12293,True,11686,cross-checked,
tenure-12294,True,11687,cross-checked,
tenure-12298,True,11691,,
tenure-12299,True,11692,,
tenure-12300,True,11692,,
tenure-12301,True,11692,,
tenure-12302,True,11692,,
tenure-12303,True,11692,,
tenure-12304,True,11692,,
tenure-12305,True,11692,,
tenure-12306,True,11693,,
tenure-12307,True,11693,,
tenure-12313,True,11699,directly-evidenced,11699
tenure-12314,True,11700,directly-evidenced,11700
tenure-12315,True,11701,cross-checked,
tenure-12317,True,11703,,
tenure-12350,True,11736,inferred,
tenure-12351,True,11737,inferred,
tenure-12352,True,11738,inferred,
tenure-12353,True,11739,inferred,
tenure-12370,True,11756,directly-evidenced,11756
tenure-12371,True,11757,inferred,
tenure-12391,True,11777,inferred,
tenure-12406,True,11792|11793,unresolved,11793
tenure-12407,True,11792|11793,directly-evidenced,11793
tenure-12419,True,11805,unresolved,
tenure-12430,True,11816,unresolved,
tenure-12431,True,11817,cross-checked,
tenure-12432,True,11818,cross-checked,
tenure-12433,True,11819,directly-evidenced,11819
tenure-12456,True,11844|11845,cross-checked,11845
tenure-12457,True,11844|11845,directly-evidenced,11845
tenure-12505,True,11896,cross-checked,
tenure-12540,True,11931,inferred,
tenure-12541,True,11932,inferred,
tenure-12542,True,11933,,
tenure-12543,True,11933,,
tenure-12544,True,11933,,
tenure-12545,True,11933,,
tenure-12546,True,11934,unresolved,
tenure-12565,True,11954,cross-checked,
tenure-12566,True,11955,,
tenure-12567,True,11955,,
tenure-12573,True,11961,unresolved,
tenure-12574,True,11962,unresolved,
tenure-12577,True,11965,,11965
tenure-12578,True,11965,,11965
tenure-12623,True,12010|12011|12012,unresolved,
tenure-12624,True,12010|12011|12012,,
tenure-12625,True,12010|12011|12012,,
tenure-12627,True,12014,inferred,
tenure-12630,True,12017,,
tenure-12635,True,12022,,
tenure-12638,True,12025|12026,unresolved,
tenure-12639,True,12025|12026,cross-checked,
tenure-12640,True,12027|12028|12029,unresolved,
tenure-12641,True,12027|12028|12029,,
tenure-12642,True,12027|12028|12029,,
tenure-12643,True,12030,,
tenure-12644,True,12030,,
tenure-12645,True,12030,,
tenure-12663,True,12048,directly-evidenced,12048
tenure-12665,True,12050,,
tenure-12666,True,12050,,
tenure-12667,True,12050,,
tenure-12668,True,12051,,
tenure-12669,True,12051,,
tenure-12670,True,12052,directly-evidenced,12052
tenure-12671,True,12053,cross-checked,
tenure-12672,True,12054,cross-checked,
tenure-12673,True,12055,inferred,
tenure-12674,True,12056,inferred,
tenure-12675,True,12057,inferred,
tenure-12676,True,12058,inferred,
tenure-12677,True,12059,inferred,
tenure-12678,True,12060,inferred,
tenure-12679,True,12061,unresolved,
tenure-12680,True,12062,,
tenure-12681,True,12063,,
tenure-12685,True,12067,unresolved,
tenure-12696,True,12078,inferred,
tenure-12725,True,12107,,
tenure-12726,True,12107,,
tenure-12744,True,12125,inferred,
tenure-12745,True,12126,inferred,
tenure-12746,True,12127,inferred,
tenure-12756,True,12137|12138,unresolved,12138
tenure-12757,True,12137|12138,directly-evidenced,12138
tenure-12775,True,12158,,
tenure-12776,True,12158,,
tenure-12787,True,12169|12170|12171|12172|12173,unresolved,12170|12173
tenure-12788,True,12169|12170|12171|12172|12173,directly-evidenced,12170|12173
tenure-12789,True,12169|12170|12171|12172|12173,,12170|12173
tenure-12790,True,12174,directly-evidenced,12174
tenure-12793,True,12177,,
tenure-12794,True,12177,,
tenure-12795,True,12177,,
tenure-12796,True,12177,,
tenure-12818,True,12200,,
tenure-12821,True,12203,inferred,
tenure-12823,True,12205,,
tenure-12826,True,12208,inferred,
tenure-12835,True,12217,,
tenure-12836,True,12217,,
tenure-12875,True,12256,,
tenure-12876,True,12256,,
tenure-12878,True,12258|12259,unresolved,
tenure-12879,True,12258|12259,cross-checked,
tenure-12921,True,12301|12302,directly-evidenced,12301
tenure-12922,True,12301|12302,cross-checked,12301
tenure-12943,True,12323,,
tenure-12944,True,12323,,
tenure-12945,True,12323,,
tenure-12946,True,12323,,
tenure-12956,True,12333,,
tenure-12958,True,12335,unresolved,
tenure-12959,True,12336,directly-evidenced,12336
tenure-12960,True,12337,cross-checked,
tenure-12964,True,12341,,12341
tenure-12965,True,12341,,12341
tenure-12966,True,12341,,12341
tenure-12968,True,12343|12344,directly-evidenced,12343
tenure-12969,True,12343|12344,,12343
tenure-12972,True,12347,cross-checked,
tenure-12973,True,12348,cross-checked,
tenure-12974,True,12349|12350|12351|12352,,
tenure-12981,True,12359,directly-evidenced,12359
tenure-12982,True,12360,directly-evidenced,12360
tenure-12983,True,12361,cross-checked,
tenure-13078,True,12459,directly-evidenced,12459
tenure-13079,True,12460|12461|12462,unresolved,
tenure-13080,True,12460|12461|12462,,
tenure-13095,True,12477,inferred,
tenure-13096,True,12478,inferred,
tenure-13109,True,12491,,
tenure-13110,True,12491,,
tenure-13111,True,12491,,
tenure-13112,True,12492,,
tenure-13113,True,12492,,
tenure-13114,True,12493|12494,directly-evidenced,12493|12494
tenure-13115,True,12493|12494,directly-evidenced,12493|12494
tenure-13155,True,12536,,
tenure-13156,True,12536,,
tenure-13157,True,12536,,
tenure-13158,True,12536,,
tenure-13159,True,12536,,
tenure-13160,True,12536,,
tenure-13161,True,12536,,
tenure-13162,True,12536,,
tenure-13163,True,12536,,
tenure-13164,True,12536,,
tenure-13165,True,12536,,
tenure-13166,True,12536,,
tenure-13167,True,12536,,
tenure-13168,True,12536,,
tenure-13169,True,12536,,
tenure-13170,True,12536,,
tenure-13171,True,12537,,
tenure-13172,True,12537,,
tenure-13173,True,12537,,
tenure-13174,True,12537,,
tenure-13175,True,12537,,
tenure-13176,True,12537,,
tenure-13177,True,12537,,
tenure-13178,True,12537,,
tenure-13179,True,12537,,
tenure-13180,True,12537,,
tenure-13181,True,12537,,
tenure-13182,True,12537,,
tenure-13183,True,12537,,
tenure-13184,True,12537,,
tenure-13185,True,12537,,
tenure-13186,True,12537,,
tenure-13194,True,12545|12546,unresolved,
tenure-13195,True,12545|12546,cross-checked,
tenure-13196,True,12547|12548,directly-evidenced,12547
tenure-13197,True,12547|12548,cross-checked,12547
tenure-13200,True,12551,cross-checked,
tenure-13201,True,12552,,
tenure-13202,True,12552,,
tenure-13203,True,12552,,
tenure-13204,True,12552,,
tenure-13205,True,12552,,
tenure-13206,True,12552,,
tenure-13207,True,12552,,
tenure-13244,True,12589|12590,unresolved,
tenure-13245,True,12589|12590,cross-checked,
tenure-13271,True,12616,cross-checked,
tenure-13272,True,12617,directly-evidenced,12617
tenure-13273,True,12618,cross-checked,
tenure-13309,True,12654|12655,directly-evidenced,12654
tenure-13310,True,12654|12655,cross-checked,12654
tenure-13317,True,12662,,
tenure-13318,True,12662,,
tenure-13320,True,12664,,
tenure-13321,True,12664,,
tenure-13322,True,12664,,
tenure-13323,True,12664,,
tenure-13324,True,12665,,12665
tenure-13325,True,12665,,12665
tenure-13326,True,12665,,12665
tenure-13327,True,12665,,12665
tenure-13347,True,12685,inferred,
tenure-13358,True,12697,inferred,
tenure-13360,True,12699,,
tenure-13361,True,12699,,
tenure-13404,True,12742,,
tenure-13405,True,12742,,
tenure-13406,True,12743,cross-checked,
tenure-13440,True,12777|12778,cross-checked,
tenure-13441,True,12777|12778,cross-checked,
tenure-13443,True,12780,,
tenure-13444,True,12780,,
tenure-13454,True,12790,cross-checked,
tenure-13455,True,12791,directly-evidenced,12791
tenure-13456,True,12792,directly-evidenced,12792
tenure-13488,True,12824,,
tenure-13489,True,12824,,
tenure-13490,True,12824,,
tenure-13495,True,12829,,
tenure-13524,True,12858,,
tenure-13525,True,12858,,
tenure-13526,True,12858,,
tenure-13577,True,12909,,
tenure-13578,True,12909,,
tenure-13579,True,12909,,
tenure-13580,True,12909,,
tenure-13581,True,12909,,
tenure-13619,True,12947,cross-checked,
tenure-13620,True,12948,cross-checked,
tenure-13621,True,12949,cross-checked,
tenure-13622,True,12950,,
tenure-13623,True,12950,,
tenure-13624,True,12950,,
tenure-13625,True,12951,,
tenure-13626,True,12951,,
tenure-13627,True,12951,,
tenure-13628,True,12952,cross-checked,
tenure-13630,True,12954,,
tenure-13631,True,12954,,
tenure-13632,True,12954,,
tenure-13633,True,12954,,
tenure-13634,True,12954,,
tenure-13635,True,12954,,
tenure-13636,True,12954,,
tenure-13637,True,12954,,
tenure-13638,True,12954,,
tenure-13639,True,12954,,
tenure-13640,True,12954,,
tenure-13641,True,12954,,
tenure-13642,True,12954,,
tenure-13643,True,12954,,
tenure-13644,True,12954,,
tenure-13645,True,12955,unresolved,
tenure-13646,True,12955,,
tenure-13647,True,12956,cross-checked,
tenure-13649,True,12958,,
tenure-13650,True,12958,,
tenure-13651,True,12958,,
tenure-13655,True,12962|12963,unresolved,
tenure-13656,True,12962|12963,unresolved,
tenure-13659,True,12966,unresolved,
tenure-13662,True,12969,,
tenure-13663,True,12969,,
tenure-13664,True,12969,,
tenure-13665,True,12969,,
tenure-13719,True,13023,,
tenure-13720,True,13023,,
tenure-13724,True,13027,,
tenure-13725,True,13027,,
tenure-13726,True,13027,,
tenure-13727,True,13027,,
tenure-13779,True,13080|13081|13082,cross-checked,
tenure-13780,True,13080|13081|13082,,
tenure-13795,True,13097|13098|13099,directly-evidenced,13097|13099
tenure-13796,True,13097|13098|13099,,13097|13099
tenure-13797,True,13100|13101,unresolved,
tenure-13798,True,13100|13101,cross-checked,
tenure-13805,True,13108,,
tenure-13806,True,13108,,
tenure-13807,True,13109,,
tenure-13808,True,13109,,
tenure-13857,True,13158,inferred,
tenure-13873,True,13175,,
tenure-13874,True,13175,,
tenure-13875,True,13176|13177|13178|13179,unresolved,
tenure-13876,True,13176|13177|13178|13179,,
tenure-13883,True,13187,inferred,
tenure-13885,True,13189,cross-checked,
tenure-13887,True,13191|13192|13193,unresolved,
tenure-13888,True,13191|13192|13193,,
tenure-13905,True,13210,,
tenure-13906,True,13210,,
tenure-13907,True,13210,,
tenure-13932,True,13235|13236,unresolved,
tenure-13933,True,13235|13236,cross-checked,
tenure-13946,True,13249|13250|13251|13252,cross-checked,
tenure-13947,True,13249|13250|13251|13252,,
tenure-13949,True,13254|13255|13256,cross-checked,13255
tenure-13950,True,13254|13255|13256,directly-evidenced,13255
tenure-13951,True,13254|13255|13256,cross-checked,13255
tenure-13978,True,13285,inferred,
tenure-13979,True,13286,unresolved,
tenure-13980,True,13287,unresolved,
tenure-13981,True,13288,inferred,
tenure-13992,True,13299,inferred,
tenure-13993,True,13300,inferred,
tenure-13998,True,13305,,
tenure-14002,True,13309,,
tenure-14003,True,13309,,
tenure-14004,True,13310,,
tenure-14005,True,13310,,
tenure-14006,True,13310,,
tenure-14007,True,13311,inferred,
tenure-14008,True,13312,inferred,
tenure-14009,True,13313,inferred,
tenure-14027,True,13331|13332,,13332
tenure-14028,True,13331|13332,,13332
tenure-14029,True,13331|13332,,13332
tenure-14030,True,13331|13332,,13332
tenure-14034,True,13336,,
tenure-14035,True,13336,,
tenure-14036,True,13337|13338,directly-evidenced,13337
tenure-14037,True,13337|13338,cross-checked,13337
tenure-14066,True,13367|13368|13369|13370,unresolved,
tenure-14067,True,13367|13368|13369|13370,unresolved,
tenure-14068,True,13367|13368|13369|13370,,
tenure-14070,True,13373,unresolved,
tenure-14097,True,13400,,
tenure-14098,True,13400,,
tenure-14099,True,13401,,
tenure-14100,True,13401,,
tenure-14101,True,13401,,
tenure-14105,True,13405|13406|13407,unresolved,
tenure-14106,True,13405|13406|13407,,
tenure-14107,True,13408,,
tenure-14108,True,13408,,
tenure-14109,True,13408,,
tenure-14116,True,13415,,
tenure-14117,True,13415,,
tenure-14118,True,13416,cross-checked,
tenure-14139,True,13439,,
tenure-14140,True,13439,,
tenure-14141,True,13439,,
tenure-14142,True,13440,,
tenure-14143,True,13440,,
tenure-14144,True,13441,,
tenure-14145,True,13441,,
tenure-14150,True,13447,,13447
tenure-14151,True,13447,,13447
tenure-14152,True,13447,,13447
tenure-14153,True,13447,,13447
tenure-14154,True,13447,,13447
tenure-14155,True,13447,,13447
tenure-14156,True,13447,,13447
tenure-14157,True,13447,,13447
tenure-14158,True,13448,,
tenure-14159,True,13448,,
tenure-14165,True,13454,,
tenure-14166,True,13454,,
tenure-14177,True,13465,,
tenure-14178,True,13465,,
tenure-14180,True,13467,,
tenure-14181,True,13467,,
tenure-14182,True,13467,,
tenure-14183,True,13467,,
tenure-14184,True,13468,,
tenure-14185,True,13468,,
tenure-14186,True,13468,,
tenure-14187,True,13468,,
tenure-14188,True,13468,,
tenure-14189,True,13468,,
tenure-14190,True,13468,,
tenure-14191,True,13468,,
tenure-14192,True,13468,,
tenure-14193,True,13468,,
tenure-14194,True,13468,,
tenure-14196,True,13472,directly-evidenced,13472
tenure-14197,True,13473|13474,,
tenure-14198,True,13475,directly-evidenced,13475
tenure-14199,True,13476|13477,unresolved,13477
tenure-14200,True,13476|13477,directly-evidenced,13477
tenure-14201,True,13478,,
tenure-14202,True,13478,,
tenure-14203,True,13479,,
tenure-14204,True,13479,,
tenure-14205,True,13479,,
tenure-14217,True,13491,,
tenure-14218,True,13491,,
tenure-14219,True,13491,,
tenure-14241,True,13513,inferred,
tenure-14246,True,13518,,
tenure-14247,True,13518,,
tenure-14248,True,13519,cross-checked,
tenure-14249,True,13520,,
tenure-14250,True,13520,,
tenure-14253,True,13523,directly-evidenced,13523
tenure-14270,True,13541|13542,,
tenure-14271,True,13543,,
tenure-14272,True,13543,,
tenure-14273,True,13544|13545,unresolved,
tenure-14274,True,13544|13545,cross-checked,
tenure-14275,True,13546|13547,unresolved,
tenure-14276,True,13546|13547,cross-checked,
tenure-14277,True,13548|13549,directly-evidenced,13548
tenure-14278,True,13548|13549,cross-checked,13548
tenure-14280,True,13551,,
tenure-14281,True,13551,,
tenure-14282,True,13551,,
tenure-14283,True,13552,,
tenure-14284,True,13553,,13553
tenure-14317,True,13588|13589,,
tenure-14318,True,13590,directly-evidenced,13590
tenure-14319,True,13591|13592,,
tenure-14333,True,13606|13607,unresolved,
tenure-14334,True,13606|13607,unresolved,
tenure-14340,True,13614,,
tenure-14341,True,13614,,
tenure-14342,True,13614,,
tenure-14343,True,13614,unresolved,
tenure-14345,True,13616,,
tenure-14346,True,13616,,
tenure-14347,True,13616,,
tenure-14348,True,13616,,
tenure-14349,True,13616,,
tenure-14350,True,13616,,
tenure-14351,True,13616,,
tenure-14352,True,13616,,
tenure-14353,True,13616,,
tenure-14354,True,13616,,
tenure-14377,True,13639|13640,directly-evidenced,13639
tenure-14378,True,13639|13640,cross-checked,13639
tenure-14397,True,13660,inferred,
tenure-14431,True,13694|13695,unresolved,
tenure-14432,True,13694|13695,cross-checked,
tenure-14469,True,13732,inferred,
tenure-14473,True,13736,,
tenure-14474,True,13736,,
tenure-14475,True,13737,cross-checked,
tenure-14489,True,13751|13752,directly-evidenced,13751
tenure-14490,True,13751|13752,cross-checked,13751
tenure-14494,True,13758,,
tenure-14495,True,13758,,
tenure-14496,True,13758,,
tenure-14497,True,13758,,
tenure-14498,True,13758,,
tenure-14499,True,13758,,
tenure-14500,True,13758,,
tenure-14501,True,13758,,
tenure-14502,True,13758,,
tenure-14503,True,13758,,
tenure-14504,True,13758,,
tenure-14554,True,13808,inferred,
tenure-14562,True,13816,,
tenure-14563,True,13816,,
tenure-14564,True,13816,,
tenure-14565,True,13816,,
tenure-14566,True,13816,,
tenure-14567,True,13816,,
tenure-14568,True,13816,,
tenure-14569,True,13816,,
tenure-14576,True,13823,,13823
tenure-14577,True,13824,,
tenure-14578,True,13825,inferred,
tenure-14584,True,13831|13832,cross-checked,13832
tenure-14585,True,13831|13832,directly-evidenced,13832
tenure-14598,True,13845|13846,directly-evidenced,13845
tenure-14599,True,13845|13846,cross-checked,13845
tenure-14640,True,13888,cross-checked,
tenure-14641,True,13889,cross-checked,
tenure-14642,True,13890,directly-evidenced,13890
tenure-14646,True,13894|13895|13896,unresolved,13896
tenure-14647,True,13894|13895|13896,,13896
tenure-14648,True,13897,directly-evidenced,13897
tenure-14661,True,13910,,
tenure-14662,True,13910,,
tenure-14663,True,13910,,
tenure-14676,True,13923,,
tenure-14677,True,13923,,
tenure-14678,True,13923,,
tenure-14679,True,13924,,
tenure-14680,True,13924,,
tenure-14681,True,13925|13926,,13926
tenure-14684,True,13929,cross-checked,
tenure-14690,True,13935,directly-evidenced,13935
tenure-14691,True,13936,cross-checked,
tenure-14692,True,13937,cross-checked,
tenure-14701,True,13946|13947,cross-checked,
tenure-14702,True,13946|13947,cross-checked,
tenure-14716,True,13961,,
tenure-14717,True,13961,,
tenure-14721,True,13965,,
tenure-14722,True,13965,,
tenure-14725,True,13971,directly-evidenced,13971
tenure-14731,True,13977|13978|13979|13980,unresolved,
tenure-14732,True,13977|13978|13979|13980,,
tenure-14799,True,14048,,
tenure-14800,True,14048,,
tenure-14801,True,14049|14050,directly-evidenced,14049
tenure-14802,True,14049|14050,cross-checked,14049
tenure-14803,True,14051,cross-checked,
tenure-14804,True,14052,cross-checked,
tenure-14805,True,14053,cross-checked,
tenure-14806,True,14054,cross-checked,
tenure-14821,True,14069|14070,unresolved,
tenure-14822,True,14069|14070,cross-checked,
tenure-14823,True,14071,cross-checked,
tenure-14824,True,14072|14073,unresolved,
tenure-14825,True,14072|14073,,
tenure-14837,True,14085|14086,directly-evidenced,14085
tenure-14838,True,14085|14086,cross-checked,14085
tenure-14846,True,14095|14096,unresolved,
tenure-14847,True,14095|14096,cross-checked,
tenure-14857,True,14107|14108|14109,directly-evidenced,14107
tenure-14858,True,14107|14108|14109,,14107
tenure-14859,True,14110,directly-evidenced,14110
tenure-14882,True,14135|14136,unresolved,
tenure-14883,True,14135|14136,unresolved,
tenure-14884,True,14137,,
tenure-14885,True,14137,,
tenure-14886,True,14137,,
tenure-14887,True,14137,,
tenure-14888,True,14137,,
tenure-14889,True,14137,,
tenure-14890,True,14137,,
tenure-14891,True,14137,,
tenure-14892,True,14137,,
tenure-14893,True,14137,,
tenure-14894,True,14138,,
tenure-14895,True,14138,,
tenure-14896,True,14138,,
tenure-14897,True,14138,,
tenure-14898,True,14138,,
tenure-14899,True,14138,,
tenure-14900,True,14138,,
tenure-14901,True,14138,,
tenure-14904,True,14141|14142,,
tenure-14905,True,14143,directly-evidenced,14143
tenure-14906,True,14144|14145|14146,,
tenure-14913,True,14153,,
tenure-14914,True,14153,,
tenure-14915,True,14153,,
tenure-14916,True,14153,,
tenure-14917,True,14153,,
tenure-14918,True,14153,,
tenure-14919,True,14153,,
tenure-14920,True,14154,cross-checked,
tenure-14921,True,14155,,
tenure-14922,True,14155,,
tenure-14923,True,14155,,
tenure-14924,True,14155,,
tenure-14925,True,14155,,
tenure-14926,True,14155,cross-checked,
tenure-14938,True,14167,,
tenure-14939,True,14167,,
tenure-14940,True,14168,,
tenure-14941,True,14168,,
tenure-14947,True,14174,inferred,
tenure-14955,True,14182,,
tenure-14956,True,14183,,
tenure-14957,True,14183,,
tenure-14994,True,14221|14222,directly-evidenced,14221
tenure-14995,True,14221|14222,cross-checked,14221
tenure-15010,True,14237,cross-checked,
tenure-15039,True,14266,,
tenure-15040,True,14266,,
tenure-15041,True,14266,,
tenure-15042,True,14266,,
tenure-15043,True,14266,,
tenure-15044,True,14266,,
tenure-15045,True,14266,,
tenure-15046,True,14266,,
tenure-15047,True,14266,,
tenure-15048,True,14266,,
tenure-15049,True,14266,,
tenure-15063,True,14281,,
tenure-15064,True,14281,,
tenure-15065,True,14281,,
tenure-15066,True,14281,,
tenure-15067,True,14281,,
tenure-15068,True,14281,,
tenure-15079,True,14292|14293,directly-evidenced,14292
tenure-15080,True,14292|14293,cross-checked,14292
tenure-15081,True,14294,directly-evidenced,14294
tenure-15090,True,14303,,
tenure-15091,True,14303,,
tenure-15092,True,14303,,
tenure-15093,True,14303,,
tenure-15094,True,14303,,
tenure-15095,True,14303,,
tenure-15096,True,14303,,
tenure-15097,True,14303,,
tenure-15098,True,14303,,
tenure-15127,True,14332,,
tenure-15128,True,14333|14334,,
tenure-15129,True,14335,,
tenure-15142,True,14348,,
tenure-15143,True,14348,,
tenure-15144,True,14348,,
tenure-15145,True,14348,,
tenure-15146,True,14348,,
tenure-15147,True,14348,,
tenure-15153,True,14354|14355,,
tenure-15154,True,14354|14355,,
tenure-15155,True,14356,,
tenure-15156,True,14356,,
tenure-15163,True,14363,,
tenure-15164,True,14363,,
tenure-15174,True,14373,directly-evidenced,14373
tenure-15175,True,14374,unresolved,
tenure-15176,True,14375,directly-evidenced,14375
tenure-15177,True,14376,inferred,
tenure-15178,True,14377,inferred,
tenure-15179,True,14378,inferred,
tenure-15198,True,14397|14398,directly-evidenced,14397
tenure-15199,True,14397|14398,cross-checked,14397
tenure-15200,True,14399|14400,directly-evidenced,14399|14400
tenure-15201,True,14399|14400,directly-evidenced,14399|14400
tenure-15232,True,14431,,
tenure-15233,True,14431,,
tenure-15234,True,14431,,
tenure-15235,True,14431,,
tenure-15270,True,14469,inferred,
tenure-15271,True,14470,inferred,
tenure-15272,True,14471,inferred,
tenure-15273,True,14472,inferred,
tenure-15274,True,14473,,
tenure-15279,True,14478,cross-checked,
tenure-15280,True,14479,,
tenure-15281,True,14479,,
tenure-15282,True,14479,,
tenure-15283,True,14479,,
tenure-15284,True,14480,,
tenure-15285,True,14480,,
tenure-15286,True,14480,,
tenure-15287,True,14480,,
tenure-15288,True,14480,,
tenure-15304,True,14496,,
tenure-15305,True,14496,,
tenure-15306,True,14496,,
tenure-15307,True,14496,,
tenure-15308,True,14496,,
tenure-15309,True,14496,unresolved,
tenure-15310,True,14497,cross-checked,
tenure-15325,True,14513,,
tenure-15326,True,14513,,
tenure-15327,True,14513,,
tenure-15328,True,14513,,
tenure-15329,True,14513,,
tenure-15330,True,14513,,
tenure-15331,True,14513,,
tenure-15332,True,14513,,
tenure-15333,True,14513,,
tenure-15337,True,14519,,
tenure-15338,True,14520,,
tenure-15339,True,14521,inferred,
tenure-15343,True,14525,,
tenure-15347,True,14529,,14529
tenure-15348,True,14529,,14529
tenure-15349,True,14529,,14529
tenure-15350,True,14530,cross-checked,
tenure-15387,True,14567,,
tenure-15388,True,14568,,
tenure-15389,True,14569,inferred,
tenure-15399,True,14579,unresolved,
tenure-15400,True,14580,cross-checked,
tenure-15401,True,14581,,
tenure-15402,True,14581,,
tenure-15403,True,14581,,
tenure-15404,True,14581,,
tenure-15405,True,14581,,
tenure-15406,True,14581,,
tenure-15407,True,14581,,
tenure-15408,True,14581,,
tenure-15409,True,14581,,
tenure-15412,True,14584,,
tenure-15413,True,14584,,
tenure-15414,True,14584,,
tenure-15415,True,14584,,
tenure-15420,True,14589,inferred,
tenure-15423,True,14592,inferred,
tenure-15424,True,14593,inferred,
tenure-15432,True,14601,,
tenure-15433,True,14601,,
tenure-15434,True,14602,inferred,
tenure-15451,True,14619|14620,unresolved,
tenure-15452,True,14619|14620,unresolved,
tenure-15454,True,14622,inferred,
tenure-15455,True,14623,inferred,
tenure-15476,True,14644,inferred,
tenure-15477,True,14645,inferred,
tenure-15479,True,14647,,
tenure-15480,True,14647,,
tenure-15481,True,14647,,
tenure-15482,True,14647,,
tenure-15483,True,14647,,
tenure-15484,True,14648,,
tenure-15485,True,14648,,
tenure-15486,True,14649,,
tenure-15487,True,14649,,
tenure-15488,True,14649,,
tenure-15489,True,14649,,
tenure-15490,True,14649,,
tenure-15491,True,14650|14651|14652,unresolved,14651|14652
tenure-15492,True,14650|14651|14652,directly-evidenced,14651|14652
tenure-15493,True,14650|14651|14652,directly-evidenced,14651|14652
tenure-15494,True,14653,inferred,
tenure-15512,True,14671,inferred,
tenure-15526,True,14685,directly-evidenced,14685
tenure-15528,True,14687,,
tenure-15529,True,14688,,
tenure-15530,True,14688,,
tenure-15541,True,14699|14700,unresolved,
tenure-15542,True,14699|14700,cross-checked,
tenure-15552,True,14710,cross-checked,
tenure-15553,True,14711,,
tenure-15554,True,14712,,
tenure-15567,True,14725,cross-checked,
tenure-15625,True,14784|14785,,
tenure-15626,True,14786|14787,unresolved,
tenure-15627,True,14786|14787,,
tenure-15675,True,14836,inferred,
tenure-15682,True,14846,cross-checked,
tenure-15683,True,14847,cross-checked,
tenure-15684,True,14848|14849,,
tenure-15685,True,14850,,14850
tenure-15697,True,14862,cross-checked,
tenure-15699,True,14864|14865,unresolved,14865
tenure-15700,True,14864|14865,directly-evidenced,14865
tenure-15729,True,14894,unresolved,
tenure-15782,True,14948,inferred,
tenure-15783,True,14949,,
tenure-15784,True,14950,,
tenure-15802,True,14968,,14968
tenure-15803,True,14968,,14968
tenure-15804,True,14968,,14968
tenure-15805,True,14968,,14968
tenure-15806,True,14969,cross-checked,
tenure-15807,True,14970,cross-checked,
tenure-15808,True,14971,cross-checked,
tenure-15863,True,15027,directly-evidenced,15027
tenure-15864,True,15028,cross-checked,
tenure-15865,True,15029,cross-checked,
tenure-15876,True,15040,inferred,
tenure-15880,True,15044,inferred,
tenure-15881,True,15045,,
tenure-15894,True,15058,unresolved,
tenure-15905,True,15069,cross-checked,
tenure-15906,True,15070,directly-evidenced,15070
tenure-15907,True,15071,directly-evidenced,15071
tenure-15921,True,15085,cross-checked,
tenure-15922,True,15086,,15086
tenure-15923,True,15086,,15086
tenure-15951,True,15115,inferred,
tenure-15952,True,15116,inferred,
tenure-15953,True,15117,inferred,
tenure-15954,True,15118,,
tenure-15957,True,15121,cross-checked,
tenure-15971,True,15137|15138,directly-evidenced,15137|15138
tenure-15972,True,15137|15138,directly-evidenced,15137|15138
tenure-15989,True,15155,unresolved,
tenure-15990,True,15156,directly-evidenced,15156
tenure-15991,True,15157,,
tenure-15992,True,15158,cross-checked,
tenure-16028,True,15194,,
tenure-16029,True,15194,,
tenure-16030,True,15194,,
tenure-16031,True,15194,,
tenure-16032,True,15194,,
tenure-16033,True,15194,,
tenure-16034,True,15194,,
tenure-16035,True,15194,,
tenure-16036,True,15194,,
tenure-16046,True,15204,,
tenure-16047,True,15204,,
tenure-16048,True,15204,,
tenure-16049,True,15204,,
tenure-16053,True,15208|15209,unresolved,
tenure-16054,True,15208|15209,,
tenure-16055,True,15208|15209,,
tenure-16056,True,15210,cross-checked,
tenure-16057,True,15211,cross-checked,
tenure-16086,True,15240,inferred,
tenure-16087,True,15241,inferred,
tenure-16088,True,15242,,
tenure-16089,True,15242,,
tenure-16090,True,15243,,
tenure-16091,True,15243,,
tenure-16092,True,15243,,
tenure-16114,True,15265,inferred,
tenure-16115,True,15266,inferred,
tenure-16125,True,15276,,
tenure-16126,True,15276,,
tenure-16127,True,15276,,
tenure-16128,True,15276,,
tenure-16129,True,15276,,
tenure-16130,True,15276,,
tenure-16131,True,15276,,
tenure-16132,True,15276,,
tenure-16133,True,15276,,
tenure-16172,True,15315,inferred,
tenure-16173,True,15316,cross-checked,
tenure-16174,True,15317,cross-checked,
tenure-16175,True,15318,directly-evidenced,15318
tenure-16176,True,15319,inferred,
tenure-16178,True,15321,unresolved,
tenure-16179,True,15322,,
tenure-16180,True,15323,,
tenure-16185,True,15328,inferred,
tenure-16186,True,15329,inferred,
tenure-16203,True,15346,,
tenure-16204,True,15346,,
tenure-16205,True,15346,,
tenure-16206,True,15346,,
tenure-16207,True,15346,,
tenure-16208,True,15346,,
tenure-16209,True,15346,,
tenure-16226,True,15363,inferred,
tenure-16237,True,15374,,
tenure-16238,True,15374,,
tenure-16239,True,15375,,
tenure-16240,True,15375,,
tenure-16241,True,15375,,
tenure-16242,True,15375,,
tenure-16243,True,15375,,
tenure-16244,True,15375,,
tenure-16245,True,15376,cross-checked,
tenure-16246,True,15377,directly-evidenced,15377
tenure-16247,True,15378,directly-evidenced,15378
tenure-16252,True,15383,,
tenure-16262,True,15393,,
tenure-16263,True,15393,,
tenure-16264,True,15393,,
tenure-16265,True,15393,,
tenure-16266,True,15393,,
tenure-16267,True,15393,,
tenure-16268,True,15393,,
tenure-16269,True,15393,,
tenure-16270,True,15393,,
tenure-16271,True,15393,,
tenure-16272,True,15393,,
tenure-16273,True,15394,,
tenure-16274,True,15394,,
tenure-16275,True,15394,,
tenure-16276,True,15394,,
tenure-16277,True,15394,,
tenure-16278,True,15395,,
tenure-16279,True,15395,,
tenure-16280,True,15395,,
tenure-16281,True,15395,,
tenure-16282,True,15395,,
tenure-16283,True,15396,,
tenure-16284,True,15396,,
tenure-16355,True,15467,inferred,
tenure-16372,True,15485,,
tenure-16373,True,15485,,
tenure-16374,True,15485,,
tenure-16375,True,15485,,
tenure-16376,True,15485,,
tenure-16377,True,15485,,
tenure-16378,True,15485,,
tenure-16379,True,15485,,
tenure-16380,True,15485,,
tenure-16381,True,15485,,
tenure-16382,True,15485,,
tenure-16408,True,15511,,
tenure-16409,True,15511,,
tenure-16425,True,15527,,
tenure-16426,True,15527,,
tenure-16427,True,15528,,15528
tenure-16428,True,15528,,15528
tenure-16429,True,15529,directly-evidenced,15529
tenure-16430,True,15530,inferred,
tenure-16441,True,15541,cross-checked,
tenure-16442,True,15542,directly-evidenced,15542
tenure-16443,True,15543,cross-checked,
tenure-16466,True,15569,inferred,
tenure-16468,True,15571|15572,unresolved,15572
tenure-16469,True,15571|15572,directly-evidenced,15572
tenure-16470,True,15573,,
tenure-16471,True,15573,,
tenure-16472,True,15573,,
tenure-16473,True,15573,,
tenure-16474,True,15573,,
tenure-16475,True,15573,,
tenure-16511,True,15610,,15610
tenure-16512,True,15610,,15610
tenure-16519,True,15617,cross-checked,
tenure-16520,True,15618,,15618
tenure-16521,True,15618,,15618
tenure-16522,True,15618,,15618
tenure-16523,True,15618,,15618
tenure-16524,True,15618,,15618
tenure-16530,True,15624|15625,unresolved,
tenure-16531,True,15624|15625,cross-checked,
tenure-16534,True,15628|15629,unresolved,
tenure-16535,True,15628|15629,cross-checked,
tenure-16556,True,15650,inferred,
tenure-16567,True,15661,,
tenure-16568,True,15661,,
tenure-16569,True,15661,,
tenure-16570,True,15661,,
tenure-16571,True,15661,,
tenure-16572,True,15661,,
tenure-16582,True,15671,inferred,
tenure-16583,True,15672,inferred,
tenure-16584,True,15673,inferred,
tenure-16589,True,15678,directly-evidenced,15678
tenure-16590,True,15679,cross-checked,
tenure-16591,True,15680,directly-evidenced,15680
tenure-16594,True,15683,,
tenure-16595,True,15683,,
tenure-16597,True,15685,cross-checked,
tenure-16598,True,15686|15687,unresolved,15687
tenure-16599,True,15686|15687,directly-evidenced,15687
tenure-16614,True,15702|15703,unresolved,
tenure-16615,True,15702|15703,cross-checked,
tenure-16616,True,15704,,
tenure-16617,True,15704,,
tenure-16620,True,15707,unresolved,
tenure-16625,True,15712,directly-evidenced,15712
tenure-16628,True,15715,,
tenure-16629,True,15715,,
tenure-16643,True,15729|15730|15731,directly-evidenced,15729
tenure-16644,True,15729|15730|15731,,15729
tenure-16658,True,15746,,
tenure-16659,True,15746,,
tenure-16660,True,15746,,
tenure-16661,True,15746,,
tenure-16662,True,15747,,15747
tenure-16663,True,15747,,15747
tenure-16664,True,15748,,
tenure-16665,True,15748,,
tenure-16666,True,15748,,
tenure-16667,True,15748,,
tenure-16668,True,15748,,
tenure-16669,True,15749,,
tenure-16670,True,15749,,
tenure-16671,True,15749,,
tenure-16672,True,15749,,
tenure-16673,True,15749,,
tenure-16674,True,15749,,
tenure-16675,True,15750|15751|15752,,
tenure-16729,True,15808|15809,directly-evidenced,15808|15809
tenure-16730,True,15808|15809,directly-evidenced,15808|15809
tenure-16744,True,15823,,
tenure-16745,True,15823,,
tenure-16746,True,15823,,
tenure-16747,True,15824,unresolved,
tenure-16748,True,15825|15826,unresolved,15826
tenure-16749,True,15825|15826,directly-evidenced,15826
tenure-16763,True,15840,,
tenure-16764,True,15840,,
tenure-16765,True,15840,,
tenure-16766,True,15840,,
tenure-16767,True,15840,,
tenure-16768,True,15840,,
tenure-16769,True,15840,,
tenure-16770,True,15840,,
tenure-16771,True,15840,,
tenure-16772,True,15840,,
tenure-16773,True,15840,,
tenure-16774,True,15840,,
tenure-16775,True,15840,,
tenure-16776,True,15841,directly-evidenced,15841
tenure-16777,True,15842|15843|15844|15845,unresolved,
tenure-16778,True,15842|15843|15844|15845,,
tenure-16780,True,15847,inferred,
tenure-16857,True,15929|15930,directly-evidenced,15929|15930
tenure-16858,True,15929|15930,directly-evidenced,15929|15930
tenure-16868,True,15941,,
tenure-16869,True,15941,,
tenure-16870,True,15941,,
tenure-16880,True,15951,,15951
tenure-16881,True,15951,,15951
tenure-16882,True,15951,,15951
tenure-16883,True,15952,cross-checked,
tenure-16890,True,15959,inferred,
tenure-16895,True,15964,,
tenure-16919,True,15988,cross-checked,
tenure-16933,True,16002,cross-checked,
tenure-16934,True,16003,cross-checked,
tenure-16935,True,16004,unresolved,
tenure-16939,True,16008,inferred,
tenure-16940,True,16009,,
tenure-16941,True,16010,unresolved,
tenure-16942,True,16011,,
tenure-16946,True,16015,unresolved,
tenure-16947,True,16016,unresolved,
tenure-16948,True,16017,unresolved,
tenure-16995,True,16064,directly-evidenced,16064
tenure-16996,True,16065,cross-checked,
tenure-16997,True,16066,directly-evidenced,16066
tenure-16998,True,16067,unresolved,
tenure-17002,True,16071,,
tenure-17003,True,16071,,
tenure-17004,True,16071,,
tenure-17005,True,16071,,
tenure-17006,True,16071,,
tenure-17007,True,16071,,
tenure-17008,True,16071,,
tenure-17009,True,16071,,
tenure-17010,True,16071,,
tenure-17011,True,16071,,
tenure-17012,True,16071,,
tenure-17014,True,16074,unresolved,
tenure-17015,True,16075,unresolved,
tenure-17034,True,16096,,
tenure-17035,True,16096,,
tenure-17036,True,16096,,
tenure-17037,True,16096,,
tenure-17038,True,16097,,
tenure-17039,True,16097,,
tenure-17073,True,16131,,
tenure-17074,True,16131,,
tenure-17075,True,16131,,
tenure-17076,True,16131,,
tenure-17077,True,16131,,
tenure-17078,True,16131,,
tenure-17079,True,16131,,
tenure-17080,True,16131,,
tenure-17081,True,16131,,
tenure-17082,True,16131,,
tenure-17090,True,16139|16140|16141,directly-evidenced,16139
tenure-17091,True,16139|16140|16141,,16139
tenure-17101,True,16151,,
tenure-17123,True,16174,cross-checked,
tenure-17138,True,16189|16190|16191,cross-checked,
tenure-17139,True,16189|16190|16191,,
tenure-17140,True,16192,cross-checked,
tenure-17141,True,16193,unresolved,
tenure-17157,True,16209,,
tenure-17159,True,16211,inferred,
tenure-17163,True,16215,unresolved,
tenure-17164,True,16216,directly-evidenced,16216
tenure-17165,True,16217,unresolved,
tenure-17167,True,16220,inferred,
tenure-17168,True,16221,inferred,
tenure-17169,True,16222,inferred,
tenure-17170,True,16223,cross-checked,
tenure-17235,True,16291|16292|16293,unresolved,16293
tenure-17236,True,16291|16292|16293,,16293
tenure-17237,True,16294,,
tenure-17238,True,16294,,
tenure-17239,True,16294,,
tenure-17240,True,16294,,
tenure-17241,True,16294,,
tenure-17242,True,16295,,
tenure-17243,True,16295,,
tenure-17244,True,16295,,
tenure-17245,True,16295,,
tenure-17322,True,16373,,16373
tenure-17323,True,16373,,16373
tenure-17324,True,16373,,16373
tenure-17325,True,16374,cross-checked,
tenure-17337,True,16386,unresolved,
tenure-17338,True,16387,directly-evidenced,16387
tenure-17339,True,16388,unresolved,
tenure-17378,True,16427|16428,directly-evidenced,16427
tenure-17379,True,16427|16428,cross-checked,16427
tenure-17380,True,16429,directly-evidenced,16429
tenure-17399,True,16448,unresolved,
tenure-17406,True,16455,inferred,
tenure-17427,True,16476|16477,directly-evidenced,16476
tenure-17428,True,16476|16477,cross-checked,16476
tenure-17436,True,16485|16486,directly-evidenced,16485
tenure-17437,True,16485|16486,cross-checked,16485
tenure-17443,True,16494|16495|16496,unresolved,16495|16496
tenure-17444,True,16494|16495|16496,directly-evidenced,16495|16496
tenure-17445,True,16494|16495|16496,directly-evidenced,16495|16496
tenure-17476,True,16527,cross-checked,
tenure-17477,True,16528,inferred,
tenure-17480,True,16531,cross-checked,
tenure-17481,True,16532,cross-checked,
tenure-17485,True,16536,cross-checked,
tenure-17489,True,16540,,
tenure-17490,True,16540,,
tenure-17491,True,16540,,
tenure-17492,True,16540,,
tenure-17493,True,16540,,
tenure-17497,True,16544|16545|16546,unresolved,
tenure-17498,True,16544|16545|16546,,
tenure-17501,True,16549,,
tenure-17502,True,16549,,
tenure-17503,True,16549,,
tenure-17504,True,16549,,
tenure-17505,True,16549,,
tenure-17535,True,16579,cross-checked,
tenure-17550,True,16594,,
tenure-17551,True,16594,,
tenure-17552,True,16594,,
tenure-17553,True,16595,,
tenure-17554,True,16595,,
tenure-17555,True,16596|16597,unresolved,
tenure-17556,True,16596|16597,cross-checked,
tenure-17562,True,16603,,
tenure-17563,True,16603,,
tenure-17580,True,16621,cross-checked,
tenure-17581,True,16622,unresolved,
tenure-17582,True,16623,unresolved,
tenure-17610,True,16653|16654,unresolved,
tenure-17611,True,16653|16654,,
tenure-17619,True,16662,inferred,
tenure-17633,True,16677,inferred,
tenure-17635,True,16679,unresolved,
tenure-17665,True,16709,,
tenure-17666,True,16709,,
tenure-17678,True,16721,inferred,
tenure-17679,True,16722,cross-checked,
tenure-17680,True,16723,directly-evidenced,16723
tenure-17681,True,16724,cross-checked,
tenure-17682,True,16725,directly-evidenced,16725
tenure-17683,True,16726,cross-checked,
tenure-17684,True,16727,cross-checked,
tenure-17685,True,16728,unresolved,
tenure-17687,True,16730,,
tenure-17691,True,16734,cross-checked,
tenure-17731,True,16774,,
tenure-17732,True,16775,,
tenure-17734,True,16777,,
tenure-17735,True,16777,,
tenure-17736,True,16777,,
tenure-17737,True,16777,,
tenure-17738,True,16777,,
tenure-17739,True,16777,,
tenure-17790,True,16829,unresolved,
tenure-17803,True,16842,directly-evidenced,16842
tenure-17804,True,16843,directly-evidenced,16843
tenure-17805,True,16844,directly-evidenced,16844
tenure-17808,True,16847,unresolved,
tenure-17809,True,16848,,
tenure-17814,True,16853,inferred,
tenure-17815,True,16854,cross-checked,
tenure-17816,True,16855,,
tenure-17818,True,16857,inferred,
tenure-17848,True,16887|16888,directly-evidenced,16887
tenure-17849,True,16887|16888,cross-checked,16887
tenure-17852,True,16892,,
tenure-17853,True,16892,,
tenure-17854,True,16892,,
tenure-17855,True,16892,,
tenure-17856,True,16892,,
tenure-17857,True,16892,,
tenure-17858,True,16892,,
tenure-17859,True,16892,,
tenure-17867,True,16900,,
tenure-17868,True,16900,,
tenure-17869,True,16900,,
tenure-17870,True,16900,,
tenure-17891,True,16921,inferred,
tenure-17892,True,16922,,
tenure-17893,True,16922,,
tenure-17894,True,16923,,
tenure-17895,True,16923,,
tenure-17896,True,16923,,
tenure-17911,True,16938,inferred,
tenure-17921,True,16948,inferred,
tenure-17953,True,16980,,
tenure-17954,True,16980,,
tenure-17955,True,16980,,
tenure-17964,True,16989|16990,directly-evidenced,16989
tenure-17965,True,16989|16990,cross-checked,16989
tenure-17967,True,16992,,
tenure-17969,True,16994,,
tenure-17971,True,16996,unresolved,
tenure-17976,True,17001,,
tenure-17977,True,17001,,
tenure-17978,True,17001,,
tenure-18014,True,17037|17038,unresolved,
tenure-18015,True,17037|17038,cross-checked,
tenure-18021,True,17044,,
tenure-18022,True,17044,,
tenure-18024,True,17046,,
tenure-18025,True,17046,,
tenure-18030,True,17051,,
tenure-18031,True,17051,,
tenure-18036,True,17056,,
tenure-18037,True,17056,unresolved,
tenure-18038,True,17057,,
tenure-18047,True,17067|17068|17069,cross-checked,
tenure-18048,True,17067|17068|17069,,
tenure-18049,True,17070,directly-evidenced,17070
tenure-18056,True,17077|17078|17079|17080,cross-checked,
tenure-18057,True,17077|17078|17079|17080,,
tenure-18058,True,17081|17082,,
tenure-18060,True,17084|17085,,
tenure-18061,True,17084|17085,,
tenure-18062,True,17084|17085,,
tenure-18063,True,17084|17085,,
tenure-18064,True,17084|17085,,
tenure-18065,True,17084|17085,,
tenure-18066,True,17084|17085,,
tenure-18067,True,17084|17085,,
tenure-18075,True,17093,,
tenure-18076,True,17093,,
tenure-18077,True,17093,,
tenure-18078,True,17093,,
tenure-18079,True,17093,,
tenure-18103,True,17119,inferred,
tenure-18104,True,17120,inferred,
tenure-18105,True,17121,inferred,
tenure-18106,True,17122,inferred,
tenure-18107,True,17123,cross-checked,
tenure-18108,True,17124,cross-checked,
tenure-18110,True,17126,,
tenure-18111,True,17126,,
tenure-18112,True,17126,,
tenure-18113,True,17126,,
tenure-18114,True,17126,,
tenure-18115,True,17126,,
tenure-18116,True,17127,,
tenure-18117,True,17127,,
tenure-18118,True,17127,,
tenure-18119,True,17128,,
tenure-18120,True,17128,,
tenure-18121,True,17128,,
tenure-18167,True,17177,unresolved,
tenure-18168,True,17178,unresolved,
tenure-18180,True,17190,inferred,
tenure-18193,True,17203,unresolved,
tenure-18249,True,17259,cross-checked,
tenure-18250,True,17260,directly-evidenced,17260
tenure-18251,True,17261,cross-checked,
tenure-18252,True,17262,cross-checked,
tenure-18299,True,17312,cross-checked,
tenure-18307,True,17320,cross-checked,
tenure-18308,True,17321,cross-checked,
tenure-18309,True,17322,directly-evidenced,17322
tenure-18315,True,17328,inferred,
tenure-18316,True,17329,unresolved,
tenure-18317,True,17330,unresolved,
tenure-18318,True,17331,inferred,
tenure-18319,True,17332,cross-checked,
tenure-18320,True,17333,cross-checked,
tenure-18374,True,17388,inferred,
tenure-18383,True,17397,directly-evidenced,17397
tenure-18384,True,17398,directly-evidenced,17398
tenure-18385,True,17399,unresolved,
tenure-18388,True,17402|17403,unresolved,
tenure-18389,True,17402|17403,cross-checked,
tenure-18426,True,17441,inferred,
tenure-18466,True,17482|17483|17484|17485,unresolved,
tenure-18467,True,17482|17483|17484|17485,,
tenure-18468,True,17482|17483|17484|17485,,
tenure-18469,True,17482|17483|17484|17485,,
tenure-18474,True,17490,,
tenure-18475,True,17490,,
tenure-18476,True,17490,,
tenure-18477,True,17490,,
tenure-18478,True,17490,,
tenure-18479,True,17490,,
tenure-18480,True,17490,,
tenure-18481,True,17490,,
tenure-18489,True,17498,,
tenure-18490,True,17498,,
tenure-18492,True,17500|17501,,
tenure-18493,True,17502,,17502
tenure-18494,True,17502,,17502
tenure-18495,True,17502,,17502
tenure-18496,True,17502,,17502
tenure-18497,True,17502,,17502
tenure-18498,True,17502,,17502
tenure-18499,True,17502,,17502
tenure-18500,True,17503|17504,unresolved,
tenure-18501,True,17503|17504,,
tenure-18505,True,17509|17510|17511,directly-evidenced,17509
tenure-18506,True,17509|17510|17511,,17509
tenure-18520,True,17525,inferred,
tenure-18528,True,17533,inferred,
tenure-18529,True,17534,inferred,
tenure-18530,True,17535,inferred,
tenure-18549,True,17554,,
tenure-18550,True,17554,,
tenure-18551,True,17554,,
tenure-18552,True,17555,,
tenure-18553,True,17555,,
tenure-18554,True,17555,,
tenure-18561,True,17562,directly-evidenced,17562
tenure-18564,True,17565,,
tenure-18565,True,17565,,
tenure-18566,True,17565,,
tenure-18582,True,17582|17583,,
tenure-18583,True,17582|17583,,
tenure-18584,True,17584|17585,unresolved,
tenure-18585,True,17584|17585,cross-checked,
tenure-18586,True,17586|17587,unresolved,
tenure-18587,True,17586|17587,cross-checked,
tenure-18591,True,17591,,
tenure-18592,True,17591,,
tenure-18637,True,17636|17637|17638,unresolved,17637|17638
tenure-18638,True,17636|17637|17638,directly-evidenced,17637|17638
tenure-18639,True,17636|17637|17638,directly-evidenced,17637|17638
tenure-18641,True,17640|17641,unresolved,
tenure-18642,True,17640|17641,cross-checked,
tenure-18660,True,17659,,
tenure-18661,True,17660,,
tenure-18662,True,17661,,
tenure-18663,True,17661,,
tenure-18664,True,17661,,
tenure-18665,True,17661,,
tenure-18666,True,17662|17663,unresolved,17663
tenure-18667,True,17662|17663,directly-evidenced,17663
tenure-18671,True,17667|17668|17669,,
tenure-18672,True,17667|17668|17669,,
tenure-18673,True,17667|17668|17669,,
tenure-18674,True,17667|17668|17669,,
tenure-18675,True,17667|17668|17669,,
tenure-18676,True,17667|17668|17669,,
tenure-18677,True,17667|17668|17669,,
tenure-18678,True,17670,,
tenure-18679,True,17670,,
tenure-18698,True,17689,,
tenure-18699,True,17689,,
tenure-18700,True,17689,,
tenure-18701,True,17689,,
tenure-18702,True,17689,,
tenure-18703,True,17689,,
tenure-18704,True,17689,,
tenure-18705,True,17689,,
tenure-18706,True,17689,,
tenure-18724,True,17707,,
tenure-18725,True,17707,,
tenure-18726,True,17708,cross-checked,
tenure-18732,True,17714,unresolved,
tenure-18779,True,17761,inferred,
tenure-18780,True,17762,,
tenure-18781,True,17762,,
tenure-18782,True,17762,,
tenure-18783,True,17762,,
tenure-18784,True,17762,,
tenure-18785,True,17763,,
tenure-18786,True,17763,,
tenure-18787,True,17763,,
tenure-18788,True,17763,,
tenure-18789,True,17763,,
tenure-18790,True,17763,,
tenure-18791,True,17763,,
tenure-18792,True,17763,,
tenure-18793,True,17763,,
tenure-18794,True,17763,,
tenure-18795,True,17763,,
tenure-18873,True,17841,,
tenure-18874,True,17841,,
tenure-18883,True,17850,unresolved,
tenure-18900,True,17867|17868,directly-evidenced,17867
tenure-18901,True,17867|17868,cross-checked,17867
tenure-18903,True,17870,cross-checked,
tenure-18904,True,17871,directly-evidenced,17871
tenure-18905,True,17872,directly-evidenced,17872
tenure-18953,True,17921,unresolved,
tenure-18988,True,17956,,
tenure-18989,True,17956,,
tenure-18990,True,17956,,
tenure-18991,True,17956,,
tenure-18992,True,17956,,
tenure-18993,True,17956,,
tenure-18994,True,17956,,
tenure-18995,True,17956,,
tenure-18996,True,17956,,
tenure-18997,True,17956,,
tenure-18998,True,17956,,
tenure-18999,True,17956,,
tenure-19000,True,17956,,
tenure-19002,True,17959|17960|17961|17962,directly-evidenced,17959
tenure-19003,True,17959|17960|17961|17962,,17959
tenure-19014,True,17975,inferred,
tenure-19015,True,17976,inferred,
tenure-19016,True,17977,inferred,
tenure-19017,True,17978,inferred,
tenure-19019,True,17980,cross-checked,
tenure-19023,True,17984|17985,unresolved,
tenure-19024,True,17984|17985,cross-checked,
tenure-19038,True,17999,,
tenure-19039,True,17999,,
tenure-19053,True,18013,cross-checked,
tenure-19056,True,18016,cross-checked,
tenure-19057,True,18017|18018,unresolved,18018
tenure-19058,True,18017|18018,directly-evidenced,18018
tenure-19100,True,18060,,
tenure-19104,True,18064,unresolved,
tenure-19114,True,18074,inferred,
tenure-19115,True,18075,inferred,
tenure-19116,True,18076,inferred,
tenure-19118,True,18078,inferred,
tenure-19149,True,18111|18112,,
tenure-19150,True,18111|18112,,
tenure-19151,True,18113|18114,,
tenure-19152,True,18113|18114,,
tenure-19155,True,18117,unresolved,
tenure-19156,True,18118,cross-checked,
tenure-19157,True,18119,cross-checked,
tenure-19159,True,18121,,
tenure-19160,True,18121,,
tenure-19174,True,18135,inferred,
tenure-19175,True,18136,inferred,
tenure-19204,True,18166,cross-checked,
tenure-19205,True,18167,directly-evidenced,18167
tenure-19206,True,18168,directly-evidenced,18168
tenure-19207,True,18169,directly-evidenced,18169
tenure-19214,True,18176,inferred,
tenure-19215,True,18177,cross-checked,
tenure-19216,True,18178,unresolved,
tenure-19217,True,18179,,
tenure-19218,True,18179,,
tenure-19219,True,18179,,
tenure-19220,True,18179,,
tenure-19221,True,18179,,
tenure-19222,True,18179,,
tenure-19223,True,18179,,
tenure-19224,True,18179,,
tenure-19227,True,18182|18183,directly-evidenced,18182
tenure-19228,True,18182|18183,cross-checked,18182
tenure-19229,True,18184,,
tenure-19230,True,18184,,
tenure-19231,True,18184,,
tenure-19240,True,18193,,
tenure-19241,True,18193,,
tenure-19242,True,18193,,
tenure-19243,True,18193,,
tenure-19244,True,18193,,
tenure-19245,True,18193,,
tenure-19246,True,18194,,
tenure-19247,True,18194,,
tenure-19248,True,18194,,
tenure-19249,True,18194,,
tenure-19250,True,18195,,
tenure-19251,True,18195,,
tenure-19252,True,18195,,
tenure-19259,True,18202,inferred,
tenure-19279,True,18222,inferred,
tenure-19280,True,18223|18224,directly-evidenced,18223|18224
tenure-19281,True,18223|18224,directly-evidenced,18223|18224
tenure-19282,True,18225,,
tenure-19283,True,18225,,
tenure-19284,True,18225,,
tenure-19285,True,18225,,
tenure-19313,True,18253,,
tenure-19314,True,18253,,
tenure-19315,True,18254,,18254
tenure-19316,True,18254,,18254
tenure-19317,True,18254,,18254
tenure-19318,True,18254,,18254
tenure-19333,True,18270,,
tenure-19334,True,18270,,
tenure-19335,True,18270,,
tenure-19336,True,18270,,
tenure-19337,True,18270,,
tenure-19338,True,18270,,
tenure-19339,True,18270,,
tenure-19340,True,18270,,
tenure-19341,True,18270,,
tenure-19342,True,18270,,
tenure-19343,True,18270,,
tenure-19344,True,18270,,
tenure-19345,True,18270,,
tenure-19346,True,18270,,
tenure-19347,True,18270,,
tenure-19348,True,18271,,
tenure-19349,True,18271,,
tenure-19350,True,18271,,
tenure-19351,True,18271,,
tenure-19352,True,18271,,
tenure-19353,True,18271,,
tenure-19354,True,18271,,
tenure-19355,True,18271,,
tenure-19356,True,18271,,
tenure-19357,True,18271,,
tenure-19358,True,18272|18273,unresolved,
tenure-19359,True,18272|18273,,
tenure-19372,True,18286,inferred,
tenure-19373,True,18287,unresolved,
tenure-19374,True,18288,inferred,
tenure-19375,True,18289,inferred,
tenure-19376,True,18290,inferred,
tenure-19377,True,18291,cross-checked,
tenure-19386,True,18300,,
tenure-19387,True,18300,,
tenure-19388,True,18300,,
tenure-19389,True,18300,,
tenure-19390,True,18300,,
tenure-19391,True,18300,,
tenure-19392,True,18300,,
tenure-19393,True,18300,,
tenure-19394,True,18300,,
tenure-19395,True,18300,,
tenure-19396,True,18300,,
tenure-19397,True,18300,,
tenure-19398,True,18300,,
tenure-19399,True,18300,,
tenure-19400,True,18300,,
tenure-19401,True,18301,,
tenure-19402,True,18301,,
tenure-19403,True,18301,,
tenure-19404,True,18301,,
tenure-19405,True,18301,,
tenure-19406,True,18301,,
tenure-19407,True,18301,,
tenure-19408,True,18301,,
tenure-19426,True,18319,inferred,
tenure-19436,True,18329|18330,unresolved,18330
tenure-19437,True,18329|18330,directly-evidenced,18330
tenure-19438,True,18331,inferred,
tenure-19439,True,18332,,
tenure-19441,True,18334,cross-checked,
tenure-19442,True,18335,,
tenure-19443,True,18336,,
tenure-19445,True,18338,,
tenure-19448,True,18341,inferred,
tenure-19466,True,18359,inferred,
tenure-19468,True,18361,,
tenure-19469,True,18361,,
tenure-19470,True,18362,,
tenure-19471,True,18362,,
tenure-19485,True,18376,,18376
tenure-19486,True,18376,,18376
tenure-19499,True,18389,unresolved,
tenure-19520,True,18410,,
tenure-19521,True,18411,,
tenure-19528,True,18419,directly-evidenced,18419
tenure-19529,True,18420,directly-evidenced,18420
tenure-19530,True,18421,directly-evidenced,18421
tenure-19553,True,18444,,
tenure-19554,True,18445,,
tenure-19583,True,18474,,
tenure-19585,True,18476,inferred,
tenure-19588,True,18479,inferred,
tenure-19599,True,18490|18491,unresolved,
tenure-19600,True,18490|18491,,
tenure-19601,True,18490|18491,,
tenure-19602,True,18490|18491,,
tenure-19603,True,18490|18491,,
tenure-19604,True,18490|18491,,
tenure-19605,True,18490|18491,,
tenure-19606,True,18490|18491,,
tenure-19607,True,18492,,
tenure-19608,True,18492,,
tenure-19609,True,18492,,
tenure-19638,True,18521,,
tenure-19639,True,18521,,
tenure-19641,True,18523|18524|18525,,
tenure-19642,True,18523|18524|18525,,
tenure-19643,True,18523|18524|18525,,
tenure-19644,True,18526|18527,,
tenure-19663,True,18546,inferred,
tenure-19677,True,18562,inferred,
tenure-19695,True,18580,,
tenure-19696,True,18580,,
tenure-19697,True,18580,,
tenure-19728,True,18611,,
tenure-19729,True,18611,,
tenure-19730,True,18611,,
tenure-19731,True,18611,,
tenure-19735,True,18615,directly-evidenced,18615
tenure-19736,True,18616,directly-evidenced,18616
tenure-19737,True,18617,unresolved,
tenure-19738,True,18618,unresolved,
tenure-19739,True,18619,unresolved,
tenure-19763,True,18643,inferred,
tenure-19764,True,18644,cross-checked,
tenure-19780,True,18660,,18660
tenure-19781,True,18660,,18660
tenure-19782,True,18661,cross-checked,
tenure-19785,True,18664,inferred,
tenure-19817,True,18696,inferred,
tenure-19833,True,18713,,
tenure-19834,True,18713,,
tenure-19836,True,18715|18716|18717|18718,unresolved,18716
tenure-19837,True,18715|18716|18717|18718,directly-evidenced,18716
tenure-19838,True,18715|18716|18717|18718,,18716
tenure-19839,True,18715|18716|18717|18718,,18716
tenure-19840,True,18715|18716|18717|18718,,18716
tenure-19841,True,18715|18716|18717|18718,,18716
tenure-19851,True,18728,inferred,
tenure-19886,True,18763,cross-checked,
tenure-19887,True,18764,cross-checked,
tenure-19888,True,18765,unresolved,
tenure-19889,True,18766,cross-checked,
tenure-19890,True,18767,cross-checked,
tenure-19920,True,18797,cross-checked,
tenure-19921,True,18798|18799,directly-evidenced,18798
tenure-19922,True,18798|18799,cross-checked,18798
tenure-19923,True,18800,unresolved,
tenure-19958,True,18837,directly-evidenced,18837
tenure-19962,True,18841,,
tenure-19963,True,18841,,
tenure-19964,True,18842,cross-checked,
tenure-19965,True,18843,,
tenure-19966,True,18843,,
tenure-19996,True,18873,cross-checked,
tenure-19997,True,18874,cross-checked,
tenure-19998,True,18875,directly-evidenced,18875
tenure-19999,True,18876,cross-checked,
tenure-20000,True,18877,cross-checked,
tenure-20001,True,18878,directly-evidenced,18878
tenure-20002,True,18879,cross-checked,
tenure-20003,True,18880|18881,,
tenure-20004,True,18882,cross-checked,
tenure-20005,True,18883,,
tenure-20006,True,18883,,
tenure-20008,True,18885,,
tenure-20009,True,18885,,
tenure-20023,True,18899,,
tenure-20024,True,18899,,
tenure-20025,True,18899,,
tenure-20026,True,18899,,
tenure-20027,True,18899,,
tenure-20028,True,18899,,
tenure-20029,True,18899,,
tenure-20030,True,18899,,
tenure-20031,True,18899,,
tenure-20047,True,18919|18920,unresolved,
tenure-20048,True,18919|18920,cross-checked,
tenure-20052,True,18924|18925,unresolved,
tenure-20053,True,18924|18925,cross-checked,
tenure-20064,True,18936,,
tenure-20065,True,18937,cross-checked,
tenure-20066,True,18938,,
tenure-20131,True,19005,,
tenure-20132,True,19005,,
tenure-20133,True,19005,,
tenure-20134,True,19005,,
tenure-20135,True,19006,,
tenure-20136,True,19006,,
tenure-20138,True,19008,directly-evidenced,19008
tenure-20139,True,19009|19010|19011,unresolved,
tenure-20140,True,19009|19010|19011,,
tenure-20147,True,19018|19019,unresolved,
tenure-20148,True,19018|19019,,
tenure-20149,True,19018|19019,,
tenure-20150,True,19018|19019,,
tenure-20151,True,19018|19019,,
tenure-20152,True,19018|19019,,
tenure-20153,True,19018|19019,,
tenure-20154,True,19018|19019,,
tenure-20156,True,19021|19022|19023,unresolved,
tenure-20157,True,19021|19022|19023,,
tenure-20158,True,19024,cross-checked,
tenure-20161,True,19027,inferred,
tenure-20162,True,19028,cross-checked,
tenure-20180,True,19046,,
tenure-20181,True,19046,,
tenure-20182,True,19047,,
tenure-20183,True,19047,,
tenure-20184,True,19047,,
tenure-20185,True,19048,unresolved,
tenure-20186,True,19049,directly-evidenced,19049
tenure-20187,True,19050,unresolved,
tenure-20192,True,19057|19058,unresolved,
tenure-20193,True,19057|19058,cross-checked,
tenure-20194,True,19059,inferred,
tenure-20214,True,19079,,
tenure-20215,True,19079,,
tenure-20216,True,19079,,
tenure-20223,True,19086,,
tenure-20234,True,19097,unresolved,
tenure-20278,True,19141,,
tenure-20279,True,19141,,
tenure-20280,True,19141,,
tenure-20283,True,19144,,
tenure-20284,True,19144,,
tenure-20285,True,19144,,
tenure-20294,True,19153,,
tenure-20295,True,19153,,
tenure-20322,True,19180,inferred,
tenure-20340,True,19198,,
tenure-20341,True,19198,,
tenure-20352,True,19210,cross-checked,
tenure-20353,True,19211,cross-checked,
tenure-20354,True,19212,,
tenure-20355,True,19212,,
tenure-20356,True,19212,,
tenure-20357,True,19212,,
tenure-20358,True,19213,,
tenure-20359,True,19213,,
tenure-20360,True,19213,,
tenure-20361,True,19213,,
tenure-20383,True,19235,,
tenure-20397,True,19252|19253,unresolved,
tenure-20398,True,19252|19253,cross-checked,
tenure-20400,True,19255,inferred,
tenure-20401,True,19256,cross-checked,
tenure-20418,True,19273|19274,unresolved,
tenure-20419,True,19273|19274,cross-checked,
tenure-20434,True,19289,inferred,
tenure-20435,True,19290,inferred,
tenure-20441,True,19296,inferred,
tenure-20442,True,19297,inferred,
tenure-20465,True,19320,,
tenure-20466,True,19320,,
tenure-20467,True,19320,,
tenure-20468,True,19320,,
tenure-20469,True,19320,,
tenure-20470,True,19320,,
tenure-20476,True,19326,,
tenure-20477,True,19326,,
tenure-20478,True,19326,,
tenure-20479,True,19326,,
tenure-20480,True,19326,,
tenure-20481,True,19326,,
tenure-20482,True,19326,,
tenure-20483,True,19326,,
tenure-20484,True,19326,,
tenure-20485,True,19326,,
tenure-20503,True,19344,,
tenure-20504,True,19345,,
tenure-20506,True,19347,directly-evidenced,19347
tenure-20538,True,19379,,
tenure-20559,True,19400,,
tenure-20560,True,19400,,
tenure-20561,True,19400,,
tenure-20562,True,19401,,19401
tenure-20563,True,19401,,19401
tenure-20564,True,19401,,19401
tenure-20565,True,19402|19403,,19403
tenure-20566,True,19404,,
tenure-20567,True,19404,,
tenure-20568,True,19404,,
tenure-20569,True,19404,,
tenure-20570,True,19404,,
tenure-20571,True,19404,,
tenure-20572,True,19404,,
tenure-20573,True,19405,,
tenure-20574,True,19405,,
tenure-20575,True,19405,,
tenure-20576,True,19405,,
tenure-20577,True,19405,,
tenure-20579,True,19407,,
tenure-20580,True,19407,,
tenure-20581,True,19407,,
tenure-20582,True,19407,,
tenure-20583,True,19407,,
tenure-20586,True,19410,,
tenure-20587,True,19410,,
tenure-20588,True,19410,,
tenure-20596,True,19418,directly-evidenced,19418
tenure-20597,True,19419,unresolved,
tenure-20598,True,19420,unresolved,
tenure-20599,True,19421,inferred,
tenure-20600,True,19422,inferred,
tenure-20601,True,19423,inferred,
tenure-20637,True,19459|19460,unresolved,
tenure-20638,True,19459|19460,cross-checked,
tenure-20639,True,19461,directly-evidenced,19461
tenure-20641,True,19463,,
tenure-20642,True,19463,,
tenure-20643,True,19463,,
tenure-20644,True,19464,,19464
tenure-20645,True,19464,,19464
tenure-20646,True,19464,,19464
tenure-20647,True,19464,,19464
tenure-20651,True,19468,,
tenure-20652,True,19468,,
tenure-20658,True,19474,inferred,
tenure-20668,True,19484,,
tenure-20669,True,19484,,
tenure-20670,True,19484,,
tenure-20671,True,19484,,
tenure-20672,True,19484,,
tenure-20673,True,19485,,
tenure-20674,True,19485,,
tenure-20675,True,19485,,
tenure-20680,True,19490,inferred,
tenure-20684,True,19494,directly-evidenced,19494
tenure-20685,True,19495,cross-checked,
tenure-20686,True,19496,cross-checked,
tenure-20731,True,19541,unresolved,
tenure-20732,True,19542|19543,directly-evidenced,19542|19543
tenure-20733,True,19542|19543,directly-evidenced,19542|19543
tenure-20735,True,19545,,
tenure-20736,True,19545,,
tenure-20737,True,19545,,
tenure-20744,True,19552,inferred,
tenure-20746,True,19554,inferred,
tenure-20777,True,19585|19586,directly-evidenced,19585|19586
tenure-20778,True,19585|19586,directly-evidenced,19585|19586
tenure-20794,True,19602|19603,directly-evidenced,19602
tenure-20795,True,19602|19603,cross-checked,19602
tenure-20796,True,19604,cross-checked,
tenure-20811,True,19619,,
tenure-20812,True,19619,,
tenure-20813,True,19620,,
tenure-20814,True,19620,,
tenure-20815,True,19621,,
tenure-20816,True,19621,,
tenure-20817,True,19621,,
tenure-20826,True,19630,,
tenure-20827,True,19630,,
tenure-20828,True,19630,,
tenure-20829,True,19630,,
tenure-20830,True,19630,,
tenure-20831,True,19630,,
tenure-20832,True,19630,,
tenure-20833,True,19630,,
tenure-20834,True,19630,,
tenure-20835,True,19630,,
tenure-20836,True,19630,,
tenure-20837,True,19630,,
tenure-20838,True,19630,,
tenure-20839,True,19630,,
tenure-20840,True,19630,,
tenure-20841,True,19630,,
tenure-20842,True,19630,,
tenure-20847,True,19636,,
tenure-20848,True,19636,,
tenure-20857,True,19645,unresolved,
tenure-20877,True,19665,,
tenure-20878,True,19665,,
tenure-20879,True,19665,,
tenure-20880,True,19665,,
tenure-20881,True,19665,,
tenure-20882,True,19665,,
tenure-20883,True,19665,,
tenure-20884,True,19665,,
tenure-20885,True,19665,,
tenure-20886,True,19665,,
tenure-20887,True,19666,inferred,
tenure-20889,True,19668,,19668
tenure-20890,True,19668,,19668
tenure-20916,True,19694,directly-evidenced,19694
tenure-20917,True,19695,directly-evidenced,19695
tenure-20918,True,19696,cross-checked,
tenure-20933,True,19711|19712|19713,,19712
tenure-20934,True,19711|19712|19713,,19712
tenure-20935,True,19711|19712|19713,cross-checked,19712
tenure-20936,True,19714,cross-checked,
tenure-20937,True,19715|19716,unresolved,
tenure-20938,True,19715|19716,cross-checked,
tenure-20946,True,19724,,
tenure-20947,True,19724,,
tenure-20948,True,19724,,
tenure-20957,True,19734,inferred,
tenure-20968,True,19745,,
tenure-20969,True,19745,,
tenure-20970,True,19745,,
tenure-20988,True,19763|19764|19765,directly-evidenced,19763
tenure-20989,True,19763|19764|19765,,19763
tenure-20996,True,19772|19773,unresolved,19773
tenure-20997,True,19772|19773,directly-evidenced,19773
tenure-21004,True,19782|19783,unresolved,
tenure-21005,True,19782|19783,unresolved,
tenure-21011,True,19789,cross-checked,
tenure-21012,True,19790,cross-checked,
tenure-21013,True,19791,directly-evidenced,19791
tenure-21027,True,19805,unresolved,
tenure-21045,True,19823|19824,unresolved,
tenure-21046,True,19823|19824,,
tenure-21047,True,19823|19824,,
tenure-21048,True,19825,,
tenure-21049,True,19825,,
tenure-21055,True,19831,,
tenure-21056,True,19831,,
tenure-21057,True,19831,,
tenure-21058,True,19831,,
tenure-21059,True,19831,,
tenure-21061,True,19833,,
tenure-21062,True,19833,,
tenure-21063,True,19833,,
tenure-21064,True,19833,,
tenure-21078,True,19847,,
tenure-21079,True,19847,,
tenure-21080,True,19847,,
tenure-21081,True,19848,directly-evidenced,19848
tenure-21084,True,19851,inferred,
tenure-21086,True,19853,cross-checked,
tenure-21104,True,19871,inferred,
tenure-21105,True,19872,directly-evidenced,19872
tenure-21115,True,19882,cross-checked,
tenure-21118,True,19885|19886,,
tenure-21119,True,19885|19886,,
tenure-21150,True,19917,,
tenure-21153,True,19921,inferred,
tenure-21172,True,19940,cross-checked,
tenure-21173,True,19941,,
tenure-21174,True,19941,,
tenure-21175,True,19941,,
tenure-21183,True,19949,inferred,
tenure-21184,True,19950,inferred,
tenure-21188,True,19954|19955,,
tenure-21189,True,19954|19955,,
tenure-21190,True,19954|19955,,
tenure-21191,True,19956,,
tenure-21192,True,19956,,
tenure-21193,True,19956,,
tenure-21194,True,19956,,
tenure-21195,True,19956,,
tenure-21196,True,19956,,
tenure-21197,True,19956,,
tenure-21198,True,19956,,
tenure-21199,True,19956,,
tenure-21203,True,19960,inferred,
tenure-21204,True,19961|19962|19963,cross-checked,19963
tenure-21205,True,19961|19962|19963,,19963
tenure-21212,True,19970,inferred,
tenure-21213,True,19971,inferred,
tenure-21214,True,19972,inferred,
tenure-21215,True,19973,inferred,
tenure-21216,True,19974,inferred,
tenure-21257,True,20016,cross-checked,
tenure-21258,True,20017,cross-checked,
tenure-21259,True,20018,unresolved,
tenure-21260,True,20019,cross-checked,
tenure-21261,True,20020,unresolved,
tenure-21262,True,20021,,
tenure-21263,True,20022,cross-checked,
tenure-21264,True,20023,,
tenure-21265,True,20024,inferred,
tenure-21266,True,20025,unresolved,
tenure-21267,True,20026,inferred,
tenure-21268,True,20027,inferred,
tenure-21273,True,20032,,
tenure-21274,True,20032,,
tenure-21287,True,20045,,
tenure-21288,True,20045,,
tenure-21289,True,20045,,
tenure-21290,True,20045,,
tenure-21291,True,20045,,
tenure-21292,True,20045,,
tenure-21293,True,20045,,
tenure-21294,True,20045,,
tenure-21325,True,20076,,
tenure-21354,True,20106|20107,unresolved,
tenure-21355,True,20106|20107,cross-checked,
tenure-21356,True,20108|20109|20110,,
tenure-21357,True,20108|20109|20110,,
tenure-21358,True,20108|20109|20110,,
tenure-21359,True,20108|20109|20110,,
tenure-21360,True,20108|20109|20110,,
tenure-21361,True,20108|20109|20110,,
tenure-21367,True,20116,,
tenure-21368,True,20116,,
tenure-21369,True,20117,,
tenure-21370,True,20117,,
tenure-21371,True,20117,,
tenure-21404,True,20150,unresolved,
tenure-21408,True,20154,inferred,
tenure-21409,True,20155,,
tenure-21410,True,20156,,
tenure-21411,True,20157|20158,unresolved,
tenure-21412,True,20157|20158,cross-checked,
tenure-21413,True,20159,inferred,
tenure-21414,True,20160,cross-checked,
tenure-21415,True,20161,directly-evidenced,20161
tenure-21416,True,20162,unresolved,
tenure-21422,True,20171,,
tenure-21423,True,20171,,
tenure-21424,True,20171,,
tenure-21425,True,20171,,
tenure-21426,True,20172,,
tenure-21427,True,20172,,
tenure-21432,True,20177,inferred,
tenure-21434,True,20179,,
tenure-21450,True,20195,,20195
tenure-21451,True,20195,,20195
tenure-21453,True,20197,inferred,
tenure-21458,True,20202|20203|20204,directly-evidenced,20202
tenure-21459,True,20202|20203|20204,,20202
tenure-21463,True,20208,inferred,
tenure-21464,True,20209,,
tenure-21465,True,20210,cross-checked,
tenure-21466,True,20211,cross-checked,
tenure-21467,True,20212,,
tenure-21468,True,20212,,
tenure-21503,True,20249,unresolved,
tenure-21505,True,20251,inferred,
tenure-21506,True,20252,inferred,
tenure-21507,True,20253,inferred,
tenure-21508,True,20254,inferred,
tenure-21509,True,20255,inferred,
tenure-21510,True,20256,inferred,
tenure-21517,True,20263,,
tenure-21518,True,20263,,
tenure-21519,True,20263,,
tenure-21531,True,20275,,
tenure-21532,True,20275,,
tenure-21551,True,20294,,
tenure-21552,True,20294,,
tenure-21572,True,20315,,
tenure-21573,True,20315,,
tenure-21574,True,20315,,
tenure-21575,True,20315,,
tenure-21576,True,20316,directly-evidenced,20316
tenure-21577,True,20317,cross-checked,
tenure-21578,True,20318,cross-checked,
tenure-21629,True,20370|20371,directly-evidenced,20370
tenure-21630,True,20370|20371,cross-checked,20370
tenure-21661,True,20403,inferred,
tenure-21684,True,20426,,
tenure-21690,True,20432,,
tenure-21722,True,20466,,
tenure-21723,True,20466,,
tenure-21754,True,20497,,
tenure-21755,True,20497,,
tenure-21756,True,20497,,
tenure-21757,True,20497,,
tenure-21758,True,20497,,
tenure-21759,True,20497,,
tenure-21760,True,20497,,
tenure-21761,True,20497,,
tenure-21762,True,20497,,
tenure-21763,True,20497,,
tenure-21764,True,20497,,
tenure-21765,True,20497,,
tenure-21766,True,20497,,
tenure-21769,True,20500|20501,,20501
tenure-21770,True,20500|20501,,20501
tenure-21771,True,20500|20501,,20501
tenure-21772,True,20500|20501,,20501
tenure-21773,True,20502,cross-checked,
tenure-21776,True,20505,,
tenure-21777,True,20505,,
tenure-21778,True,20505,,
tenure-21779,True,20505,,
tenure-21780,True,20505,,
tenure-21781,True,20505,,
tenure-21782,True,20505,,
tenure-21783,True,20505,,
tenure-21784,True,20505,,
tenure-21785,True,20505,,
tenure-21786,True,20506,,
tenure-21787,True,20506,,
tenure-21788,True,20506,,
tenure-21789,True,20506,,
tenure-21790,True,20506,,
tenure-21800,True,20516,unresolved,
tenure-21801,True,20517,cross-checked,
tenure-21813,True,20529|20530,unresolved,
tenure-21814,True,20529|20530,,
tenure-21815,True,20529|20530,,
tenure-21816,True,20529|20530,,
tenure-21817,True,20529|20530,,
tenure-21818,True,20529|20530,,
tenure-21819,True,20529|20530,,
tenure-21820,True,20529|20530,,
tenure-21821,True,20529|20530,,
tenure-21822,True,20529|20530,,
tenure-21823,True,20529|20530,,
tenure-21827,True,20534,,
tenure-21829,True,20536,inferred,
tenure-21830,True,20537,inferred,
tenure-21831,True,20538,,
tenure-21832,True,20538,,
tenure-21847,True,20553,inferred,
tenure-21849,True,20555,unresolved,
tenure-21856,True,20563,directly-evidenced,20563
tenure-21861,True,20568,cross-checked,
tenure-21862,True,20569,,
tenure-21863,True,20570,,
tenure-21864,True,20571,,
tenure-21868,True,20575,,
tenure-21919,True,20627|20628,,
tenure-21920,True,20629,directly-evidenced,20629
tenure-21921,True,20630|20631,,
tenure-21923,True,20633,unresolved,
tenure-21924,True,20634,cross-checked,
tenure-21925,True,20635,cross-checked,
tenure-21951,True,20661,,
tenure-21953,True,20663,,
tenure-21955,True,20665|20666,unresolved,
tenure-21956,True,20665|20666,cross-checked,
tenure-22002,True,20712,directly-evidenced,20712
tenure-22003,True,20713,directly-evidenced,20713
tenure-22004,True,20714,cross-checked,
tenure-22016,True,20726,inferred,
tenure-22018,True,20728|20729,directly-evidenced,20728
tenure-22019,True,20728|20729,cross-checked,20728
tenure-22033,True,20743,inferred,
tenure-22034,True,20744,inferred,
tenure-22035,True,20745,inferred,
tenure-22040,True,20750,,
tenure-22041,True,20750,,
tenure-22044,True,20753,,20753
tenure-22045,True,20753,,20753
tenure-22046,True,20753,,20753
tenure-22048,True,20755,,
tenure-22049,True,20755,,
tenure-22050,True,20755,,
tenure-22051,True,20755,,
tenure-22052,True,20755,,
tenure-22053,True,20755,,
tenure-22054,True,20755,,
tenure-22055,True,20755,,
tenure-22056,True,20755,,
tenure-22057,True,20755,,
tenure-22058,True,20755,,
tenure-22059,True,20756|20757,,
tenure-22060,True,20758,,
tenure-22061,True,20758,,
tenure-22062,True,20758,,
tenure-22063,True,20758,,
tenure-22064,True,20758,,
tenure-22065,True,20758,,
tenure-22066,True,20758,,
tenure-22068,True,20760|20761,unresolved,20761
tenure-22069,True,20760|20761,directly-evidenced,20761
tenure-22071,True,20763,cross-checked,
tenure-22072,True,20764,cross-checked,
tenure-22073,True,20765,cross-checked,
tenure-22080,True,20772,cross-checked,
tenure-22081,True,20773,unresolved,
tenure-22082,True,20774,directly-evidenced,20774
tenure-22089,True,20781,inferred,
tenure-22090,True,20782,cross-checked,
tenure-22125,True,20817,,
tenure-22126,True,20817,,
tenure-22127,True,20817,,
tenure-22128,True,20817,,
tenure-22129,True,20817,,
tenure-22166,True,20854,,
tenure-22167,True,20854,,
tenure-22168,True,20854,,
tenure-22170,True,20856,inferred,
tenure-22187,True,20873,inferred,
tenure-22202,True,20888|20889,unresolved,
tenure-22203,True,20888|20889,,
tenure-22204,True,20888|20889,,
tenure-22205,True,20888|20889,,
tenure-22208,True,20892,inferred,
tenure-22209,True,20893,inferred,
tenure-22210,True,20894,inferred,
tenure-22212,True,20897,cross-checked,
tenure-22213,True,20898,cross-checked,
tenure-22217,True,20902,,
tenure-22218,True,20902,,
tenure-22219,True,20902,,
tenure-22220,True,20902,,
tenure-22221,True,20902,,
tenure-22222,True,20902,,
tenure-22223,True,20902,,
tenure-22224,True,20902,,
tenure-22226,True,20906,,
tenure-22227,True,20906,,
tenure-22260,True,20939,,
tenure-22261,True,20939,,
tenure-22262,True,20939,,
tenure-22263,True,20939,,
tenure-22264,True,20939,,
tenure-22265,True,20940,,20940
tenure-22266,True,20940,,20940
tenure-22267,True,20941,,20941
tenure-22268,True,20941,,20941
tenure-22269,True,20941,,20941
tenure-22270,True,20941,,20941
tenure-22271,True,20941,,20941
tenure-22272,True,20941,,20941
tenure-22273,True,20941,,20941
tenure-22274,True,20941,,20941
tenure-22275,True,20941,,20941
tenure-22277,True,20943,,
tenure-22278,True,20943,,
tenure-22279,True,20943,,
tenure-22324,True,20988,cross-checked,
tenure-22325,True,20989,cross-checked,
tenure-22326,True,20990,cross-checked,
tenure-22355,True,21019,inferred,
tenure-22357,True,21021,,21021
tenure-22358,True,21021,,21021
tenure-22359,True,21021,,21021
tenure-22360,True,21021,,21021
tenure-22361,True,21021,,21021
tenure-22362,True,21022,cross-checked,
tenure-22363,True,21023,,
tenure-22364,True,21023,,
tenure-22367,True,21026,,
tenure-22368,True,21026,,
tenure-22369,True,21026,,
tenure-22370,True,21027,,
tenure-22371,True,21027,,
tenure-22372,True,21027,,
tenure-22373,True,21027,,
tenure-22374,True,21028,,
tenure-22375,True,21028,,
tenure-22376,True,21029,,
tenure-22377,True,21029,,
tenure-22402,True,21055,,
tenure-22403,True,21056|21057|21058|21059,unresolved,
tenure-22404,True,21056|21057|21058|21059,unresolved,
tenure-22420,True,21075|21076,directly-evidenced,21075
tenure-22421,True,21075|21076,cross-checked,21075
tenure-22427,True,21082,,
tenure-22428,True,21082,,
tenure-22429,True,21083,,
tenure-22430,True,21083,,
tenure-22431,True,21083,,
tenure-22440,True,21094,cross-checked,
tenure-22441,True,21095,inferred,
tenure-22442,True,21096,inferred,
tenure-22469,True,21123,inferred,
tenure-22470,True,21124,inferred,
tenure-22471,True,21125,,
tenure-22472,True,21125,,
tenure-22473,True,21126,cross-checked,
tenure-22474,True,21127|21128|21129,,
tenure-22475,True,21130,cross-checked,
tenure-22477,True,21132|21133,unresolved,
tenure-22478,True,21132|21133,cross-checked,
tenure-22487,True,21142,unresolved,
tenure-22496,True,21153|21154,directly-evidenced,21153
tenure-22497,True,21153|21154,cross-checked,21153
tenure-22498,True,21155|21156,unresolved,
tenure-22499,True,21155|21156,cross-checked,
tenure-22500,True,21157,directly-evidenced,21157
tenure-22530,True,21187|21188,unresolved,
tenure-22531,True,21187|21188,cross-checked,
tenure-22552,True,21209,,
tenure-22553,True,21209,,
tenure-22554,True,21209,,
tenure-22566,True,21221,unresolved,
tenure-22575,True,21231,directly-evidenced,21231
tenure-22576,True,21232|21233,directly-evidenced,21232
tenure-22577,True,21232|21233,cross-checked,21232
tenure-22613,True,21272,cross-checked,
tenure-22614,True,21273,cross-checked,
tenure-22615,True,21274,directly-evidenced,21274
tenure-22616,True,21275,cross-checked,
tenure-22619,True,21278,unresolved,
tenure-22672,True,21331,unresolved,
tenure-22673,True,21332,unresolved,
tenure-22682,True,21341,unresolved,
tenure-22695,True,21354,inferred,
tenure-22696,True,21355,inferred,
tenure-22702,True,21361,inferred,
tenure-22703,True,21362,inferred,
tenure-22704,True,21363,inferred,
tenure-22790,True,21451|21452,cross-checked,
tenure-22791,True,21451|21452,cross-checked,
tenure-22792,True,21453,unresolved,
tenure-22821,True,21482|21483,,
tenure-22822,True,21482|21483,,
tenure-22823,True,21484,,
tenure-22824,True,21484,,
tenure-22825,True,21484,,
tenure-22826,True,21484,,
tenure-22827,True,21484,,
tenure-22828,True,21484,,
tenure-22847,True,21506,inferred,
tenure-22866,True,21525,,
tenure-22867,True,21525,,
tenure-22868,True,21525,,
tenure-22870,True,21527,,
tenure-22871,True,21528,unresolved,
tenure-22876,True,21533,,
tenure-22877,True,21533,,
tenure-22878,True,21533,,
tenure-22879,True,21533,,
tenure-22880,True,21533,,
tenure-22881,True,21533,,
tenure-22900,True,21552,,
tenure-22901,True,21552,,
tenure-22902,True,21552,,
tenure-22903,True,21552,,
tenure-22904,True,21552,,
tenure-22905,True,21552,,
tenure-22906,True,21552,,
tenure-22907,True,21552,,
tenure-22908,True,21552,,
tenure-22909,True,21552,,
tenure-22910,True,21552,,
tenure-22911,True,21552,,
tenure-22912,True,21552,,
tenure-22913,True,21552,,
tenure-22914,True,21552,,
tenure-22915,True,21552,,
tenure-22916,True,21552,,
tenure-22917,True,21552,,
tenure-22919,True,21554,,
tenure-22920,True,21554,,
tenure-22921,True,21554,,
tenure-22922,True,21554,,
tenure-22923,True,21554,,
tenure-22924,True,21554,,
tenure-22925,True,21554,,
tenure-22932,True,21561,,
tenure-22933,True,21561,,
tenure-22942,True,21570,,
tenure-22943,True,21570,,
tenure-22944,True,21570,,
tenure-22955,True,21581,,
tenure-22956,True,21581,,
tenure-22957,True,21581,,
tenure-22958,True,21581,,
tenure-22960,True,21583,,
tenure-22961,True,21583,,
tenure-22962,True,21584,,
tenure-22963,True,21584,,
tenure-22964,True,21584,,
tenure-22965,True,21584,,
tenure-22966,True,21584,,
tenure-22967,True,21584,,
tenure-22972,True,21589,inferred,
tenure-23022,True,21640,,
tenure-23023,True,21640,,
tenure-23038,True,21656|21657|21658,directly-evidenced,21656|21657
tenure-23039,True,21656|21657|21658,directly-evidenced,21656|21657
tenure-23040,True,21656|21657|21658,cross-checked,21656|21657
tenure-23041,True,21659|21660,,
tenure-23042,True,21661|21662,unresolved,
tenure-23043,True,21661|21662,unresolved,
tenure-23064,True,21683,directly-evidenced,21683
tenure-23067,True,21686,cross-checked,
tenure-23069,True,21688,,
tenure-23070,True,21688,,
tenure-23077,True,21695,cross-checked,
tenure-23128,True,21746,,
tenure-23129,True,21746,,
tenure-23194,True,21811,,21811
tenure-23195,True,21811,,21811
tenure-23196,True,21811,,21811
tenure-23197,True,21811,,21811
tenure-23198,True,21811,,21811
tenure-23199,True,21811,,21811
tenure-23200,True,21812,,
tenure-23201,True,21812,,
tenure-23202,True,21812,,
tenure-23203,True,21812,,
tenure-23204,True,21812,,
tenure-23205,True,21812,,
tenure-23206,True,21812,,
tenure-23207,True,21812,,
tenure-23225,True,21830,,
tenure-23226,True,21830,,
tenure-23236,True,21840,,
tenure-23237,True,21840,,
tenure-23238,True,21840,,
tenure-23239,True,21840,,
tenure-23240,True,21840,,
tenure-23241,True,21840,,
tenure-23242,True,21840,,
tenure-23277,True,21876,,
tenure-23278,True,21876,,
tenure-23288,True,21887|21888,directly-evidenced,21887|21888
tenure-23289,True,21887|21888,directly-evidenced,21887|21888
tenure-23290,True,21889,unresolved,
tenure-23291,True,21890,cross-checked,
tenure-23306,True,21905,directly-evidenced,21905
tenure-23307,True,21906,cross-checked,
tenure-23308,True,21907,unresolved,
tenure-23340,True,21941,inferred,
tenure-23346,True,21947,,
tenure-23347,True,21947,,
tenure-23348,True,21947,,
tenure-23349,True,21947,,
tenure-23350,True,21947,,
tenure-23351,True,21947,,
tenure-23352,True,21947,,
tenure-23353,True,21947,,
tenure-23354,True,21947,,
tenure-23355,True,21947,,
tenure-23356,True,21947,,
tenure-23372,True,21963,directly-evidenced,21963
tenure-23373,True,21964,cross-checked,
tenure-23374,True,21965,cross-checked,
tenure-23376,True,21967,,
tenure-23377,True,21967,,
tenure-23378,True,21967,,
tenure-23389,True,21979,inferred,
tenure-23391,True,21981|21982,directly-evidenced,21981|21982
tenure-23392,True,21981|21982,directly-evidenced,21981|21982
tenure-23393,True,21983|21984|21985,unresolved,
tenure-23394,True,21983|21984|21985,unresolved,
tenure-23395,True,21983|21984|21985,unresolved,
tenure-23396,True,21986,unresolved,
tenure-23412,True,22002,,
tenure-23413,True,22002,,
tenure-23414,True,22002,,
tenure-23415,True,22002,,
tenure-23432,True,22019,inferred,
tenure-23433,True,22020,unresolved,
tenure-23434,True,22021,,
tenure-23435,True,22022,inferred,
tenure-23436,True,22023,,
tenure-23438,True,22025,unresolved,
tenure-23441,True,22028|22029|22030|22031,unresolved,
tenure-23442,True,22028|22029|22030|22031,,
tenure-23443,True,22028|22029|22030|22031,,
tenure-23444,True,22032,inferred,
tenure-23445,True,22033,inferred,
tenure-23446,True,22034,inferred,
tenure-23447,True,22035,cross-checked,
tenure-23448,True,22036,,
tenure-23449,True,22036,,
tenure-23450,True,22036,,
tenure-23451,True,22036,,
tenure-23452,True,22036,,
tenure-23453,True,22036,,
tenure-23454,True,22036,,
tenure-23455,True,22036,,
tenure-23456,True,22036,,
tenure-23458,True,22038,,22038
tenure-23459,True,22038,,22038
tenure-23460,True,22038,,22038
tenure-23461,True,22038,,22038
tenure-23462,True,22039|22040,unresolved,22040
tenure-23463,True,22039|22040,directly-evidenced,22040
tenure-23496,True,22073|22074|22075,unresolved,
tenure-23497,True,22073|22074|22075,,
tenure-23501,True,22079,,
tenure-23502,True,22079,,
tenure-23503,True,22079,,
tenure-23504,True,22079,,
tenure-23505,True,22079,,
tenure-23506,True,22079,,
tenure-23507,True,22079,,
tenure-23508,True,22079,,
tenure-23509,True,22079,,
tenure-23510,True,22079,,
tenure-23511,True,22079,,
tenure-23512,True,22079,,
tenure-23513,True,22079,,
tenure-23514,True,22079,,
tenure-23515,True,22080,,
tenure-23516,True,22080,,
tenure-23517,True,22080,,
tenure-23524,True,22087,inferred,
tenure-23588,True,22152,,
tenure-23589,True,22152,,
tenure-23590,True,22153,,
tenure-23591,True,22153,,
tenure-23592,True,22153,,
tenure-23593,True,22153,,
tenure-23594,True,22153,,
tenure-23595,True,22153,,
tenure-23596,True,22153,,
tenure-23598,True,22155,inferred,
tenure-23605,True,22163|22164,unresolved,
tenure-23606,True,22163|22164,,
tenure-23607,True,22163|22164,,
tenure-23608,True,22165|22166|22167,,22167
tenure-23609,True,22165|22166|22167,,22167
tenure-23610,True,22168|22169|22170,unresolved,22169
tenure-23611,True,22168|22169|22170,,22169
tenure-23612,True,22168|22169|22170,,22169
tenure-23613,True,22168|22169|22170,,22169
tenure-23614,True,22168|22169|22170,,22169
tenure-23640,True,22196|22197,cross-checked,
tenure-23641,True,22196|22197,cross-checked,
tenure-23642,True,22198|22199,directly-evidenced,22198
tenure-23643,True,22198|22199,cross-checked,22198
tenure-23685,True,22241,inferred,
tenure-23686,True,22242,directly-evidenced,22242
tenure-23693,True,22249,inferred,
tenure-23720,True,22276,,
tenure-23721,True,22276,,
tenure-23733,True,22288,inferred,
tenure-23740,True,22295,inferred,
tenure-23741,True,22296,unresolved,
tenure-23742,True,22296,,
tenure-23808,True,22363,,
tenure-23809,True,22363,,
tenure-23810,True,22363,,
tenure-23811,True,22363,,
tenure-23812,True,22363,,
tenure-23813,True,22363,,
tenure-23814,True,22363,,
tenure-23816,True,22365|22366|22367|22368|22369,unresolved,
tenure-23817,True,22365|22366|22367|22368|22369,,
tenure-23826,True,22378,,
tenure-23832,True,22384,unresolved,
tenure-23833,True,22385,,
tenure-23834,True,22385,,
tenure-23835,True,22385,,
tenure-23836,True,22385,,
tenure-23837,True,22385,,
tenure-23858,True,22406|22407,directly-evidenced,22406|22407
tenure-23859,True,22406|22407,directly-evidenced,22406|22407
tenure-23860,True,22408,unresolved,
tenure-23881,True,22430,inferred,
tenure-23882,True,22431,,
tenure-23909,True,22458,,
tenure-23910,True,22458,,
tenure-23911,True,22458,,
tenure-23912,True,22458,,
tenure-23913,True,22458,,
tenure-23934,True,22479,,
tenure-23935,True,22479,,
tenure-23936,True,22479,cross-checked,
tenure-23939,True,22482,inferred,
tenure-23940,True,22483,inferred,
tenure-23941,True,22484,,
tenure-23946,True,22490,inferred,
tenure-23957,True,22501,cross-checked,
tenure-23965,True,22511,cross-checked,
tenure-23966,True,22512|22513,unresolved,
tenure-23967,True,22512|22513,cross-checked,
tenure-23977,True,22523,inferred,
tenure-24001,True,22548,,
tenure-24002,True,22548,,
tenure-24003,True,22549,,
tenure-24004,True,22549,cross-checked,
tenure-24005,True,22550,,
tenure-24006,True,22550,,
tenure-24007,True,22551|22552,unresolved,
tenure-24008,True,22551|22552,cross-checked,
tenure-24035,True,22579,cross-checked,
tenure-24036,True,22580,directly-evidenced,22580
tenure-24037,True,22581,cross-checked,
tenure-24039,True,22583,,
tenure-24040,True,22583,,
tenure-24041,True,22583,,
tenure-24053,True,22595,,
tenure-24054,True,22595,,
tenure-24055,True,22595,,
tenure-24056,True,22595,,
tenure-24057,True,22596,,
tenure-24058,True,22596,,
tenure-24059,True,22596,,
tenure-24060,True,22597,,
tenure-24061,True,22597,,
tenure-24062,True,22597,,
tenure-24063,True,22598,,
tenure-24064,True,22598,,
tenure-24065,True,22598,,
tenure-24066,True,22598,,
tenure-24067,True,22598,,
tenure-24077,True,22608,,
tenure-24078,True,22608,,
tenure-24079,True,22608,,
tenure-24155,True,22684,unresolved,
tenure-24156,True,22685,inferred,
tenure-24157,True,22686,unresolved,
tenure-24158,True,22687,cross-checked,
tenure-24159,True,22688,cross-checked,
tenure-24187,True,22716,cross-checked,
tenure-24203,True,22732,inferred,
tenure-24213,True,22742,inferred,
tenure-24226,True,22755,cross-checked,
tenure-24248,True,22778,inferred,
tenure-24249,True,22779,inferred,
tenure-24267,True,22799,,
tenure-24268,True,22799,,
tenure-24269,True,22799,,
tenure-24273,True,22803,,
tenure-24274,True,22803,,
tenure-24275,True,22803,,
tenure-24276,True,22803,,
tenure-24277,True,22803,,
tenure-24278,True,22803,,
tenure-24279,True,22803,,
tenure-24280,True,22803,,
tenure-24281,True,22803,,
tenure-24287,True,22809|22810,directly-evidenced,22809
tenure-24288,True,22809|22810,cross-checked,22809
tenure-24289,True,22811,,
tenure-24290,True,22812,,
tenure-24291,True,22813,inferred,
tenure-24292,True,22814,cross-checked,
tenure-24316,True,22839,,
tenure-24317,True,22839,,
tenure-24318,True,22839,,
tenure-24321,True,22842,unresolved,
tenure-24432,True,22954,unresolved,
tenure-24461,True,22983,,
tenure-24462,True,22983,,
tenure-24464,True,22985,,
tenure-24465,True,22985,,
tenure-24466,True,22985,,
tenure-24483,True,23004,,
tenure-24484,True,23004,,
tenure-24485,True,23004,,
tenure-24486,True,23004,,
tenure-24487,True,23004,,
tenure-24488,True,23005,,
tenure-24489,True,23005,,
tenure-24490,True,23006,cross-checked,
tenure-24493,True,23009,,
tenure-24499,True,23017,,23017
tenure-24500,True,23017,,23017
tenure-24501,True,23017,,23017
tenure-24502,True,23017,,23017
tenure-24503,True,23017,,23017
tenure-24504,True,23017,,23017
tenure-24505,True,23017,,23017
tenure-24506,True,23017,,23017
tenure-24507,True,23017,,23017
tenure-24508,True,23017,,23017
tenure-24509,True,23017,,23017
tenure-24510,True,23017,,23017
tenure-24511,True,23017,,23017
tenure-24512,True,23017,,23017
tenure-24514,True,23020,cross-checked,
tenure-24515,True,23021,directly-evidenced,23021
tenure-24516,True,23022,cross-checked,
tenure-24517,True,23023|23024,,23024
tenure-24518,True,23025|23026,directly-evidenced,23025
tenure-24519,True,23025|23026,cross-checked,23025
tenure-24524,True,23033|23034,directly-evidenced,23033
tenure-24525,True,23033|23034,cross-checked,23033
tenure-24526,True,23035,directly-evidenced,23035
tenure-24538,True,23047,inferred,
tenure-24551,True,23061|23062|23063,unresolved,23062
tenure-24552,True,23061|23062|23063,directly-evidenced,23062
tenure-24553,True,23061|23062|23063,cross-checked,23062
tenure-24564,True,23076,directly-evidenced,23076
tenure-24565,True,23077,directly-evidenced,23077
tenure-24566,True,23078|23079,,
tenure-24588,True,23101,unresolved,
tenure-24597,True,23110,cross-checked,
tenure-24598,True,23111,cross-checked,
tenure-24599,True,23112,directly-evidenced,23112
tenure-24600,True,23113,,
tenure-24602,True,23115,,
tenure-24603,True,23115,,
tenure-24604,True,23115,,
tenure-24605,True,23115,,
tenure-24606,True,23115,,
tenure-24607,True,23115,,
tenure-24609,True,23117,inferred,
tenure-24610,True,23118,inferred,
tenure-24611,True,23119,cross-checked,
tenure-24612,True,23120,cross-checked,
tenure-24622,True,23130,inferred,
tenure-24623,True,23131,inferred,
tenure-24627,True,23135,directly-evidenced,23135
tenure-24628,True,23136,unresolved,
tenure-24629,True,23137|23138,,23138
tenure-24640,True,23149,unresolved,
tenure-24696,True,23205,inferred,
tenure-24697,True,23206,unresolved,
tenure-24700,True,23209,inferred,
tenure-24701,True,23210,inferred,
tenure-24706,True,23215,unresolved,
tenure-24707,True,23216,unresolved,
tenure-24708,True,23217,,
tenure-24737,True,23247,directly-evidenced,23247
tenure-24752,True,23262,,
tenure-24753,True,23262,,
tenure-24823,True,23332,,
tenure-24824,True,23333,,
tenure-24827,True,23336,inferred,
tenure-24851,True,23360,inferred,
tenure-24852,True,23361,cross-checked,
tenure-24853,True,23362,cross-checked,
tenure-24854,True,23363,unresolved,
tenure-24855,True,23364,,
tenure-24860,True,23370,inferred,
tenure-24861,True,23371,inferred,
tenure-24863,True,23373,cross-checked,
tenure-24873,True,23383,inferred,
tenure-24874,True,23384,inferred,
tenure-24875,True,23385,,
tenure-24876,True,23386,,
tenure-24882,True,23392,inferred,
tenure-24893,True,23403,cross-checked,
tenure-24900,True,23410,cross-checked,
tenure-24901,True,23411,directly-evidenced,23411
tenure-24902,True,23412,cross-checked,
tenure-24911,True,23422,inferred,
tenure-24917,True,23429,,
tenure-24918,True,23429,,
tenure-24919,True,23429,,
tenure-24920,True,23429,,
tenure-24921,True,23429,,
tenure-24922,True,23429,,
tenure-24923,True,23429,,
tenure-24927,True,23433,unresolved,
tenure-24967,True,23473,unresolved,
tenure-24987,True,23493,unresolved,
tenure-24994,True,23500,inferred,
tenure-24995,True,23501,,
tenure-24996,True,23502,inferred,
tenure-25069,True,23575,,
tenure-25070,True,23575,,
tenure-25072,True,23577,unresolved,
tenure-25073,True,23578,unresolved,
tenure-25095,True,23600|23601,directly-evidenced,23600|23601
tenure-25096,True,23600|23601,directly-evidenced,23600|23601
tenure-25115,True,23620,,
tenure-25116,True,23620,,
tenure-25117,True,23620,,
tenure-25118,True,23620,,
tenure-25119,True,23620,,
tenure-25120,True,23620,,
tenure-25124,True,23624,cross-checked,
tenure-25125,True,23625,cross-checked,
tenure-25126,True,23626,unresolved,
tenure-25127,True,23627,cross-checked,
tenure-25128,True,23628,cross-checked,
tenure-25129,True,23629,cross-checked,
tenure-25130,True,23630,inferred,
tenure-25131,True,23631,unresolved,
tenure-25132,True,23632,,
tenure-25133,True,23633,,
tenure-25134,True,23634,inferred,
tenure-25135,True,23635,,
tenure-25136,True,23636,cross-checked,
tenure-25173,True,23674,,
tenure-25174,True,23674,,
tenure-25175,True,23675,,
tenure-25176,True,23675,,
tenure-25179,True,23679,,
tenure-25180,True,23679,,
tenure-25181,True,23679,,
tenure-25182,True,23680,,23680
tenure-25183,True,23681,,23681
tenure-25184,True,23682,,
tenure-25191,True,23689,,
tenure-25192,True,23689,,
tenure-25196,True,23693|23694,unresolved,
tenure-25197,True,23693|23694,cross-checked,
tenure-25198,True,23695,,
tenure-25199,True,23695,,
tenure-25212,True,23708,,
tenure-25213,True,23708,,
tenure-25216,True,23711,directly-evidenced,23711
tenure-25217,True,23712|23713,directly-evidenced,23712
tenure-25218,True,23712|23713,cross-checked,23712
tenure-25228,True,23725,,
tenure-25229,True,23725,,
tenure-25234,True,23730,,23730
tenure-25235,True,23730,,23730
tenure-25236,True,23730,,23730
tenure-25237,True,23730,,23730
tenure-25238,True,23730,,23730
tenure-25292,True,23786|23787|23788|23789,unresolved,23789
tenure-25293,True,23786|23787|23788|23789,,23789
tenure-25294,True,23786|23787|23788|23789,,23789
tenure-25309,True,23804,unresolved,
tenure-25311,True,23806,directly-evidenced,23806
tenure-25312,True,23807,directly-evidenced,23807
tenure-25313,True,23808,cross-checked,
tenure-25328,True,23823,,
tenure-25329,True,23824,,
tenure-25341,True,23836,cross-checked,
tenure-25357,True,23852,inferred,
tenure-25359,True,23854,inferred,
tenure-25364,True,23859|23860|23861,unresolved,
tenure-25365,True,23859|23860|23861,,
tenure-25367,True,23863,inferred,
tenure-25368,True,23864,inferred,
tenure-25369,True,23865,inferred,
tenure-25411,True,23907,inferred,
tenure-25415,True,23912|23913,directly-evidenced,23912
tenure-25416,True,23912|23913,cross-checked,23912
tenure-25447,True,23944,,
tenure-25448,True,23945,cross-checked,
tenure-25449,True,23946,cross-checked,
tenure-25450,True,23947,cross-checked,
tenure-25461,True,23958,,
tenure-25462,True,23958,,
tenure-25463,True,23958,,
tenure-25464,True,23958,,
tenure-25465,True,23958,,
tenure-25466,True,23958,,
tenure-25467,True,23958,,
tenure-25468,True,23958,,
tenure-25469,True,23958,,
tenure-25470,True,23958,,
tenure-25471,True,23958,,
tenure-25472,True,23958,,
tenure-25473,True,23958,,
tenure-25474,True,23958,,
tenure-25475,True,23958,,
tenure-25476,True,23958,,
tenure-25477,True,23959|23960|23961|23962,unresolved,
tenure-25478,True,23959|23960|23961|23962,,
tenure-25482,True,23966,inferred,
tenure-25483,True,23967,inferred,
tenure-25501,True,23985,,
tenure-25502,True,23985,,
tenure-25515,True,23998,unresolved,
tenure-25516,True,23999,unresolved,
tenure-25517,True,24000,directly-evidenced,24000
tenure-25518,True,24001,unresolved,
tenure-25519,True,24002,unresolved,
tenure-25520,True,24003,cross-checked,
tenure-25521,True,24004,cross-checked,
tenure-25522,True,24005,unresolved,
tenure-25523,True,24006,inferred,
tenure-25524,True,24007,inferred,
tenure-25525,True,24008,,
tenure-25526,True,24009,,
tenure-25527,True,24010,cross-checked,
tenure-25533,True,24016,inferred,
tenure-25534,True,24017,inferred,
tenure-25535,True,24018,inferred,
tenure-25536,True,24019,inferred,
tenure-25538,True,24021,unresolved,
tenure-25539,True,24022,cross-checked,
tenure-25540,True,24023,cross-checked,
tenure-25600,True,24084,,
tenure-25601,True,24084,,
tenure-25605,True,24088,,
tenure-25606,True,24088,,
tenure-25607,True,24088,,
tenure-25608,True,24088,,
tenure-25628,True,24108|24109,unresolved,
tenure-25629,True,24108|24109,cross-checked,
tenure-25633,True,24114|24115,unresolved,24115
tenure-25634,True,24114|24115,directly-evidenced,24115
tenure-25639,True,24120|24121,directly-evidenced,24120
tenure-25640,True,24120|24121,cross-checked,24120
tenure-25641,True,24122,unresolved,
tenure-25665,True,24146,inferred,
tenure-25693,True,24175,inferred,
tenure-25694,True,24176,,
tenure-25695,True,24176,,
tenure-25696,True,24176,,
tenure-25697,True,24176,,
tenure-25699,True,24178|24179,unresolved,
tenure-25700,True,24178|24179,cross-checked,
tenure-25701,True,24180,cross-checked,
tenure-25702,True,24181,,
tenure-25703,True,24181,,
tenure-25715,True,24193,inferred,
tenure-25716,True,24194,unresolved,
tenure-25728,True,24206,inferred,
tenure-25729,True,24207,inferred,
tenure-25730,True,24208,,
tenure-25732,True,24210,,
tenure-25733,True,24210,,
tenure-25734,True,24210,,
tenure-25735,True,24211,,
tenure-25736,True,24211,,
tenure-25739,True,24214,inferred,
tenure-25740,True,24215,inferred,
tenure-25741,True,24216,inferred,
tenure-25766,True,24241,,
tenure-25767,True,24241,,
tenure-25783,True,24259,,
tenure-25784,True,24259,,
tenure-25790,True,24265,unresolved,
tenure-25795,True,24270,inferred,
tenure-25807,True,24282,inferred,
tenure-25814,True,24289,inferred,
tenure-25815,True,24290,inferred,
tenure-25831,True,24306,inferred,
tenure-25832,True,24307,inferred,
tenure-25833,True,24308,unresolved,
tenure-25834,True,24309,unresolved,
tenure-25835,True,24310,inferred,
tenure-25846,True,24321,inferred,
tenure-25850,True,24325,cross-checked,
tenure-25861,True,24336,,
tenure-25862,True,24336,,
tenure-25863,True,24336,,
tenure-25864,True,24336,,
tenure-25865,True,24336,,
tenure-25866,True,24336,,
tenure-25867,True,24336,,
tenure-25868,True,24336,,
tenure-25869,True,24336,,
tenure-25870,True,24336,,
tenure-25871,True,24336,,
tenure-25884,True,24349,inferred,
tenure-25900,True,24366|24367,cross-checked,
tenure-25901,True,24366|24367,cross-checked,
tenure-25905,True,24371,inferred,
tenure-25908,True,24374,inferred,
tenure-25921,True,24387,,
tenure-25922,True,24387,,
tenure-25923,True,24387,,
tenure-25924,True,24387,,
tenure-25925,True,24387,,
tenure-25926,True,24387,,
tenure-25927,True,24388,,
tenure-25928,True,24388,,
tenure-25929,True,24388,,
tenure-25930,True,24388,,
tenure-25931,True,24388,,
tenure-25932,True,24388,,
tenure-25933,True,24389,directly-evidenced,24389
tenure-25937,True,24393|24394|24395|24396,directly-evidenced,24393|24394
tenure-25938,True,24393|24394|24395|24396,directly-evidenced,24393|24394
tenure-25939,True,24393|24394|24395|24396,,24393|24394
tenure-25945,True,24402,unresolved,
tenure-25946,True,24403,inferred,
tenure-25965,True,24422,inferred,
tenure-25966,True,24423,,
tenure-25972,True,24429,inferred,
tenure-25983,True,24440,cross-checked,
tenure-25984,True,24441,directly-evidenced,24441
tenure-25985,True,24442,cross-checked,
tenure-25987,True,24444,unresolved,
tenure-25999,True,24456|24457,directly-evidenced,24456
tenure-26000,True,24456|24457,cross-checked,24456
tenure-26003,True,24460,directly-evidenced,24460
tenure-26004,True,24461,cross-checked,
tenure-26005,True,24462,directly-evidenced,24462
tenure-26006,True,24463,,
tenure-26007,True,24463,,
tenure-26008,True,24463,,
tenure-26009,True,24463,,
tenure-26010,True,24463,,
tenure-26011,True,24463,,
tenure-26012,True,24463,,
tenure-26013,True,24463,,
tenure-26014,True,24463,,
tenure-26015,True,24463,,
tenure-26016,True,24463,,
tenure-26017,True,24463,,
tenure-26018,True,24463,,
tenure-26051,True,24496,unresolved,
tenure-26054,True,24499,inferred,
tenure-26055,True,24500,inferred,
tenure-26094,True,24539,,
tenure-26095,True,24539,,
tenure-26097,True,24541|24542,,
tenure-26098,True,24541|24542,,
tenure-26101,True,24545|24546|24547|24548,,
tenure-26102,True,24549|24550,unresolved,
tenure-26103,True,24549|24550,cross-checked,
tenure-26116,True,24564|24565,unresolved,
tenure-26117,True,24564|24565,unresolved,
tenure-26127,True,24575,,
tenure-26128,True,24575,,
tenure-26129,True,24576,,24576
tenure-26130,True,24576,,24576
tenure-26133,True,24579,inferred,
tenure-26134,True,24580,cross-checked,
tenure-26135,True,24581,cross-checked,
tenure-26136,True,24582,unresolved,
tenure-26142,True,24588,directly-evidenced,24588
tenure-26145,True,24591,inferred,
tenure-26146,True,24592,,
tenure-26147,True,24592,,
tenure-26148,True,24592,,
tenure-26149,True,24592,,
tenure-26150,True,24592,,
tenure-26156,True,24598|24599,unresolved,24599
tenure-26157,True,24598|24599,,24599
tenure-26158,True,24598|24599,,24599
tenure-26159,True,24598|24599,,24599
tenure-26169,True,24609,,
tenure-26170,True,24609,,
tenure-26179,True,24618,,
tenure-26180,True,24618,,
tenure-26181,True,24618,,
tenure-26182,True,24618,,
tenure-26202,True,24638|24639,unresolved,
tenure-26203,True,24638|24639,cross-checked,
tenure-26208,True,24644|24645,unresolved,24645
tenure-26209,True,24644|24645,directly-evidenced,24645
tenure-26210,True,24646,cross-checked,
tenure-26211,True,24647,,
tenure-26212,True,24647,,
tenure-26215,True,24650,,
tenure-26216,True,24650,,
tenure-26217,True,24650,,
tenure-26218,True,24651,cross-checked,
tenure-26251,True,24687|24688,unresolved,
tenure-26252,True,24687|24688,unresolved,
tenure-26254,True,24690,,
tenure-26255,True,24690,,
tenure-26256,True,24691|24692,directly-evidenced,24691|24692
tenure-26257,True,24691|24692,directly-evidenced,24691|24692
tenure-26288,True,24723|24724,unresolved,24724
tenure-26289,True,24723|24724,directly-evidenced,24724
tenure-26294,True,24729,inferred,
tenure-26301,True,24736,directly-evidenced,24736
tenure-26302,True,24737,directly-evidenced,24737
tenure-26303,True,24738,directly-evidenced,24738
tenure-26311,True,24747,inferred,
tenure-26318,True,24754,directly-evidenced,24754
tenure-26319,True,24755,cross-checked,
tenure-26320,True,24756,cross-checked,
tenure-26326,True,24762,,
tenure-26339,True,24775,,
tenure-26340,True,24775,,
tenure-26341,True,24775,,
tenure-26342,True,24775,,
tenure-26343,True,24776,,
tenure-26344,True,24776,,
tenure-26346,True,24778|24779,unresolved,
tenure-26347,True,24778|24779,cross-checked,
tenure-26348,True,24780,directly-evidenced,24780
tenure-26351,True,24784,,
tenure-26352,True,24784,,
tenure-26365,True,24797,inferred,
tenure-26366,True,24798,inferred,
tenure-26367,True,24799,inferred,
tenure-26368,True,24800,cross-checked,
tenure-26369,True,24801,,
tenure-26371,True,24803,inferred,
tenure-26372,True,24804,inferred,
tenure-26373,True,24805,,
tenure-26374,True,24806,inferred,
tenure-26412,True,24844|24845|24846,directly-evidenced,24844
tenure-26413,True,24844|24845|24846,,24844
tenure-26425,True,24858,,24858
tenure-26426,True,24858,,24858
tenure-26435,True,24867,inferred,
tenure-26455,True,24887,inferred,
tenure-26463,True,24895,,
tenure-26464,True,24895,,
tenure-26465,True,24896,cross-checked,
tenure-26466,True,24897|24898|24899,,24898|24899
tenure-26467,True,24897|24898|24899,directly-evidenced,24898|24899
tenure-26493,True,24925,,
tenure-26494,True,24925,,
tenure-26495,True,24925,,
tenure-26500,True,24932,,24932
tenure-26501,True,24932,,24932
tenure-26502,True,24932,,24932
tenure-26503,True,24933,cross-checked,
tenure-26537,True,24967,directly-evidenced,24967
tenure-26538,True,24968,directly-evidenced,24968
tenure-26539,True,24969,cross-checked,
tenure-26560,True,24990,unresolved,
tenure-26617,True,25047|25048,,
tenure-26618,True,25049,directly-evidenced,25049
tenure-26619,True,25050,directly-evidenced,25050
tenure-26626,True,25057,inferred,
tenure-26638,True,25069|25070|25071,,25070
tenure-26639,True,25069|25070|25071,cross-checked,25070
tenure-26700,True,25135,,
tenure-26701,True,25135,,
tenure-26702,True,25135,,
tenure-26703,True,25135,,
tenure-26704,True,25136,,25136
tenure-26705,True,25136,,25136
tenure-26706,True,25136,,25136
tenure-26707,True,25137,,
tenure-26708,True,25137,,
tenure-26709,True,25137,,
tenure-26750,True,25179,directly-evidenced,25179
tenure-26753,True,25182,,
tenure-26754,True,25182,,
tenure-26755,True,25183,,
tenure-26756,True,25183,,
tenure-26757,True,25183,,
tenure-26758,True,25183,,
tenure-26759,True,25183,,
tenure-26780,True,25204,inferred,
tenure-26784,True,25208|25209|25210,unresolved,
tenure-26785,True,25208|25209|25210,,
tenure-26829,True,25254,inferred,
tenure-26852,True,25277,unresolved,
tenure-26872,True,25297,inferred,
tenure-26874,True,25299,,
tenure-26875,True,25299,,
tenure-26877,True,25301,,25301
tenure-26878,True,25301,,25301
tenure-26879,True,25302|25303,,
tenure-26900,True,25324,cross-checked,
tenure-26906,True,25330,inferred,
tenure-26907,True,25331,inferred,
tenure-26915,True,25339,inferred,
tenure-26916,True,25340,inferred,
tenure-26917,True,25341,inferred,
tenure-26930,True,25354,,
tenure-26931,True,25354,,
tenure-26961,True,25386,inferred,
tenure-26969,True,25394,,
tenure-26970,True,25394,,
tenure-26994,True,25419,,
tenure-26995,True,25419,,
tenure-26996,True,25419,,
tenure-27002,True,25425,inferred,
tenure-27003,True,25426,inferred,
tenure-27035,True,25458,unresolved,
tenure-27046,True,25469,cross-checked,
tenure-27049,True,25472|25473|25474|25475,unresolved,
tenure-27050,True,25472|25473|25474|25475,,
tenure-27051,True,25472|25473|25474|25475,,
tenure-27052,True,25472|25473|25474|25475,,
tenure-27076,True,25499,unresolved,
tenure-27077,True,25500,unresolved,
tenure-27078,True,25501,,
tenure-27079,True,25501,,
tenure-27080,True,25501,,
tenure-27081,True,25502,cross-checked,
tenure-27086,True,25507,unresolved,
tenure-27087,True,25508,unresolved,
tenure-27088,True,25509,unresolved,
tenure-27098,True,25519|25520,unresolved,
tenure-27099,True,25519|25520,cross-checked,
tenure-27106,True,25527|25528,,
tenure-27107,True,25529|25530,unresolved,
tenure-27108,True,25529|25530,cross-checked,
tenure-27114,True,25536|25537,unresolved,
tenure-27115,True,25536|25537,cross-checked,
tenure-27125,True,25547,cross-checked,
tenure-27126,True,25548|25549,,
tenure-27127,True,25550,directly-evidenced,25550
tenure-27130,True,25553,cross-checked,
tenure-27131,True,25554|25555|25556|25557,,
tenure-27132,True,25554|25555|25556|25557,,
tenure-27136,True,25561|25562,directly-evidenced,25561
tenure-27137,True,25561|25562,cross-checked,25561
tenure-27209,True,25636,directly-evidenced,25636
tenure-27210,True,25637,cross-checked,
tenure-27211,True,25638,cross-checked,
tenure-27212,True,25639|25640,directly-evidenced,25639|25640
tenure-27213,True,25639|25640,directly-evidenced,25639|25640
tenure-27248,True,25678,cross-checked,
tenure-27249,True,25679,cross-checked,
tenure-27250,True,25680,directly-evidenced,25680
tenure-27254,True,25684,,
tenure-27255,True,25684,,
tenure-27256,True,25684,,
tenure-27257,True,25684,,
tenure-27258,True,25684,,
tenure-27259,True,25684,,
tenure-27260,True,25685,cross-checked,
tenure-27261,True,25686,,25686
tenure-27262,True,25686,,25686
tenure-27263,True,25686,,25686
tenure-27264,True,25686,,25686
tenure-27265,True,25686,,25686
tenure-27266,True,25686,,25686
tenure-27267,True,25686,,25686
tenure-27272,True,25691,inferred,
tenure-27273,True,25692,,
tenure-27274,True,25692,,
tenure-27275,True,25692,,
tenure-27276,True,25692,,
tenure-27277,True,25693,,
tenure-27278,True,25693,,
tenure-27281,True,25696,,
tenure-27282,True,25696,,
tenure-27283,True,25696,,
tenure-27284,True,25696,,
tenure-27322,True,25734,,
tenure-27323,True,25734,,
tenure-27331,True,25742|25743|25744,directly-evidenced,25742
tenure-27332,True,25742|25743|25744,,25742
tenure-27343,True,25755|25756|25757,directly-evidenced,25755
tenure-27344,True,25755|25756|25757,,25755
tenure-27350,True,25763|25764,directly-evidenced,25763
tenure-27351,True,25763|25764,cross-checked,25763
tenure-27353,True,25766,unresolved,
tenure-27375,True,25788|25789,unresolved,
tenure-27376,True,25788|25789,cross-checked,
tenure-27377,True,25790,directly-evidenced,25790
tenure-27389,True,25803,directly-evidenced,25803
tenure-27395,True,25810,unresolved,
tenure-27408,True,25823,inferred,
tenure-27409,True,25824,inferred,
tenure-27411,True,25826,inferred,
tenure-27412,True,25827,inferred,
tenure-27413,True,25828,inferred,
tenure-27414,True,25829,inferred,
tenure-27425,True,25840,,25840
tenure-27426,True,25840,,25840
tenure-27427,True,25840,,25840
tenure-27433,True,25846,,
tenure-27434,True,25846,,
tenure-27435,True,25847,,
tenure-27436,True,25847,,
tenure-27437,True,25847,,
tenure-27438,True,25847,,
tenure-27481,True,25891,,
tenure-27482,True,25891,,
tenure-27483,True,25892,,
tenure-27484,True,25892,,
tenure-27485,True,25893,,
tenure-27486,True,25894,cross-checked,
tenure-27487,True,25895,,
tenure-27488,True,25895,,
tenure-27489,True,25895,,
tenure-27516,True,25923,,25923
tenure-27517,True,25923,,25923
tenure-27518,True,25924,inferred,
tenure-27519,True,25925|25926,unresolved,25926
tenure-27520,True,25925|25926,directly-evidenced,25926
tenure-27522,True,25928,,
tenure-27523,True,25928,,
tenure-27524,True,25929|25930|25931,directly-evidenced,25929
tenure-27525,True,25929|25930|25931,,25929
tenure-27540,True,25946,inferred,
tenure-27547,True,25953,inferred,
tenure-27548,True,25954,cross-checked,
tenure-27549,True,25955,cross-checked,
tenure-27556,True,25962,inferred,
tenure-27578,True,25984,,
tenure-27579,True,25984,,
tenure-27580,True,25984,,
tenure-27581,True,25984,,
tenure-27582,True,25984,,
tenure-27583,True,25984,,
tenure-27584,True,25984,,
tenure-27585,True,25984,,
tenure-27586,True,25984,,
tenure-27587,True,25984,,
tenure-27588,True,25984,,
tenure-27592,True,25988,directly-evidenced,25988
tenure-27604,True,26000|26001,unresolved,
tenure-27605,True,26000|26001,,
tenure-27606,True,26000|26001,,
tenure-27607,True,26000|26001,,
tenure-27608,True,26000|26001,,
tenure-27609,True,26000|26001,,
tenure-27610,True,26000|26001,,
tenure-27611,True,26000|26001,,
tenure-27612,True,26002,,26002
tenure-27613,True,26002,,26002
tenure-27614,True,26002,,26002
tenure-27618,True,26006,,
tenure-27619,True,26006,,
tenure-27620,True,26006,,
tenure-27621,True,26006,,
tenure-27626,True,26011,,
tenure-27627,True,26011,,
tenure-27644,True,26028|26029,unresolved,
tenure-27645,True,26028|26029,,
tenure-27650,True,26034,,
tenure-27651,True,26034,,
tenure-27652,True,26034,,
tenure-27653,True,26034,,
tenure-27654,True,26034,,
tenure-27655,True,26035,,
tenure-27656,True,26035,,
tenure-27657,True,26035,,
tenure-27658,True,26035,,
tenure-27687,True,26064,cross-checked,
tenure-27688,True,26065,,
tenure-27689,True,26065,,
tenure-27710,True,26087|26088,unresolved,
tenure-27711,True,26087|26088,cross-checked,
tenure-27712,True,26089,directly-evidenced,26089
tenure-27713,True,26090,cross-checked,
tenure-27714,True,26091,cross-checked,
tenure-27715,True,26092,cross-checked,
tenure-27716,True,26093,cross-checked,
tenure-27727,True,26104,unresolved,
tenure-27732,True,26109,,
tenure-27750,True,26127,unresolved,
tenure-27751,True,26128,unresolved,
tenure-27752,True,26129,,
tenure-27753,True,26129,,
tenure-27754,True,26130,cross-checked,
tenure-27775,True,26151,,
tenure-27776,True,26151,,
tenure-27779,True,26155,,
tenure-27780,True,26155,,
tenure-27781,True,26156,,
tenure-27782,True,26156,,
tenure-27783,True,26157,cross-checked,
tenure-27791,True,26165,cross-checked,
tenure-27797,True,26171,unresolved,
tenure-27798,True,26172,unresolved,
tenure-27826,True,26200,cross-checked,
tenure-27827,True,26201,directly-evidenced,26201
tenure-27828,True,26202,cross-checked,
tenure-27834,True,26208,unresolved,
tenure-27842,True,26217|26218,,
tenure-27843,True,26219|26220,directly-evidenced,26219
tenure-27844,True,26219|26220,cross-checked,26219
tenure-27845,True,26221,directly-evidenced,26221
tenure-27846,True,26222,,
tenure-27847,True,26222,,
tenure-27848,True,26222,,
tenure-27872,True,26246,inferred,
tenure-27885,True,26259,,26259
tenure-27886,True,26260,cross-checked,
tenure-27890,True,26264|26265|26266,,
tenure-27891,True,26267,cross-checked,
tenure-27892,True,26268,cross-checked,
tenure-27894,True,26271,directly-evidenced,26271
tenure-27895,True,26272|26273,directly-evidenced,26272|26273
tenure-27896,True,26272|26273,directly-evidenced,26272|26273
tenure-27912,True,26289,directly-evidenced,26289
tenure-27913,True,26290,unresolved,
tenure-27914,True,26291,cross-checked,
tenure-27928,True,26305,,
tenure-27929,True,26305,,
tenure-27930,True,26305,,
tenure-27931,True,26305,,
tenure-27932,True,26305,,
tenure-27933,True,26305,,
tenure-27934,True,26305,,
tenure-27935,True,26305,,
tenure-27936,True,26306,,
tenure-27937,True,26306,,
tenure-27938,True,26307|26308,directly-evidenced,26307
tenure-27939,True,26307|26308,cross-checked,26307
tenure-27959,True,26328|26329,directly-evidenced,26328
tenure-27960,True,26328|26329,cross-checked,26328
tenure-27963,True,26332|26333|26334,directly-evidenced,26332
tenure-27964,True,26332|26333|26334,,26332
tenure-27965,True,26335,directly-evidenced,26335
tenure-27970,True,26340|26341,unresolved,
tenure-27971,True,26340|26341,cross-checked,
tenure-27972,True,26342,,26342
tenure-27973,True,26342,,26342
tenure-27974,True,26343,cross-checked,
tenure-27975,True,26344,,
tenure-27976,True,26344,,
tenure-27977,True,26345,,
tenure-27978,True,26345,,
tenure-27979,True,26345,,
tenure-27980,True,26345,,
tenure-27981,True,26345,,
tenure-27982,True,26346,unresolved,
tenure-27983,True,26347|26348,directly-evidenced,26347|26348
tenure-27984,True,26347|26348,directly-evidenced,26347|26348
tenure-27985,True,26349,,
tenure-27986,True,26349,,
tenure-28005,True,26368,cross-checked,
tenure-28006,True,26369,cross-checked,
tenure-28007,True,26370,directly-evidenced,26370
tenure-28039,True,26402|26403,,
tenure-28040,True,26404|26405,directly-evidenced,26404
tenure-28041,True,26404|26405,cross-checked,26404
tenure-28051,True,26415,,
tenure-28052,True,26415,,
tenure-28071,True,26435,,
tenure-28084,True,26448,unresolved,
tenure-28121,True,26485,directly-evidenced,26485
tenure-28122,True,26486|26487|26488,unresolved,
tenure-28123,True,26486|26487|26488,,
tenure-28134,True,26499,cross-checked,
tenure-28135,True,26500,directly-evidenced,26500
tenure-28136,True,26501,directly-evidenced,26501
tenure-28141,True,26506,,
tenure-28142,True,26506,,
tenure-28143,True,26506,,
tenure-28144,True,26506,,
tenure-28145,True,26506,,
tenure-28146,True,26506,,
tenure-28147,True,26506,,
tenure-28148,True,26506,,
tenure-28149,True,26506,,
tenure-28150,True,26506,,
tenure-28191,True,26548,,
tenure-28192,True,26548,,
tenure-28193,True,26549,,
tenure-28194,True,26549,,
tenure-28195,True,26549,,
tenure-28196,True,26549,,
tenure-28198,True,26551|26552|26553,directly-evidenced,26551
tenure-28199,True,26551|26552|26553,,26551
tenure-28200,True,26554,cross-checked,
tenure-28251,True,26605,inferred,
tenure-28260,True,26614,cross-checked,
tenure-28261,True,26615,cross-checked,
tenure-28278,True,26632,inferred,
tenure-28279,True,26633,inferred,
tenure-28304,True,26658|26659|26660,unresolved,
tenure-28305,True,26658|26659|26660,,
tenure-28306,True,26661,,
tenure-28307,True,26661,,
tenure-28308,True,26661,,
tenure-28309,True,26661,,
tenure-28310,True,26661,,
tenure-28311,True,26661,,
tenure-28312,True,26661,,
tenure-28313,True,26661,,
tenure-28315,True,26663,cross-checked,
tenure-28327,True,26675|26676,unresolved,
tenure-28328,True,26675|26676,cross-checked,
tenure-28334,True,26682,,26682
tenure-28335,True,26682,,26682
tenure-28348,True,26695|26696,,
tenure-28349,True,26697,directly-evidenced,26697
tenure-28350,True,26698,directly-evidenced,26698
tenure-28366,True,26716,,
tenure-28384,True,26735,inferred,
tenure-28386,True,26737|26738,directly-evidenced,26737|26738
tenure-28387,True,26737|26738,directly-evidenced,26737|26738
tenure-28388,True,26739,inferred,
tenure-28389,True,26740,inferred,
tenure-28390,True,26741,unresolved,
tenure-28391,True,26742,unresolved,
tenure-28392,True,26743,inferred,
tenure-28395,True,26746|26747,,
tenure-28405,True,26757,inferred,
tenure-28406,True,26758,inferred,
tenure-28407,True,26759,,
tenure-28408,True,26760,,
tenure-28417,True,26769|26770,unresolved,
tenure-28418,True,26769|26770,cross-checked,
tenure-28424,True,26776,inferred,
tenure-28425,True,26777,inferred,
tenure-28427,True,26779,inferred,
tenure-28428,True,26780,inferred,
tenure-28429,True,26781,inferred,
tenure-28431,True,26785,directly-evidenced,26785
tenure-28432,True,26786,,
tenure-28433,True,26786,,
tenure-28436,True,26789,cross-checked,
tenure-28437,True,26790,cross-checked,
tenure-28438,True,26791,inferred,
tenure-28460,True,26813|26814,directly-evidenced,26813
tenure-28461,True,26813|26814,cross-checked,26813
tenure-28474,True,26827,cross-checked,
tenure-28494,True,26847,,
tenure-28495,True,26847,,
tenure-28523,True,26875,inferred,
tenure-28524,True,26876,,
tenure-28567,True,26919,,
tenure-28568,True,26919,,
tenure-28569,True,26919,,
tenure-28570,True,26919,,
tenure-28571,True,26920,,
tenure-28572,True,26920,,
tenure-28579,True,26927,,
tenure-28580,True,26927,,
tenure-28581,True,26927,cross-checked,
tenure-28598,True,26945,,
tenure-28599,True,26945,,
tenure-28601,True,26947,cross-checked,
tenure-28602,True,26948|26949,unresolved,
tenure-28603,True,26948|26949,cross-checked,
tenure-28647,True,26994|26995,unresolved,
tenure-28648,True,26994|26995,unresolved,
tenure-28649,True,26996,directly-evidenced,26996
tenure-28727,True,27074,,
tenure-28728,True,27074,,
tenure-28729,True,27075,unresolved,
tenure-28730,True,27076,,
tenure-28731,True,27076,,
tenure-28732,True,27076,,
tenure-28733,True,27076,,
tenure-28734,True,27076,,
tenure-28735,True,27077,unresolved,
tenure-28736,True,27077,,
tenure-28792,True,27133,,
tenure-28793,True,27133,,
tenure-28796,True,27137|27138,unresolved,
tenure-28797,True,27137|27138,cross-checked,
tenure-28800,True,27141|27142,directly-evidenced,27141|27142
tenure-28801,True,27141|27142,directly-evidenced,27141|27142
tenure-28815,True,27156,inferred,
tenure-28818,True,27160|27161,cross-checked,27161
tenure-28819,True,27160|27161,directly-evidenced,27161
tenure-28820,True,27162,cross-checked,
tenure-28821,True,27163,cross-checked,
tenure-28822,True,27164|27165|27166,unresolved,27165
tenure-28823,True,27164|27165|27166,directly-evidenced,27165
tenure-28824,True,27164|27165|27166,cross-checked,27165
tenure-28825,True,27167|27168|27169,,27169
tenure-28826,True,27167|27168|27169,,27169
tenure-28827,True,27167|27168|27169,,27169
tenure-28828,True,27170|27171,unresolved,
tenure-28829,True,27170|27171,cross-checked,
tenure-28830,True,27172,cross-checked,
tenure-28831,True,27173,,
tenure-28832,True,27173,,
tenure-28848,True,27189,unresolved,
tenure-28849,True,27190,unresolved,
tenure-28861,True,27202,,
tenure-28862,True,27202,,
tenure-28863,True,27202,,
tenure-28865,True,27204,,
tenure-28866,True,27204,,
tenure-28901,True,27239,inferred,
tenure-28902,True,27240,inferred,
tenure-28903,True,27241,inferred,
tenure-28912,True,27250,inferred,
tenure-28913,True,27251,inferred,
tenure-28923,True,27261,,
tenure-28924,True,27261,,
tenure-28925,True,27262,,
tenure-28926,True,27262,,
tenure-28927,True,27263,,
tenure-28928,True,27263,,
tenure-28990,True,27325,,
tenure-28991,True,27325,,
tenure-28992,True,27325,,
tenure-28993,True,27325,,
tenure-28994,True,27325,,
tenure-28995,True,27325,,
tenure-28996,True,27325,,
tenure-28997,True,27325,,
tenure-28998,True,27325,,
tenure-28999,True,27325,,
tenure-29000,True,27325,,
tenure-29001,True,27325,,
tenure-29002,True,27325,,
tenure-29003,True,27325,,
tenure-29004,True,27325,,
tenure-29005,True,27325,,
tenure-29030,True,27351,unresolved,
tenure-29031,True,27352|27353,unresolved,
tenure-29032,True,27352|27353,,
tenure-29033,True,27352|27353,,
tenure-29034,True,27352|27353,,
tenure-29035,True,27352|27353,,
tenure-29060,True,27379,directly-evidenced,27379
tenure-29061,True,27380,directly-evidenced,27380
tenure-29062,True,27381|27382,,
tenure-29088,True,27408,,
tenure-29089,True,27408,,
tenure-29090,True,27409,,
tenure-29091,True,27409,,
tenure-29092,True,27409,,
tenure-29093,True,27410,directly-evidenced,27410
tenure-29094,True,27411,cross-checked,
tenure-29095,True,27412|27413,,27413
tenure-29096,True,27414,inferred,
tenure-29149,True,27467,,
tenure-29150,True,27467,,
tenure-29151,True,27467,,
tenure-29156,True,27472,,
tenure-29157,True,27473,,
tenure-29160,True,27476,,27476
tenure-29161,True,27476,,27476
tenure-29164,True,27479,,
tenure-29165,True,27480,cross-checked,
tenure-29171,True,27486,,
tenure-29256,True,27572,,
tenure-29257,True,27572,,
tenure-29265,True,27580,inferred,
tenure-29277,True,27592,,
tenure-29278,True,27592,,
tenure-29279,True,27592,,
tenure-29280,True,27592,,
tenure-29281,True,27592,,
tenure-29282,True,27592,,
tenure-29283,True,27592,,
tenure-29285,True,27594,directly-evidenced,27594
tenure-29286,True,27595,cross-checked,
tenure-29287,True,27596,cross-checked,
tenure-29304,True,27613,,
tenure-29305,True,27613,,
tenure-29330,True,27638,,
tenure-29331,True,27638,,
tenure-29332,True,27639,,
tenure-29333,True,27639,,
tenure-29334,True,27640,cross-checked,
tenure-29338,True,27646,inferred,
tenure-29340,True,27648,cross-checked,
tenure-29342,True,27650,inferred,
tenure-29410,True,27719,unresolved,
tenure-29414,True,27723,,
tenure-29415,True,27723,,
tenure-29416,True,27723,,
tenure-29417,True,27723,,
tenure-29418,True,27723,,
tenure-29419,True,27723,,
tenure-29420,True,27723,,
tenure-29421,True,27723,,
tenure-29422,True,27723,,
tenure-29423,True,27723,,
tenure-29424,True,27723,,
tenure-29425,True,27723,,
tenure-29458,True,27756,directly-evidenced,27756
tenure-29515,True,27813,directly-evidenced,27813
tenure-29516,True,27814,cross-checked,
tenure-29517,True,27815,cross-checked,
tenure-29525,True,27823,cross-checked,
tenure-29526,True,27824,cross-checked,
tenure-29529,True,27827,,27827
tenure-29530,True,27827,,27827
tenure-29531,True,27827,,27827
tenure-29563,True,27860,,
tenure-29565,True,27862,inferred,
tenure-29566,True,27863,inferred,
tenure-29567,True,27864,inferred,
tenure-29581,True,27878,cross-checked,
tenure-29582,True,27879|27880,,27880
tenure-29583,True,27879|27880,,27880
tenure-29584,True,27879|27880,,27880
tenure-29585,True,27879|27880,,27880
tenure-29586,True,27881|27882,unresolved,
tenure-29587,True,27881|27882,cross-checked,
tenure-29591,True,27886,inferred,
tenure-29604,True,27899,,
tenure-29605,True,27899,,
tenure-29606,True,27899,,
tenure-29612,True,27905,inferred,
tenure-29664,True,27958|27959,unresolved,
tenure-29665,True,27958|27959,cross-checked,
tenure-29671,True,27965,,
tenure-29672,True,27965,,
tenure-29673,True,27965,,
tenure-29683,True,27976,,
tenure-29684,True,27976,,
tenure-29685,True,27976,,
tenure-29707,True,27998,,27998
tenure-29708,True,27998,,27998
tenure-29709,True,27998,,27998
tenure-29722,True,28011,cross-checked,
tenure-29728,True,28017,inferred,
tenure-29751,True,28040,unresolved,
tenure-29762,True,28051|28052,unresolved,
tenure-29763,True,28051|28052,unresolved,
tenure-29770,True,28059,,
tenure-29771,True,28059,,
tenure-29845,True,28133|28134,unresolved,
tenure-29846,True,28133|28134,cross-checked,
tenure-29848,True,28136|28137|28138|28139,unresolved,
tenure-29849,True,28136|28137|28138|28139,,
tenure-29850,True,28136|28137|28138|28139,,
tenure-29876,True,28165|28166|28167,unresolved,
tenure-29877,True,28165|28166|28167,,
tenure-29878,True,28168,,
tenure-29879,True,28168,,
tenure-29880,True,28168,,
tenure-29881,True,28169,,
tenure-29882,True,28169,,
tenure-29883,True,28169,,
tenure-29884,True,28169,,
tenure-29921,True,28206,cross-checked,
tenure-29922,True,28207|28208,unresolved,
tenure-29923,True,28207|28208,cross-checked,
tenure-29924,True,28209|28210|28211,,
tenure-29925,True,28212|28213,,
tenure-29926,True,28212|28213,,
tenure-29929,True,28216,,
tenure-29930,True,28217,,
tenure-29941,True,28229,,
tenure-29942,True,28229,,
tenure-29961,True,28248,cross-checked,
tenure-29966,True,28253,,
tenure-29967,True,28253,,
tenure-29968,True,28253,,
tenure-29969,True,28253,,
tenure-29974,True,28258,inferred,
tenure-30037,True,28321,cross-checked,
tenure-30038,True,28322,cross-checked,
tenure-30039,True,28323,unresolved,
tenure-30113,True,28397,cross-checked,
tenure-30186,True,28470,directly-evidenced,28470
tenure-30187,True,28471,cross-checked,
tenure-30188,True,28472,cross-checked,
tenure-30216,True,28502,,
tenure-30217,True,28502,,
tenure-30218,True,28502,,
tenure-30219,True,28502,,
tenure-30220,True,28502,,
tenure-30221,True,28502,,
tenure-30222,True,28502,,
tenure-30223,True,28502,,
tenure-30224,True,28502,,
tenure-30225,True,28502,,
tenure-30226,True,28502,,
tenure-30227,True,28502,,
tenure-30228,True,28502,,
tenure-30229,True,28502,,
tenure-30230,True,28503,,
tenure-30231,True,28503,,
tenure-30240,True,28512,,
tenure-30241,True,28512,,
tenure-30242,True,28512,,
tenure-30243,True,28512,,
tenure-30244,True,28513,,
tenure-30245,True,28513,,
tenure-30246,True,28513,,
tenure-30247,True,28513,,
tenure-30256,True,28525|28526,,
tenure-30258,True,28528,,
tenure-30259,True,28528,,
tenure-30260,True,28529,,
tenure-30261,True,28529,,
tenure-30262,True,28530,,
tenure-30263,True,28530,,
tenure-30275,True,28542,,
tenure-30276,True,28542,,
tenure-30277,True,28542,,
tenure-30278,True,28542,,
tenure-30279,True,28542,,
tenure-30280,True,28542,,
tenure-30281,True,28542,,
tenure-30282,True,28542,,
tenure-30283,True,28542,,
tenure-30284,True,28542,,
tenure-30293,True,28551,,
tenure-30294,True,28551,,
tenure-30295,True,28551,,
tenure-30297,True,28553,,
tenure-30298,True,28553,,
tenure-30304,True,28559,directly-evidenced,28559
tenure-30305,True,28560,cross-checked,
tenure-30306,True,28561,cross-checked,
tenure-30329,True,28584|28585|28586|28587,unresolved,
tenure-30330,True,28584|28585|28586|28587,,
tenure-30331,True,28584|28585|28586|28587,,
tenure-30333,True,28589,,28589
tenure-30334,True,28589,,28589
tenure-30335,True,28589,,28589
tenure-30342,True,28596,directly-evidenced,28596
tenure-30343,True,28597,cross-checked,
tenure-30344,True,28598,cross-checked,
tenure-30353,True,28607|28608,,28608
tenure-30354,True,28607|28608,,28608
tenure-30361,True,28615,unresolved,
tenure-30362,True,28616,cross-checked,
tenure-30363,True,28617,unresolved,
tenure-30366,True,28620,,
tenure-30367,True,28620,unresolved,
tenure-30368,True,28621,unresolved,
tenure-30374,True,28628,inferred,
tenure-30386,True,28640,,
tenure-30387,True,28640,,
tenure-30388,True,28641,,
tenure-30389,True,28641,,
tenure-30390,True,28641,,
tenure-30391,True,28641,,
tenure-30392,True,28641,,
tenure-30393,True,28641,,
tenure-30394,True,28641,,
tenure-30395,True,28641,,
tenure-30396,True,28641,,
tenure-30409,True,28654,,
tenure-30410,True,28654,,
tenure-30411,True,28654,,
tenure-30412,True,28654,,
tenure-30413,True,28654,,
tenure-30435,True,28678|28679,unresolved,
tenure-30436,True,28678|28679,cross-checked,
tenure-30459,True,28702,,
tenure-30460,True,28702,,
tenure-30461,True,28703,,
tenure-30462,True,28703,,
tenure-30463,True,28703,,
tenure-30464,True,28703,,
tenure-30465,True,28703,,
tenure-30466,True,28704,,28704
tenure-30467,True,28704,,28704
tenure-30468,True,28704,,28704
tenure-30469,True,28705,inferred,
tenure-30470,True,28706,inferred,
tenure-30481,True,28717,cross-checked,
tenure-30482,True,28718,cross-checked,
tenure-30483,True,28719,directly-evidenced,28719
tenure-30539,True,28776|28777,directly-evidenced,28776
tenure-30540,True,28776|28777,cross-checked,28776
tenure-30586,True,28824|28825,directly-evidenced,28824
tenure-30587,True,28824|28825,cross-checked,28824
tenure-30588,True,28826,cross-checked,
tenure-30594,True,28832|28833,unresolved,28833
tenure-30595,True,28832|28833,directly-evidenced,28833
tenure-30596,True,28834,cross-checked,
tenure-30597,True,28835,directly-evidenced,28835
tenure-30600,True,28838|28839,directly-evidenced,28838|28839
tenure-30601,True,28838|28839,directly-evidenced,28838|28839
tenure-30628,True,28868,,
tenure-30629,True,28868,,
tenure-30630,True,28869,,
tenure-30631,True,28869,,
tenure-30632,True,28870|28871,directly-evidenced,28870
tenure-30633,True,28870|28871,cross-checked,28870
tenure-30678,True,28917|28918,unresolved,
tenure-30679,True,28917|28918,unresolved,
tenure-30728,True,28969,directly-evidenced,28969
tenure-30730,True,28971,,
tenure-30731,True,28971,,
tenure-30760,True,29002,,
tenure-30796,True,29038|29039,cross-checked,
tenure-30797,True,29038|29039,cross-checked,
tenure-30798,True,29040,directly-evidenced,29040
tenure-30838,True,29080|29081|29082,directly-evidenced,29080
tenure-30839,True,29080|29081|29082,,29080
tenure-30881,True,29124,,
tenure-30882,True,29124,,
tenure-30883,True,29125|29126,unresolved,
tenure-30884,True,29125|29126,cross-checked,
tenure-30885,True,29127|29128,directly-evidenced,29127
tenure-30886,True,29127|29128,cross-checked,29127
tenure-30887,True,29129|29130,unresolved,
tenure-30888,True,29129|29130,cross-checked,
tenure-30916,True,29161,unresolved,
tenure-30925,True,29170,,
tenure-30926,True,29170,,
tenure-30927,True,29170,,
tenure-30928,True,29170,,
tenure-30930,True,29172,unresolved,
tenure-30936,True,29178|29179,,
tenure-30937,True,29180,directly-evidenced,29180
tenure-30938,True,29181,directly-evidenced,29181
tenure-30939,True,29182,directly-evidenced,29182
tenure-30940,True,29183|29184,,
tenure-30941,True,29185,directly-evidenced,29185
tenure-30948,True,29192,,
tenure-30949,True,29192,,
tenure-31005,True,29248,,
tenure-31006,True,29248,,
tenure-31007,True,29249,unresolved,
tenure-31049,True,29292,,
tenure-31050,True,29292,,
tenure-31051,True,29292,,
tenure-31052,True,29292,,
tenure-31053,True,29292,,
tenure-31054,True,29292,,
tenure-31055,True,29292,,
tenure-31056,True,29292,,
tenure-31057,True,29292,,
tenure-31058,True,29292,,
tenure-31075,True,29309,directly-evidenced,29309
tenure-31076,True,29310,cross-checked,
tenure-31077,True,29311,unresolved,
tenure-31081,True,29315,directly-evidenced,29315
tenure-31082,True,29316,cross-checked,
tenure-31083,True,29317,cross-checked,
tenure-31094,True,29328,inferred,
tenure-31099,True,29336|29337,directly-evidenced,29336
tenure-31100,True,29336|29337,cross-checked,29336
tenure-31112,True,29349,,
tenure-31113,True,29349,,
tenure-31114,True,29349,,
tenure-31115,True,29349,,
tenure-31116,True,29349,,
tenure-31117,True,29349,,
tenure-31152,True,29384,cross-checked,
tenure-31153,True,29385,,29385
tenure-31154,True,29385,,29385
tenure-31155,True,29385,,29385
tenure-31156,True,29385,,29385
tenure-31180,True,29409|29410,directly-evidenced,29409|29410
tenure-31181,True,29409|29410,directly-evidenced,29409|29410
tenure-31192,True,29421,cross-checked,
tenure-31193,True,29422,,
tenure-31194,True,29422,,
tenure-31200,True,29428|29429,,
tenure-31201,True,29428|29429,,
tenure-31202,True,29428|29429,,
tenure-31203,True,29428|29429,,
tenure-31204,True,29428|29429,,
tenure-31205,True,29430,,29430
tenure-31206,True,29430,,29430
tenure-31207,True,29430,,29430
tenure-31208,True,29430,,29430
tenure-31209,True,29431,,29431
tenure-31210,True,29431,,29431
tenure-31211,True,29431,,29431
tenure-31212,True,29431,,29431
tenure-31213,True,29431,,29431
tenure-31214,True,29431,,29431
tenure-31215,True,29431,,29431
tenure-31216,True,29432|29433|29434,,
tenure-31223,True,29441,inferred,
tenure-31259,True,29477|29478,directly-evidenced,29477
tenure-31260,True,29477|29478,cross-checked,29477
tenure-31267,True,29485,,
tenure-31268,True,29485,,
tenure-31269,True,29485,,
tenure-31270,True,29485,,
tenure-31271,True,29485,,
tenure-31272,True,29485,,
tenure-31273,True,29485,,
tenure-31274,True,29485,,
tenure-31275,True,29486,,
tenure-31276,True,29486,,
tenure-31277,True,29486,,
tenure-31278,True,29486,,
tenure-31279,True,29487,,
tenure-31280,True,29487,,
tenure-31281,True,29487,,
tenure-31317,True,29526,,29526
tenure-31318,True,29526,,29526
tenure-31319,True,29526,,29526
tenure-31320,True,29526,,29526
tenure-31321,True,29526,,29526
tenure-31322,True,29526,,29526
tenure-31323,True,29526,,29526
tenure-31324,True,29526,,29526
tenure-31325,True,29526,,29526
tenure-31326,True,29526,,29526
tenure-31327,True,29526,,29526
tenure-31328,True,29526,,29526
tenure-31335,True,29533,,
tenure-31336,True,29533,,
tenure-31337,True,29533,,
tenure-31338,True,29533,,
tenure-31339,True,29533,,
tenure-31340,True,29533,,
tenure-31342,True,29535,unresolved,
tenure-31343,True,29536,directly-evidenced,29536
tenure-31344,True,29537,,29537
tenure-31390,True,29583,inferred,
tenure-31405,True,29598|29599,directly-evidenced,29598|29599
tenure-31406,True,29598|29599,directly-evidenced,29598|29599
tenure-31467,True,29661,,
tenure-31468,True,29661,,
tenure-31469,True,29662,,
tenure-31470,True,29662,,
tenure-31471,True,29662,,
tenure-31472,True,29662,,
tenure-31473,True,29662,,
tenure-31474,True,29663,inferred,
tenure-31475,True,29664|29665|29666|29667,,29664|29665
tenure-31476,True,29664|29665|29666|29667,,29664|29665
tenure-31477,True,29664|29665|29666|29667,,29664|29665
tenure-31478,True,29664|29665|29666|29667,,29664|29665
tenure-31479,True,29664|29665|29666|29667,directly-evidenced,29664|29665
tenure-31480,True,29664|29665|29666|29667,,29664|29665
tenure-31481,True,29668,,
tenure-31482,True,29668,,
tenure-31483,True,29668,,
tenure-31484,True,29668,,
tenure-31485,True,29669,,
tenure-31486,True,29669,,
tenure-31487,True,29669,,
tenure-31488,True,29669,,
tenure-31489,True,29669,,
tenure-31490,True,29669,,
tenure-31491,True,29669,,
tenure-31492,True,29669,,
tenure-31493,True,29669,,
tenure-31494,True,29669,,
tenure-31495,True,29669,,
tenure-31496,True,29669,,
tenure-31497,True,29669,,
tenure-31498,True,29669,,
tenure-31499,True,29669,,
tenure-31500,True,29669,,
tenure-31501,True,29670,cross-checked,
tenure-31503,True,29672,unresolved,
tenure-31512,True,29681|29682,,
tenure-31513,True,29683,directly-evidenced,29683
tenure-31514,True,29684,cross-checked,
tenure-31577,True,29750,inferred,
tenure-31586,True,29759,inferred,
tenure-31605,True,29778,,
tenure-31606,True,29778,,
tenure-31607,True,29778,,
tenure-31616,True,29787,directly-evidenced,29787
tenure-31617,True,29788,cross-checked,
tenure-31618,True,29789,cross-checked,
tenure-31623,True,29794,,
tenure-31624,True,29794,,
tenure-31625,True,29794,,
tenure-31626,True,29794,,
tenure-31627,True,29795|29796|29797,directly-evidenced,29795
tenure-31628,True,29795|29796|29797,,29795
tenure-31630,True,29799,,
tenure-31631,True,29799,,
tenure-31632,True,29799,,
tenure-31633,True,29799,,
tenure-31634,True,29799,,
tenure-31635,True,29799,,
tenure-31636,True,29799,,
tenure-31637,True,29799,,
tenure-31638,True,29799,,
tenure-31639,True,29799,,
tenure-31640,True,29799,,
tenure-31641,True,29799,,
tenure-31642,True,29799,,
tenure-31643,True,29800,,
tenure-31644,True,29800,,
tenure-31645,True,29800,,
tenure-31646,True,29800,,
tenure-31650,True,29804,unresolved,
tenure-31660,True,29814,,
tenure-31661,True,29814,,
tenure-31672,True,29825,unresolved,
tenure-31673,True,29826,cross-checked,
tenure-31674,True,29827,directly-evidenced,29827
tenure-31675,True,29828|29829,unresolved,
tenure-31676,True,29828|29829,cross-checked,
tenure-31706,True,29860,cross-checked,
tenure-31707,True,29861|29862,unresolved,
tenure-31708,True,29861|29862,cross-checked,
tenure-31714,True,29868,,
tenure-31715,True,29868,,
tenure-31716,True,29868,,
tenure-31717,True,29868,,
tenure-31720,True,29871,,
tenure-31721,True,29871,,
tenure-31723,True,29874,,
tenure-31724,True,29874,,
tenure-31725,True,29874,,
tenure-31726,True,29874,,
tenure-31727,True,29874,,
tenure-31728,True,29874,,
tenure-31729,True,29874,,
tenure-31730,True,29874,,
tenure-31731,True,29874,,
tenure-31732,True,29875,,
tenure-31733,True,29875,,
tenure-31752,True,29895|29896,unresolved,
tenure-31753,True,29895|29896,cross-checked,
tenure-31766,True,29910|29911,directly-evidenced,29910|29911
tenure-31767,True,29910|29911,directly-evidenced,29910|29911
tenure-31768,True,29912,,
tenure-31769,True,29912,,
tenure-31770,True,29912,,
tenure-31771,True,29912,,
tenure-31772,True,29912,,
tenure-31773,True,29912,,
tenure-31774,True,29912,,
tenure-31775,True,29912,,
tenure-31776,True,29912,,
tenure-31777,True,29912,,
tenure-31778,True,29912,,
tenure-31779,True,29912,,
tenure-31780,True,29913,,
tenure-31781,True,29913,,
tenure-31782,True,29913,,
tenure-31783,True,29913,,
tenure-31784,True,29913,,
tenure-31785,True,29913,,
tenure-31786,True,29913,,
tenure-31787,True,29913,,
tenure-31788,True,29913,,
tenure-31789,True,29913,,
tenure-31790,True,29913,,
tenure-31791,True,29913,,
tenure-31796,True,29918,,
tenure-31797,True,29918,,
tenure-31798,True,29918,,
tenure-31799,True,29919,,
tenure-31800,True,29919,,
tenure-31819,True,29938,directly-evidenced,29938
tenure-31820,True,29939|29940,unresolved,29940
tenure-31821,True,29939|29940,directly-evidenced,29940
tenure-31826,True,29945|29946,unresolved,
tenure-31827,True,29945|29946,cross-checked,
tenure-31858,True,29977,,
tenure-31859,True,29977,,
tenure-31860,True,29977,,
tenure-31865,True,29982,inferred,
tenure-31866,True,29983,inferred,
tenure-31867,True,29984,inferred,
tenure-31868,True,29985,inferred,
tenure-31872,True,29989,directly-evidenced,29989
tenure-31873,True,29990,cross-checked,
tenure-31874,True,29991,directly-evidenced,29991
tenure-31877,True,29994,inferred,
tenure-31894,True,30011,inferred,
tenure-31921,True,30038,,
tenure-31922,True,30038,,
tenure-31923,True,30038,,
tenure-31924,True,30038,,
tenure-31925,True,30039,,
tenure-31926,True,30039,,
tenure-31927,True,30039,,
tenure-31928,True,30039,,
tenure-31929,True,30040,,
tenure-31930,True,30040,,
tenure-31931,True,30041,,
tenure-31932,True,30041,,
tenure-31933,True,30041,,
tenure-31934,True,30041,,
tenure-31935,True,30041,,
tenure-31936,True,30041,,
tenure-31937,True,30041,,
tenure-31938,True,30041,,
tenure-31939,True,30041,,
tenure-31940,True,30041,,
tenure-31941,True,30041,,
tenure-31942,True,30041,,
tenure-31947,True,30046,,
tenure-31948,True,30046,,
tenure-31949,True,30046,,
tenure-31950,True,30046,,
tenure-31951,True,30046,,
tenure-31952,True,30046,,
tenure-31953,True,30046,,
tenure-31954,True,30046,,
tenure-31955,True,30046,,
tenure-31956,True,30046,,
tenure-31957,True,30046,,
tenure-31958,True,30047,,
tenure-31959,True,30047,,
tenure-31960,True,30047,,
tenure-31961,True,30047,,
tenure-31962,True,30047,,
tenure-31963,True,30047,,
tenure-31964,True,30047,,
tenure-31975,True,30058,inferred,
