bbr_player_id,display_name,birth_date,leagues,first_season,last_season,nba_baa_season_rows,aba_only,s1_player_id,s1_match_class,s1_display_name,s3_person_id,s3_bridge_method
abdelal01,Alaa Abdelnaby,1968-06-24,NBA,1991,1995,9,N,76001,name+dob,Alaa Abdelnaby,76001,via-S1-bridge
abdulka01,Kareem Abdul-Jabbar,1947-04-16,NBA,1970,1989,20,N,76003,name+dob,Kareem Abdul-Jabbar,76003,via-S1-bridge
abdulma01,Walt Hazzard,1942-04-15,NBA,1965,1974,12,N,76983,name+dob,Walt Hazzard,76983,via-S1-bridge
abdulma02,Mahmoud Abdul-Rauf,1969-03-09,NBA,1991,2001,9,N,51,name+dob,Mahmoud Abdul-Rauf,51,via-S1-bridge
abdulta01,Tariq Abdul-Wahad,1974-11-03,NBA,1998,2003,10,N,1505,name+dob,Tariq Abdul-Wahad,1505,via-S1-bridge
abdulza01,Zaid Abdul-Aziz,1946-04-07,NBA,1969,1978,14,N,76002,name+dob,Zaid Abdul-Aziz,76002,via-S1-bridge
abdursh01,Shareef Abdur-Rahim,1976-12-11,NBA,1997,2008,14,N,949,name+dob,Shareef Abdur-Rahim,949,via-S1-bridge
abernto01,Tom Abernethy,1954-05-06,NBA,1977,1981,7,N,76005,name+dob,Tom Abernethy,76005,via-S1-bridge
ablefo01,Forest Able,1932-07-27,NBA,1957,1957,1,N,76006,name+dob,Forest Able,76006,via-S1-bridge
abramjo01,John Abramovic,1919-02-09,BAA,1947,1948,4,N,76007,name+dob,John Abramovic,76007,via-S1-bridge
abrinal01,Álex Abrines,1993-08-01,NBA,2017,2019,3,N,203518,name+dob,Alex Abrines,203518,via-S1-bridge
achiupr01,Precious Achiuwa,1999-09-19,NBA,2021,2026,8,N,1630173,name+dob,Precious Achiuwa,1630173,via-S1-bridge
ackeral01,Alex Acker,1983-01-21,NBA,2006,2009,4,N,101165,name+dob,Alex Acker,101165,via-S1-bridge
ackerdo01,Don Ackerman,1930-09-04,NBA,1954,1954,1,N,76008,lastname+dob,Donald Ackerman,76008,via-S1-bridge
acresma01,Mark Acres,1962-11-15,NBA,1988,1993,8,N,76009,name+dob,Mark Acres,76009,via-S1-bridge
actonbu01,Bud Acton,1942-01-11,NBA,1968,1968,1,N,76010,lastname+dob,Charles Acton,76010,via-S1-bridge
acyqu01,Quincy Acy,1990-10-06,NBA,2013,2019,11,N,203112,name+dob,Quincy Acy,203112,via-S1-bridge
adamsal01,Alvan Adams,1954-07-19,NBA,1976,1988,13,N,76011,name+dob,Alvan Adams,76011,via-S1-bridge
adamsdo01,Don Adams,1947-11-27,ABA|NBA,1971,1977,11,N,76012,name+dob,Don Adams,76012,via-S1-bridge
adamsha01,Hassan Adams,1984-06-20,NBA,2007,2009,2,N,200801,name+dob,Hassan Adams,200801,via-S1-bridge
adamsja01,Jaylen Adams,1996-05-04,NBA,2019,2021,2,N,1629121,name+dob,Jaylen Adams,1629121,via-S1-bridge
adamsjo01,Jordan Adams,1994-07-08,NBA,2015,2016,2,N,203919,name+dob,Jordan Adams,203919,via-S1-bridge
adamsmi01,Michael Adams,1963-01-19,NBA,1986,1996,11,N,149,name+dob,Michael Adams,149,via-S1-bridge
adamsst01,Steven Adams,1993-07-20,NBA,2014,2026,12,N,203500,name+dob,Steven Adams,203500,via-S1-bridge
addisra01,Rafael Addison,1964-07-22,NBA,1987,1997,6,N,912,name+dob,Rafael Addison,912,via-S1-bridge
adebaba01,Bam Adebayo,1997-07-18,NBA,2018,2026,9,N,1628389,name+dob,Bam Adebayo,1628389,via-S1-bridge
adelde01,Deng Adel,1997-02-01,NBA,2019,2019,1,N,1629061,name+dob,Deng Adel,1629061,via-S1-bridge
adelmri01,Rick Adelman,1946-06-16,NBA,1969,1975,10,N,76015,name+dob,Rick Adelman,76015,via-S1-bridge
adrieje01,Jeff Adrien,1986-02-10,NBA,2011,2015,7,N,202399,name+dob,Jeff Adrien,202399,via-S1-bridge
afflaar01,Arron Afflalo,1985-10-15,NBA,2008,2018,13,N,201167,name+dob,Arron Afflalo,201167,via-S1-bridge
agbajoc01,Ochai Agbaji,2000-04-20,NBA,2023,2026,8,N,1630534,name+dob,Ochai Agbaji,1630534,via-S1-bridge
agerma01,Maurice Ager,1984-02-09,NBA,2007,2011,6,N,200772,name+dob,Maurice Ager,200772,via-S1-bridge
aguirma01,Mark Aguirre,1959-12-10,NBA,1982,1994,15,N,76016,name+dob,Mark Aguirre,76016,via-S1-bridge
ahearbl01,Blake Ahearn,1984-05-27,NBA,2008,2012,3,N,201336,name+dob,Blake Ahearn,201336,via-S1-bridge
aingeda01,Danny Ainge,1959-03-17,NBA,1982,1995,16,N,76017,name+dob,Danny Ainge,76017,via-S1-bridge
ajincal01,Alexis Ajinça,1988-05-06,NBA,2009,2017,9,N,201582,name+dob,Alexis Ajinca,201582,via-S1-bridge
akinhe01,Henry Akin,1944-07-31,ABA|NBA,1967,1969,2,N,76018,name+dob,Henry Akin,76018,via-S1-bridge
akognjo01,Josh Akognon,1986-02-10,NBA,2013,2013,1,N,203006,name+dob,Josh Akognon,203006,via-S1-bridge
akoonde01,DeVaughn Akoon-Purcell,1993-06-05,NBA,2019,2019,1,N,1629152,name+dob,DeVaughn Akoon-Purcell,1629152,via-S1-bridge
alabiso01,Solomon Alabi,1988-03-21,NBA,2011,2012,2,N,202374,name+dob,Solomon Alabi,202374,via-S1-bridge
alarima01,Mark Alarie,1963-12-11,NBA,1987,1991,5,N,76019,name+dob,Mark Alarie,76019,via-S1-bridge
alcorga01,Gary Alcorn,1936-10-08,NBA,1960,1961,2,N,76020,name+dob,Gary Alcorn,76020,via-S1-bridge
aldamsa01,Santi Aldama,2001-01-10,NBA,2022,2026,5,N,1630583,name+dob,Santi Aldama,1630583,via-S1-bridge
aldemfu01,Furkan Aldemir,1991-08-09,NBA,2015,2015,1,N,203128,name+dob,Furkan Aldemir,203128,via-S1-bridge
aldrico01,Cole Aldrich,1988-10-31,NBA,2011,2018,10,N,202332,name+dob,Cole Aldrich,202332,via-S1-bridge
aldrila01,LaMarcus Aldridge,1985-07-19,NBA,2007,2022,18,N,200746,name+dob,LaMarcus Aldridge,200746,via-S1-bridge
aleksch01,Chuck Aleksinas,1959-02-26,NBA,1985,1985,1,N,76021,name+dob,Chuck Aleksinas,76021,via-S1-bridge
alexacl01,Cliff Alexander,1995-11-16,NBA,2016,2016,1,N,1626146,name+dob,Cliff Alexander,1626146,via-S1-bridge
alexaco01,Cory Alexander,1973-06-22,NBA,1996,2005,9,N,724,name+dob,Cory Alexander,724,via-S1-bridge
alexaco02,Courtney Alexander,1977-04-27,NBA,2001,2003,5,N,2042,name+dob,Courtney Alexander,2042,via-S1-bridge
alexaga01,Gary Alexander,1969-11-01,NBA,1994,1994,3,N,76022,name+dob,Gary Alexander,76022,via-S1-bridge
alexajo01,Joe Alexander,1986-12-26,NBA,2009,2010,2,N,201570,name+dob,Joe Alexander,201570,via-S1-bridge
alexaky01,Kyle Alexander,1996-10-21,NBA,2020,2020,1,N,1629734,name+dob,Kyle Alexander,1629734,via-S1-bridge
alexani01,Nickeil Alexander-Walker,1998-09-02,NBA,2020,2026,11,N,1629638,name+dob,Nickeil Alexander-Walker,1629638,via-S1-bridge
alexatr01,Trey Alexander,2003-05-02,NBA,2025,2026,2,N,,no-S1-match,,1641725,name-+dob
alexaty01,Ty-Shon Alexander,1998-07-16,NBA,2021,2021,1,N,1630234,name+dob,Ty-Shon Alexander,1630234,via-S1-bridge
alexavi01,Victor Alexander,1969-08-31,NBA,1992,2002,5,N,2349,name+dob,Victor Alexander,2349,via-S1-bridge
alforst01,Steve Alford,1964-11-23,NBA,1988,1991,6,N,76024,name+dob,Steve Alford,76024,via-S1-bridge
alkinra01,Rawle Alkins,1997-10-29,NBA,2019,2019,1,N,1628959,name+dob,Rawle Alkins,1628959,via-S1-bridge
allenbo01,Bob Allen,1946-07-17,NBA,1969,1969,1,N,76028,name+dob,Bob Allen,76028,via-S1-bridge
allengr01,Grayson Allen,1995-10-08,NBA,2019,2026,8,N,1628960,name+dob,Grayson Allen,1628960,via-S1-bridge
allenja01,Jarrett Allen,1998-04-21,NBA,2018,2026,11,N,1628386,name+dob,Jarrett Allen,1628386,via-S1-bridge
allenje01,Jerome Allen,1973-01-28,NBA,1996,1997,4,N,706,name+dob,Jerome Allen,706,via-S1-bridge
allenka01,Kadeem Allen,1993-01-15,NBA,2018,2020,3,N,1628443,name+dob,Kadeem Allen,1628443,via-S1-bridge
allenla01,Lavoy Allen,1989-02-04,NBA,2012,2017,8,N,202730,name+dob,Lavoy Allen,202730,via-S1-bridge
allenlu01,Lucius Allen,1947-09-26,NBA,1970,1979,12,N,76027,name+dob,Lucius Allen,76027,via-S1-bridge
allenma01,Malik Allen,1978-06-27,NBA,2002,2011,14,N,2124,name+dob,Malik Allen,2124,via-S1-bridge
allenra01,Randy Allen,1965-01-26,NBA,1989,1990,2,N,76025,name+dob,Randy Allen,76025,via-S1-bridge
allenra02,Ray Allen,1975-07-20,NBA,1997,2014,20,N,951,name+dob,Ray Allen,951,via-S1-bridge
allenti01,Timmy Allen,2000-01-09,NBA,2024,2024,1,N,,no-S1-match,,1641851,name-+dob
allento01,Tony Allen,1982-01-11,NBA,2005,2018,14,N,2754,name+dob,Tony Allen,2754,via-S1-bridge
allisod01,Odis Allison,1949-10-02,NBA,1972,1972,1,N,76029,name+dob,Odis Allison,76029,via-S1-bridge
allrela01,Lance Allred,1981-02-02,NBA,2008,2008,1,N,200984,name+dob,Lance Allred,200984,via-S1-bridge
allumda01,Darrell Allums,1958-09-12,NBA,1981,1981,1,N,76030,name+dob,Darrell Allums,76030,via-S1-bridge
almonmo01,Morris Almond,1985-02-02,NBA,2008,2012,3,N,201165,name+dob,Morris Almond,201165,via-S1-bridge
alstode01,Derrick Alston,1972-08-20,NBA,1995,1997,3,N,308,name+dob,Derrick Alston,308,via-S1-bridge
alstora01,Rafer Alston,1976-07-24,NBA,2000,2010,15,N,1747,name+dob,Rafer Alston,1747,via-S1-bridge
alumape01,Peter Aluma,1973-04-23,NBA,1999,1999,1,N,1824,DOB-conflict,Peter Aluma,1824,via-S1-bridge
alvarjo01,Jose Alvarado,1998-04-12,NBA,2022,2026,7,N,1630631,name+dob,Jose Alvarado,1630631,via-S1-bridge
amaecjo01,John Amaechi,1970-11-26,NBA,1996,2003,5,N,680,name+dob,John Amaechi,680,via-S1-bridge
amayaas01,Ashraf Amaya,1971-11-23,NBA,1996,1997,2,N,732,name+dob,Ashraf Amaya,732,via-S1-bridge
aminual01,Al-Farouq Aminu,1990-09-21,NBA,2011,2021,13,N,202329,name+dob,Al-Farouq Aminu,202329,via-S1-bridge
amundlo01,Lou Amundson,1982-12-07,NBA,2007,2016,19,N,200811,name+dob,Lou Amundson,200811,via-S1-bridge
anderal01,Alan Anderson,1982-10-16,NBA,2006,2017,8,N,101187,name+dob,Alan Anderson,101187,via-S1-bridge
anderan02,Antonio Anderson,1985-06-05,NBA,2010,2010,1,N,202079,name+dob,Antonio Anderson,202079,via-S1-bridge
anderbo01,Bob Anderegg,1937-08-24,NBA,1960,1960,1,N,76034,name+dob,Bob Anderegg,76034,via-S1-bridge
anderch01,Chris Andersen,1978-07-07,NBA,2002,2017,17,N,2365,name+dob,Chris Andersen,2365,via-S1-bridge
andercl01,Cliff Anderson,1944-09-07,ABA|NBA,1968,1971,5,N,76035,name+dob,Cliff Anderson,76035,via-S1-bridge
anderda02,Dan Anderson,1951-01-01,NBA,1975,1976,2,N,76036,lastname+dob,Daniel Anderson,76036,via-S1-bridge
anderda03,David Andersen,1980-06-23,NBA,2010,2011,4,N,2431,name+dob,David Andersen,2431,via-S1-bridge
anderde01,Derek Anderson,1974-07-18,NBA,1998,2008,13,N,1507,name+dob,Derek Anderson,1507,via-S1-bridge
anderdw01,Dwight Anderson,1960-12-28,NBA,1983,1983,1,N,76037,name+dob,Dwight Anderson,76037,via-S1-bridge
anderer01,Eric Anderson,1970-05-26,NBA,1993,1994,2,N,944,name+dob,Eric Anderson,944,via-S1-bridge
andergr01,Greg Anderson,1964-06-22,NBA,1988,1998,13,N,246,name+dob,Greg Anderson,246,via-S1-bridge
anderja01,James Anderson,1989-03-25,NBA,2011,2016,7,N,202341,name+dob,James Anderson,202341,via-S1-bridge
anderje01,Jerome Anderson,1953-10-09,NBA,1976,1977,2,N,76040,name+dob,Jerome Anderson,76040,via-S1-bridge
anderjj01,J.J. Anderson,1960-09-23,NBA,1983,1985,5,N,76043,lastname+dob,Mitchell Anderson,76043,via-S1-bridge
anderju01,Justin Anderson,1993-11-19,NBA,2016,2022,10,N,1626147,name+dob,Justin Anderson,1626147,via-S1-bridge
anderke01,Kenny Anderson,1970-10-09,NBA,1992,2005,22,N,72,name+dob,Kenny Anderson,72,via-S1-bridge
anderki01,Kim Anderson,1955-05-12,NBA,1979,1979,1,N,76041,name+dob,Kim Anderson,76041,via-S1-bridge
anderky01,Kyle Anderson,1993-09-20,NBA,2015,2026,17,N,203937,name+dob,Kyle Anderson,203937,via-S1-bridge
andermi01,Michael Anderson,1966-03-23,NBA,1989,1989,1,N,76042,name+dob,Michael Anderson,76042,via-S1-bridge
anderni01,Nick Anderson,1968-01-20,NBA,1990,2002,13,N,98,name+dob,Nick Anderson,98,via-S1-bridge
anderri01,Richard Anderson,1960-11-19,NBA,1983,1990,8,N,76045,name+dob,Richard Anderson,76045,via-S1-bridge
anderro01,Ron Anderson,1958-10-15,NBA,1985,1994,14,N,76046,name+dob,Ron Anderson,76046,via-S1-bridge
anderry01,Ryan Anderson,1988-05-06,NBA,2009,2020,14,N,201583,name+dob,Ryan Anderson,201583,via-S1-bridge
andersh01,Shandon Anderson,1973-12-31,NBA,1997,2006,12,N,1000,name+dob,Shandon Anderson,1000,via-S1-bridge
anderwa01,Wally Anderzunas,1946-01-11,NBA,1970,1970,1,N,76048,name+dob,Wally Anderzunas,76048,via-S1-bridge
anderwi01,Willie Anderson,1967-01-08,NBA,1989,1997,11,N,335,name+dob,Willie Anderson,335,via-S1-bridge
andrima01,Martynas Andriuškevičius,1986-03-12,NBA,2006,2006,1,N,101149,name+dob,Martynas Andriuskevicius,101149,via-S1-bridge
anieldo01,Don Anielak,1930-11-01,NBA,1955,1955,1,N,76049,name+dob,Don Anielak,76049,via-S1-bridge
anigbik01,Ike Anigbogu,1998-10-17,NBA,2018,2019,2,N,1628387,DOB-conflict,Ike Anigbogu,1628387,via-S1-bridge
anslemi01,Michael Ansley,1967-02-08,NBA,1990,1992,5,N,76050,name+dob,Michael Ansley,76050,via-S1-bridge
anstech01,Chris Anstey,1975-01-01,NBA,1998,2000,3,N,1512,name+dob,Chris Anstey,1512,via-S1-bridge
antetal01,Alex Antetokounmpo,2001-08-27,NBA,2026,2026,1,N,,no-S1-match,,,
antetgi01,Giannis Antetokounmpo,1994-12-06,NBA,2014,2026,13,N,203507,name+dob,Giannis Antetokounmpo,203507,via-S1-bridge
antetko01,Kostas Antetokounmpo,1997-11-20,NBA,2019,2021,3,N,1628961,name+dob,Kostas Antetokounmpo,1628961,via-S1-bridge
antetth01,Thanasis Antetokounmpo,1992-07-18,NBA,2016,2026,7,N,203648,name+dob,Thanasis Antetokounmpo,203648,via-S1-bridge
anthoca01,Carmelo Anthony,1984-05-29,NBA,2004,2022,21,N,2546,name+dob,Carmelo Anthony,2546,via-S1-bridge
anthoco01,Cole Anthony,2000-05-15,NBA,2021,2026,6,N,1630175,name+dob,Cole Anthony,1630175,via-S1-bridge
anthogr01,Greg Anthony,1967-11-15,NBA,1992,2002,13,N,21,name+dob,Greg Anthony,21,via-S1-bridge
anthojo01,Joel Anthony,1982-08-09,NBA,2008,2017,12,N,201202,name+dob,Joel Anthony,201202,via-S1-bridge
anticpe01,Pero Antić,1982-07-29,NBA,2014,2015,2,N,203544,name+dob,Pero Antic,203544,via-S1-bridge
anunoog01,OG Anunoby,1997-07-17,NBA,2018,2026,11,N,1628384,name+dob,O.G. Anunoby,1628384,via-S1-bridge
applike01,Keith Appling,1992-02-13,NBA,2016,2016,1,N,203951,name+dob,Keith Appling,203951,via-S1-bridge
araujra01,Rafael Araújo,1980-08-12,NBA,2005,2007,3,N,2737,name+dob,Rafael Araujo,2737,via-S1-bridge
arcenst01,Stacey Arceneaux,1936-02-17,NBA,1962,1962,1,N,76053,name+dob,Stacey Arceneaux,76053,via-S1-bridge
archiro01,Robert Archibald,1980-03-29,NBA,2003,2004,5,N,2425,name+dob,Robert Archibald,2425,via-S1-bridge
architi01,Tiny Archibald,1948-09-02,NBA,1971,1984,13,N,76054,lastname+dob,Nate Archibald,76054,via-S1-bridge
arcidry01,Ryan Arcidiacono,1994-03-26,NBA,2018,2024,9,N,1627853,name+dob,Ryan Arcidiacono,1627853,via-S1-bridge
ardji01,Jim Ard,1948-09-19,ABA|NBA,1971,1978,6,N,76055,name+dob,Jim Ard,76055,via-S1-bridge
arenagi01,Gilbert Arenas,1982-01-06,NBA,2002,2012,13,N,2240,name+dob,Gilbert Arenas,2240,via-S1-bridge
arizatr01,Trevor Ariza,1985-06-30,NBA,2005,2022,26,N,2772,name+dob,Trevor Ariza,2772,via-S1-bridge
arizipa01,Paul Arizin,1928-04-09,NBA,1951,1962,10,N,76056,name+dob,Paul Arizin,76056,via-S1-bridge
arlaujo01,Joe Arlauckas,1965-07-20,NBA,1988,1988,1,N,76057,name+dob,Joe Arlauckas,76057,via-S1-bridge
armeltr01,Armel Traoré,2003-01-23,NBA,2025,2025,1,N,,no-S1-match,,1642422,name-+dob
armstbj01,B.J. Armstrong,1967-09-09,NBA,1990,2000,15,N,769,name+dob,B.J. Armstrong,769,via-S1-bridge
armstbo01,Bob Armstrong,1933-06-17,NBA,1957,1957,1,N,76061,name+dob,Bob Armstrong,76061,via-S1-bridge
armstbr01,Brandon Armstrong,1980-06-16,NBA,2002,2004,3,N,2220,name+dob,Brandon Armstrong,2220,via-S1-bridge
armstcu01,Curly Armstrong,1918-11-01,BAA|NBA,1949,1951,3,N,76060,lastname+dob,Paul Armstrong,76060,via-S1-bridge
armstda01,Darrell Armstrong,1968-06-22,NBA,1995,2008,16,N,353,name+dob,Darrell Armstrong,353,via-S1-bridge
armsthi01,Hilton Armstrong,1984-11-11,NBA,2007,2014,11,N,200756,DOB-conflict,Hilton Armstrong,200756,via-S1-bridge
armstta01,Tate Armstrong,1955-10-05,NBA,1978,1979,2,N,76059,name+dob,Tate Armstrong,76059,via-S1-bridge
arnelje01,Jesse Arnelle,1933-12-30,NBA,1956,1956,1,N,76062,name+dob,Jesse Arnelle,76062,via-S1-bridge
arnetja01,Jay Arnette,1938-12-19,NBA,1964,1966,3,N,76063,name+dob,Jay Arnette,76063,via-S1-bridge
arnzebo01,Bob Arnzen,1947-11-03,ABA|NBA,1970,1974,1,N,76064,name+dob,Bob Arnzen,76064,via-S1-bridge
arroyca01,Carlos Arroyo,1979-07-30,NBA,2002,2011,17,N,2306,name+dob,Carlos Arroyo,2306,via-S1-bridge
artesro01,Metta World Peace,1979-11-13,NBA,2000,2017,21,N,1897,name+dob,Metta World Peace,1897,via-S1-bridge
arthuda01,Darrell Arthur,1988-03-25,NBA,2009,2018,9,N,201589,name+dob,Darrell Arthur,201589,via-S1-bridge
arthujo01,John Arthurs,1947-08-15,NBA,1970,1970,1,N,76065,name+dob,John Arthurs,76065,via-S1-bridge
artisja01,Jamel Artis,1993-01-12,NBA,2018,2018,1,N,1628503,name+dob,Jamel Artis,1628503,via-S1-bridge
asikom01,Ömer Aşık,1986-07-04,NBA,2011,2018,10,N,201600,name+dob,Omer Asik,201600,via-S1-bridge
askewvi01,Vincent Askew,1966-02-28,NBA,1988,1998,14,N,355,name+dob,Vincent Askew,355,via-S1-bridge
askinke01,Keith Askins,1967-12-15,NBA,1991,1999,9,N,173,name+dob,Keith Askins,173,via-S1-bridge
asmondo01,Don Asmonga,1928-02-15,NBA,1954,1954,1,N,76068,name+dob,Don Asmonga,76068,via-S1-bridge
athadi01,Dick Atha,1931-09-21,NBA,1956,1958,2,N,76069,lastname+dob,Richard Atha,76069,via-S1-bridge
atkinch01,Chucky Atkins,1974-08-14,NBA,2000,2010,17,N,1088,name+dob,Chucky Atkins,1088,via-S1-bridge
attleal01,Al Attles,1936-11-07,NBA,1961,1971,11,N,76070,lastname+dob,Alvin Attles,76070,via-S1-bridge
aubucch01,Chet Aubuchon,1916-05-18,BAA,1947,1947,1,N,76071,DOB-conflict,Chet Aubuchon,76071,via-S1-bridge
augmost01,Stacey Augmon,1968-08-01,NBA,1992,2006,17,N,278,name+dob,Stacey Augmon,278,via-S1-bridge
augusdj01,D.J. Augustin,1987-11-10,NBA,2009,2022,24,N,201571,name+dob,D.J. Augustin,201571,via-S1-bridge
augusja01,James Augustine,1984-02-27,NBA,2007,2008,2,N,200788,name+dob,James Augustine,200788,via-S1-bridge
austiis01,Isaac Austin,1969-08-18,NBA,1992,2002,11,N,1134,lastname+dob,Ike Austin,1134,via-S1-bridge
austijo01,Johnny Austin,1944-08-31,ABA|NBA,1967,1968,1,N,76073,lastname+dob,John Austin,76073,via-S1-bridge
austike01,Ken Austin,1961-07-15,NBA,1984,1984,1,N,76074,name+dob,Ken Austin,76074,via-S1-bridge
avdijde01,Deni Avdija,2001-01-03,NBA,2021,2026,6,N,1630166,name+dob,Deni Avdija,1630166,via-S1-bridge
aventan01,Anthony Avent,1969-10-18,NBA,1993,2000,8,N,138,name+dob,Anthony Avent,138,via-S1-bridge
averibi01,Bird Averitt,1952-07-22,ABA|NBA,1974,1978,4,N,76076,lastname+dob,William Averitt,76076,via-S1-bridge
averywi01,William Avery,1979-08-08,NBA,2000,2002,3,N,1895,name+dob,William Avery,1895,via-S1-bridge
awtrede01,Dennis Awtrey,1948-02-22,NBA,1971,1982,16,N,76078,name+dob,Dennis Awtrey,76078,via-S1-bridge
ayayijo01,Joel Ayayi,2000-03-05,NBA,2022,2022,1,N,1630555,name+dob,Joel Ayayi,1630555,via-S1-bridge
ayongu01,Gustavo Ayón,1985-04-01,NBA,2012,2014,5,N,202970,name+dob,Gustavo Ayon,202970,via-S1-bridge
aytonde01,Deandre Ayton,1998-07-23,NBA,2019,2026,8,N,1629028,name+dob,Deandre Ayton,1629028,via-S1-bridge
azubuke01,Kelenna Azubuike,1983-12-16,NBA,2007,2012,5,N,101235,name+dob,Kelenna Azubuike,101235,via-S1-bridge
azubuud01,Udoka Azubuike,1999-09-17,NBA,2021,2024,4,N,1628962,name+dob,Udoka Azubuike,1628962,via-S1-bridge
babbch01,Chris Babb,1990-02-14,NBA,2014,2014,1,N,203569,name+dob,Chris Babb,203569,via-S1-bridge
babbilu01,Luke Babbitt,1989-06-20,NBA,2011,2018,10,N,202337,name+dob,Luke Babbitt,202337,via-S1-bridge
babicmi01,Miloš Babić,1968-11-23,NBA,1991,1992,2,N,76079,name+dob,Milos Babic,76079,via-S1-bridge
bachjo01,Johnny Bach,1924-07-10,BAA,1949,1949,1,N,76080,name+dob,Johnny Bach,76080,via-S1-bridge
bacondw01,Dwayne Bacon,1995-08-30,NBA,2018,2021,4,N,1628407,name+dob,Dwayne Bacon,1628407,via-S1-bridge
badjiib01,Ibou Badji,2002-10-13,NBA,2024,2024,1,N,1630641,name+dob,Ibou Badji,1630641,via-S1-bridge
baechji01,Jim Baechtold,1927-12-09,NBA,1953,1957,5,N,76081,name+dob,Jim Baechtold,76081,via-S1-bridge
bagarda01,Dalibor Bagarić,1980-02-07,NBA,2001,2003,3,N,2053,DOB-conflict,Dalibor Bagaric,2053,via-S1-bridge
baglejo01,John Bagley,1960-04-23,NBA,1983,1994,11,N,76082,name+dob,John Bagley,76082,via-S1-bridge
baglema01,Marvin Bagley III,1999-03-14,NBA,2019,2026,16,N,1628963,name+dob,Marvin Bagley III,1628963,via-S1-bridge
baglema02,Marcus Bagley,2001-10-23,NBA,2025,2025,1,N,,no-S1-match,,1630542,name-+dob
baileac01,Ace Bailey,2006-08-13,NBA,2026,2026,1,N,,no-S1-match,,1642846,name-+dob
baileam01,Amari Bailey,2004-02-17,NBA,2024,2024,1,N,,no-S1-match,,1641735,name-+dob
baileca01,Carl Bailey,1958-04-23,NBA,1982,1982,1,N,76084,name+dob,Carl Bailey,76084,via-S1-bridge
bailegu01,Gus Bailey,1951-02-18,NBA,1975,1980,5,N,76083,name+dob,Gus Bailey,76083,via-S1-bridge
baileja01,James Bailey,1957-05-21,NBA,1980,1988,13,N,76085,name+dob,James Bailey,76085,via-S1-bridge
baileth01,Thurl Bailey,1961-04-07,NBA,1984,1999,14,N,1847,name+dob,Thurl Bailey,1847,via-S1-bridge
baileto01,Toby Bailey,1975-11-19,NBA,1999,2000,2,N,1753,name+dob,Toby Bailey,1753,via-S1-bridge
bairsca01,Cameron Bairstow,1990-12-07,NBA,2015,2016,2,N,203946,name+dob,Cameron Bairstow,203946,via-S1-bridge
bakerla01,Mark Baker,1969-11-11,NBA,1999,1999,1,N,1858,name+dob,Mark Baker,1858,via-S1-bridge
bakerma01,Maurice Baker,1979-07-28,NBA,2005,2005,3,N,2486,name+dob,Maurice Baker,2486,via-S1-bridge
bakerno01,Norm Baker,1923-02-17,BAA,1947,1947,1,N,76089,name+dob,Norm Baker,76089,via-S1-bridge
bakerro01,Ron Baker,1993-03-30,NBA,2017,2019,5,N,1627758,name+dob,Ron Baker,1627758,via-S1-bridge
bakervi01,Vin Baker,1971-11-23,NBA,1994,2006,17,N,452,name+dob,Vin Baker,452,via-S1-bridge
balad01,Adama-Alpha Bal,2003-12-18,NBA,2026,2026,1,N,,no-S1-match,,,
baldwpa01,Patrick Baldwin Jr.,2002-11-18,NBA,2023,2026,9,N,1631116,name+dob,Patrick Baldwin Jr.,1631116,via-S1-bridge
baldwwa01,Wade Baldwin,1996-03-29,NBA,2017,2019,3,N,1627735,name+dob,Wade Baldwin IV,1627735,via-S1-bridge
balkmre01,Renaldo Balkman,1984-07-14,NBA,2007,2012,8,N,200764,name+dob,Renaldo Balkman,200764,via-S1-bridge
ballagr01,Greg Ballard,1955-01-29,NBA,1978,1989,11,N,76091,name+dob,Greg Ballard,76091,via-S1-bridge
ballce01,Cedric Ball,1968-04-16,NBA,1991,1991,1,N,76090,name+dob,Cedric Ball,76090,via-S1-bridge
ballla01,LaMelo Ball,2001-08-22,NBA,2021,2026,6,N,1630163,name+dob,LaMelo Ball,1630163,via-S1-bridge
balllo01,Lonzo Ball,1997-10-27,NBA,2018,2026,7,N,1628366,name+dob,Lonzo Ball,1628366,via-S1-bridge
baltihe01,Herschel Baltimore,1921-06-21,BAA,1947,1947,1,N,76092,name+dob,Herschel Baltimore,76092,via-S1-bridge
bambamo01,Mo Bamba,1998-05-12,NBA,2019,2026,14,N,1628964,name+dob,Mo Bamba,1628964,via-S1-bridge
banchpa01,Paolo Banchero,2002-11-12,NBA,2023,2026,4,N,1631094,name+dob,Paolo Banchero,1631094,via-S1-bridge
banede01,Desmond Bane,1998-06-25,NBA,2021,2026,6,N,1630217,name+dob,Desmond Bane,1630217,via-S1-bridge
banksge01,Gene Banks,1959-05-15,NBA,1982,1987,6,N,76093,name+dob,Gene Banks,76093,via-S1-bridge
banksma01,Marcus Banks,1981-11-19,NBA,2004,2011,14,N,2556,name+dob,Marcus Banks,2556,via-S1-bridge
bannike01,Ken Bannister,1960-04-01,NBA,1985,1991,5,N,76094,name+dob,Ken Bannister,76094,via-S1-bridge
bantoda01,Dalano Banton,1999-11-07,NBA,2022,2026,9,N,1630625,name+dob,Dalano Banton,1630625,via-S1-bridge
bantomi01,Mike Bantom,1951-12-03,NBA,1974,1982,15,N,76095,name+dob,Mike Bantom,76095,via-S1-bridge
barbeca01,Cat Barber,1994-07-25,NBA,2022,2022,1,N,1627760,name+dob,Cat Barber,1627760,via-S1-bridge
barbejo01,John Barber,1927-06-27,NBA,1957,1957,1,N,76096,name+dob,John Barber,76096,via-S1-bridge
barbole01,Leandro Barbosa,1982-11-28,NBA,2004,2017,16,N,2571,name+dob,Leandro Barbosa,2571,via-S1-bridge
bardost01,Steve Bardo,1968-04-05,NBA,1992,1996,3,N,76097,lastname+dob,Stephen Bardo,76097,via-S1-bridge
bareajo01,J.J. Barea,1984-06-26,NBA,2007,2020,14,N,200826,name+dob,J.J. Barea,200826,via-S1-bridge
bargnan01,Andrea Bargnani,1985-10-26,NBA,2007,2016,10,N,200745,name+dob,Andrea Bargnani,200745,via-S1-bridge
barkecl01,Cliff Barker,1921-01-15,NBA,1950,1952,3,N,76098,name+dob,Cliff Barker,76098,via-S1-bridge
barketo01,Tom Barker,1955-03-11,NBA,1977,1979,5,N,76099,name+dob,Tom Barker,76099,via-S1-bridge
barklch01,Charles Barkley,1963-02-20,NBA,1985,2000,16,N,787,name+dob,Charles Barkley,787,via-S1-bridge
barkler01,Erick Barkley,1978-02-21,NBA,2001,2002,2,N,2057,name+dob,Erick Barkley,2057,via-S1-bridge
barksdo01,Don Barksdale,1923-03-31,NBA,1952,1955,4,N,76102,name+dob,Don Barksdale,76102,via-S1-bridge
barlodo01,Dominick Barlow,2003-05-26,NBA,2023,2026,4,N,1631230,name+dob,Dominick Barlow,1631230,via-S1-bridge
barnedi01,Dick Barnett,1936-10-02,NBA,1960,1974,14,N,76107,name+dob,Dick Barnett,76107,via-S1-bridge
barneha01,Harry Barnes,1945-07-25,NBA,1969,1969,1,N,76103,name+dob,Harry Barnes,76103,via-S1-bridge
barneha02,Harrison Barnes,1992-05-30,NBA,2013,2026,16,N,203084,name+dob,Harrison Barnes,203084,via-S1-bridge
barneji01,Jim Barnes,1941-04-13,NBA,1965,1971,13,N,76105,name+dob,Jim Barnes,76105,via-S1-bridge
barneji02,Jim Barnett,1944-07-07,NBA,1967,1977,13,N,76106,name+dob,Jim Barnett,76106,via-S1-bridge
barnema01,Marvin Barnes,1952-07-27,ABA|NBA,1975,1980,6,N,76104,name+dob,Marvin Barnes,76104,via-S1-bridge
barnema02,Matt Barnes,1980-03-09,NBA,2004,2017,18,N,2440,name+dob,Matt Barnes,2440,via-S1-bridge
barnesc01,Scottie Barnes,2001-08-01,NBA,2022,2026,5,N,1630567,name+dob,Scottie Barnes,1630567,via-S1-bridge
barnhbr01,Brooks Barnhizer,2002-03-02,NBA,2026,2026,1,N,,no-S1-match,,1642964,name-+dob
barnhjo01,John Barnhill,1938-03-20,ABA|NBA,1963,1972,9,N,76108,name+dob,John Barnhill,76108,via-S1-bridge
barnhle01,Leo Barnhorst,1924-05-11,NBA,1950,1954,7,N,76110,name+dob,Leo Barnhorst,76110,via-S1-bridge
barnhno01,Norton Barnhill,1953-07-15,NBA,1977,1977,1,N,76109,name+dob,Norton Barnhill,76109,via-S1-bridge
barrean01,Andre Barrett,1982-02-21,NBA,2005,2008,8,N,2857,name+dob,Andre Barrett,2857,via-S1-bridge
barreer01,Ernie Barrett,1929-08-27,NBA,1954,1956,2,N,76114,name+dob,Ernie Barrett,76114,via-S1-bridge
barrerj01,RJ Barrett,2000-06-14,NBA,2020,2026,9,N,1629628,name+dob,RJ Barrett,1629628,via-S1-bridge
barrjo01,John Barr,1918-08-18,BAA,1947,1947,1,N,76111,name+dob,John Barr,76111,via-S1-bridge
barrmi01,Mike Barr,1950-10-19,ABA|NBA,1973,1977,1,N,76112,name+dob,Mike Barr,76112,via-S1-bridge
barrmo01,Moe Barr,1944-06-19,NBA,1971,1971,1,N,76113,lastname+dob,Thomas Barr,76113,via-S1-bridge
barroda01,Dana Barros,1967-04-13,NBA,1990,2004,14,N,344,name+dob,Dana Barros,344,via-S1-bridge
barroea01,Earl Barron,1981-08-14,NBA,2006,2015,13,N,2853,name+dob,Earl Barron,2853,via-S1-bridge
barrybr01,Brent Barry,1971-12-31,NBA,1996,2009,16,N,699,name+dob,Brent Barry,699,via-S1-bridge
barrydr01,Drew Barry,1973-02-17,NBA,1998,2000,5,N,1003,name+dob,Drew Barry,1003,via-S1-bridge
barryjo01,Jon Barry,1969-07-25,NBA,1993,2006,16,N,468,name+dob,Jon Barry,468,via-S1-bridge
barryri01,Rick Barry,1944-03-28,ABA|NBA,1966,1980,10,N,600013,name+dob,Rick Barry,600013,via-S1-bridge
barteed01,Ed Bartels,1925-10-08,NBA,1950,1951,4,N,76117,name+dob,Ed Bartels,76117,via-S1-bridge
bartovi01,Vic Bartolome,1948-09-29,NBA,1972,1972,1,N,76118,name+dob,Vic Bartolome,76118,via-S1-bridge
bartowi01,Will Barton,1991-01-06,NBA,2013,2023,15,N,203115,name+dob,Will Barton,203115,via-S1-bridge
basdeed01,Eddie Basden,1983-02-15,NBA,2006,2006,1,N,101188,name+dob,Eddie Basden,101188,via-S1-bridge
baskeje01,Jerry Baskerville,1951-11-10,NBA,1976,1976,1,N,76119,name+dob,Jerry Baskerville,76119,via-S1-bridge
bassbr01,Brandon Bass,1985-04-30,NBA,2006,2017,12,N,101138,name+dob,Brandon Bass,101138,via-S1-bridge
bassech01,Charles Bassey,2000-10-28,NBA,2022,2026,9,N,1629646,name+dob,Charles Bassey,1629646,via-S1-bridge
basseti01,Tim Bassett,1951-04-01,ABA|NBA,1974,1980,6,N,76120,name+dob,Tim Bassett,76120,via-S1-bridge
basspa01,Paris Bass,1995-08-29,NBA,2022,2022,1,N,1628238,name+dob,Paris Bass,1628238,via-S1-bridge
bastoma01,Maceo Baston,1975-05-29,NBA,2003,2009,4,N,1766,DOB-conflict,Maceo Baston,1766,via-S1-bridge
bateeme01,Mengke Bateer,1975-11-20,NBA,2002,2004,3,N,2370,name+dob,Mengke Bateer,2370,via-S1-bridge
batesbi01,Billy Ray Bates,1956-05-31,NBA,1980,1983,6,N,76121,lastname+dob,Billyray Bates,76121,via-S1-bridge
batesem01,Emoni Bates,2004-01-28,NBA,2024,2025,2,N,,no-S1-match,,1641734,name-+dob
bateske01,Keita Bates-Diop,1996-01-23,NBA,2019,2024,10,N,1628966,name+dob,Keita Bates-Diop,1628966,via-S1-bridge
batises01,Esteban Batista,1983-09-02,NBA,2006,2007,2,N,101212,name+dob,Esteban Batista,101212,via-S1-bridge
batismi01,Mike Batiste,1977-11-21,NBA,2003,2003,1,N,2471,name+dob,Mike Batiste,2471,via-S1-bridge
battish01,Shane Battier,1978-09-09,NBA,2002,2014,15,N,2203,name+dob,Shane Battier,2203,via-S1-bridge
battito01,Tony Battie,1976-02-11,NBA,1998,2012,16,N,1499,name+dob,Tony Battie,1499,via-S1-bridge
battlja01,Jamison Battle,2001-05-10,NBA,2025,2026,2,N,,no-S1-match,,1642419,name-+dob
battljo01,John Battle,1962-11-09,NBA,1986,1995,10,N,174,name+dob,John Battle,174,via-S1-bridge
battlke01,Kenny Battle,1964-10-10,NBA,1990,1993,8,N,76123,name+dob,Kenny Battle,76123,via-S1-bridge
battoda01,Dave Batton,1956-03-26,NBA,1983,1984,2,N,76124,name+dob,Dave Batton,76124,via-S1-bridge
batumni01,Nicolas Batum,1988-12-14,NBA,2009,2026,20,N,201587,name+dob,Nicolas Batum,201587,via-S1-bridge
baughda01,Damion Baugh,2000-08-03,NBA,2025,2025,1,N,,no-S1-match,,1641878,name-+dob
baumhfr01,Frankie Baumholtz,1918-10-07,BAA,1947,1947,1,N,76126,name+dob,Frankie Baumholtz,76126,via-S1-bridge
baumjo01,Johnny Baum,1946-06-17,ABA|NBA,1970,1974,2,N,76125,name+dob,Johnny Baum,76125,via-S1-bridge
baxtelo01,Lonny Baxter,1979-01-27,NBA,2003,2006,9,N,2437,name+dob,Lonny Baxter,2437,via-S1-bridge
bayleje01,Jerryd Bayless,1988-08-20,NBA,2009,2019,15,N,201573,name+dob,Jerryd Bayless,201573,via-S1-bridge
bayloel01,Elgin Baylor,1934-09-16,NBA,1959,1972,14,N,76127,name+dob,Elgin Baylor,76127,via-S1-bridge
baynear01,Aron Baynes,1986-12-09,NBA,2013,2021,9,N,203382,name+dob,Aron Baynes,203382,via-S1-bridge
bazarse01,Sergei Bazarevich,1965-03-16,NBA,1995,1995,1,N,76128,DOB-conflict,Sergei Bazarevich,76128,via-S1-bridge
bazemke01,Kent Bazemore,1989-07-01,NBA,2013,2022,14,N,203145,name+dob,Kent Bazemore,203145,via-S1-bridge
bazleda01,Darius Bazley,2000-06-12,NBA,2020,2024,9,N,1629647,name+dob,Darius Bazley,1629647,via-S1-bridge
beached01,Ed Beach,1929-01-25,NBA,1951,1951,3,N,76129,name+dob,Ed Beach,76129,via-S1-bridge
bealbr01,Bradley Beal,1993-06-28,NBA,2013,2026,14,N,203078,name+dob,Bradley Beal,203078,via-S1-bridge
beardbu01,Butch Beard,1947-05-04,NBA,1970,1979,11,N,76130,name+dob,Butch Beard,76130,via-S1-bridge
beardra01,Ralph Beard,1927-12-02,NBA,1950,1951,2,N,76131,name+dob,Ralph Beard,76131,via-S1-bridge
beaslje01,Jerome Beasley,1980-05-17,NBA,2004,2004,1,N,2602,name+dob,Jerome Beasley,2602,via-S1-bridge
beaslma01,Malik Beasley,1996-11-26,NBA,2017,2025,13,N,1627736,name+dob,Malik Beasley,1627736,via-S1-bridge
beaslmi01,Michael Beasley,1989-01-09,NBA,2009,2019,11,N,201563,name+dob,Michael Beasley,201563,via-S1-bridge
beatyze01,Zelmo Beaty,1939-10-25,ABA|NBA,1963,1975,8,N,76133,name+dob,Zelmo Beaty,76133,via-S1-bridge
beaubro01,Rodrigue Beaubois,1988-02-24,NBA,2010,2013,4,N,201958,name+dob,Rodrigue Beaubois,201958,via-S1-bridge
beaucma01,MarJon Beauchamp,2000-10-12,NBA,2023,2026,7,N,1630699,name+dob,MarJon Beauchamp,1630699,via-S1-bridge
beckby01,Byron Beck,1945-01-25,ABA|NBA,1968,1977,1,N,76134,name+dob,Byron Beck,76134,via-S1-bridge
beckco01,Corey Beck,1971-05-27,NBA,1996,1999,5,N,1133,name+dob,Corey Beck,1133,via-S1-bridge
beckemo01,Moe Becker,1917-02-24,BAA,1947,1947,4,N,76137,name+dob,Moe Becker,76137,via-S1-bridge
becker01,Ernie Beck,1931-12-11,NBA,1954,1961,9,N,76136,name+dob,Ernie Beck,76136,via-S1-bridge
bedfowi01,William Bedford,1963-12-14,NBA,1987,1993,6,N,76138,name+dob,William Bedford,76138,via-S1-bridge
beekmre01,Reece Beekman,2001-10-08,NBA,2025,2025,3,N,,no-S1-match,,1641736,name-+dob
beendha01,Hank Beenders,1916-06-02,BAA,1947,1949,5,N,76139,name+dob,Hank Beenders,76139,via-S1-bridge
behagro01,Ron Behagen,1951-01-14,NBA,1974,1980,13,N,76140,name+dob,Ron Behagen,76140,via-S1-bridge
behnkel01,Elmer Behnke,1929-02-03,NBA,1952,1952,1,N,76141,name+dob,Elmer Behnke,76141,via-S1-bridge
belinma01,Marco Belinelli,1986-03-25,NBA,2008,2020,15,N,201158,name+dob,Marco Belinelli,201158,via-S1-bridge
bellawa01,Walt Bellamy,1939-07-24,NBA,1962,1975,20,N,76144,name+dob,Walt Bellamy,76144,via-S1-bridge
bellch01,Charlie Bell,1979-03-12,NBA,2002,2011,9,N,2294,name+dob,Charlie Bell,2294,via-S1-bridge
bellde01,Dennis Bell,1951-06-02,NBA,1974,1976,3,N,76142,name+dob,Dennis Bell,76142,via-S1-bridge
belljo01,Jordan Bell,1995-01-07,NBA,2018,2022,9,N,1628395,name+dob,Jordan Bell,1628395,via-S1-bridge
bellra01,Raja Bell,1976-09-19,NBA,2001,2012,16,N,1952,name+dob,Raja Bell,1952,via-S1-bridge
belltr01,Troy Bell,1980-11-10,NBA,2004,2004,1,N,2559,name+dob,Troy Bell,2559,via-S1-bridge
bellwh01,Whitey Bell,1932-09-13,NBA,1960,1961,2,N,76143,lastname+dob,William Bell,76143,via-S1-bridge
bembrde01,DeAndre' Bembry,1994-07-04,NBA,2017,2022,8,N,1627761,name+dob,DeAndre' Bembry,1627761,via-S1-bridge
bemorir01,Irv Bemoras,1930-11-18,NBA,1954,1957,2,N,76145,name+dob,Irv Bemoras,76145,via-S1-bridge
benbole01,Leon Benbow,1950-07-23,NBA,1975,1976,2,N,76146,name+dob,Leon Benbow,76146,via-S1-bridge
bendedr01,Dragan Bender,1997-11-17,NBA,2017,2020,6,N,1627733,name+dob,Dragan Bender,1627733,via-S1-bridge
bendejo01,Jonathan Bender,1981-01-30,NBA,2000,2010,8,N,1886,name+dob,Jonathan Bender,1886,via-S1-bridge
benimje01,Jerrelle Benimon,1991-08-01,NBA,2015,2015,1,N,203968,name+dob,Jerrelle Benimon,203968,via-S1-bridge
benjabe01,Benoit Benjamin,1964-11-22,NBA,1986,2000,21,N,104,name+dob,Benoit Benjamin,104,via-S1-bridge
benjaco01,Corey Benjamin,1978-02-24,NBA,1999,2003,4,N,1736,name+dob,Corey Benjamin,1736,via-S1-bridge
bennean01,Anthony Bennett,1993-03-14,NBA,2014,2017,4,N,203461,name+dob,Anthony Bennett,203461,via-S1-bridge
benneel01,Elmer Bennett,1970-02-13,NBA,1995,1997,5,N,1120,name+dob,Elmer Bennett,1120,via-S1-bridge
bennema01,Mario Bennett,1973-08-01,NBA,1996,2000,4,N,712,name+dob,Mario Bennett,712,via-S1-bridge
benneme01,Mel Bennett,1955-01-04,ABA|NBA,1976,1982,4,N,76151,name+dob,Mel Bennett,76151,via-S1-bridge
benneto01,Tony Bennett,1969-06-01,NBA,1993,1995,3,N,76148,name+dob,Tony Bennett,76148,via-S1-bridge
bennewi01,Winston Bennett,1965-02-09,NBA,1990,1992,5,N,76152,name+dob,Winston Bennett,76152,via-S1-bridge
benoida01,David Benoit,1968-05-09,NBA,1992,2001,9,N,128,name+dob,David Benoit,128,via-S1-bridge
bensoke01,Kent Benson,1954-12-27,NBA,1978,1988,13,N,76154,name+dob,Kent Benson,76154,via-S1-bridge
bensoke02,Keith Benson,1988-08-13,NBA,2012,2012,1,N,202728,name+dob,Keith Benson,202728,via-S1-bridge
bentibe01,Ben Bentil,1995-03-29,NBA,2017,2017,1,N,1627791,name+dob,Ben Bentil,1627791,via-S1-bridge
bercege01,Gene Berce,1926-11-22,NBA,1950,1950,1,N,76155,name+dob,Gene Berce,76155,via-S1-bridge
bergega01,Gary Bergen,1932-07-16,NBA,1957,1957,1,N,76156,name+dob,Gary Bergen,76156,via-S1-bridge
berinjo01,Joan Beringer,2006-11-11,NBA,2026,2026,1,N,,no-S1-match,,1642866,name-+dob
bernaju01,Jules Bernard,2000-01-21,NBA,2024,2024,1,N,,no-S1-match,,1631262,name-+dob
berryri01,Ricky Berry,1964-10-06,NBA,1989,1989,1,N,76157,name+dob,Ricky Berry,76157,via-S1-bridge
berrywa01,Walter Berry,1964-05-14,NBA,1987,1989,7,N,76158,name+dob,Walter Berry,76158,via-S1-bridge
bertada01,Dāvis Bertāns,1992-11-12,NBA,2017,2024,12,N,202722,name+dob,Davis Bertans,202722,via-S1-bridge
bertada02,Dairis Bertāns,1989-09-09,NBA,2019,2019,1,N,1629541,name+dob,Dairis Bertans,1629541,via-S1-bridge
beshode01,Del Beshore,1956-11-29,NBA,1979,1980,2,N,76159,name+dob,Del Beshore,76159,via-S1-bridge
besttr01,Travis Best,1972-07-12,NBA,1996,2005,12,N,696,name+dob,Travis Best,696,via-S1-bridge
beverpa01,Patrick Beverley,1988-07-12,NBA,2013,2024,16,N,201976,name+dob,Patrick Beverley,201976,via-S1-bridge
beysa01,Saddiq Bey,1999-04-09,NBA,2021,2026,7,N,1630180,name+dob,Saddiq Bey,1630180,via-S1-bridge
beyty01,Tyler Bey,1998-02-10,NBA,2021,2021,1,N,1630189,name+dob,Tyler Bey,1630189,via-S1-bridge
bhullsi01,Sim Bhullar,1992-12-02,NBA,2015,2015,1,N,204021,name+dob,Sim Bhullar,204021,via-S1-bridge
biancal01,Al Bianchi,1932-03-26,NBA,1957,1966,10,N,76160,name+dob,Al Bianchi,76160,via-S1-bridge
biasaha01,Hank Biasatti,1922-01-14,BAA,1947,1947,1,N,76161,name+dob,Hank Biasatti,76161,via-S1-bridge
bibbyhe01,Henry Bibby,1949-11-24,NBA,1973,1981,11,N,76162,name+dob,Henry Bibby,76162,via-S1-bridge
bibbymi01,Mike Bibby,1978-05-13,NBA,1999,2012,19,N,1710,name+dob,Mike Bibby,1710,via-S1-bridge
biedeed01,Ed Biedenbach,1945-08-12,NBA,1969,1969,1,N,76163,name+dob,Ed Biedenbach,76163,via-S1-bridge
biedran01,Andris Biedriņš,1986-04-02,NBA,2005,2014,10,N,2740,name+dob,Andris Biedrins,2740,via-S1-bridge
bielkdo01,Don Bielke,1932-05-10,NBA,1956,1956,1,N,76164,DOB-conflict,Don Bielke,76164,via-S1-bridge
bigelbo01,Bob Bigelow,1953-12-26,NBA,1976,1979,6,N,76165,name+dob,Bob Bigelow,76165,via-S1-bridge
billuch01,Chauncey Billups,1976-09-25,NBA,1998,2014,23,N,1497,name+dob,Chauncey Billups,1497,via-S1-bridge
bingda01,Dave Bing,1943-11-24,NBA,1967,1978,12,N,76166,name+dob,Dave Bing,76166,via-S1-bridge
biniojo01,Joe Binion,1961-03-26,NBA,1987,1987,1,N,76167,name+dob,Joe Binion,76167,via-S1-bridge
birchkh01,Khem Birch,1992-09-28,NBA,2018,2023,8,N,203920,name+dob,Khem Birch,203920,via-S1-bridge
birdja01,Jabari Bird,1994-07-03,NBA,2018,2018,1,N,1628444,name+dob,Jabari Bird,1628444,via-S1-bridge
birdje01,Jerry Bird,1935-02-02,NBA,1959,1959,1,N,76168,name+dob,Jerry Bird,76168,via-S1-bridge
birdla01,Larry Bird,1956-12-07,NBA,1980,1992,13,N,1449,name+dob,Larry Bird,1449,via-S1-bridge
birdsot01,Otis Birdsong,1955-12-09,NBA,1978,1989,12,N,76170,name+dob,Otis Birdsong,76170,via-S1-bridge
bishoga01,Gale Bishop,1922-06-04,BAA,1949,1949,1,N,76171,name+dob,Gale Bishop,76171,via-S1-bridge
bitadgo01,Goga Bitadze,1999-07-20,NBA,2020,2026,9,N,1629048,name+dob,Goga Bitadze,1629048,via-S1-bridge
bitimon01,Onuralp Bitim,1999-03-31,NBA,2024,2024,1,N,,no-S1-match,,1641931,name-+dob
biyombi01,Bismack Biyombo,1992-08-28,NBA,2012,2026,17,N,202687,name+dob,Bismack Biyombo,202687,via-S1-bridge
bjeline01,Nemanja Bjelica,1988-05-09,NBA,2016,2022,9,N,202357,name+dob,Nemanja Bjelica,202357,via-S1-bridge
blabuw01,Uwe Blab,1962-03-26,NBA,1986,1990,7,N,76172,name+dob,Uwe Blab,76172,via-S1-bridge
blackal01,Alex Blackwell,1970-06-27,NBA,1993,1993,1,N,76180,name+dob,Alex Blackwell,76180,via-S1-bridge
blackan01,Anthony Black,2004-01-20,NBA,2024,2026,3,N,,no-S1-match,,1641710,name-+dob
blackch01,Charlie Black,1921-06-15,BAA|NBA,1949,1952,7,N,76173,name+dob,Charlie Black,76173,via-S1-bridge
blackco01,Cory Blackwell,1963-03-27,NBA,1985,1985,1,N,76177,name+dob,Cory Blackwell,76177,via-S1-bridge
blackja01,James Blackwell,1968-02-25,NBA,1995,1995,3,N,1806,name+dob,James Blackwell,1806,via-S1-bridge
blackle01,Leaky Black,1999-06-14,NBA,2024,2026,2,N,,no-S1-match,,1641778,name-+dob
blackna01,Nate Blackwell,1965-02-15,NBA,1988,1988,1,N,76179,name+dob,Nate Blackwell,76179,via-S1-bridge
blackno01,Norman Black,1957-11-12,NBA,1981,1981,1,N,76174,name+dob,Norman Black,76174,via-S1-bridge
blackro01,Rolando Blackman,1959-02-26,NBA,1982,1994,13,N,76176,name+dob,Rolando Blackman,76176,via-S1-bridge
blackta01,Tarik Black,1991-11-22,NBA,2015,2018,6,N,204028,name+dob,Tarik Black,204028,via-S1-bridge
blackto01,Tom Black,1941-07-09,NBA,1971,1971,3,N,76175,name+dob,Tom Black,76175,via-S1-bridge
blairde01,DeJuan Blair,1989-04-22,NBA,2010,2016,7,N,201971,name+dob,DeJuan Blair,201971,via-S1-bridge
blakean01,Antonio Blakeney,1996-10-04,NBA,2018,2019,2,N,1628469,name+dob,Antonio Blakeney,1628469,via-S1-bridge
blakest01,Steve Blake,1980-02-26,NBA,2004,2016,19,N,2581,name+dob,Steve Blake,2581,via-S1-bridge
blalowi01,Will Blalock,1983-09-08,NBA,2007,2007,1,N,200807,name+dob,Will Blalock,200807,via-S1-bridge
blanege01,George Blaney,1939-11-12,NBA,1962,1962,1,N,76182,name+dob,George Blaney,76182,via-S1-bridge
blankla01,Lance Blanks,1966-09-09,NBA,1991,1993,3,N,76183,name+dob,Lance Blanks,76183,via-S1-bridge
blantri01,Ricky Blanton,1966-04-21,NBA,1993,1993,1,N,76184,name+dob,Ricky Blanton,76184,via-S1-bridge
blatcan01,Andray Blatche,1986-08-22,NBA,2006,2014,9,N,101154,name+dob,Andray Blatche,101154,via-S1-bridge
blaylmo01,Mookie Blaylock,1967-03-20,NBA,1990,2002,13,N,302,name+dob,Mookie Blaylock,302,via-S1-bridge
bledser01,Eric Bledsoe,1989-12-09,NBA,2011,2022,14,N,202339,name+dob,Eric Bledsoe,202339,via-S1-bridge
blevike01,Keljin Blevins,1995-11-24,NBA,2021,2022,2,N,1629833,name+dob,Keljin Blevins,1629833,via-S1-bridge
blevile01,Leon Blevins,1926-06-25,NBA,1951,1951,1,N,76186,name+dob,Leon Blevins,76186,via-S1-bridge
blockjo01,John Block,1944-04-16,NBA,1967,1976,14,N,76187,name+dob,John Block,76187,via-S1-bridge
bloommi01,Mike Bloom,1915-01-14,BAA,1948,1949,6,N,76188,name+dob,Mike Bloom,76188,via-S1-bridge
blossja01,Jaron Blossomgame,1993-09-16,NBA,2019,2019,1,N,1628417,name+dob,Jaron Blossomgame,1628417,via-S1-bridge
blounco01,Corie Blount,1969-01-04,NBA,1994,2004,17,N,916,name+dob,Corie Blount,916,via-S1-bridge
blounma01,Mark Blount,1975-11-30,NBA,2001,2009,13,N,1548,name+dob,Mark Blount,1548,via-S1-bridge
blueva01,Vander Blue,1992-07-17,NBA,2014,2018,3,N,203505,name+dob,Vander Blue,203505,via-S1-bridge
blumera01,Ray Blume,1958-09-23,NBA,1982,1982,1,N,76189,name+dob,Ray Blume,76189,via-S1-bridge
bobbito01,Tony Bobbitt,1979-10-22,NBA,2005,2005,1,N,2800,name+dob,Tony Bobbitt,2800,via-S1-bridge
bobbne01,Nelson Bobb,1924-02-25,NBA,1950,1953,4,N,76190,name+dob,Nelson Bobb,76190,via-S1-bridge
bockhbu01,Bucky Bockhorn,1933-07-08,NBA,1959,1965,7,N,76191,lastname+dob,Arlen Bockhorn,76191,via-S1-bridge
boehebu01,Buddy Boeheim,1999-11-11,NBA,2023,2026,3,N,1631205,name+dob,Buddy Boeheim,1631205,via-S1-bridge
boerwto01,Tom Boerwinkle,1945-08-23,NBA,1969,1978,10,N,76192,name+dob,Tom Boerwinkle,76192,via-S1-bridge
boganke01,Keith Bogans,1980-05-12,NBA,2004,2014,15,N,2586,name+dob,Keith Bogans,2586,via-S1-bridge
bogdabo01,Bogdan Bogdanović,1992-08-18,NBA,2018,2026,11,N,203992,name+dob,Bogdan Bogdanovic,203992,via-S1-bridge
bogdabo02,Bojan Bogdanović,1989-04-18,NBA,2015,2024,14,N,202711,name+dob,Bojan Bogdanovic,202711,via-S1-bridge
boguemu01,Muggsy Bogues,1965-01-09,NBA,1988,2001,16,N,177,name+dob,Muggsy Bogues,177,via-S1-bridge
bogutan01,Andrew Bogut,1984-11-28,NBA,2006,2019,16,N,101106,name+dob,Andrew Bogut,101106,via-S1-bridge
bohanet01,Etdrick Bohannon,1973-05-29,NBA,1998,2001,6,N,1564,name+dob,Etdrick Bohannon,1564,via-S1-bridge
bolbo01,Bol Bol,1999-11-16,NBA,2020,2025,6,N,1629626,name+dob,Bol Bol,1629626,via-S1-bridge
boldejo01,Jonah Bolden,1996-01-02,NBA,2019,2020,4,N,1628413,name+dob,Jonah Bolden,1628413,via-S1-bridge
boldema01,Marques Bolden,1998-04-17,NBA,2020,2024,5,N,1629716,name+dob,Marques Bolden,1629716,via-S1-bridge
bolgebi01,Bill Bolger,1931-08-21,NBA,1954,1954,1,N,76196,name+dob,Bill Bolger,76196,via-S1-bridge
bolma01,Manute Bol,1962-10-16,NBA,1986,1995,13,N,76195,name+dob,Manute Bol,76195,via-S1-bridge
bolmale01,Leandro Bolmaro,2000-09-11,NBA,2022,2023,2,N,1630195,name+dob,Leandro Bolmaro,1630195,via-S1-bridge
bolomjo01,Joel Bolomboy,1994-01-28,NBA,2017,2018,2,N,1627762,name+dob,Joel Bolomboy,1627762,via-S1-bridge
bolstdo01,Doug Bolstorff,1931-10-29,NBA,1958,1958,1,N,76197,name+dob,Doug Bolstorff,76197,via-S1-bridge
bonaad01,Adem Bona,2003-03-28,NBA,2025,2026,2,N,,no-S1-match,,1641737,name-+dob
bondph01,Phil Bond,1954-07-27,NBA,1978,1978,1,N,76198,name+dob,Phil Bond,76198,via-S1-bridge
bondwa01,Walter Bond,1969-02-01,NBA,1993,1995,5,N,1603,name+dob,Walter Bond,1603,via-S1-bridge
bonejo01,Jordan Bone,1997-11-05,NBA,2020,2021,2,N,1629648,name+dob,Jordan Bone,1629648,via-S1-bridge
boneyde01,Dexter Boney,1970-04-27,NBA,1997,1997,1,N,1121,name+dob,Dexter Boney,1121,via-S1-bridge
bongais01,Isaac Bonga,1999-11-08,NBA,2019,2022,4,N,1629067,name+dob,Isaac Bonga,1629067,via-S1-bridge
bonharo01,Ron Bonham,1942-05-31,ABA|NBA,1965,1968,2,N,76201,name+dob,Ron Bonham,76201,via-S1-bridge
bonnean01,Anthony Bonner,1968-06-08,NBA,1991,1996,6,N,41,name+dob,Anthony Bonner,41,via-S1-bridge
bonnema01,Matt Bonner,1980-04-05,NBA,2005,2016,12,N,2588,name+dob,Matt Bonner,2588,via-S1-bridge
bonsage01,George Bon Salle,1935-07-01,NBA,1962,1962,1,N,76203,name+dob,George H. Bon Salle,76203,via-S1-bridge
bookede01,Devin Booker,1996-10-30,NBA,2016,2026,11,N,1626164,name+dob,Devin Booker,1626164,via-S1-bridge
bookeme01,Melvin Booker,1972-08-20,NBA,1996,1997,4,N,511,name+dob,Melvin Booker,511,via-S1-bridge
booketr01,Trevor Booker,1987-11-25,NBA,2011,2018,11,N,202344,name+dob,Trevor Booker,202344,via-S1-bridge
boonejo01,Josh Boone,1984-11-21,NBA,2007,2010,4,N,200767,name+dob,Josh Boone,200767,via-S1-bridge
boonero01,Ron Boone,1946-09-06,ABA|NBA,1969,1981,7,N,76204,name+dob,Ron Boone,76204,via-S1-bridge
boothca01,Calvin Booth,1976-05-07,NBA,2000,2009,16,N,1916,name+dob,Calvin Booth,1916,via-S1-bridge
boothke01,Keith Booth,1974-10-09,NBA,1998,1999,2,N,1522,name+dob,Keith Booth,1522,via-S1-bridge
boozebo01,Bob Boozer,1937-04-26,NBA,1961,1971,13,N,76206,name+dob,Bob Boozer,76206,via-S1-bridge
boozeca01,Carlos Boozer,1981-11-20,NBA,2003,2015,13,N,2430,name+dob,Carlos Boozer,2430,via-S1-bridge
borchcu01,Curtis Borchardt,1980-09-13,NBA,2004,2005,2,N,2414,name+dob,Curtis Borchardt,2414,via-S1-bridge
bornhja01,Jake Bornheimer,1927-06-29,BAA|NBA,1949,1950,2,N,76207,name+dob,Jake Bornheimer,76207,via-S1-bridge
borrela01,Lazaro Borrell,1972-09-20,NBA,2000,2000,1,N,1953,name+dob,Lazaro Borrell,1953,via-S1-bridge
borsaik01,Ike Borsavage,1924-07-25,NBA,1951,1951,1,N,76209,lastname+dob,Costic Borsavage,76209,via-S1-bridge
borylvi01,Vince Boryla,1927-03-11,NBA,1950,1954,5,N,76210,name+dob,Vince Boryla,76210,via-S1-bridge
boshch01,Chris Bosh,1984-03-24,NBA,2004,2016,13,N,2547,name+dob,Chris Bosh,2547,via-S1-bridge
bostiji01,Jim Bostic,1953-01-28,NBA,1978,1978,1,N,76211,name+dob,Jim Bostic,76211,via-S1-bridge
bostobr01,Brandon Boston Jr.,2001-11-28,NBA,2022,2025,4,N,1630527,name+dob,Brandon Boston Jr.,1630527,via-S1-bridge
bostola01,Lawrence Boston,1956-05-18,NBA,1980,1980,1,N,76212,name+dob,Lawrence Boston,76212,via-S1-bridge
bosweto01,Tom Boswell,1953-10-02,NBA,1976,1984,8,N,76213,name+dob,Tom Boswell,76213,via-S1-bridge
bouchch01,Chris Boucher,1993-01-11,NBA,2018,2026,9,N,1628449,name+dob,Chris Boucher,1628449,via-S1-bridge
bouknja01,James Bouknight,2000-09-18,NBA,2022,2024,3,N,1630547,name+dob,James Bouknight,1630547,via-S1-bridge
boumtru01,Ruben Boumtje-Boumtje,1978-05-20,NBA,2002,2004,3,N,2257,name+dob,Ruben Boumtje-Boumtje,2257,via-S1-bridge
bouyeja01,Jamaree Bouyea,1999-06-27,NBA,2023,2026,8,N,1631123,name+dob,Jamaree Bouyea,1631123,via-S1-bridge
bovendo01,Don Boven,1925-03-06,NBA,1950,1953,6,N,76214,name+dob,Don Boven,76214,via-S1-bridge
bowdlca01,Cal Bowdler,1977-03-31,NBA,2000,2002,3,N,1898,name+dob,Cal Bowdler,1898,via-S1-bridge
bowenbr01,Bruce Bowen,1971-06-14,NBA,1997,2009,15,N,1477,name+dob,Bruce Bowen,1477,via-S1-bridge
bowenbr02,Brian Bowen,1998-10-02,NBA,2020,2021,2,N,1628968,name+dob,Brian Bowen II,1628968,via-S1-bridge
bowenry01,Ryan Bowen,1975-11-20,NBA,2000,2010,10,N,1763,name+dob,Ryan Bowen,1763,via-S1-bridge
bowiean01,Anthony Bowie,1963-11-09,NBA,1989,1998,8,N,194,name+dob,Anthony Bowie,194,via-S1-bridge
bowiesa01,Sam Bowie,1961-03-17,NBA,1985,1995,10,N,76217,name+dob,Sam Bowie,76217,via-S1-bridge
bowmair01,Ira Bowman,1973-06-11,NBA,2000,2002,3,N,1085,name+dob,Ira Bowman,1085,via-S1-bridge
bowmaky01,Ky Bowman,1997-06-16,NBA,2020,2020,1,N,1629065,name+dob,Ky Bowman,1629065,via-S1-bridge
bowmana01,Nate Bowman,1943-03-19,ABA|NBA,1967,1972,5,N,76219,name+dob,Nate Bowman,76219,via-S1-bridge
boycedo01,Donnie Boyce,1973-09-02,NBA,1996,1997,2,N,671,name+dob,Donnie Boyce,671,via-S1-bridge
boydde01,Dennis Boyd,1954-05-21,NBA,1979,1979,1,N,76221,name+dob,Dennis Boyd,76221,via-S1-bridge
boydfr01,Freddie Boyd,1950-06-13,NBA,1973,1978,8,N,76222,lastname+dob,Fred Boyd,76222,via-S1-bridge
boydke01,Ken Boyd,1952-03-25,NBA,1975,1975,1,N,76223,name+dob,Ken Boyd,76223,via-S1-bridge
boykiea01,Earl Boykins,1976-06-02,NBA,1999,2012,19,N,1863,name+dob,Earl Boykins,1863,via-S1-bridge
boykoha01,Harry Boykoff,1922-07-24,NBA,1950,1951,4,N,76224,name+dob,Harry Boykoff,76224,via-S1-bridge
boynewi01,Winford Boynes,1957-05-17,NBA,1979,1981,3,N,76225,name+dob,Winford Boynes,76225,via-S1-bridge
bozemce01,Cedric Bozeman,1983-03-07,NBA,2007,2007,1,N,200841,name+dob,Cedric Bozeman,200841,via-S1-bridge
bracest01,Steve Bracey,1950-08-01,NBA,1973,1975,3,N,76226,name+dob,Steve Bracey,76226,via-S1-bridge
brackcr01,Craig Brackins,1987-10-09,NBA,2011,2012,2,N,202342,name+dob,Craig Brackins,202342,via-S1-bridge
braddga01,Gary Bradds,1942-07-26,ABA|NBA,1965,1971,2,N,76227,name+dob,Gary Bradds,76227,via-S1-bridge
bradlal01,Alonzo Bradley,1953-10-16,NBA,1978,1980,3,N,76229,name+dob,Alonzo Bradley,76229,via-S1-bridge
bradlal02,Alex Bradley,1959-10-30,NBA,1982,1982,1,N,76228,name+dob,Alex Bradley,76228,via-S1-bridge
bradlav01,Avery Bradley,1990-11-26,NBA,2011,2022,18,N,202340,name+dob,Avery Bradley,202340,via-S1-bridge
bradlbi01,Bill Bradley,1943-07-28,NBA,1968,1977,10,N,76233,name+dob,Bill Bradley,76233,via-S1-bridge
bradlch01,Charles Bradley,1959-05-16,NBA,1982,1984,3,N,76230,name+dob,Charles Bradley,76230,via-S1-bridge
bradldu01,Dudley Bradley,1957-03-19,NBA,1980,1989,11,N,76231,name+dob,Dudley Bradley,76231,via-S1-bridge
bradljo01,Joe Bradley,1928-09-24,NBA,1950,1950,1,N,76232,name+dob,Joe Bradley,76232,via-S1-bridge
bradlmi01,Michael Bradley,1979-04-18,NBA,2002,2006,10,N,2214,name+dob,Michael Bradley,2214,via-S1-bridge
bradlsh01,Shawn Bradley,1972-03-22,NBA,1994,2005,16,N,762,name+dob,Shawn Bradley,762,via-S1-bridge
bradlto01,Tony Bradley,1998-01-08,NBA,2018,2026,12,N,1628396,name+dob,Tony Bradley,1628396,via-S1-bridge
bradtma01,Mark Bradtke,1968-09-27,NBA,1997,1997,1,N,1361,name+dob,Mark Bradtke,1361,via-S1-bridge
braggma01,Marques Bragg,1970-03-24,NBA,1996,1996,1,N,66,name+dob,Marques Bragg,66,via-S1-bridge
braggto01,Torraye Braggs,1976-05-15,NBA,2004,2005,4,N,1765,name+dob,Torraye Braggs,1765,via-S1-bridge
bramlaj01,A.J. Bramlett,1977-01-10,NBA,2000,2000,1,N,1920,name+dob,A.J. Bramlett,1920,via-S1-bridge
brancad01,Adrian Branch,1963-11-17,NBA,1987,1990,4,N,76237,name+dob,Adrian Branch,76237,via-S1-bridge
brandel01,Elton Brand,1979-03-11,NBA,2000,2016,17,N,1882,name+dob,Elton Brand,1882,via-S1-bridge
brandte01,Terrell Brandon,1970-05-20,NBA,1992,2002,13,N,210,name+dob,Terrell Brandon,210,via-S1-bridge
branhma01,Malaki Branham,2003-05-12,NBA,2023,2026,4,N,1631103,name+dob,Malaki Branham,1631103,via-S1-bridge
brannbo01,Bob Brannum,1926-05-28,NBA,1950,1955,5,N,76238,DOB-conflict,Bob Brannum,76238,via-S1-bridge
bransbr01,Brad Branson,1958-09-24,NBA,1982,1983,2,N,76239,name+dob,Brad Branson,76239,via-S1-bridge
bransje01,Jesse Branson,1942-01-07,ABA|NBA,1966,1968,1,N,76240,name+dob,Jesse Branson,76240,via-S1-bridge
brantja01,Jarrell Brantley,1996-06-07,NBA,2020,2023,3,N,1629714,name+dob,Jarrell Brantley,1629714,via-S1-bridge
brascji01,Jim Brasco,1931-02-03,NBA,1953,1953,3,N,76241,name+dob,Jim Brasco,76241,via-S1-bridge
bratzmi01,Mike Bratz,1955-10-17,NBA,1978,1986,9,N,76242,name+dob,Mike Bratz,76242,via-S1-bridge
braunca01,Carl Braun,1927-09-25,BAA|NBA,1948,1962,13,N,76243,name+dob,Carl Braun,76243,via-S1-bridge
braunch01,Christian Braun,2001-04-17,NBA,2023,2026,4,N,1631128,name+dob,Christian Braun,1631128,via-S1-bridge
brazdig01,Ignas Brazdeikis,1999-01-08,NBA,2020,2022,6,N,1629649,name+dob,Ignas Brazdeikis,1629649,via-S1-bridge
breako01,Koby Brea,2002-11-06,NBA,2026,2026,1,N,,no-S1-match,,1642886,name-+dob
breauti01,Tim Breaux,1970-09-19,NBA,1995,1998,3,N,160,name+dob,Tim Breaux,160,via-S1-bridge
bremejr01,J.R. Bremer,1980-09-19,NBA,2003,2004,4,N,2452,name+dob,J.R. Bremer,2452,via-S1-bridge
brennpe01,Pete Brennan,1936-09-23,NBA,1959,1959,1,N,76245,name+dob,Pete Brennan,76245,via-S1-bridge
brennto01,Tom Brennan,1930-08-06,NBA,1955,1955,1,N,76246,name+dob,Tom Brennan,76246,via-S1-bridge
breuera01,Randy Breuer,1960-10-11,NBA,1984,1994,13,N,76247,name+dob,Randy Breuer,76247,via-S1-bridge
breweco01,Corey Brewer,1986-03-05,NBA,2008,2020,23,N,201147,name+dob,Corey Brewer,201147,via-S1-bridge
breweja01,Jamison Brewer,1980-11-19,NBA,2002,2005,4,N,2249,name+dob,Jamison Brewer,2249,via-S1-bridge
breweji01,Jim Brewer,1951-12-03,NBA,1974,1982,11,N,76248,name+dob,Jim Brewer,76248,via-S1-bridge
brewero01,Ron Brewer,1955-07-16,NBA,1979,1986,20,N,76249,DOB-conflict,Ron Brewer,76249,via-S1-bridge
brewero02,Ronnie Brewer,1985-03-20,NBA,2007,2014,14,N,200758,name+dob,Ronnie Brewer,200758,via-S1-bridge
brezepr01,Primož Brezec,1979-10-02,NBA,2002,2010,13,N,2056,name+dob,Primoz Brezec,2056,via-S1-bridge
brianfr01,Frankie Brian,1923-05-01,NBA,1950,1956,7,N,76250,lastname+dob,Frank Brian,76250,via-S1-bridge
brickfr01,Frank Brickowski,1959-08-14,NBA,1985,1997,16,N,783,name+dob,Frank Brickowski,783,via-S1-bridge
bridgbi01,Bill Bridges,1939-04-04,NBA,1963,1975,19,N,76253,name+dob,Bill Bridges,76253,via-S1-bridge
bridgja01,Jalen Bridges,2001-05-14,NBA,2025,2025,1,N,,no-S1-match,,1641779,name-+dob
bridgju01,Junior Bridgeman,1953-09-17,NBA,1976,1987,12,N,76252,name+dob,Junior Bridgeman,76252,via-S1-bridge
bridgmi01,Mikal Bridges,1996-08-30,NBA,2019,2026,10,N,1628969,name+dob,Mikal Bridges,1628969,via-S1-bridge
bridgmi02,Miles Bridges,1998-03-21,NBA,2019,2026,7,N,1628970,name+dob,Miles Bridges,1628970,via-S1-bridge
brighal01,Al Brightman,1923-09-22,BAA,1947,1947,1,N,76254,name+dob,Al Brightman,76254,via-S1-bridge
brimaam01,Amida Brimah,1994-02-11,NBA,2021,2021,1,N,1628578,name+dob,Amida Brimah,1628578,via-S1-bridge
brindau01,Aud Brindley,1923-12-31,BAA,1947,1947,1,N,76255,lastname+dob,Audley Brindley,76255,via-S1-bridge
briscis01,Isaiah Briscoe,1996-04-13,NBA,2019,2019,1,N,1628515,name+dob,Isaiah Briscoe,1628515,via-S1-bridge
briskjo01,John Brisker,1947-06-15,ABA|NBA,1970,1975,3,N,76256,name+dob,John Brisker,76256,via-S1-bridge
brissos01,Oshae Brissett,1998-06-20,NBA,2020,2025,6,N,1629052,name+dob,Oshae Brissett,1629052,via-S1-bridge
bristal01,Allan Bristow,1951-08-23,ABA|NBA,1974,1983,9,N,76257,name+dob,Allan Bristow,76257,via-S1-bridge
brittda01,Dave Britton,1958-08-29,NBA,1981,1981,1,N,76261,lastname+dob,David Britton,76261,via-S1-bridge
brittmi01,Mike Brittain,1963-06-21,NBA,1986,1987,2,N,76260,name+dob,Mike Brittain,76260,via-S1-bridge
brittty01,Tyrone Britt,1944-04-18,NBA,1968,1968,1,N,76258,name+dob,Tyrone Britt,76258,via-S1-bridge
brittwa01,Wayman Britt,1952-08-31,NBA,1978,1978,1,N,76259,name+dob,Wayman Britt,76259,via-S1-bridge
brockiz01,Izaiah Brockington,1999-07-12,NBA,2024,2024,1,N,,no-S1-match,,1631167,name-+dob
brockjo01,Jon Brockman,1987-03-20,NBA,2010,2012,3,N,201972,name+dob,Jon Brockman,201972,via-S1-bridge
broekry01,Ryan Broekhoff,1990-08-23,NBA,2019,2020,2,N,1629151,name+dob,Ryan Broekhoff,1629151,via-S1-bridge
brogaji01,Jim Brogan,1958-02-24,NBA,1982,1983,2,N,76262,name+dob,Jim Brogan,76262,via-S1-bridge
brogdma01,Malcolm Brogdon,1992-12-11,NBA,2017,2025,9,N,1627763,name+dob,Malcolm Brogdon,1627763,via-S1-bridge
brokaga01,Gary Brokaw,1954-01-11,NBA,1975,1978,6,N,76263,name+dob,Gary Brokaw,76263,via-S1-bridge
brookaa01,Aaron Brooks,1985-01-14,NBA,2008,2018,16,N,201166,name+dob,Aaron Brooks,201166,via-S1-bridge
brookar01,Armoni Brooks,1998-06-05,NBA,2021,2024,5,N,1629717,name+dob,Armoni Brooks,1629717,via-S1-bridge
brookdi01,Dillon Brooks,1996-01-22,NBA,2018,2026,9,N,1628415,name+dob,Dillon Brooks,1628415,via-S1-bridge
brookke01,Kevin Brooks,1969-10-12,NBA,1992,1994,3,N,76265,name+dob,Kevin Brooks,76265,via-S1-bridge
brookke02,Keion Brooks Jr.,2000-08-07,NBA,2025,2025,1,N,,no-S1-match,,1631232,name-+dob
brookma01,MarShon Brooks,1989-01-26,NBA,2012,2019,8,N,202705,name+dob,MarShon Brooks,202705,via-S1-bridge
brookmi01,Michael Brooks,1958-08-17,NBA,1981,1988,6,N,76266,name+dob,Michael Brooks,76266,via-S1-bridge
brookpr01,Price Brookfield,1920-05-11,BAA|NBA,1949,1950,2,N,76264,name+dob,Price Brookfield,76264,via-S1-bridge
brooksc01,Scott Brooks,1965-07-31,NBA,1989,1998,12,N,418,name+dob,Scott Brooks,418,via-S1-bridge
broomjo01,Johni Broome,2002-07-19,NBA,2026,2026,1,N,,no-S1-match,,1641780,name-+dob
brownan01,Andre Brown,1981-05-12,NBA,2007,2009,3,N,2810,name+dob,Andre Brown,2810,via-S1-bridge
brownan02,Anthony Brown,1992-10-10,NBA,2016,2018,5,N,1626148,name+dob,Anthony Brown,1626148,via-S1-bridge
brownbo01,Bob Brown,1923-11-12,BAA|NBA,1949,1950,2,N,76284,name+dob,Bob Brown,76284,via-S1-bridge
brownbo02,Bobby Brown,1984-09-24,NBA,2009,2018,8,N,201628,name+dob,Bobby Brown,201628,via-S1-bridge
brownbr01,Bruce Brown,1996-08-15,NBA,2019,2026,12,N,1628971,name+dob,Bruce Brown,1628971,via-S1-bridge
brownch01,Chucky Brown,1968-02-29,NBA,1990,2002,21,N,359,name+dob,Chucky Brown,359,via-S1-bridge
brownch02,Charlie Brown Jr.,1997-02-02,NBA,2020,2024,6,N,1629718,name+dob,Charlie Brown Jr.,1629718,via-S1-bridge
brownch05,Chaundee Brown Jr.,1998-12-04,NBA,2022,2022,3,N,1630602,name+dob,Chaundee Brown Jr.,1630602,via-S1-bridge
brownda01,Darrel Brown,1923-03-14,BAA,1949,1949,1,N,76270,lastname+dob,Darrell Brown,76270,via-S1-bridge
brownda02,Damone Brown,1979-06-28,NBA,2002,2005,4,N,2245,name+dob,Damone Brown,2245,via-S1-bridge
brownda04,Darius Brown II,1999-07-28,NBA,2026,2026,1,N,,no-S1-match,,,
brownde01,Dee Brown,1968-11-29,NBA,1991,2002,14,N,244,name+dob,Dee Brown,244,via-S1-bridge
brownde02,Devin Brown,1978-12-30,NBA,2003,2010,12,N,2484,name+dob,Devin Brown,2484,via-S1-bridge
brownde03,Dee Brown,1984-08-17,NBA,2007,2009,4,N,200793,name+dob,Dee Brown,200793,via-S1-bridge
brownde04,Derrick Brown,1987-09-08,NBA,2010,2012,5,N,201974,name+dob,Derrick Brown,201974,via-S1-bridge
browner01,Ernest Brown,1979-05-17,NBA,2002,2002,1,N,2081,name+dob,Ernest Brown,2081,via-S1-bridge
brownfr01,Fred Brown,1948-08-07,NBA,1972,1984,13,N,76272,name+dob,Fred Brown,76272,via-S1-bridge
brownge01,George Brown,1935-10-30,NBA,1958,1958,1,N,76273,name+dob,George Brown,76273,via-S1-bridge
brownge02,Gerald Brown,1975-07-28,NBA,1999,1999,1,N,1871,name+dob,Gerald Brown,1871,via-S1-bridge
browngr01,Greg Brown III,2001-09-01,NBA,2022,2024,3,N,1630535,name+dob,Greg Brown III,1630535,via-S1-bridge
brownha01,Harold Brown,1923-10-02,BAA,1947,1947,1,N,76275,name+dob,Harold Brown,76275,via-S1-bridge
brownja01,Jabari Brown,1992-12-18,NBA,2015,2015,1,N,203913,name+dob,Jabari Brown,203913,via-S1-bridge
brownja02,Jaylen Brown,1996-10-24,NBA,2017,2026,10,N,1627759,name+dob,Jaylen Brown,1627759,via-S1-bridge
brownji01,Jim Browne,1930-01-01,BAA|NBA,1949,1950,2,N,76287,name+dob,Jim Browne,76287,via-S1-bridge
brownjo01,John Brown,1951-12-14,NBA,1974,1980,9,N,76276,name+dob,John Brown,76276,via-S1-bridge
brownke01,Kedrick Brown,1981-03-18,NBA,2002,2005,6,N,2208,name+dob,Kedrick Brown,2208,via-S1-bridge
brownke03,Kendall Brown,2003-05-11,NBA,2023,2024,2,N,1631112,name+dob,Kendall Brown,1631112,via-S1-bridge
brownko01,Kobe Brown,2000-01-01,NBA,2024,2026,5,N,,no-S1-match,,1641738,name-+dob
brownkw01,Kwame Brown,1982-03-10,NBA,2002,2013,14,N,2198,name+dob,Kwame Brown,2198,via-S1-bridge
brownle01,Leon Brown,1919-10-12,BAA,1947,1947,1,N,76278,name+dob,Leon Brown,76278,via-S1-bridge
brownle02,Lewis Brown,1955-02-19,NBA,1981,1981,1,N,76279,name+dob,Lewis Brown,76279,via-S1-bridge
brownlo01,Lorenzo Brown,1990-08-26,NBA,2014,2019,5,N,203485,name+dob,Lorenzo Brown,203485,via-S1-bridge
brownma01,Marcus Brown,1974-04-03,NBA,1997,2000,2,N,992,name+dob,Marcus Brown,992,via-S1-bridge
brownma02,Markel Brown,1992-01-29,NBA,2015,2018,3,N,203900,name+dob,Markel Brown,203900,via-S1-bridge
brownmi01,Mike Brown,1963-07-19,NBA,1987,1997,11,N,1479,name+dob,Mike Brown,1479,via-S1-bridge
brownmo01,Moses Brown,1999-10-13,NBA,2020,2025,12,N,1629650,name+dob,Moses Brown,1629650,via-S1-bridge
brownmy01,Myron Brown,1969-11-03,NBA,1992,1992,1,N,76277,name+dob,Myron Brown,76277,via-S1-bridge
brownpj01,P.J. Brown,1969-10-14,NBA,1994,2008,15,N,136,name+dob,P.J. Brown,136,via-S1-bridge
brownra01,Raymond Brown,1965-07-05,NBA,1990,1990,1,N,76282,name+dob,Raymond Brown,76282,via-S1-bridge
brownra02,Randy Brown,1968-05-22,NBA,1992,2003,12,N,753,name+dob,Randy Brown,753,via-S1-bridge
brownri01,Rickey Brown,1958-08-20,NBA,1981,1985,7,N,76283,name+dob,Rickey Brown,76283,via-S1-bridge
brownro02,Roger Brown,1950-02-23,ABA|NBA,1973,1980,4,N,76286,name+dob,Roger Brown,76286,via-S1-bridge
brownsh01,Shannon Brown,1985-11-29,NBA,2007,2015,15,N,200769,name+dob,Shannon Brown,200769,via-S1-bridge
brownst01,Stan Brown,1929-06-27,BAA|NBA,1948,1952,2,N,76285,name+dob,Stan Brown,76285,via-S1-bridge
brownst02,Sterling Brown,1995-02-10,NBA,2018,2023,6,N,1628425,name+dob,Sterling Brown,1628425,via-S1-bridge
brownti01,Tierre Brown,1979-06-03,NBA,2002,2005,4,N,2357,name+dob,Tierre Brown,2357,via-S1-bridge
brownto01,Tony Brown,1960-07-29,NBA,1985,1992,13,N,76268,name+dob,Tony Brown,76268,via-S1-bridge
browntr01,Troy Brown Jr.,1999-07-28,NBA,2019,2024,10,N,1628972,name+dob,Troy Brown Jr.,1628972,via-S1-bridge
brundst01,Stanley Brundy,1967-11-13,NBA,1990,1990,1,N,76288,name+dob,Stanley Brundy,76288,via-S1-bridge
brunsja01,Jalen Brunson,1996-08-31,NBA,2019,2026,8,N,1628973,name+dob,Jalen Brunson,1628973,via-S1-bridge
brunsri01,Rick Brunson,1972-06-14,NBA,1998,2006,15,N,1594,name+dob,Rick Brunson,1594,via-S1-bridge
brussni01,Nicolás Brussino,1993-03-02,NBA,2017,2018,2,N,1627852,name+dob,Nicolas Brussino,1627852,via-S1-bridge
bryanca01,Carter Bryant,2005-11-26,NBA,2026,2026,1,N,,no-S1-match,,1642868,name-+dob
bryanel01,Elijah Bryant,1995-04-19,NBA,2021,2021,1,N,1629091,name+dob,Elijah Bryant,1629091,via-S1-bridge
bryanem01,Em Bryant,1938-11-04,NBA,1965,1972,8,N,76289,lastname+dob,Emmette Bryant,76289,via-S1-bridge
bryanjo01,Joe Bryant,1954-10-19,NBA,1976,1983,8,N,76290,name+dob,Joe Bryant,76290,via-S1-bridge
bryanko01,Kobe Bryant,1978-08-23,NBA,1997,2016,20,N,977,name+dob,Kobe Bryant,977,via-S1-bridge
bryanma01,Mark Bryant,1965-04-25,NBA,1989,2003,18,N,95,name+dob,Mark Bryant,95,via-S1-bridge
bryanth01,Thomas Bryant,1997-07-31,NBA,2018,2026,13,N,1628418,name+dob,Thomas Bryant,1628418,via-S1-bridge
bryanwa01,Wallace Bryant,1959-07-14,NBA,1984,1986,5,N,76291,name+dob,Wallace Bryant,76291,via-S1-bridge
brynto01,Torgeir Bryn,1964-08-08,NBA,1990,1990,1,N,76292,name+dob,Torgeir Bryn,76292,via-S1-bridge
buchash01,Shaq Buchanan,1997-01-30,NBA,2022,2022,1,N,1629783,name+dob,Shaq Buchanan,1629783,via-S1-bridge
buckhjo01,Joe Buckhalter,1937-08-01,NBA,1962,1963,2,N,76293,name+dob,Joe Buckhalter,76293,via-S1-bridge
buckncl01,Cleveland Buckner,1938-08-17,NBA,1962,1963,2,N,76295,name+dob,Cleveland Buckner,76295,via-S1-bridge
buckngr01,Greg Buckner,1976-09-16,NBA,2000,2009,10,N,1761,name+dob,Greg Buckner,1761,via-S1-bridge
bucknqu01,Quinn Buckner,1954-08-20,NBA,1977,1986,10,N,76296,name+dob,Quinn Buckner,76296,via-S1-bridge
bucknst01,Steve Bucknall,1966-03-17,NBA,1990,1990,1,N,76294,name+dob,Steve Bucknall,76294,via-S1-bridge
buddda01,Dave Budd,1938-10-28,NBA,1961,1965,5,N,76297,name+dob,Dave Budd,76297,via-S1-bridge
budinch01,Chase Budinger,1988-05-22,NBA,2010,2016,9,N,201978,name+dob,Chase Budinger,201978,via-S1-bridge
budkowa01,Walt Budko,1925-07-30,BAA|NBA,1949,1952,4,N,76298,initial-surname+dob-window,Walter Budko,76298,via-S1-bridge
buechju01,Jud Buechler,1968-06-19,NBA,1991,2002,17,N,146,name+dob,Jud Buechler,146,via-S1-bridge
bufkiko01,Kobe Bufkin,2003-09-21,NBA,2024,2026,3,N,,no-S1-match,,1641723,name-+dob
buforro01,Rodney Buford,1977-11-02,NBA,2000,2005,5,N,1934,name+dob,Rodney Buford,1934,via-S1-bridge
bullama01,Matt Bullard,1967-06-05,NBA,1991,2002,11,N,672,name+dob,Matt Bullard,672,via-S1-bridge
bullore01,Reggie Bullock,1991-03-16,NBA,2014,2024,15,N,203493,name+dob,Reggie Bullock,203493,via-S1-bridge
bunchgr01,Greg Bunch,1956-05-15,NBA,1979,1979,1,N,76300,name+dob,Greg Bunch,76300,via-S1-bridge
buntdi01,Dick Bunt,1930-07-13,NBA,1953,1953,3,N,76301,name+dob,Dick Bunt,76301,via-S1-bridge
buntibi01,Bill Buntin,1942-05-05,NBA,1966,1966,1,N,76302,name+dob,Bill Buntin,76302,via-S1-bridge
burdeti01,Ticky Burden,1953-02-28,ABA|NBA,1976,1978,2,N,76303,lastname+dob,Luther Burden,76303,via-S1-bridge
burkepa01,Pat Burke,1973-12-14,NBA,2003,2007,3,N,2469,name+dob,Pat Burke,2469,via-S1-bridge
burketr01,Trey Burke,1992-11-12,NBA,2014,2022,13,N,203504,name+dob,Trey Burke,203504,via-S1-bridge
burkmro01,Roger Burkman,1958-05-22,NBA,1982,1982,1,N,76304,name+dob,Roger Burkman,76304,via-S1-bridge
burksal01,Alec Burks,1991-07-20,NBA,2012,2025,21,N,202692,name+dob,Alec Burks,202692,via-S1-bridge
burksan01,Antonio Burks,1980-02-25,NBA,2005,2006,2,N,2766,name+dob,Antonio Burks,2766,via-S1-bridge
burleke01,Kevin Burleson,1979-09-04,NBA,2006,2006,1,N,101207,DOB-conflict,Kevin Burleson,101207,via-S1-bridge
burleto01,Tom Burleson,1952-02-24,NBA,1975,1981,7,N,76305,name+dob,Tom Burleson,76305,via-S1-bridge
burmaja01,Jack Burmaster,1926-12-23,NBA,1950,1950,1,N,76306,name+dob,Jack Burmaster,76306,via-S1-bridge
burnsda01,David Burns,1958-07-03,NBA,1982,1982,3,N,76307,name+dob,David Burns,76307,via-S1-bridge
burnsev01,Evers Burns,1971-08-24,NBA,1994,1994,1,N,76308,name+dob,Evers Burns,76308,via-S1-bridge
burnsji01,Jim Burns,1945-09-21,ABA|NBA,1968,1968,1,N,76309,name+dob,Jim Burns,76309,via-S1-bridge
burresc01,Scott Burrell,1971-01-12,NBA,1994,2001,10,N,197,name+dob,Scott Burrell,197,via-S1-bridge
burriar01,Art Burris,1924-04-07,NBA,1951,1952,4,N,76311,name+dob,Art Burris,76311,via-S1-bridge
burrobo01,Bob Burrow,1934-06-29,NBA,1957,1958,2,N,76313,name+dob,Bob Burrow,76313,via-S1-bridge
burroju01,Junior Burrough,1973-01-18,NBA,1996,1996,1,N,675,name+dob,Junior Burrough,675,via-S1-bridge
burtode02,Deonte Burton,1994-01-31,NBA,2019,2023,3,N,1629126,name+dob,Deonte Burton,1629126,via-S1-bridge
burtoed01,Ed Burton,1939-08-13,NBA,1962,1965,2,N,76314,name+dob,Ed Burton,76314,via-S1-bridge
burtoty01,Tyler Burton,2000-02-11,NBA,2026,2026,1,N,,no-S1-match,,1631174,name-+dob
burtowi01,Willie Burton,1968-05-26,NBA,1991,1999,8,N,416,name+dob,Willie Burton,416,via-S1-bridge
burttst01,Steve Burtt,1962-11-05,NBA,1985,1993,4,N,76316,name+dob,Steve Burtt,76316,via-S1-bridge
busedo01,Don Buse,1950-08-10,ABA|NBA,1973,1985,9,N,76317,name+dob,Don Buse,76317,via-S1-bridge
butchdo01,Donnie Butcher,1936-02-08,NBA,1962,1966,7,N,76318,name+dob,Donnie Butcher,76318,via-S1-bridge
butleal01,Al Butler,1938-07-09,NBA,1962,1965,6,N,76319,name+dob,Al Butler,76319,via-S1-bridge
butleca01,Caron Butler,1980-03-13,NBA,2003,2016,18,N,2406,name+dob,Caron Butler,2406,via-S1-bridge
butlegr01,Greg Butler,1966-03-11,NBA,1989,1991,3,N,76320,name+dob,Greg Butler,76320,via-S1-bridge
butleja01,Jackie Butler,1985-03-10,NBA,2005,2007,3,N,2866,name+dob,Jackie Butler,2866,via-S1-bridge
butleja02,Jared Butler,2000-08-25,NBA,2022,2025,6,N,1630215,name+dob,Jared Butler,1630215,via-S1-bridge
butleji01,Jimmy Butler,1989-09-14,NBA,2012,2026,19,N,202710,name+dob,Jimmy Butler,202710,via-S1-bridge
butlejo01,John Butler,2002-12-04,NBA,2023,2023,1,N,1631219,name+dob,John Butler Jr.,1631219,via-S1-bridge
butlemi02,Mitchell Butler,1970-12-15,NBA,1994,2004,8,N,348,name+dob,Mitchell Butler,348,via-S1-bridge
butlera01,Rasual Butler,1979-05-23,NBA,2003,2016,15,N,2446,name+dob,Rasual Butler,2446,via-S1-bridge
buyckdw01,Dwight Buycks,1989-03-06,NBA,2014,2018,3,N,202779,name+dob,Dwight Buycks,202779,via-S1-bridge
buzelma01,Matas Buzelis,2004-10-13,NBA,2025,2026,2,N,,no-S1-match,,1641824,name-+dob
byarsde01,Derrick Byars,1984-04-25,NBA,2012,2012,1,N,201182,name+dob,Derrick Byars,201182,via-S1-bridge
bynuman01,Andrew Bynum,1987-10-27,NBA,2006,2014,10,N,101115,name+dob,Andrew Bynum,101115,via-S1-bridge
bynumwi01,Will Bynum,1983-01-04,NBA,2006,2015,8,N,101198,name+dob,Will Bynum,101198,via-S1-bridge
byrnema01,Marty Byrnes,1956-04-30,NBA,1979,1983,6,N,76321,name+dob,Marty Byrnes,76321,via-S1-bridge
byrneto01,Tommy Byrnes,1923-02-19,BAA|NBA,1947,1951,10,N,76322,name+dob,Tommy Byrnes,76322,via-S1-bridge
bytzumi01,Michael Bytzura,1922-06-18,BAA,1947,1947,1,N,76323,lastname+dob,Mike Bytzura,76323,via-S1-bridge
cabarza01,Žarko Čabarkapa,1981-05-21,NBA,2004,2006,5,N,2560,name+dob,Zarko Cabarkapa,2560,via-S1-bridge
cableba01,Barney Cable,1935-07-29,NBA,1959,1964,12,N,76324,name+dob,Barney Cable,76324,via-S1-bridge
cabocbr01,Bruno Caboclo,1995-09-21,NBA,2015,2021,11,N,203998,name+dob,Bruno Caboclo,203998,via-S1-bridge
cacokde01,Devontae Cacok,1996-10-08,NBA,2020,2022,3,N,1629719,name+dob,Devontae Cacok,1629719,via-S1-bridge
caffeja01,Jason Caffey,1973-06-12,NBA,1996,2003,10,N,679,name+dob,Jason Caffey,679,via-S1-bridge
cagemi01,Michael Cage,1962-01-28,NBA,1985,2000,15,N,262,name+dob,Michael Cage,262,via-S1-bridge
cainja01,Jamal Cain,1999-03-20,NBA,2023,2026,4,N,1631288,name+dob,Jamal Cain,1631288,via-S1-bridge
calabge01,Gerry Calabrese,1925-02-04,NBA,1951,1952,2,N,76326,name+dob,Gerry Calabrese,76326,via-S1-bridge
calatni01,Nick Calathes,1989-02-07,NBA,2014,2015,2,N,201979,name+dob,Nick Calathes,201979,via-S1-bridge
caldejo01,José Calderón,1981-09-28,NBA,2006,2019,18,N,101181,name+dob,Jose Calderon,101181,via-S1-bridge
caldwad01,Adrian Caldwell,1966-07-04,NBA,1990,1998,8,N,154,name+dob,Adrian Caldwell,154,via-S1-bridge
caldwji01,Jim Caldwell,1943-01-28,ABA|NBA,1968,1969,1,N,76328,name+dob,Jim Caldwell,76328,via-S1-bridge
caldwjo01,Joe Caldwell,1941-11-01,ABA|NBA,1965,1975,8,N,76329,name+dob,Joe Caldwell,76329,via-S1-bridge
caldwke01,Kentavious Caldwell-Pope,1993-02-18,NBA,2014,2026,13,N,203484,name+dob,Kentavious Caldwell-Pope,203484,via-S1-bridge
calhobi01,Bill Calhoun,1927-11-04,BAA|NBA,1949,1955,9,N,76331,name+dob,Bill Calhoun,76331,via-S1-bridge
calhoco01,Corky Calhoun,1950-11-01,NBA,1973,1980,10,N,76330,name+dob,Corky Calhoun,76330,via-S1-bridge
calipde01,Demetrius Calip,1969-11-18,NBA,1992,1992,1,N,76332,name+dob,Demetrius Calip,76332,via-S1-bridge
callato01,Tom Callahan,1921-06-02,BAA,1947,1947,1,N,76333,name+dob,Tom Callahan,76333,via-S1-bridge
callori01,Rick Calloway,1966-12-12,NBA,1991,1991,1,N,76334,DOB-conflict,Rick Calloway,76334,via-S1-bridge
calveer01,Ernie Calverley,1924-01-30,BAA,1947,1949,3,N,76335,name+dob,Ernie Calverley,76335,via-S1-bridge
calvima01,Mack Calvin,1947-07-27,ABA|NBA,1970,1981,7,N,76336,name+dob,Mack Calvin,76336,via-S1-bridge
camarto01,Toumani Camara,2000-05-08,NBA,2024,2026,3,N,,no-S1-match,,1641739,name-+dob
cambrde01,Dexter Cambridge,1970-01-29,NBA,1993,1993,1,N,76337,name+dob,Dexter Cambridge,76337,via-S1-bridge
cambyma01,Marcus Camby,1974-03-22,NBA,1997,2013,21,N,948,name+dob,Marcus Camby,948,via-S1-bridge
campafa01,Facundo Campazzo,1991-03-23,NBA,2021,2023,3,N,1630267,name+dob,Facundo Campazzo,1630267,via-S1-bridge
campbel01,Elden Campbell,1968-07-23,NBA,1991,2005,21,N,922,name+dob,Elden Campbell,922,via-S1-bridge
campbto01,Tony Campbell,1962-05-07,NBA,1985,1995,13,N,76338,name+dob,Tony Campbell,76338,via-S1-bridge
canaais01,Isaiah Canaan,1991-05-21,NBA,2014,2019,13,N,203477,name+dob,Isaiah Canaan,203477,via-S1-bridge
cancavl01,Vlatko Čančar,1997-04-10,NBA,2020,2025,5,N,1628427,name+dob,Vlatko Cancar,1628427,via-S1-bridge
cannade01,Devin Cannady,1996-05-21,NBA,2021,2022,2,N,1629962,name+dob,Devin Cannady,1629962,via-S1-bridge
cannola01,Larry Cannon,1947-04-12,ABA|NBA,1970,1974,1,N,76339,name+dob,Larry Cannon,76339,via-S1-bridge
capelca01,Clint Capela,1994-05-18,NBA,2015,2026,12,N,203991,name+dob,Clint Capela,203991,via-S1-bridge
caracde01,Derrick Caracter,1988-05-04,NBA,2011,2011,1,N,202382,name+dob,Derrick Caracter,202382,via-S1-bridge
cardibr01,Brian Cardinal,1977-05-02,NBA,2001,2012,12,N,2073,name+dob,Brian Cardinal,2073,via-S1-bridge
cardwdy01,Dylan Cardwell,2001-12-16,NBA,2026,2026,1,N,,no-S1-match,,1642928,name-+dob
careyve01,Vernon Carey Jr.,2001-02-25,NBA,2021,2023,5,N,1630176,name+dob,Vernon Carey Jr.,1630176,via-S1-bridge
carlho01,Howie Carl,1938-06-07,NBA,1962,1962,1,N,76340,name+dob,Howie Carl,76340,via-S1-bridge
carlich01,Chet Carlisle,1916-11-02,BAA,1947,1947,1,N,76341,name+dob,Chet Carlisle,76341,via-S1-bridge
carlige01,Geno Carlisle,1976-08-13,NBA,2005,2005,1,N,2367,name+dob,Geno Carlisle,2367,via-S1-bridge
carliri01,Rick Carlisle,1959-10-27,NBA,1985,1990,5,N,76342,name+dob,Rick Carlisle,76342,via-S1-bridge
carlsal01,Al Carlson,1951-09-17,NBA,1976,1976,1,N,76343,name+dob,Al Carlson,76343,via-S1-bridge
carlsbr01,Branden Carlson,1999-06-14,NBA,2025,2026,2,N,,no-S1-match,,1642382,name-+dob
carlsdo01,Don Carlson,1919-03-22,BAA|NBA,1947,1951,4,N,76344,DOB-conflict,Don Carlson,76344,via-S1-bridge
carnebo01,Bob Carney,1932-08-03,NBA,1955,1955,1,N,76345,name+dob,Bob Carney,76345,via-S1-bridge
carnero01,Rodney Carney,1984-04-15,NBA,2007,2011,7,N,200760,DOB-conflict,Rodney Carney,200760,via-S1-bridge
carpebo01,Bob Carpenter,1917-11-06,NBA,1950,1951,4,N,76346,name+dob,Bob Carpenter,76346,via-S1-bridge
carran01,Antoine Carr,1961-07-23,NBA,1985,2000,18,N,156,name+dob,Antoine Carr,156,via-S1-bridge
carrau01,Austin Carr,1948-03-10,NBA,1972,1981,12,N,76348,name+dob,Austin Carr,76348,via-S1-bridge
carrch01,Chris Carr,1974-03-12,NBA,1996,2001,10,N,713,name+dob,Chris Carr,713,via-S1-bridge
carrco01,Cory Carr,1975-12-05,NBA,1999,1999,1,N,1757,name+dob,Cory Carr,1757,via-S1-bridge
carribo01,Bob Carrington,1953-07-03,NBA,1978,1980,4,N,76352,name+dob,Bob Carrington,76352,via-S1-bridge
carrica01,Bub Carrington,2005-07-21,NBA,2025,2026,2,N,,no-S1-match,,1642267,name-+dob
carrke01,Kenny Carr,1955-08-15,NBA,1978,1987,14,N,76350,name+dob,Kenny Carr,76350,via-S1-bridge
carrml01,M.L. Carr,1951-01-09,ABA|NBA,1976,1985,9,N,76351,name+dob,M.L. Carr,76351,via-S1-bridge
carrode01,DeMarre Carroll,1986-07-27,NBA,2010,2020,17,N,201960,name+dob,DeMarre Carroll,201960,via-S1-bridge
carrojo01,Joe Barry Carroll,1958-07-24,NBA,1981,1991,14,N,76353,name+dob,Joe Barry Carroll,76353,via-S1-bridge
carroma01,Matt Carroll,1980-08-28,NBA,2004,2013,14,N,2679,name+dob,Matt Carroll,2679,via-S1-bridge
carruji01,Jimmy Carruth,1969-11-04,NBA,1997,1997,1,N,1131,name+dob,Jimmy Carruth,1131,via-S1-bridge
cartean01,Anthony Carter,1975-06-16,NBA,2000,2012,15,N,1853,name+dob,Anthony Carter,1853,via-S1-bridge
cartebu01,Butch Carter,1958-06-11,NBA,1981,1986,8,N,76355,name+dob,Butch Carter,76355,via-S1-bridge
cartede02,Devin Carter,2002-03-18,NBA,2025,2026,2,N,,no-S1-match,,1642269,name-+dob
cartefr01,Fred Carter,1945-02-14,NBA,1970,1977,12,N,76356,name+dob,Fred Carter,76356,via-S1-bridge
cartege01,George Carter,1944-01-10,ABA|NBA,1968,1976,1,N,76357,DOB-conflict,George Carter,76357,via-S1-bridge
carteho01,Howard Carter,1961-10-26,NBA,1984,1985,2,N,76358,name+dob,Howard Carter,76358,via-S1-bridge
carteja01,Jake Carter,1924-07-25,NBA,1950,1950,3,N,76359,name+dob,Jake Carter,76359,via-S1-bridge
carteje01,Jevon Carter,1995-09-14,NBA,2019,2026,12,N,1628975,name+dob,Jevon Carter,1628975,via-S1-bridge
cartema01,Maurice Carter,1976-10-12,NBA,2004,2004,3,N,2466,name+dob,Maurice Carter,2466,via-S1-bridge
cartemi01,Michael Carter-Williams,1991-10-10,NBA,2014,2023,13,N,203487,name+dob,Michael Carter-Williams,203487,via-S1-bridge
cartere01,Reggie Carter,1957-10-10,NBA,1981,1982,2,N,76360,name+dob,Reggie Carter,76360,via-S1-bridge
cartero01,Ron Carter,1956-08-31,NBA,1979,1980,2,N,76361,name+dob,Ron Carter,76361,via-S1-bridge
cartevi01,Vince Carter,1977-01-26,NBA,1999,2020,26,N,1713,name+dob,Vince Carter,1713,via-S1-bridge
cartewe01,Wendell Carter Jr.,1999-04-16,NBA,2019,2026,10,N,1628976,name+dob,Wendell Carter Jr.,1628976,via-S1-bridge
cartodj01,D.J. Carton,2000-08-05,NBA,2024,2025,2,N,,no-S1-match,,1630618,name-+dob
cartwbi01,Bill Cartwright,1957-07-30,NBA,1980,1995,15,N,76362,name+dob,Bill Cartwright,76362,via-S1-bridge
cartyja01,Jay Carty,1941-07-04,NBA,1969,1969,1,N,76363,name+dob,Jay Carty,76363,via-S1-bridge
carusal01,Alex Caruso,1994-02-28,NBA,2018,2026,9,N,1627936,name+dob,Alex Caruso,1627936,via-S1-bridge
cashco01,Cornelius Cash,1952-03-03,NBA,1977,1977,1,N,76364,name+dob,Cornelius Cash,76364,via-S1-bridge
cassesa01,Sam Cassell,1969-11-18,NBA,1994,2008,22,N,208,name+dob,Sam Cassell,208,via-S1-bridge
casspom01,Omri Casspi,1988-06-22,NBA,2010,2019,13,N,201956,name+dob,Omri Casspi,201956,via-S1-bridge
castlco01,Colin Castleton,2000-05-25,NBA,2024,2026,6,N,,no-S1-match,,1630658,name-+dob
castlst01,Stephon Castle,2004-11-01,NBA,2025,2026,2,N,,no-S1-match,,1642264,name-+dob
catchha01,Harvey Catchings,1951-09-02,NBA,1975,1985,13,N,76365,name+dob,Harvey Catchings,76365,via-S1-bridge
catlesi01,Sid Catlett,1948-04-18,NBA,1972,1972,1,N,76367,name+dob,Sid Catlett,76367,via-S1-bridge
catlete01,Terry Catledge,1963-08-22,NBA,1986,1993,8,N,767,name+dob,Terry Catledge,767,via-S1-bridge
catoke01,Kelvin Cato,1974-08-26,NBA,1998,2007,12,N,1509,name+dob,Kelvin Cato,1509,via-S1-bridge
cattabo01,Bobby Cattage,1958-08-17,NBA,1982,1986,2,N,76368,name+dob,Bobby Cattage,76368,via-S1-bridge
caulewi01,Willie Cauley-Stein,1993-08-18,NBA,2016,2022,11,N,1626161,name+dob,Willie Cauley-Stein,1626161,via-S1-bridge
caupatr01,Troy Caupain,1995-11-29,NBA,2019,2019,1,N,1628505,name+dob,Troy Caupain,1628505,via-S1-bridge
causwdu01,Duane Causwell,1968-05-31,NBA,1991,2001,11,N,190,name+dob,Duane Causwell,190,via-S1-bridge
cavanty01,Tyler Cavanaugh,1994-02-09,NBA,2018,2019,2,N,1628463,name+dob,Tyler Cavanaugh,1628463,via-S1-bridge
cavenro01,Ron Cavenall,1959-04-30,NBA,1985,1989,2,N,76370,name+dob,Ron Cavenall,76370,via-S1-bridge
caverah01,Ahmad Caver,1996-09-12,NBA,2022,2022,1,N,1629958,name+dob,Ahmad Caver,1629958,via-S1-bridge
cazalma01,Malcolm Cazalon,2001-08-27,NBA,2024,2024,1,N,,no-S1-match,,1630608,name-+dob
cebalce01,Cedric Ceballos,1969-08-02,NBA,1991,2001,17,N,76,name+dob,Cedric Ceballos,76,via-S1-bridge
celesjo01,John Celestand,1977-03-06,NBA,2000,2000,1,N,1911,name+dob,John Celestand,1911,via-S1-bridge
cervial01,Al Cervi,1917-02-12,NBA,1950,1953,4,N,76373,name+dob,Al Cervi,76373,via-S1-bridge
chalmli01,Lionel Chalmers,1980-11-10,NBA,2005,2005,1,N,2763,name+dob,Lionel Chalmers,2763,via-S1-bridge
chalmma01,Mario Chalmers,1986-05-19,NBA,2009,2018,11,N,201596,name+dob,Mario Chalmers,201596,via-S1-bridge
chambbi01,Bill Chamberlain,1949-12-16,ABA|NBA,1973,1974,1,N,76374,name+dob,Bill Chamberlain,76374,via-S1-bridge
chambje01,Jerry Chambers,1943-07-18,ABA|NBA,1967,1974,4,N,76376,name+dob,Jerry Chambers,76376,via-S1-bridge
chambto01,Tom Chambers,1959-06-21,NBA,1982,1998,16,N,1472,name+dob,Tom Chambers,1472,via-S1-bridge
chambwi01,Wilt Chamberlain,1936-08-21,NBA,1960,1973,16,N,76375,name+dob,Wilt Chamberlain,76375,via-S1-bridge
champju01,Justin Champagnie,2001-06-29,NBA,2022,2026,7,N,1630551,name+dob,Justin Champagnie,1630551,via-S1-bridge
champju02,Julian Champagnie,2001-06-29,NBA,2023,2026,6,N,1630577,name+dob,Julian Champagnie,1630577,via-S1-bridge
champmi01,Mike Champion,1964-04-05,NBA,1989,1989,1,N,76378,name+dob,Mike Champion,76378,via-S1-bridge
chandke01,Kennedy Chandler,2002-09-16,NBA,2023,2026,2,N,1631113,name+dob,Kennedy Chandler,1631113,via-S1-bridge
chandty01,Tyson Chandler,1982-10-02,NBA,2002,2020,21,N,2199,name+dob,Tyson Chandler,2199,via-S1-bridge
chandwi01,Wilson Chandler,1987-05-10,NBA,2008,2020,16,N,201163,name+dob,Wilson Chandler,201163,via-S1-bridge
chanedo01,Don Chaney,1946-03-22,ABA|NBA,1969,1980,13,N,76379,name+dob,Don Chaney,76379,via-S1-bridge
chanejo01,John Chaney,1920-02-29,NBA,1950,1950,3,N,76380,name+dob,John Chaney,76380,via-S1-bridge
chapmre01,Rex Chapman,1967-10-05,NBA,1989,2000,14,N,364,name+dob,Rex Chapman,364,via-S1-bridge
chapple01,Len Chappell,1941-01-31,ABA|NBA,1963,1972,17,N,76382,name+dob,Len Chappell,76382,via-S1-bridge
charlke01,Ken Charles,1951-07-10,NBA,1974,1978,5,N,76383,name+dob,Ken Charles,76383,via-S1-bridge
charllo01,Lorenzo Charles,1963-11-25,NBA,1986,1986,1,N,76384,name+dob,Lorenzo Charles,76384,via-S1-bridge
chealjo01,Joe Chealey,1995-11-01,NBA,2019,2020,2,N,1629147,name+dob,Joe Chealey,1629147,via-S1-bridge
cheanca01,Calbert Cheaney,1971-07-17,NBA,1994,2006,13,N,384,name+dob,Calbert Cheaney,384,via-S1-bridge
cheatzy01,Zylan Cheatham,1995-11-17,NBA,2020,2022,2,N,1629597,name+dob,Zylan Cheatham,1629597,via-S1-bridge
cheekma01,Maurice Cheeks,1956-09-08,NBA,1979,1993,17,N,76385,name+dob,Maurice Cheeks,76385,via-S1-bridge
cheniph01,Phil Chenier,1950-10-30,NBA,1972,1981,12,N,76386,name+dob,Phil Chenier,76386,via-S1-bridge
cherrwi01,Will Cherry,1991-02-08,NBA,2015,2015,1,N,203805,name+dob,Will Cherry,203805,via-S1-bridge
chievde01,Derrick Chievous,1967-07-03,NBA,1989,1991,5,N,76387,name+dob,Derrick Chievous,76387,via-S1-bridge
chilcpe01,Pete Chilcutt,1968-09-14,NBA,1992,2000,14,N,432,name+dob,Pete Chilcutt,432,via-S1-bridge
childch01,Chris Childs,1967-11-20,NBA,1995,2003,11,N,164,name+dob,Chris Childs,164,via-S1-bridge
childjo01,Josh Childress,1983-06-20,NBA,2005,2014,8,N,2735,name+dob,Josh Childress,2735,via-S1-bridge
childra01,Randolph Childress,1972-09-21,NBA,1996,1997,4,N,719,name+dob,Randolph Childress,719,via-S1-bridge
chiozch01,Chris Chiozza,1995-11-21,NBA,2019,2022,6,N,1629185,name+dob,Chris Chiozza,1629185,via-S1-bridge
chollle01,Leroy Chollet,1925-03-05,NBA,1950,1951,2,N,76391,name+dob,Leroy Chollet,76391,via-S1-bridge
chomcul01,Ulrich Chomche,2005-12-30,NBA,2025,2025,1,N,,no-S1-match,,1642279,name-+dob
choneji01,Jim Chones,1949-11-30,ABA|NBA,1973,1982,8,N,76392,name+dob,Jim Chones,76392,via-S1-bridge
chrisbo01,Bob Christian,1944-05-11,ABA|NBA,1970,1974,4,N,76395,name+dob,Bob Christian,76395,via-S1-bridge
chrisca01,Cal Christensen,1927-06-06,NBA,1951,1955,5,N,76394,DOB-conflict,Cal Christensen,76394,via-S1-bridge
chrisca02,Cam Christie,2005-07-24,NBA,2025,2026,2,N,,no-S1-match,,1642353,name-+dob
chrisdi01,Dionte Christmas,1986-09-15,NBA,2014,2014,1,N,202091,name+dob,Dionte Christmas,202091,via-S1-bridge
chrisdo01,Doug Christie,1970-05-09,NBA,1993,2007,19,N,57,name+dob,Doug Christie,57,via-S1-bridge
chrisfr01,Fred Christ,1930-08-06,NBA,1955,1955,1,N,76393,name+dob,Fred Christ,76393,via-S1-bridge
chrisjo01,Josh Christopher,2001-12-08,NBA,2022,2025,3,N,1630528,name+dob,Josh Christopher,1630528,via-S1-bridge
chrisma01,Marquese Chriss,1997-07-02,NBA,2017,2022,8,N,1627737,name+dob,Marquese Chriss,1627737,via-S1-bridge
chrisma02,Max Christie,2003-02-10,NBA,2023,2026,6,N,1631108,name+dob,Max Christie,1631108,via-S1-bridge
chrispa01,Patrick Christopher,1988-06-03,NBA,2015,2015,1,N,203565,name+dob,Patrick Christopher,203565,via-S1-bridge
chrisra01,Rakeem Christmas,1991-12-01,NBA,2016,2017,2,N,1626176,name+dob,Rakeem Christmas,1626176,via-S1-bridge
chrisse01,Semaj Christon,1992-11-01,NBA,2017,2017,1,N,203902,name+dob,Semaj Christon,203902,via-S1-bridge
churcro01,Robert Churchwell,1972-02-20,NBA,1996,1996,1,N,928,name+dob,Robert Churchwell,928,via-S1-bridge
cissemo01,Moussa Cisse,2002-09-10,NBA,2026,2026,1,N,,no-S1-match,,1630619,name-+dob
cissosi01,Sidy Cissoko,2004-04-02,NBA,2024,2026,5,N,,no-S1-match,,1631321,name-+dob
clarkar01,Archie Clark,1941-07-15,NBA,1967,1976,12,N,76397,name+dob,Archie Clark,76397,via-S1-bridge
clarkbr01,Brandon Clarke,1996-09-19,NBA,2020,2026,7,N,1629634,name+dob,Brandon Clarke,1629634,via-S1-bridge
clarkca01,Carlos Clark,1960-08-10,NBA,1984,1985,2,N,76398,name+dob,Carlos Clark,76398,via-S1-bridge
clarkco01,Coty Clarke,1992-07-04,NBA,2016,2016,1,N,1626262,name+dob,Coty Clarke,1626262,via-S1-bridge
clarkea01,Earl Clark,1988-01-17,NBA,2010,2015,10,N,201947,name+dob,Earl Clark,201947,via-S1-bridge
clarkga01,Gary Clark,1994-11-16,NBA,2019,2022,9,N,1629109,name+dob,Gary Clark,1629109,via-S1-bridge
clarkia01,Ian Clark,1991-03-07,NBA,2014,2019,8,N,203546,name+dob,Ian Clark,203546,via-S1-bridge
clarkja02,Jaylen Clark,2001-10-13,NBA,2025,2026,2,N,,no-S1-match,,1641740,name-+dob
clarkjo01,Jordan Clarkson,1992-06-07,NBA,2015,2026,16,N,203903,name+dob,Jordan Clarkson,203903,via-S1-bridge
clarkke01,Keon Clark,1975-04-16,NBA,1999,2004,8,N,1721,name+dob,Keon Clark,1721,via-S1-bridge
clavegi01,Gian Clavell,1993-11-26,NBA,2018,2018,1,N,1628492,name+dob,Gian Clavell,1628492,via-S1-bridge
clavevi01,Victor Claver,1988-08-30,NBA,2013,2015,3,N,201964,name+dob,Victor Claver,201964,via-S1-bridge
claxtch01,Charles Claxton,1970-12-13,NBA,1996,1996,1,N,1127,name+dob,Charles Claxton,1127,via-S1-bridge
claxtni01,Nic Claxton,1999-04-17,NBA,2020,2026,7,N,1629651,name+dob,Nic Claxton,1629651,via-S1-bridge
claxtsp01,Speedy Claxton,1978-05-08,NBA,2002,2009,9,N,2049,name+dob,Speedy Claxton,2049,via-S1-bridge
claytwa01,Walter Clayton,2003-03-06,NBA,2026,2026,3,N,,no-S1-match,,1642383,name-+dob
cleamji01,Jim Cleamons,1949-09-13,NBA,1972,1980,11,N,76402,name+dob,Jim Cleamons,76402,via-S1-bridge
cleavma01,Mateen Cleaves,1977-09-07,NBA,2001,2006,6,N,2043,name+dob,Mateen Cleaves,2043,via-S1-bridge
clemeba01,Barry Clemens,1943-05-01,NBA,1966,1976,11,N,76403,lastname+dob,John Clemens,76403,via-S1-bridge
clemoch01,Chris Clemons,1997-07-23,NBA,2020,2020,1,N,1629598,name+dob,Chris Clemons,1629598,via-S1-bridge
clevean01,Antonius Cleveland,1994-02-02,NBA,2018,2020,4,N,1628499,name+dob,Antonius Cleveland,1628499,via-S1-bridge
cliffni01,Nique Clifford,2002-02-09,NBA,2026,2026,1,N,,no-S1-match,,1642363,name-+dob
cliftna01,Nat Clifton,1922-10-13,NBA,1951,1958,8,N,76404,name+dob,Nat Clifton,76404,via-S1-bridge
clingdo01,Donovan Clingan,2004-02-23,NBA,2025,2026,2,N,,no-S1-match,,1642270,name-+dob
clossbi01,Bill Closs,1922-01-08,NBA,1950,1952,3,N,76406,name+dob,Bill Closs,76406,via-S1-bridge
closske01,Keith Closs,1976-04-03,NBA,1998,2000,3,N,1569,name+dob,Keith Closs,1569,via-S1-bridge
clownno01,Noah Clowney,2004-07-14,NBA,2024,2026,3,N,,no-S1-match,,1641730,name-+dob
cloydpa01,Paul Cloyd,1920-06-13,NBA,1950,1950,3,N,76407,name+dob,Paul Cloyd,76407,via-S1-bridge
cluggbo01,Bob Cluggish,1917-09-18,BAA,1947,1947,1,N,76408,lastname+dob,Marion Cluggish,76408,via-S1-bridge
clydebe01,Ben Clyde,1952-06-10,NBA,1975,1975,1,N,76409,DOB-conflict,Ben Clyde,76409,via-S1-bridge
coffeam01,Amir Coffey,1997-06-17,NBA,2020,2026,9,N,1629599,name+dob,Amir Coffey,1629599,via-S1-bridge
cofferi01,Richard Coffey,1965-09-02,NBA,1991,1991,1,N,76410,name+dob,Richard Coffey,76410,via-S1-bridge
cofiefr01,Fred Cofield,1962-01-04,NBA,1986,1987,2,N,76411,name+dob,Fred Cofield,76411,via-S1-bridge
cokerjo01,John Coker,1971-10-28,NBA,1996,2001,3,N,715,name+dob,John Coker,715,via-S1-bridge
colembe01,Ben Coleman,1961-11-14,NBA,1987,1994,7,N,76412,name+dob,Ben Coleman,76412,via-S1-bridge
colemde01,Derrick Coleman,1967-06-21,NBA,1991,2005,15,N,934,name+dob,Derrick Coleman,934,via-S1-bridge
colemec01,E.C. Coleman,1950-09-25,NBA,1974,1979,6,N,76413,name+dob,E.C. Coleman,76413,via-S1-bridge
colemja01,Jack Coleman,1924-05-23,NBA,1950,1958,11,N,76414,name+dob,Jack Coleman,76414,via-S1-bridge
colemno01,Norris Coleman,1961-09-27,NBA,1988,1988,1,N,76415,name+dob,Norris Coleman,76415,via-S1-bridge
coleno01,Norris Cole,1988-10-13,NBA,2012,2017,8,N,202708,name+dob,Norris Cole,202708,via-S1-bridge
colesbi01,Bimbo Coles,1968-04-22,NBA,1991,2004,18,N,902,name+dob,Bimbo Coles,902,via-S1-bridge
colliar01,Art Collins,1954-04-14,NBA,1981,1981,1,N,76416,name+dob,Art Collins,76416,via-S1-bridge
collida01,Darren Collison,1987-08-23,NBA,2010,2022,11,N,201954,name+dob,Darren Collison,201954,via-S1-bridge
collido01,Doug Collins,1951-07-28,NBA,1974,1981,8,N,76421,name+dob,Doug Collins,76421,via-S1-bridge
collido02,Don Collins,1958-11-28,NBA,1981,1987,8,N,76418,name+dob,Don Collins,76418,via-S1-bridge
colliis01,Isaiah Collier,2004-10-08,NBA,2025,2026,2,N,,no-S1-match,,1642268,name-+dob
collija01,James Collins,1973-11-05,NBA,1998,1998,1,N,1530,name+dob,James Collins,1530,via-S1-bridge
collija02,Jason Collier,1977-09-08,NBA,2001,2005,5,N,2044,name+dob,Jason Collier,2044,via-S1-bridge
collija03,Jarron Collins,1978-12-02,NBA,2002,2011,12,N,2260,name+dob,Jarron Collins,2260,via-S1-bridge
collija04,Jason Collins,1978-12-02,NBA,2002,2014,17,N,2215,name+dob,Jason Collins,2215,via-S1-bridge
colliji01,Jimmy Collins,1946-11-24,NBA,1971,1972,2,N,76419,name+dob,Jimmy Collins,76419,via-S1-bridge
collijo01,John Collins,1997-09-23,NBA,2018,2026,9,N,1628381,name+dob,John Collins,1628381,via-S1-bridge
colliky01,Kyle Collinsworth,1991-10-03,NBA,2018,2018,1,N,1627858,name+dob,Kyle Collinsworth,1627858,via-S1-bridge
collima01,Mardy Collins,1984-08-04,NBA,2007,2010,6,N,200776,name+dob,Mardy Collins,200776,via-S1-bridge
collini01,Nick Collison,1980-10-26,NBA,2005,2018,14,N,2555,name+dob,Nick Collison,2555,via-S1-bridge
collish01,Sherron Collins,1987-03-18,NBA,2011,2011,1,N,202395,name+dob,Sherron Collins,202395,via-S1-bridge
colliyu01,Yuri Collins,2001-03-07,NBA,2025,2025,1,N,,no-S1-match,,1641879,name-+dob
colliza01,Zach Collins,1997-11-19,NBA,2018,2026,10,N,1628380,name+dob,Zach Collins,1628380,via-S1-bridge
colonjo01,Joe Colone,1924-01-23,BAA,1949,1949,1,N,76422,DOB-conflict,Joe Colone,76422,via-S1-bridge
colsobo01,Bonzie Colson,1996-01-12,NBA,2019,2019,1,N,1629045,name+dob,Bonzie Colson,1629045,via-S1-bridge
colsose01,Sean Colson,1975-07-01,NBA,2001,2001,3,N,2173,name+dob,Sean Colson,2173,via-S1-bridge
coltest01,Steve Colter,1962-07-24,NBA,1985,1995,12,N,306,name+dob,Steve Colter,306,via-S1-bridge
comanch01,Chance Comanche,1996-04-14,NBA,2023,2023,1,N,1628435,name+dob,,1628435,via-S1-bridge
combsle01,Leroy Combs,1961-01-01,NBA,1984,1984,1,N,76425,name+dob,Leroy Combs,76425,via-S1-bridge
comegda01,Dallas Comegys,1964-08-17,NBA,1988,1989,2,N,76426,name+dob,Dallas Comegys,76426,via-S1-bridge
comlela01,Larry Comley,1939-08-17,NBA,1964,1964,1,N,76427,name+dob,Larry Comley,76427,via-S1-bridge
conlege01,Gene Conley,1930-11-10,NBA,1953,1964,6,N,76428,name+dob,Gene Conley,76428,via-S1-bridge
conlemi01,Mike Conley,1987-10-11,NBA,2008,2026,21,N,201144,name+dob,Mike Conley,201144,via-S1-bridge
conlied01,Ed Conlin,1933-09-02,NBA,1956,1962,9,N,76429,name+dob,Ed Conlin,76429,via-S1-bridge
conloma01,Marty Conlon,1968-01-19,NBA,1992,2000,11,N,55,name+dob,Marty Conlon,55,via-S1-bridge
connapa01,Pat Connaughton,1993-01-06,NBA,2016,2026,11,N,1626192,name+dob,Pat Connaughton,1626192,via-S1-bridge
connele01,Lester Conner,1959-09-17,NBA,1983,1995,14,N,76431,name+dob,Lester Conner,76431,via-S1-bridge
connoch01,Chuck Connors,1921-04-10,BAA,1947,1948,2,N,76432,name+dob,Chuck Connors,76432,via-S1-bridge
conrowi01,Will Conroy,1982-12-08,NBA,2007,2013,5,N,101215,name+dob,Will Conroy,101215,via-S1-bridge
cookan01,Anthony Cook,1967-03-19,NBA,1991,1996,6,N,76433,name+dob,Anthony Cook,76433,via-S1-bridge
cookbe01,Bert Cook,1929-04-26,NBA,1955,1955,1,N,76434,name+dob,Bert Cook,76434,via-S1-bridge
cookbo01,Bobby Cook,1923-04-01,NBA,1950,1950,1,N,76438,name+dob,Bobby Cook,76438,via-S1-bridge
cookbr01,Brian Cook,1980-12-04,NBA,2004,2012,15,N,2567,name+dob,Brian Cook,2567,via-S1-bridge
cookda01,Darwin Cook,1958-08-06,NBA,1981,1989,10,N,76435,name+dob,Darwin Cook,76435,via-S1-bridge
cookda02,Daequan Cook,1987-04-28,NBA,2008,2013,8,N,201161,name+dob,Daequan Cook,201161,via-S1-bridge
cookech01,Charles Cooke,1994-07-01,NBA,2018,2018,1,N,1628429,name+dob,Charles Cooke,1628429,via-S1-bridge
cookeda01,David Cooke,1963-09-27,NBA,1986,1986,1,N,76439,name+dob,David Cooke,76439,via-S1-bridge
cookeja01,Javonte Cooke,1999-07-11,NBA,2026,2026,1,N,,no-S1-match,,,
cookejo01,Joe Cooke,1948-08-14,NBA,1971,1971,1,N,76440,name+dob,Joe Cooke,76440,via-S1-bridge
cookje01,Jeff Cook,1956-10-21,NBA,1980,1988,14,N,76436,name+dob,Jeff Cook,76436,via-S1-bridge
cookno01,Norm Cook,1955-03-21,NBA,1977,1978,2,N,76437,name+dob,Norm Cook,76437,via-S1-bridge
cookom01,Omar Cook,1982-01-28,NBA,2004,2005,2,N,2241,name+dob,Omar Cook,2241,via-S1-bridge
cookqu01,Quinn Cook,1993-03-23,NBA,2017,2021,9,N,1626188,name+dob,Quinn Cook,1626188,via-S1-bridge
cooksxa01,Xavier Cooks,1995-08-19,NBA,2023,2023,1,N,1641645,name+dob,Xavier Cooks,1641645,via-S1-bridge
cookty01,Tyler Cook,1997-09-23,NBA,2020,2022,7,N,1629076,name+dob,Tyler Cook,1629076,via-S1-bridge
cooleja01,Jack Cooley,1991-04-12,NBA,2015,2018,2,N,204022,name+dob,Jack Cooley,204022,via-S1-bridge
coopech01,Chuck Cooper,1926-09-29,NBA,1951,1956,8,N,76442,name+dob,Chuck Cooper,76442,via-S1-bridge
coopedu01,Duane Cooper,1969-06-25,NBA,1993,1994,2,N,1030,name+dob,Duane Cooper,1030,via-S1-bridge
coopejo01,Joe Cooper,1957-09-01,NBA,1982,1985,6,N,76443,name+dob,Joe Cooper,76443,via-S1-bridge
coopemi01,Michael Cooper,1956-04-15,NBA,1979,1990,12,N,76444,name+dob,Michael Cooper,76444,via-S1-bridge
coopesh01,Sharife Cooper,2001-06-11,NBA,2022,2026,2,N,1630536,name+dob,Sharife Cooper,1630536,via-S1-bridge
coopewa01,Wayne Cooper,1956-11-16,NBA,1979,1992,14,N,76441,name+dob,Wayne Cooper,76441,via-S1-bridge
copato01,Tom Copa,1964-10-30,NBA,1992,1992,1,N,76446,name+dob,Tom Copa,76446,via-S1-bridge
copelch01,Chris Copeland,1984-03-17,NBA,2013,2016,4,N,203142,name+dob,Chris Copeland,203142,via-S1-bridge
copelho01,Hollis Copeland,1955-12-20,NBA,1980,1982,2,N,76447,name+dob,Hollis Copeland,76447,via-S1-bridge
copella01,Lanard Copeland,1965-07-16,NBA,1990,1992,2,N,76448,name+dob,Lanard Copeland,76448,via-S1-bridge
corbity01,Tyrone Corbin,1962-12-31,NBA,1986,2001,24,N,895,name+dob,Tyrone Corbin,895,via-S1-bridge
corchch01,Chris Corchiani,1968-03-28,NBA,1992,1994,5,N,76450,name+dob,Chris Corchiani,76450,via-S1-bridge
corleke01,Ken Corley,1920-05-10,BAA,1947,1947,1,N,76451,DOB-conflict,Ken Corley,76451,via-S1-bridge
corlera01,Ray Corley,1928-01-14,NBA,1950,1953,5,N,76452,DOB-conflict,Ray Corley,76452,via-S1-bridge
cornepe01,Petr Cornelie,1995-07-26,NBA,2022,2022,1,N,1627822,name+dob,Petr Cornelie,1627822,via-S1-bridge
corzida01,Dave Corzine,1956-04-25,NBA,1979,1991,13,N,76453,name+dob,Dave Corzine,76453,via-S1-bridge
costela01,Larry Costello,1931-07-02,NBA,1955,1968,12,N,76454,name+dob,Larry Costello,76454,via-S1-bridge
costema01,Matt Costello,1993-08-05,NBA,2018,2018,1,N,1627856,name+dob,Matt Costello,1627856,via-S1-bridge
cottobr01,Bryce Cotton,1992-08-11,NBA,2015,2016,4,N,203955,name+dob,Bryce Cotton,203955,via-S1-bridge
cottoja01,Jack Cotton,1924-10-25,NBA,1950,1950,1,N,76456,DOB-conflict,Jack Cotton,76456,via-S1-bridge
cottoja02,James Cotton,1975-12-14,NBA,1998,1999,2,N,1526,name+dob,James Cotton,1526,via-S1-bridge
coughjo01,John Coughran,1951-09-12,NBA,1980,1980,1,N,76457,name+dob,John Coughran,76457,via-S1-bridge
coulibi01,Bilal Coulibaly,2004-07-26,NBA,2024,2026,3,N,,no-S1-match,,1641731,name-+dob
councri01,Ricky Council IV,2001-08-03,NBA,2024,2025,2,N,,no-S1-match,,1641741,name-+dob
countme01,Mel Counts,1941-10-16,NBA,1965,1976,16,N,76458,name+dob,Mel Counts,76458,via-S1-bridge
courtjo01,Joe Courtney,1969-10-17,NBA,1993,1997,10,N,1432,name+dob,Joe Courtney,1432,via-S1-bridge
courtst01,Steve Courtin,1942-09-21,NBA,1965,1965,1,N,76459,name+dob,Steve Courtin,76459,via-S1-bridge
couside01,DeMarcus Cousins,1990-08-13,NBA,2011,2022,17,N,202326,name+dob,DeMarcus Cousins,202326,via-S1-bridge
cousima01,Marcus Cousin,1986-12-18,NBA,2011,2011,1,N,202408,name+dob,Marcus Cousin,202408,via-S1-bridge
cousybo01,Bob Cousy,1928-08-09,NBA,1951,1970,14,N,600003,name+dob,Bob Cousy,600003,via-S1-bridge
covinro01,Robert Covington,1990-12-14,NBA,2014,2024,19,N,203496,name+dob,Robert Covington,203496,via-S1-bridge
cowarce01,Cedric Coward,2003-09-11,NBA,2026,2026,1,N,,no-S1-match,,1642907,name-+dob
cowenda01,Dave Cowens,1948-10-25,NBA,1971,1983,11,N,76462,name+dob,Dave Cowens,76462,via-S1-bridge
coxch01,Chubby Cox,1955-12-29,NBA,1983,1983,1,N,76463,lastname+dob,John Cox,76463,via-S1-bridge
coxjo01,Johnny Cox,1936-11-01,NBA,1963,1963,1,N,76464,name+dob,Johnny Cox,76464,via-S1-bridge
coxwe01,Wesley Cox,1955-01-27,NBA,1978,1979,2,N,76465,name+dob,Wesley Cox,76465,via-S1-bridge
crabbal01,Allen Crabbe,1992-04-09,NBA,2014,2020,9,N,203459,name+dob,Allen Crabbe,203459,via-S1-bridge
craigto01,Torrey Craig,1990-12-19,NBA,2018,2025,14,N,1628470,name+dob,Torrey Craig,1628470,via-S1-bridge
crawfch01,Chris Crawford,1975-05-13,NBA,1998,2004,7,N,1544,name+dob,Chris Crawford,1544,via-S1-bridge
crawffr01,Freddie Crawford,1941-12-23,NBA,1967,1971,9,N,76466,DOB-conflict,Freddie Crawford,76466,via-S1-bridge
crawfis01,Isaiah Crawford,2001-11-01,NBA,2025,2026,2,N,,no-S1-match,,1642384,name-+dob
crawfja01,Jamal Crawford,1980-03-20,NBA,2001,2020,22,N,2037,name+dob,Jamal Crawford,2037,via-S1-bridge
crawfjo01,Joe Crawford,1986-06-17,NBA,2009,2009,1,N,201621,name+dob,Joe Crawford,201621,via-S1-bridge
crawfjo02,Jordan Crawford,1988-10-23,NBA,2011,2018,12,N,202348,name+dob,Jordan Crawford,202348,via-S1-bridge
creekmi01,Mitch Creek,1992-04-27,NBA,2019,2019,3,N,1628249,lastname+dob,Mitchell Creek,1628249,via-S1-bridge
creigji01,Jim Creighton,1950-04-18,NBA,1976,1976,1,N,76468,name+dob,Jim Creighton,76468,via-S1-bridge
creviro01,Ron Crevier,1958-04-14,NBA,1986,1986,3,N,76469,DOB-conflict,Ron Crevier,76469,via-S1-bridge
crislha01,Hal Crisler,1923-12-31,BAA,1947,1947,1,N,76470,name+dob,Hal Crisler,76470,via-S1-bridge
crispjo01,Joe Crispin,1979-07-18,NBA,2002,2002,3,N,2343,name+dob,Joe Crispin,2343,via-S1-bridge
crissch01,Charlie Criss,1948-11-06,NBA,1978,1985,12,N,76471,name+dob,Charlie Criss,76471,via-S1-bridge
critewi01,Winston Crite,1965-06-20,NBA,1988,1989,2,N,76472,name+dob,Winston Crite,76472,via-S1-bridge
crittja01,Javaris Crittenton,1987-12-31,NBA,2008,2009,6,N,201159,name+dob,Javaris Crittenton,201159,via-S1-bridge
crockdi01,Dillard Crocker,1925-01-19,BAA|NBA,1949,1953,6,N,76473,name+dob,Dillard Crocker,76473,via-S1-bridge
crompge01,Geoff Crompton,1955-07-04,NBA,1979,1984,5,N,76474,lastname+dob,Jeffrey Crompton,76474,via-S1-bridge
crosbte01,Terry Crosby,1957-01-04,NBA,1980,1980,1,N,76475,name+dob,Terry Crosby,76475,via-S1-bridge
croshau01,Austin Croshere,1975-05-01,NBA,1998,2009,14,N,1506,name+dob,Austin Croshere,1506,via-S1-bridge
crossch01,Chink Crossin,1923-07-04,BAA|NBA,1948,1950,3,N,,no-S1-match,,,
crossje01,Jeff Cross,1961-09-01,NBA,1986,1986,1,N,76476,name+dob,Jeff Cross,76476,via-S1-bridge
crosspe01,Pete Cross,1948-03-28,NBA,1971,1973,5,N,76477,name+dob,Pete Cross,76477,via-S1-bridge
crossru01,Russell Cross,1961-09-05,NBA,1984,1984,1,N,76478,name+dob,Russell Cross,76478,via-S1-bridge
crottjo01,John Crotty,1969-07-15,NBA,1993,2003,13,N,180,name+dob,John Crotty,180,via-S1-bridge
crowdco01,Corey Crowder,1969-04-13,NBA,1992,1995,2,N,76482,name+dob,Corey Crowder,76482,via-S1-bridge
crowdja01,Jae Crowder,1990-07-06,NBA,2013,2025,19,N,203109,name+dob,Jae Crowder,203109,via-S1-bridge
crowma01,Mark Crow,1954-10-22,NBA,1978,1978,1,N,76481,name+dob,Mark Crow,76481,via-S1-bridge
crutcja01,Jalen Crutcher,1999-07-18,NBA,2024,2024,1,N,,no-S1-match,,1630622,name-+dob
cryerlj01,LJ Cryer,2001-10-09,NBA,2026,2026,1,N,,no-S1-match,,1643018,name-+dob
cuiyo01,Cui Yongxi,2003-05-28,NBA,2025,2025,1,N,,no-S1-match,,1642385,name-+dob
culveja01,Jarrett Culver,1999-02-20,NBA,2020,2023,4,N,1629633,name+dob,Jarrett Culver,1629633,via-S1-bridge
cumbeja01,Jarron Cumberland,1997-09-22,NBA,2022,2022,1,N,1629600,name+dob,Jarron Cumberland,1629600,via-S1-bridge
cummipa01,Pat Cummings,1956-07-11,NBA,1980,1991,12,N,76483,name+dob,Pat Cummings,76483,via-S1-bridge
cummite01,Terry Cummings,1961-03-15,NBA,1983,2000,20,N,187,name+dob,Terry Cummings,187,via-S1-bridge
cummivo01,Vonteego Cummings,1976-02-29,NBA,2000,2002,3,N,1907,name+dob,Vonteego Cummings,1907,via-S1-bridge
cunnibi01,Billy Cunningham,1943-06-03,ABA|NBA,1966,1976,9,N,76487,name+dob,Billy Cunningham,76487,via-S1-bridge
cunnica01,Cade Cunningham,2001-09-25,NBA,2022,2026,5,N,1630595,name+dob,Cade Cunningham,1630595,via-S1-bridge
cunnida01,Dante Cunningham,1987-04-22,NBA,2010,2019,14,N,201967,name+dob,Dante Cunningham,201967,via-S1-bridge
cunnidi01,Dick Cunningham,1946-07-11,NBA,1969,1975,7,N,76485,name+dob,Dick Cunningham,76485,via-S1-bridge
cunnija01,Jared Cunningham,1991-05-22,NBA,2013,2016,8,N,203099,name+dob,Jared Cunningham,203099,via-S1-bridge
cunniwi01,William Cunningham,1974-03-25,NBA,1998,1999,6,N,1061,name+dob,William Cunningham,1061,via-S1-bridge
curcira01,Radisav Ćurčić,1965-09-26,NBA,1993,1993,1,N,76488,name+dob,Radisav Curcic,76488,via-S1-bridge
curear01,Armand Cure,1919-08-01,BAA,1947,1947,1,N,76489,name+dob,Armand Cure,76489,via-S1-bridge
curetea01,Earl Cureton,1957-09-03,NBA,1981,1997,14,N,940,name+dob,Earl Cureton,940,via-S1-bridge
curlebi01,Bill Curley,1972-05-29,NBA,1995,2001,9,N,223,name+dob,Bill Curley,223,via-S1-bridge
currafr01,Fran Curran,1922-09-09,BAA|NBA,1949,1950,2,N,76492,DOB-conflict,Fran Curran,76492,via-S1-bridge
curryde01,Dell Curry,1964-06-25,NBA,1987,2002,16,N,209,name+dob,Dell Curry,209,via-S1-bridge
curryed01,Eddy Curry,1982-12-05,NBA,2002,2013,11,N,2201,name+dob,Eddy Curry,2201,via-S1-bridge
curryja01,JamesOn Curry,1986-01-07,NBA,2010,2010,1,N,201191,name+dob,JamesOn Curry,201191,via-S1-bridge
currymi01,Michael Curry,1968-08-22,NBA,1994,2005,13,N,688,name+dob,Michael Curry,688,via-S1-bridge
curryse01,Seth Curry,1990-08-23,NBA,2014,2026,18,N,203552,name+dob,Seth Curry,203552,via-S1-bridge
curryst01,Stephen Curry,1988-03-14,NBA,2010,2026,17,N,201939,name+dob,Stephen Curry,201939,via-S1-bridge
cvetkra01,Rastko Cvetković,1970-06-22,NBA,1996,1996,1,N,687,name+dob,Rastko Cvetkovic,687,via-S1-bridge
dadiepa01,Pacôme Dadiet,2005-07-27,NBA,2025,2026,2,N,,no-S1-match,,1642359,name-+dob
dahleed01,Ed Dahler,1926-01-31,NBA,1952,1952,1,N,76496,name+dob,Ed Dahler,76496,via-S1-bridge
dailequ01,Quintin Dailey,1961-01-22,NBA,1983,1992,10,N,76497,name+dob,Quintin Dailey,76497,via-S1-bridge
dalemsa01,Samuel Dalembert,1981-05-10,NBA,2002,2015,13,N,2223,DOB-conflict,Samuel Dalembert,2223,via-S1-bridge
dallmho01,Howie Dallmar,1922-05-24,BAA,1947,1949,3,N,76498,name+dob,Howie Dallmar,76498,via-S1-bridge
dampier01,Erick Dampier,1975-07-14,NBA,1997,2012,16,N,956,name+dob,Erick Dampier,956,via-S1-bridge
dampilo01,Louie Dampier,1944-11-20,ABA|NBA,1968,1979,3,N,76499,lastname+dob,Lou Dampier,76499,via-S1-bridge
dandrbo01,Bob Dandridge,1947-11-15,NBA,1970,1982,13,N,76500,name+dob,Bob Dandridge,76500,via-S1-bridge
daniean01,Antonio Daniels,1975-03-19,NBA,1998,2011,15,N,1498,name+dob,Antonio Daniels,1498,via-S1-bridge
daniedy01,Dyson Daniels,2003-03-17,NBA,2023,2026,4,N,1630700,name+dob,Dyson Daniels,1630700,via-S1-bridge
danieer01,Erik Daniels,1982-04-01,NBA,2005,2005,1,N,2845,name+dob,Erik Daniels,2845,via-S1-bridge
daniell01,Lloyd Daniels,1967-09-04,NBA,1993,1998,9,N,1380,name+dob,Lloyd Daniels,1380,via-S1-bridge
daniema01,Marquis Daniels,1981-01-07,NBA,2004,2013,10,N,2605,name+dob,Marquis Daniels,2605,via-S1-bridge
danieme01,Mel Daniels,1944-07-20,ABA|NBA,1968,1977,1,N,76502,name+dob,Mel Daniels,76502,via-S1-bridge
danietr01,Troy Daniels,1991-07-15,NBA,2014,2020,12,N,203584,name+dob,Troy Daniels,203584,via-S1-bridge
danilsa01,Sasha Danilović,1970-02-26,NBA,1996,1997,4,N,390,name+dob,Sasha Danilovic,390,via-S1-bridge
dantlad01,Adrian Dantley,1955-02-28,NBA,1977,1991,19,N,76504,DOB-conflict,Adrian Dantley,76504,via-S1-bridge
dantomi01,Mike D'Antoni,1951-05-08,ABA|NBA,1974,1977,4,N,76505,name+dob,Mike D'Antoni,76505,via-S1-bridge
darcepe01,Pete Darcey,1930-03-03,NBA,1953,1953,1,N,76506,lastname+dob,Henry Darcey,76506,via-S1-bridge
dardeji01,Jimmy Darden,1922-06-19,NBA,1950,1950,1,N,76507,name+dob,Jimmy Darden,76507,via-S1-bridge
dareyi01,Yinka Dare,1972-10-10,NBA,1995,1998,4,N,212,name+dob,Yinka Dare,212,via-S1-bridge
darkje01,Jesse Dark,1951-09-02,NBA,1975,1975,1,N,76509,name+dob,Jesse Dark,76509,via-S1-bridge
darlina01,Nate Darling,1998-08-30,NBA,2021,2021,1,N,1630268,name+dob,Nate Darling,1630268,via-S1-bridge
darroji01,Jimmy Darrow,1937-09-25,NBA,1962,1962,1,N,76511,name+dob,Jimmy Darrow,76511,via-S1-bridge
dasiltr01,Tristan Da Silva,2001-05-15,NBA,2025,2026,2,N,,no-S1-match,,1641783,name-+dob
datomlu01,Gigi Datome,1987-11-27,NBA,2014,2015,4,N,203540,name+dob,Gigi Datome,203540,via-S1-bridge
daughbr01,Brad Daugherty,1965-10-19,NBA,1987,1994,8,N,921,name+dob,Brad Daugherty,921,via-S1-bridge
davidje01,Jermareo Davidson,1984-11-15,NBA,2008,2009,2,N,201176,name+dob,Jermareo Davidson,201176,via-S1-bridge
davidko01,Kornél Dávid,1971-10-22,NBA,1999,2001,7,N,1600,name+dob,Kornel David,1600,via-S1-bridge
daviebo01,Bob Davies,1920-01-15,BAA|NBA,1949,1955,7,N,76514,name+dob,Bob Davies,76514,via-S1-bridge
daviebr01,Brandon Davies,1991-07-25,NBA,2014,2015,4,N,203561,name+dob,Brandon Davies,203561,via-S1-bridge
davisan01,Antonio Davis,1968-10-31,NBA,1994,2006,17,N,213,name+dob,Antonio Davis,213,via-S1-bridge
davisan02,Anthony Davis,1993-03-11,NBA,2013,2026,16,N,203076,name+dob,Anthony Davis,203076,via-S1-bridge
davisau01,Aubrey Davis,1921-03-28,BAA,1947,1947,1,N,76515,name+dob,Aubrey Davis,76515,via-S1-bridge
davisba01,Baron Davis,1979-04-13,NBA,2000,2012,17,N,1884,name+dob,Baron Davis,1884,via-S1-bridge
davisbe01,Ben Davis,1972-12-26,NBA,1997,2000,4,N,989,name+dob,Ben Davis,989,via-S1-bridge
davisbi01,Bill Davis,1920-10-03,BAA,1947,1947,1,N,76538,DOB-conflict,Bill Davis,76538,via-S1-bridge
davisbo01,Bob Davis,1950-04-02,NBA,1973,1973,1,N,76533,name+dob,Bob Davis,76533,via-S1-bridge
davisbr01,Brad Davis,1955-12-17,NBA,1978,1992,19,N,76516,name+dob,Brad Davis,76516,via-S1-bridge
davisbr02,Brian Davis,1970-06-21,NBA,1994,1994,1,N,76517,name+dob,Brian Davis,76517,via-S1-bridge
davisch01,Charlie Davis,1949-09-07,NBA,1972,1974,5,N,76519,name+dob,Charlie Davis,76519,via-S1-bridge
davisch02,Charles Davis,1958-10-05,NBA,1982,1990,12,N,76518,lastname+dob,Charlie Davis,76518,via-S1-bridge
davisda01,Dale Davis,1969-03-25,NBA,1992,2007,18,N,905,name+dob,Dale Davis,905,via-S1-bridge
davisde01,Deyonta Davis,1996-12-02,NBA,2017,2019,3,N,1627738,name+dob,Deyonta Davis,1627738,via-S1-bridge
davisdw01,Dwight Davis,1949-10-28,NBA,1973,1977,5,N,76521,initial-surname+dob-window,Double D Davis,76521,via-S1-bridge
davised01,Ed Davis,1989-06-05,NBA,2011,2022,14,N,202334,name+dob,Ed Davis,202334,via-S1-bridge
davisem01,Emanual Davis,1968-08-27,NBA,1997,2003,6,N,1023,name+dob,Emanual Davis,1023,via-S1-bridge
davisgl01,Glen Davis,1986-01-01,NBA,2008,2015,10,N,201175,name+dob,Glen Davis,201175,via-S1-bridge
davisha01,Harry Davis,1956-01-27,NBA,1979,1980,2,N,76523,name+dob,Harry Davis,76523,via-S1-bridge
davishu01,Hubert Davis,1970-05-17,NBA,1993,2004,16,N,93,name+dob,Hubert Davis,93,via-S1-bridge
davisjd01,JD Davison,2002-10-03,NBA,2023,2026,4,N,1631120,name+dob,JD Davison,1631120,via-S1-bridge
davisji01,Jim Davis,1941-12-18,NBA,1968,1975,11,N,76525,name+dob,Jim Davis,76525,via-S1-bridge
davisjo01,Johnny Davis,1955-10-21,NBA,1977,1986,12,N,76526,name+dob,Johnny Davis,76526,via-S1-bridge
davisjo02,Josh Davis,1980-08-10,NBA,2004,2012,7,N,2668,name+dob,Josh Davis,2668,via-S1-bridge
davisjo06,Johnny Davis,2002-02-27,NBA,2023,2025,3,N,1631098,name+dob,Johnny Davis,1631098,via-S1-bridge
davisma01,Mark Davis,1963-06-08,NBA,1989,1989,3,N,76528,name+dob,Mark Davis,76528,via-S1-bridge
davisma02,Mark Davis,1973-04-26,NBA,1996,2000,5,N,707,name+dob,Mark Davis,707,via-S1-bridge
davisme01,Mel Davis,1950-11-09,NBA,1974,1977,6,N,76529,name+dob,Mel Davis,76529,via-S1-bridge
davismi01,Mike Davis,1946-07-26,ABA|NBA,1970,1973,4,N,76531,name+dob,Mike Davis,76531,via-S1-bridge
davismi02,Mickey Davis,1950-06-16,ABA|NBA,1972,1977,5,N,76522,lastname+dob,Edward Davis,76522,via-S1-bridge
davismi03,Mike Davis,1956-08-02,NBA,1983,1983,1,N,76530,lastname+dob,Michael Davis,76530,via-S1-bridge
davismo01,Monti Davis,1958-07-26,NBA,1981,1981,3,N,76520,name+dob,Monti Davis,76520,via-S1-bridge
davispa01,Paul Davis,1984-07-21,NBA,2007,2010,4,N,200781,name+dob,Paul Davis,200781,via-S1-bridge
davisra01,Ralph Davis,1938-09-07,NBA,1961,1962,2,N,76532,name+dob,Ralph Davis,76532,via-S1-bridge
davisre01,Red Davis,1932-04-22,NBA,1956,1956,1,N,76524,lastname+dob,James Davis,76524,via-S1-bridge
davisri01,Ricky Davis,1979-09-23,NBA,1999,2010,16,N,1729,name+dob,Ricky Davis,1729,via-S1-bridge
davisro01,Ron Davis,1954-05-01,NBA,1977,1982,3,N,76534,name+dob,Ron Davis,76534,via-S1-bridge
daviste01,Terry Davis,1967-06-17,NBA,1990,2001,10,N,426,name+dob,Terry Davis,426,via-S1-bridge
daviste02,Terence Davis,1997-05-16,NBA,2020,2025,7,N,1629056,name+dob,Terence Davis,1629056,via-S1-bridge
davisty01,Tyler Davis,1997-05-22,NBA,2019,2019,1,N,1629093,name+dob,Tyler Davis,1629093,via-S1-bridge
daviswa01,Walt Davis,1931-01-05,NBA,1954,1958,7,N,76536,name+dob,Walt Davis,76536,via-S1-bridge
daviswa03,Walter Davis,1954-09-09,NBA,1978,1992,17,N,1453,name+dob,Walter Davis,1453,via-S1-bridge
dawkian01,Andre Dawkins,1991-09-19,NBA,2015,2015,1,N,203958,name+dob,Andre Dawkins,203958,via-S1-bridge
dawkida01,Darryl Dawkins,1957-01-11,NBA,1976,1989,16,N,76539,name+dob,Darryl Dawkins,76539,via-S1-bridge
dawkijo01,Johnny Dawkins,1963-09-28,NBA,1987,1995,9,N,1008,name+dob,Johnny Dawkins,1008,via-S1-bridge
dawkipa01,Paul Dawkins,1957-06-10,NBA,1980,1980,1,N,76541,name+dob,Paul Dawkins,76541,via-S1-bridge
dawsobr01,Branden Dawson,1993-02-01,NBA,2016,2016,1,N,1626183,name+dob,Branden Dawson,1626183,via-S1-bridge
dawsoer01,Eric Dawson,1984-07-07,NBA,2012,2012,1,N,201286,name+dob,Eric Dawson,201286,via-S1-bridge
dawsoto01,Tony Dawson,1967-08-25,NBA,1991,1995,2,N,76542,name+dob,Tony Dawson,76542,via-S1-bridge
dayeau01,Austin Daye,1988-06-05,NBA,2010,2015,12,N,201948,name+dob,Austin Daye,201948,via-S1-bridge
dayeda01,Darren Daye,1960-11-30,NBA,1984,1988,7,N,76543,name+dob,Darren Daye,76543,via-S1-bridge
daysda01,Darius Days,1999-10-20,NBA,2023,2023,1,N,1630620,name+dob,Darius Days,1630620,via-S1-bridge
dayto01,Todd Day,1970-01-07,NBA,1993,2001,10,N,103,name+dob,Todd Day,103,via-S1-bridge
deanegr01,Greg Deane,1957-12-06,NBA,1980,1980,1,N,76544,name+dob,Greg Deane,76544,via-S1-bridge
debusda01,Dave DeBusschere,1940-10-16,NBA,1963,1974,14,N,76545,name+dob,Dave DeBusschere,76545,via-S1-bridge
deckga01,Gabriel Deck,1995-02-08,NBA,2021,2022,2,N,1630466,name+dob,Gabriel Deck,1630466,via-S1-bridge
declean01,Andrew DeClercq,1973-02-01,NBA,1996,2005,12,N,692,name+dob,Andrew DeClercq,692,via-S1-bridge
decolna01,Nando De Colo,1987-06-23,NBA,2013,2014,4,N,201986,name+dob,Nando De Colo,201986,via-S1-bridge
dedmode01,Dewayne Dedmon,1989-08-12,NBA,2014,2023,17,N,203473,name+dob,Dewayne Dedmon,203473,via-S1-bridge
deesar01,Archie Dees,1936-02-22,NBA,1959,1962,6,N,76546,name+dob,Archie Dees,76546,via-S1-bridge
deherte01,Terry Dehere,1971-09-12,NBA,1994,1999,8,N,143,name+dob,Terry Dehere,143,via-S1-bridge
dehnere01,Red Dehnert,1924-01-24,BAA,1947,1947,1,N,76548,DOB-conflict,Red Dehnert,76548,via-S1-bridge
dejeabr01,Bryce Dejean-Jones,1992-08-21,NBA,2016,2016,1,N,1626214,name+dob,Bryce Dejean-Jones,1626214,via-S1-bridge
dekkesa01,Sam Dekker,1994-05-06,NBA,2016,2022,7,N,1626155,name+dob,Sam Dekker,1626155,via-S1-bridge
delanma01,Malcolm Delaney,1989-03-11,NBA,2017,2018,2,N,1627098,name+dob,Malcolm Delaney,1627098,via-S1-bridge
delauja01,Javin DeLaurier,1998-04-07,NBA,2022,2022,1,N,1629602,name+dob,Javin DeLaurier,1629602,via-S1-bridge
delebi01,Bison Dele,1969-04-06,NBA,1992,1999,8,N,183,name+dob,Bison Dele,183,via-S1-bridge
delfica01,Carlos Delfino,1982-08-29,NBA,2005,2013,8,N,2568,name+dob,Carlos Delfino,2568,via-S1-bridge
delgaan01,Ángel Delgado,1994-11-20,NBA,2019,2019,1,N,1629116,name+dob,Angel Delgado,1629116,via-S1-bridge
delkto01,Tony Delk,1974-01-28,NBA,1997,2006,16,N,960,name+dob,Tony Delk,960,via-S1-bridge
dellama01,Matthew Dellavedova,1990-09-08,NBA,2014,2023,11,N,203521,name+dob,Matthew Dellavedova,203521,via-S1-bridge
delnevi01,Vinny Del Negro,1966-08-09,NBA,1989,2002,14,N,219,name+dob,Vinny Del Negro,219,via-S1-bridge
delonna01,Nate DeLong,1926-01-05,NBA,1952,1952,1,N,76551,name+dob,Nate DeLong,76551,via-S1-bridge
dembofe01,Fennis Dembo,1966-01-24,NBA,1989,1989,1,N,76552,name+dob,Fennis Dembo,76552,via-S1-bridge
demicla01,Larry Demic,1957-06-27,NBA,1980,1982,3,N,76553,name+dob,Larry Demic,76553,via-S1-bridge
demineg01,Egor Dёmin,2006-03-03,NBA,2026,2026,1,N,,no-S1-match,,,
dempsde01,Dell Demps,1970-02-12,NBA,1994,1997,3,N,725,name+dob,Dell Demps,725,via-S1-bridge
dempsge01,George Dempsey,1929-07-19,NBA,1955,1959,7,N,76555,name+dob,George Dempsey,76555,via-S1-bridge
denglu01,Luol Deng,1985-04-16,NBA,2005,2019,17,N,2736,name+dob,Luol Deng,2736,via-S1-bridge
dennake01,Kenny Dennard,1958-10-18,NBA,1982,1984,3,N,76556,name+dob,Kenny Dennard,76556,via-S1-bridge
dennibl01,Blaine Denning,1930-09-19,NBA,1953,1953,1,N,76557,name+dob,Blaine Denning,76557,via-S1-bridge
dennide01,Dexter Dennis,1999-02-09,NBA,2024,2024,1,N,,no-S1-match,,1641926,name-+dob
dennira01,RayJ Dennis,2001-03-30,NBA,2025,2026,5,N,,no-S1-match,,1642484,name-+dob
dentmju01,Justin Dentmon,1985-09-05,NBA,2012,2013,4,N,202458,name+dob,Justin Dentmon,202458,via-S1-bridge
dentora01,Randy Denton,1949-02-18,ABA|NBA,1972,1977,1,N,76558,name+dob,Randy Denton,76558,via-S1-bridge
derliro01,Rod Derline,1952-03-11,NBA,1975,1976,2,N,76559,name+dob,Rod Derline,76559,via-S1-bridge
derozde01,DeMar DeRozan,1989-08-07,NBA,2010,2026,17,N,201942,name+dob,DeMar DeRozan,201942,via-S1-bridge
derrima01,Marcus Derrickson,1996-02-01,NBA,2019,2019,1,N,1629094,name+dob,Marcus Derrickson,1629094,via-S1-bridge
deutsda01,Dave Deutsch,1945-05-13,NBA,1967,1967,1,N,76560,name+dob,Dave Deutsch,76560,via-S1-bridge
devlico01,Corky Devlin,1931-12-21,NBA,1956,1958,3,N,76561,lastname+dob,Walter Devlin,76561,via-S1-bridge
dezonha01,Hank DeZonie,1922-02-12,NBA,1951,1951,1,N,76562,name+dob,Hank DeZonie,76562,via-S1-bridge
diabamo01,Moussa Diabaté,2002-01-21,NBA,2023,2026,4,N,1631217,name+dob,Moussa Diabate,1631217,via-S1-bridge
diakima01,Mamadi Diakite,1997-01-21,NBA,2021,2024,6,N,1629603,name+dob,Mamadi Diakite,1629603,via-S1-bridge
dialde01,Derrick Dial,1975-12-20,NBA,2000,2004,6,N,1760,name+dob,Derrick Dial,1760,via-S1-bridge
diallch01,Cheick Diallo,1996-09-13,NBA,2017,2022,5,N,1627767,name+dob,Cheick Diallo,1627767,via-S1-bridge
diallha01,Hamidou Diallo,1998-07-31,NBA,2019,2024,8,N,1628977,name+dob,Hamidou Diallo,1628977,via-S1-bridge
diawamo01,Mohamed Diawara,2005-04-29,NBA,2026,2026,1,N,,no-S1-match,,1642885,name-+dob
diawaya01,Yakhouba Diawara,1982-08-29,NBA,2007,2010,4,N,200821,name+dob,Yakhouba Diawara,200821,via-S1-bridge
diawbo01,Boris Diaw,1982-04-16,NBA,2004,2017,18,N,2564,name+dob,Boris Diaw,2564,via-S1-bridge
diazgu01,Guillermo Díaz,1985-03-04,NBA,2008,2008,1,N,200799,name+dob,Guillermo Diaz,200799,via-S1-bridge
dickada01,Dan Dickau,1978-09-16,NBA,2003,2008,10,N,2424,name+dob,Dan Dickau,2424,via-S1-bridge
dickede01,Derrek Dickey,1951-03-20,NBA,1974,1978,7,N,76564,name+dob,Derrek Dickey,76564,via-S1-bridge
dickedi01,Dick Dickey,1926-10-26,NBA,1952,1952,1,N,76565,name+dob,Dick Dickey,76565,via-S1-bridge
dickehe01,Henry Dickerson,1951-11-27,NBA,1976,1977,2,N,76563,name+dob,Henry Dickerson,76563,via-S1-bridge
dickeka01,Kaniel Dickens,1978-07-21,NBA,2004,2008,3,N,2079,name+dob,Kaniel Dickens,2079,via-S1-bridge
dickemi01,Michael Dickerson,1975-06-25,NBA,1999,2003,5,N,1722,name+dob,Michael Dickerson,1722,via-S1-bridge
dickgr01,Gradey Dick,2003-11-20,NBA,2024,2026,3,N,,no-S1-match,,1641711,name-+dob
dickihu01,Hunter Dickinson,2000-11-25,NBA,2026,2026,1,N,,no-S1-match,,1630621,name-+dob
dienetr01,Travis Diener,1982-03-01,NBA,2006,2010,7,N,101143,name+dob,Travis Diener,101143,via-S1-bridge
dienggo01,Gorgui Dieng,1990-01-18,NBA,2014,2023,14,N,203476,name+dob,Gorgui Dieng,203476,via-S1-bridge
diengou01,Ousmane Dieng,2003-05-21,NBA,2023,2026,6,N,1631172,name+dob,Ousmane Dieng,1631172,via-S1-bridge
dierkco01,Connie Dierking,1936-10-02,NBA,1959,1971,14,N,76566,name+dob,Connie Dierking,76566,via-S1-bridge
dietrco01,Coby Dietrick,1948-07-23,ABA|NBA,1971,1983,7,N,76567,name+dob,Coby Dietrick,76567,via-S1-bridge
digreer01,Ernie DiGregorio,1951-01-15,NBA,1974,1978,7,N,76568,name+dob,Ernie DiGregorio,76568,via-S1-bridge
dillami01,Mickey Dillard,1958-10-15,NBA,1982,1982,1,N,76569,name+dob,Mickey Dillard,76569,via-S1-bridge
dillebo01,Bob Dille,1917-07-02,BAA,1947,1947,1,N,76570,name+dob,Bob Dille,76570,via-S1-bridge
dilliro01,Rob Dillingham,2005-01-04,NBA,2025,2026,4,N,,no-S1-match,,1642265,name-+dob
dilloho01,Hook Dillon,1924-01-08,NBA,1950,1950,1,N,76571,lastname+dob,John Dillon,76571,via-S1-bridge
dinkiby01,Byron Dinkins,1967-06-15,NBA,1990,1991,4,N,76574,name+dob,Byron Dinkins,76574,via-S1-bridge
dinkija01,Jackie Dinkins,1950-01-22,NBA,1972,1972,1,N,76575,name+dob,Jackie Dinkins,76575,via-S1-bridge
dinwibi01,Bill Dinwiddie,1943-07-15,NBA,1968,1972,4,N,76576,name+dob,Bill Dinwiddie,76576,via-S1-bridge
dinwisp01,Spencer Dinwiddie,1993-04-06,NBA,2015,2025,17,N,203915,name+dob,Spencer Dinwiddie,203915,via-S1-bridge
dioguik01,Ike Diogu,1983-09-11,NBA,2006,2012,10,N,101113,name+dob,Ike Diogu,101113,via-S1-bridge
diopde01,DeSagana Diop,1982-01-30,NBA,2002,2013,16,N,2205,name+dob,DeSagana Diop,2205,via-S1-bridge
dischte01,Terry Dischinger,1940-11-21,NBA,1963,1973,9,N,76577,name+dob,Terry Dischinger,76577,via-S1-bridge
diutefr01,Fred Diute,1929-01-09,NBA,1955,1955,1,N,76578,name+dob,Fred Diute,76578,via-S1-bridge
divacvl01,Vlade Divac,1968-02-03,NBA,1990,2005,16,N,124,name+dob,Vlade Divac,124,via-S1-bridge
divindo01,Donte DiVincenzo,1997-01-31,NBA,2019,2026,10,N,1628978,name+dob,Donte DiVincenzo,1628978,via-S1-bridge
dixonju01,Juan Dixon,1978-10-09,NBA,2003,2009,11,N,2413,name+dob,Juan Dixon,2413,via-S1-bridge
djordal01,Aleksandar Djordjevic,1967-08-26,NBA,1997,1997,1,N,1059,name+dob,Aleksandar Djordjevic,1059,via-S1-bridge
doddea01,Earl Dodd,1924-11-01,NBA,1950,1950,1,N,76580,name+dob,Earl Dodd,76580,via-S1-bridge
doleami01,Michael Doleac,1977-06-15,NBA,1999,2008,12,N,1720,name+dob,Michael Doleac,1720,via-S1-bridge
dolhojo01,Joe Dolhon,1927-07-09,NBA,1950,1951,2,N,76581,name+dob,Joe Dolhon,76581,via-S1-bridge
dollbo01,Bob Doll,1919-08-10,BAA|NBA,1947,1950,4,N,76582,name+dob,Bob Doll,76582,via-S1-bridge
donalja01,James Donaldson,1957-08-16,NBA,1981,1995,18,N,76583,name+dob,James Donaldson,76583,via-S1-bridge
doncilu01,Luka Dončić,1999-02-28,NBA,2019,2026,10,N,1629029,name+dob,Luka Doncic,1629029,via-S1-bridge
donhabo01,Bob Donham,1926-10-11,NBA,1951,1954,4,N,76584,name+dob,Bob Donham,76584,via-S1-bridge
donovbi01,Billy Donovan,1965-05-30,NBA,1988,1988,1,N,76586,name+dob,Billy Donovan,76586,via-S1-bridge
donovha01,Harry Donovan,1926-09-10,NBA,1950,1950,1,N,76585,name+dob,Harry Donovan,76585,via-S1-bridge
doolike01,Keyon Dooling,1980-05-08,NBA,2001,2013,13,N,2039,name+dob,Keyon Dooling,2039,via-S1-bridge
dorseja01,Jacky Dorsey,1954-12-18,NBA,1978,1981,5,N,76587,name+dob,Jacky Dorsey,76587,via-S1-bridge
dorsejo01,Joey Dorsey,1983-12-16,NBA,2009,2015,6,N,201595,name+dob,Joey Dorsey,201595,via-S1-bridge
dorsety01,Tyler Dorsey,1996-02-18,NBA,2018,2023,5,N,1628416,name+dob,Tyler Dorsey,1628416,via-S1-bridge
dortlu01,Luguentz Dort,1999-04-19,NBA,2020,2026,7,N,1629652,name+dob,Luguentz Dort,1629652,via-S1-bridge
dosunay01,Ayo Dosunmu,2000-01-17,NBA,2022,2026,7,N,1630245,name+dob,Ayo Dosunmu,1630245,via-S1-bridge
dotsoda01,Damyean Dotson,1994-05-06,NBA,2018,2022,5,N,1628422,name+dob,Damyean Dotson,1628422,via-S1-bridge
dotsode01,Devon Dotson,1999-08-02,NBA,2021,2023,3,N,1629653,name+dob,Devon Dotson,1629653,via-S1-bridge
doubyqu01,Quincy Douby,1984-05-16,NBA,2007,2009,5,N,200763,name+dob,Quincy Douby,200763,via-S1-bridge
douglbr01,Bruce Douglas,1964-04-09,NBA,1987,1987,1,N,76588,name+dob,Bruce Douglas,76588,via-S1-bridge
douglch01,Chris Douglas-Roberts,1987-01-08,NBA,2009,2015,6,N,201604,name+dob,Chris Douglas-Roberts,201604,via-S1-bridge
dougljo01,John Douglas,1956-06-12,NBA,1982,1983,2,N,76589,name+dob,John Douglas,76589,via-S1-bridge
douglle01,Leon Douglas,1954-08-26,NBA,1977,1983,7,N,76590,name+dob,Leon Douglas,76590,via-S1-bridge
douglsh01,Sherman Douglas,1966-09-15,NBA,1990,2001,16,N,428,name+dob,Sherman Douglas,428,via-S1-bridge
douglto01,Toney Douglas,1986-03-16,NBA,2010,2017,12,N,201962,name+dob,Toney Douglas,201962,via-S1-bridge
doumbse01,Sekou Doumbouya,2000-12-23,NBA,2020,2022,3,N,1629635,name+dob,Sekou Doumbouya,1629635,via-S1-bridge
doveso01,Sonny Dove,1945-08-16,ABA|NBA,1968,1972,2,N,76592,lastname+dob,Lloyd Dove,76592,via-S1-bridge
dowdeza01,Zabian Dowdell,1984-09-10,NBA,2011,2011,1,N,202220,name+dob,Zabian Dowdell,202220,via-S1-bridge
downebi01,Bill Downey,1923-11-11,BAA,1948,1948,1,N,76593,name+dob,Bill Downey,76593,via-S1-bridge
downist01,Steve Downing,1950-09-09,NBA,1974,1975,2,N,76594,name+dob,Steve Downing,76594,via-S1-bridge
dowtije01,Jeff Dowtin Jr.,1997-05-10,NBA,2022,2025,7,N,1630288,name+dob,Jeff Dowtin Jr.,1630288,via-S1-bridge
doyleda01,Danny Doyle,1940-02-06,NBA,1963,1963,1,N,76595,name+dob,Danny Doyle,76595,via-S1-bridge
doylemi01,Milton Doyle,1993-10-31,NBA,2018,2018,1,N,1628495,name+dob,Milton Doyle,1628495,via-S1-bridge
doziepj01,PJ Dozier,1996-10-25,NBA,2018,2025,7,N,1628408,name+dob,PJ Dozier,1628408,via-S1-bridge
doziete01,Terry Dozier,1966-06-29,NBA,1990,1990,1,N,76596,name+dob,Terry Dozier,76596,via-S1-bridge
dragigo01,Goran Dragić,1986-05-06,NBA,2009,2023,23,N,201609,name+dob,Goran Dragic,201609,via-S1-bridge
dragizo01,Zoran Dragić,1989-06-22,NBA,2015,2015,3,N,204054,name+dob,Zoran Dragic,204054,via-S1-bridge
dreilgr01,Greg Dreiling,1962-11-07,NBA,1987,1997,10,N,1068,DOB-conflict,Greg Dreiling,1068,via-S1-bridge
drellhe01,Henri Drell,2000-04-25,NBA,2024,2024,1,N,,no-S1-match,,1630929,name-+dob
drewbr01,Bryce Drew,1974-09-21,NBA,1999,2004,6,N,1724,name+dob,Bryce Drew,1724,via-S1-bridge
drewjo01,John Drew,1954-09-30,NBA,1975,1985,11,N,76598,name+dob,John Drew,76598,via-S1-bridge
drewla01,Larry Drew,1958-04-02,NBA,1981,1991,10,N,76599,name+dob,Larry Drew,76599,via-S1-bridge
drewla02,Larry Drew II,1990-03-05,NBA,2015,2018,4,N,203580,name+dob,Larry Drew II,203580,via-S1-bridge
drexlcl01,Clyde Drexler,1962-06-22,NBA,1984,1998,17,N,17,name+dob,Clyde Drexler,17,via-S1-bridge
driggna01,Nate Driggers,1973-10-12,NBA,1997,1997,1,N,1041,name+dob,Nate Driggers,1041,via-S1-bridge
driscte01,Terry Driscoll,1947-08-28,ABA|NBA,1971,1975,7,N,76603,name+dob,Terry Driscoll,76603,via-S1-bridge
drobnpr01,Predrag Drobnjak,1975-10-27,NBA,2002,2005,4,N,1542,name+dob,Predrag Drobnjak,1542,via-S1-bridge
drollra01,Ralph Drollinger,1954-04-20,NBA,1981,1981,1,N,76604,name+dob,Ralph Drollinger,76604,via-S1-bridge
drumman01,Andre Drummond,1993-08-10,NBA,2013,2026,20,N,203083,name+dob,Andre Drummond,203083,via-S1-bridge
duartch01,Chris Duarte,1997-06-13,NBA,2022,2025,4,N,1630537,name+dob,Chris Duarte,1630537,via-S1-bridge
ducasal01,Alex Ducas,2000-12-11,NBA,2025,2025,1,N,,no-S1-match,,1642505,name-+dob
duckedi01,Dick Duckett,1933-03-25,NBA,1958,1958,1,N,76605,name+dob,Dick Duckett,76605,via-S1-bridge
duckwke01,Kevin Duckworth,1964-04-01,NBA,1987,1997,13,N,404,name+dob,Kevin Duckworth,404,via-S1-bridge
dudlech01,Charles Dudley,1950-03-05,NBA,1973,1979,6,N,76607,name+dob,Charles Dudley,76607,via-S1-bridge
dudlech02,Chris Dudley,1965-02-22,NBA,1988,2003,18,N,201,name+dob,Chris Dudley,201,via-S1-bridge
dudleja01,Jared Dudley,1985-07-10,NBA,2008,2021,16,N,201162,name+dob,Jared Dudley,201162,via-S1-bridge
duerote01,Terry Duerod,1956-07-29,NBA,1980,1983,6,N,76608,name+dob,Terry Duerod,76608,via-S1-bridge
duffybo01,Bob Duffy,1922-07-05,BAA,1947,1947,3,N,76609,name+dob,Bob Duffy,76609,via-S1-bridge
duffybo02,Bob Duffy,1940-09-26,NBA,1963,1965,6,N,76610,name+dob,Bob Duffy,76610,via-S1-bridge
duhonch01,Chris Duhon,1982-08-31,NBA,2005,2013,9,N,2768,name+dob,Chris Duhon,2768,via-S1-bridge
dukandu01,Duje Dukan,1991-12-04,NBA,2016,2016,1,N,1626251,name+dob,Duje Dukan,1626251,via-S1-bridge
dukeda01,David Duke Jr.,1999-10-13,NBA,2022,2025,4,N,1630561,name+dob,David Duke Jr.,1630561,via-S1-bridge
dukeswa01,Walter Dukes,1930-06-23,NBA,1956,1963,8,N,76611,name+dob,Walter Dukes,76611,via-S1-bridge
dumarjo01,Joe Dumars,1963-05-24,NBA,1986,1999,14,N,247,name+dob,Joe Dumars,247,via-S1-bridge
dumasri02,Richard Dumas,1969-05-19,NBA,1993,1996,3,N,30,name+dob,Richard Dumas,30,via-S1-bridge
dumasto01,Tony Dumas,1972-08-25,NBA,1995,1998,6,N,434,name+dob,Tony Dumas,434,via-S1-bridge
duncaan01,Andy Duncan,1922-04-17,BAA|NBA,1949,1951,3,N,76615,name+dob,Andy Duncan,76615,via-S1-bridge
duncati01,Tim Duncan,1976-04-25,NBA,1998,2016,19,N,1495,name+dob,Tim Duncan,1495,via-S1-bridge
dunlemi01,Mike Dunleavy,1954-03-21,NBA,1977,1990,13,N,76616,name+dob,Mike Dunleavy,76616,via-S1-bridge
dunlemi02,Mike Dunleavy,1980-09-15,NBA,2003,2017,19,N,2399,name+dob,Mike Dunleavy,2399,via-S1-bridge
dunnkr01,Kris Dunn,1994-03-18,NBA,2017,2026,10,N,1627739,name+dob,Kris Dunn,1627739,via-S1-bridge
dunnpa01,Pat Dunn,1931-03-17,NBA,1958,1958,1,N,76617,name+dob,Pat Dunn,76617,via-S1-bridge
dunnry01,Ryan Dunn,2003-01-07,NBA,2025,2026,2,N,,no-S1-match,,1642346,name-+dob
dunntr01,T.R. Dunn,1955-02-01,NBA,1978,1991,14,N,76618,name+dob,T.R. Dunn,76618,via-S1-bridge
duprero01,Ronald Dupree,1981-01-26,NBA,2004,2011,8,N,2648,name+dob,Ronald Dupree,2648,via-S1-bridge
duranke01,Kevin Durant,1988-09-29,NBA,2008,2026,20,N,201142,name+dob,Kevin Durant,201142,via-S1-bridge
durenja01,Jalen Duren,2003-11-18,NBA,2023,2026,4,N,1631105,name+dob,Jalen Duren,1631105,via-S1-bridge
durenjo01,John Duren,1958-10-30,NBA,1981,1983,3,N,76619,name+dob,John Duren,76619,via-S1-bridge
durhapa01,Pat Durham,1967-03-10,NBA,1993,1995,2,N,1090,name+dob,Pat Durham,1090,via-S1-bridge
durrade01,Devin Durrant,1960-10-20,NBA,1985,1986,2,N,76621,name+dob,Devin Durrant,76621,via-S1-bridge
durreke01,Ken Durrett,1948-12-08,NBA,1972,1975,6,N,76622,name+dob,Ken Durrett,76622,via-S1-bridge
duvalde01,Dennis DuVal,1952-03-31,NBA,1975,1976,2,N,76623,name+dob,Dennis DuVal,76623,via-S1-bridge
duvaltr01,Trevon Duval,1998-08-03,NBA,2019,2019,1,N,1628979,name+dob,Trevon Duval,1628979,via-S1-bridge
dwanja01,Jack Dwan,1921-05-03,BAA,1949,1949,1,N,76624,name+dob,Jack Dwan,76624,via-S1-bridge
dykemcr01,Craig Dykema,1959-06-11,NBA,1982,1982,1,N,76625,name+dob,Craig Dykema,76625,via-S1-bridge
dykerge01,Gene Dyker,1930-02-17,NBA,1954,1954,1,N,76626,name+dob,Gene Dyker,76626,via-S1-bridge
dysonje01,Jerome Dyson,1987-05-01,NBA,2012,2012,1,N,202406,name+dob,Jerome Dyson,202406,via-S1-bridge
eacklle01,Ledell Eackles,1966-11-24,NBA,1989,1998,7,N,289,name+dob,Ledell Eackles,289,via-S1-bridge
eakinji01,Jim Eakins,1946-05-24,ABA|NBA,1969,1978,4,N,76628,name+dob,Jim Eakins,76628,via-S1-bridge
earlac01,Acie Earl,1970-06-23,NBA,1994,1997,6,N,768,name+dob,Acie Earl,768,via-S1-bridge
earleed01,Ed Earle,1927-04-28,NBA,1954,1954,1,N,76630,name+dob,Ed Earle,76630,via-S1-bridge
earlycl01,Cleanthony Early,1991-04-17,NBA,2015,2016,2,N,203921,name+dob,Cleanthony Early,203921,via-S1-bridge
easonta01,Tari Eason,2001-05-10,NBA,2023,2026,4,N,1631106,name+dob,Tari Eason,1631106,via-S1-bridge
eatonma01,Mark Eaton,1957-01-24,NBA,1983,1993,11,N,76631,name+dob,Mark Eaton,76631,via-S1-bridge
eavesje01,Jerry Eaves,1959-02-08,NBA,1983,1987,4,N,76632,name+dob,Jerry Eaves,76632,via-S1-bridge
ebankde01,Devin Ebanks,1989-10-28,NBA,2011,2013,3,N,202365,name+dob,Devin Ebanks,202365,via-S1-bridge
ebbenbi01,Bill Ebben,1935-10-07,NBA,1958,1958,1,N,76633,name+dob,Bill Ebben,76633,via-S1-bridge
eberhal01,Al Eberhard,1952-05-10,NBA,1975,1978,4,N,76634,name+dob,Al Eberhard,76634,via-S1-bridge
ebind01,Ndudi Ebi,1984-06-18,NBA,2004,2005,2,N,2569,name+dob,Ndudi Ebi,2569,via-S1-bridge
echenja01,Jaime Echenique,1997-04-27,NBA,2022,2022,1,N,1630693,name+dob,Jaime Echenique,1630693,via-S1-bridge
eddieja01,Jarell Eddie,1991-10-30,NBA,2016,2018,5,N,204067,name+dob,Jarell Eddie,204067,via-S1-bridge
eddiepa01,Patrick Eddie,1967-12-27,NBA,1992,1992,1,N,76635,name+dob,Patrick Eddie,76635,via-S1-bridge
eddledi01,Dike Eddleman,1922-12-27,NBA,1950,1953,6,N,76636,lastname+dob,Thomas Eddleman,76636,via-S1-bridge
edelike01,Kenton Edelin,1962-05-24,NBA,1985,1985,1,N,76637,lastname+dob,Kent Edelin,76637,via-S1-bridge
edeyza01,Zach Edey,2002-05-14,NBA,2025,2026,2,N,,no-S1-match,,1641744,name-+dob
edgecvj01,VJ Edgecombe,2005-07-30,NBA,2026,2026,1,N,,no-S1-match,,1642845,name-+dob
edmonke01,Keith Edmonson,1960-09-28,NBA,1983,1984,4,N,76638,name+dob,Keith Edmonson,76638,via-S1-bridge
edneyty01,Tyus Edney,1973-02-14,NBA,1996,2001,4,N,721,name+dob,Tyus Edney,721,via-S1-bridge
edwaran01,Anthony Edwards,2001-08-05,NBA,2021,2026,6,N,1630162,name+dob,Anthony Edwards,1630162,via-S1-bridge
edwarbi01,Bill Edwards,1971-09-22,NBA,1994,1994,1,N,76646,name+dob,Bill Edwards,76646,via-S1-bridge
edwarbl01,Blue Edwards,1965-10-31,NBA,1990,1999,12,N,898,name+dob,Blue Edwards,898,via-S1-bridge
edwarca01,Carsen Edwards,1998-03-12,NBA,2020,2022,3,N,1629035,name+dob,Carsen Edwards,1629035,via-S1-bridge
edwarco01,Corsley Edwards,1979-03-05,NBA,2005,2005,1,N,2451,name+dob,Corsley Edwards,2451,via-S1-bridge
edwardo01,Doug Edwards,1971-01-21,NBA,1994,1996,3,N,346,name+dob,Doug Edwards,346,via-S1-bridge
edwarfr01,Franklin Edwards,1959-02-02,NBA,1982,1988,7,N,76641,name+dob,Franklin Edwards,76641,via-S1-bridge
edwarja01,James Edwards,1955-11-22,NBA,1978,1996,25,N,229,name+dob,James Edwards,229,via-S1-bridge
edwarja02,Jay Edwards,1969-01-03,NBA,1990,1990,1,N,76643,name+dob,Jay Edwards,76643,via-S1-bridge
edwarje01,Jesse Edwards,2000-03-18,NBA,2025,2025,1,N,,no-S1-match,,1642399,name-+dob
edwarjo01,John Edwards,1981-07-31,NBA,2005,2006,2,N,2823,name+dob,John Edwards,2823,via-S1-bridge
edwarju01,Justin Edwards,2003-12-16,NBA,2025,2026,2,N,,no-S1-match,,1642348,name-+dob
edwarke01,Kevin Edwards,1965-10-30,NBA,1989,2001,13,N,236,name+dob,Kevin Edwards,236,via-S1-bridge
edwarke02,Kessler Edwards,2000-08-09,NBA,2022,2025,6,N,1630556,name+dob,Kessler Edwards,1630556,via-S1-bridge
edwarro01,Rob Edwards,1997-01-20,NBA,2022,2022,1,N,1630306,name+dob,Rob Edwards,1630306,via-S1-bridge
edwarsh01,Shane Edwards,1987-05-31,NBA,2014,2014,1,N,202197,name+dob,Shane Edwards,202197,via-S1-bridge
edwarvi01,Vince Edwards,1996-04-05,NBA,2019,2019,1,N,1629053,lastname+dob,Vincent Edwards,1629053,via-S1-bridge
eganjo01,Johnny Egan,1939-01-31,NBA,1962,1972,17,N,76647,name+dob,Johnny Egan,76647,via-S1-bridge
egglelo01,Lonnie Eggleston,1918-06-08,BAA,1949,1949,1,N,76648,name+dob,Lonnie Eggleston,76648,via-S1-bridge
ehlerbu01,Bulbs Ehlers,1923-03-10,BAA,1948,1949,2,N,76649,lastname+dob,Eddie Ehlers,76649,via-S1-bridge
ehlocr01,Craig Ehlo,1961-08-11,NBA,1984,1997,14,N,378,name+dob,Craig Ehlo,378,via-S1-bridge
eichhdi01,Rich Eichhorst,1933-10-21,NBA,1962,1962,1,N,76651,lastname+dob,Dick Eichhorst,76651,via-S1-bridge
eisleho01,Howard Eisley,1972-12-04,NBA,1995,2006,18,N,458,name+dob,Howard Eisley,458,via-S1-bridge
ekeziob01,Obinna Ekezie,1975-08-22,NBA,2000,2005,6,N,1918,name+dob,Obinna Ekezie,1918,via-S1-bridge
elamikh01,Khalid El-Amin,1979-04-25,NBA,2001,2001,1,N,2064,name+dob,Khalid El-Amin,2064,via-S1-bridge
eliasdo01,Don Eliason,1918-07-24,BAA,1947,1947,1,N,76653,name+dob,Don Eliason,76653,via-S1-bridge
eliema01,Mario Elie,1963-11-26,NBA,1991,2001,13,N,53,name+dob,Mario Elie,53,via-S1-bridge
ellebcj01,CJ Elleby,2000-06-16,NBA,2021,2022,2,N,1629604,name+dob,CJ Elleby,1629604,via-S1-bridge
ellefra01,Ray Ellefson,1922-11-18,BAA|NBA,1949,1951,2,N,76655,name+dob,Ray Ellefson,76655,via-S1-bridge
ellenhe01,Henry Ellenson,1997-01-13,NBA,2017,2021,7,N,1627740,name+dob,Henry Ellenson,1627740,via-S1-bridge
ellinwa01,Wayne Ellington,1987-11-29,NBA,2010,2022,17,N,201961,name+dob,Wayne Ellington,201961,via-S1-bridge
elliobo01,Bob Elliott,1955-08-18,NBA,1979,1981,3,N,76656,name+dob,Bob Elliott,76656,via-S1-bridge
elliose01,Sean Elliott,1968-02-02,NBA,1990,2001,12,N,251,name+dob,Sean Elliott,251,via-S1-bridge
ellisbo01,Boo Ellis,1936-02-11,NBA,1959,1960,2,N,76658,lastname+dob,Alexander Ellis,76658,via-S1-bridge
ellisbo02,Bo Ellis,1954-08-08,NBA,1978,1980,3,N,76664,name+dob,Bo Ellis,76664,via-S1-bridge
ellisda01,Dale Ellis,1960-08-06,NBA,1984,2000,21,N,107,name+dob,Dale Ellis,107,via-S1-bridge
ellisha01,Harold Ellis,1970-10-07,NBA,1994,1998,3,N,1677,name+dob,Harold Ellis,1677,via-S1-bridge
ellisjo01,Joe Ellis,1944-05-03,NBA,1967,1974,8,N,76661,name+dob,Joe Ellis,76661,via-S1-bridge
elliske01,Keon Ellis,2000-01-08,NBA,2023,2026,6,N,1631165,name+dob,Keon Ellis,1631165,via-S1-bridge
ellisla01,LaPhonso Ellis,1970-05-05,NBA,1993,2003,11,N,111,name+dob,LaPhonso Ellis,111,via-S1-bridge
ellisle01,Leroy Ellis,1940-03-10,NBA,1963,1976,16,N,76663,name+dob,Leroy Ellis,76663,via-S1-bridge
ellisle02,LeRon Ellis,1969-04-28,NBA,1992,1996,3,N,1034,name+dob,LeRon Ellis,1034,via-S1-bridge
ellismo01,Monta Ellis,1985-10-26,NBA,2006,2017,14,N,101145,name+dob,Monta Ellis,101145,via-S1-bridge
ellispe01,Pervis Ellison,1967-04-03,NBA,1990,2001,11,N,442,name+dob,Pervis Ellison,442,via-S1-bridge
elmorle01,Len Elmore,1952-03-28,ABA|NBA,1975,1984,8,N,600010,name+dob,Len Elmore,600010,via-S1-bridge
elsonfr01,Francisco Elson,1976-02-28,NBA,2004,2012,13,N,1922,name+dob,Francisco Elson,1922,via-S1-bridge
elstoda01,Darrell Elston,1952-08-15,ABA|NBA,1975,1977,1,N,76667,name+dob,Darrell Elston,76667,via-S1-bridge
elyme01,Melvin Ely,1978-05-02,NBA,2003,2014,11,N,2408,name+dob,Melvin Ely,2408,via-S1-bridge
embiijo01,Joel Embiid,1994-03-16,NBA,2017,2026,10,N,203954,name+dob,Joel Embiid,203954,via-S1-bridge
embrywa01,Wayne Embry,1937-03-26,NBA,1959,1969,11,N,76668,name+dob,Wayne Embry,76668,via-S1-bridge
emmetan01,Andre Emmett,1982-08-27,NBA,2005,2012,2,N,2765,name+dob,Andre Emmett,2765,via-S1-bridge
enarutr01,Tristan Enaruna,2001-06-26,NBA,2026,2026,1,N,,no-S1-match,,1642400,name-+dob
endrene01,Ned Endress,1918-03-02,BAA,1947,1947,1,N,76669,name+dob,Ned Endress,76669,via-S1-bridge
englech01,Chris Engler,1959-03-01,NBA,1983,1988,11,N,76670,name+dob,Chris Engler,76670,via-S1-bridge
englewa01,Wayne Engelstad,1965-12-06,NBA,1989,1989,1,N,,no-S1-match,,,
engliaj01,A.J. English,1967-07-11,NBA,1991,1992,2,N,76672,name+dob,A.J. English,76672,via-S1-bridge
englial01,Alex English,1954-01-05,NBA,1977,1991,17,N,76673,name+dob,Alex English,76673,via-S1-bridge
englicl01,Claude English,1946-12-26,NBA,1971,1971,1,N,76674,name+dob,Claude English,76674,via-S1-bridge
englijo01,Jo Jo English,1970-02-04,NBA,1993,1995,3,N,76676,lastname+dob,Jojo English,76676,via-S1-bridge
engliki01,Kim English,1988-09-24,NBA,2013,2013,1,N,203119,name+dob,Kim English,203119,via-S1-bridge
englisc01,Scott English,1950-10-20,ABA|NBA,1973,1975,1,N,76675,name+dob,Scott English,76675,via-S1-bridge
engluge01,Gene Englund,1917-10-21,NBA,1950,1950,3,N,76677,name+dob,Gene Englund,76677,via-S1-bridge
ennisja01,James Ennis III,1990-07-01,NBA,2015,2022,20,N,203516,name+dob,James Ennis III,203516,via-S1-bridge
ennisty01,Tyler Ennis,1994-08-24,NBA,2015,2018,8,N,203898,name+dob,Tyler Ennis,203898,via-S1-bridge
eppsra01,Ray Epps,1956-08-20,NBA,1979,1979,1,N,76678,name+dob,Ray Epps,76678,via-S1-bridge
erdense01,Semih Erden,1986-07-28,NBA,2011,2012,4,N,201623,name+dob,Semih Erden,201623,via-S1-bridge
eriasbo01,Bo Erias,1932-07-30,NBA,1958,1958,1,N,76679,name+dob,Bo Erias,76679,via-S1-bridge
erickke01,Keith Erickson,1944-04-19,NBA,1966,1977,12,N,76680,name+dob,Keith Erickson,76680,via-S1-bridge
ervinju01,Julius Erving,1950-02-22,ABA|NBA,1972,1987,11,N,76681,name+dob,Julius Erving,76681,via-S1-bridge
eschmev01,Evan Eschmeyer,1975-05-30,NBA,2000,2003,4,N,1915,name+dob,Evan Eschmeyer,1915,via-S1-bridge
eskrija01,Jack Eskridge,1924-01-21,BAA,1949,1949,3,N,76682,name+dob,Jack Eskridge,76682,via-S1-bridge
esposvi01,Vincenzo Esposito,1969-03-01,NBA,1996,1996,1,N,76683,name+dob,Vincenzo Esposito,76683,via-S1-bridge
essenno01,Noa Essengue,2006-12-18,NBA,2026,2026,1,N,,no-S1-match,,1642855,name-+dob
etienty01,Tyson Etienne,1999-09-17,NBA,2025,2026,2,N,,no-S1-match,,1630623,name-+dob
eubandr01,Drew Eubanks,1997-02-01,NBA,2019,2026,12,N,1629234,name+dob,Drew Eubanks,1629234,via-S1-bridge
evansbo01,Bob Evans,1925-05-31,NBA,1950,1950,1,N,76687,name+dob,Bob Evans,76687,via-S1-bridge
evansbr01,Brian Evans,1973-09-13,NBA,1997,1999,7,N,967,name+dob,Brian Evans,967,via-S1-bridge
evansea01,Earl Evans,1955-11-11,NBA,1980,1980,1,N,76685,name+dob,Earl Evans,76685,via-S1-bridge
evansja01,Jawun Evans,1996-07-26,NBA,2018,2019,4,N,1628393,name+dob,Jawun Evans,1628393,via-S1-bridge
evansja02,Jacob Evans,1997-06-18,NBA,2019,2020,4,N,1628980,name+dob,Jacob Evans,1628980,via-S1-bridge
evansje01,Jeremy Evans,1987-10-24,NBA,2011,2018,7,N,202379,name+dob,Jeremy Evans,202379,via-S1-bridge
evansma01,Maurice Evans,1978-11-08,NBA,2002,2012,13,N,2230,name+dob,Maurice Evans,2230,via-S1-bridge
evansmi01,Mike Evans,1955-04-19,NBA,1980,1988,11,N,76686,name+dob,Mike Evans,76686,via-S1-bridge
evansre01,Reggie Evans,1980-05-18,NBA,2003,2015,17,N,2501,name+dob,Reggie Evans,2501,via-S1-bridge
evansty01,Tyreke Evans,1989-09-19,NBA,2010,2019,12,N,201936,name+dob,Tyreke Evans,201936,via-S1-bridge
evbuoto01,Tosan Evbuomwan,2001-02-16,NBA,2024,2026,5,N,,no-S1-match,,1641787,name-+dob
ewingda01,Daniel Ewing,1983-03-26,NBA,2006,2007,2,N,101137,name+dob,Daniel Ewing,101137,via-S1-bridge
ewingpa01,Patrick Ewing,1962-08-05,NBA,1986,2002,17,N,121,name+dob,Patrick Ewing,121,via-S1-bridge
ewingpa02,Patrick Ewing,1984-05-20,NBA,2011,2011,1,N,201607,name+dob,Patrick Ewing,201607,via-S1-bridge
exumda01,Danté Exum,1995-07-13,NBA,2015,2025,10,N,203957,name+dob,Dante Exum,203957,via-S1-bridge
eyengch01,Christian Eyenga,1989-06-22,NBA,2011,2012,4,N,201963,name+dob,Christian Eyenga,201963,via-S1-bridge
ezelife01,Festus Ezeli,1989-10-21,NBA,2013,2016,3,N,203105,name+dob,Festus Ezeli,203105,via-S1-bridge
ezersjo01,Johnny Ezersky,1922-03-21,BAA|NBA,1948,1950,8,N,76689,DOB-conflict,Johnny Ezersky,76689,via-S1-bridge
fabeljo01,Joe Fabel,1917-05-15,BAA,1947,1947,1,N,76690,DOB-conflict,Joe Fabel,76690,via-S1-bridge
faircjo01,John Fairchild,1943-04-28,ABA|NBA,1966,1970,1,N,76691,name+dob,John Fairchild,76691,via-S1-bridge
fallta01,Tacko Fall,1995-12-10,NBA,2020,2022,3,N,1629605,name+dob,Tacko Fall,1629605,via-S1-bridge
farbmph01,Phil Farbman,1924-04-03,BAA,1949,1949,3,N,76692,name+dob,Phil Farbman,76692,via-S1-bridge
farieke01,Kenneth Faried,1989-11-19,NBA,2012,2019,10,N,202702,name+dob,Kenneth Faried,202702,via-S1-bridge
farledi01,Dick Farley,1932-04-13,NBA,1955,1959,3,N,76693,name+dob,Dick Farley,76693,via-S1-bridge
farmajo01,Jordan Farmar,1986-11-30,NBA,2007,2017,10,N,200770,name+dob,Jordan Farmar,200770,via-S1-bridge
farmede01,Desmon Farmer,1981-10-07,NBA,2007,2009,2,N,2824,name+dob,Desmon Farmer,2824,via-S1-bridge
farmeji01,Jim Farmer,1964-09-23,NBA,1988,1994,7,N,76695,name+dob,Jim Farmer,76695,via-S1-bridge
farmemi01,Mike Farmer,1936-09-26,NBA,1959,1966,9,N,76694,name+dob,Mike Farmer,76694,via-S1-bridge
farmeto01,Tony Farmer,1970-01-03,NBA,1998,2000,2,N,1108,name+dob,Tony Farmer,1108,via-S1-bridge
faughbo01,Bob Faught,1921-09-02,BAA,1947,1947,1,N,76696,name+dob,Bob Faught,76696,via-S1-bridge
favervi01,Vítor Luiz Faverani,1988-05-05,NBA,2014,2014,1,N,203543,name+dob,Vitor Faverani,203543,via-S1-bridge
favorde01,Derrick Favors,1991-07-15,NBA,2011,2022,14,N,202324,name+dob,Derrick Favors,202324,via-S1-bridge
fazekni01,Nick Fazekas,1985-06-17,NBA,2008,2008,3,N,201174,name+dob,Nick Fazekas,201174,via-S1-bridge
fearsje01,Jeremiah Fears,2006-10-14,NBA,2026,2026,1,N,,no-S1-match,,1642847,name-+dob
fedorda01,Dave Fedor,1940-12-10,NBA,1963,1963,1,N,76697,name+dob,Dave Fedor,76697,via-S1-bridge
feeribo01,Bob Feerick,1920-01-02,BAA|NBA,1947,1950,4,N,76698,name+dob,Bob Feerick,76698,via-S1-bridge
feherbu01,Butch Feher,1954-05-19,NBA,1977,1977,1,N,76699,name+dob,Butch Feher,76699,via-S1-bridge
feickja01,Jamie Feick,1974-07-03,NBA,1997,2001,9,N,994,name+dob,Jamie Feick,994,via-S1-bridge
feierro01,Ron Feiereisel,1931-08-06,NBA,1956,1956,1,N,76701,name+dob,Ron Feiereisel,76701,via-S1-bridge
feigege01,George Feigenbaum,1928-07-02,NBA,1950,1953,2,N,76702,DOB-conflict,George Feigenbaum,76702,via-S1-bridge
feitlda01,Dave Feitl,1962-06-08,NBA,1987,1992,5,N,76703,name+dob,Dave Feitl,76703,via-S1-bridge
feldeka01,Kay Felder,1995-03-29,NBA,2017,2018,4,N,1627770,name+dob,Kay Felder,1627770,via-S1-bridge
feliccr01,Cristiano Felício,1992-07-07,NBA,2016,2021,6,N,1626245,name+dob,Cristiano Felicio,1626245,via-S1-bridge
felixca01,Carrick Felix,1990-08-17,NBA,2014,2014,1,N,203467,name+dob,Carrick Felix,203467,via-S1-bridge
felixno01,Noel Felix,1981-10-04,NBA,2006,2006,1,N,101230,name+dob,Noel Felix,101230,via-S1-bridge
felixra01,Ray Felix,1930-12-10,NBA,1954,1962,11,N,76704,name+dob,Ray Felix,76704,via-S1-bridge
feltora01,Raymond Felton,1984-06-26,NBA,2006,2019,16,N,101109,name+dob,Raymond Felton,101109,via-S1-bridge
fendlja01,Jake Fendley,1929-06-12,NBA,1952,1953,2,N,76705,name+dob,Jake Fendley,76705,via-S1-bridge
fenlewa01,Warren Fenley,1922-02-08,BAA,1947,1947,1,N,76706,lastname+dob,Bill Fenley,76706,via-S1-bridge
fergude01,Desmond Ferguson,1977-07-22,NBA,2004,2004,1,N,2724,name+dob,Desmond Ferguson,2724,via-S1-bridge
fergute01,Terrance Ferguson,1998-05-17,NBA,2018,2021,4,N,1628390,name+dob,Terrance Ferguson,1628390,via-S1-bridge
fernabr01,Bruno Fernando,1998-08-15,NBA,2020,2025,10,N,1628981,name+dob,Bruno Fernando,1628981,via-S1-bridge
fernaru01,Rudy Fernández,1985-04-04,NBA,2009,2012,4,N,201164,name+dob,Rudy Fernandez,201164,via-S1-bridge
fernser01,Eric Fernsten,1953-11-01,NBA,1976,1984,8,N,76707,name+dob,Eric Fernsten,76707,via-S1-bridge
ferraal01,Al Ferrari,1933-07-06,NBA,1956,1963,6,N,76708,name+dob,Al Ferrari,76708,via-S1-bridge
ferredu01,Duane Ferrell,1965-02-28,NBA,1989,1999,11,N,273,name+dob,Duane Ferrell,273,via-S1-bridge
ferrero01,Rolando Ferreira,1964-05-24,NBA,1989,1989,1,N,76709,name+dob,Rolando Ferreira,76709,via-S1-bridge
ferreyo01,Yogi Ferrell,1993-05-09,NBA,2017,2021,9,N,1627812,name+dob,Yogi Ferrell,1627812,via-S1-bridge
ferriar01,Arnie Ferrin,1925-07-29,BAA|NBA,1949,1951,3,N,76711,name+dob,Arnie Ferrin,76711,via-S1-bridge
ferrybo01,Bob Ferry,1937-05-31,NBA,1960,1969,10,N,76712,name+dob,Bob Ferry,76712,via-S1-bridge
ferryda01,Danny Ferry,1966-10-17,NBA,1991,2003,13,N,198,name+dob,Danny Ferry,198,via-S1-bridge
fesenky01,Kyrylo Fesenko,1986-12-24,NBA,2008,2012,5,N,201178,name+dob,Kyrylo Fesenko,201178,via-S1-bridge
fieldke01,Kenny Fields,1962-02-09,NBA,1985,1988,6,N,76713,name+dob,Kenny Fields,76713,via-S1-bridge
fieldla01,Landry Fields,1988-06-27,NBA,2011,2015,5,N,202361,name+dob,Landry Fields,202361,via-S1-bridge
filipky01,Kyle Filipowski,2003-11-07,NBA,2025,2026,2,N,,no-S1-match,,1642271,name-+dob
filipro01,Ron Filipek,1944-02-05,NBA,1968,1968,1,N,76714,name+dob,Ron Filipek,76714,via-S1-bridge
fillmgr01,Greg Fillmore,1947-03-07,NBA,1971,1972,2,N,76715,name+dob,Greg Fillmore,76715,via-S1-bridge
finkeha01,Hank Finkel,1942-04-20,NBA,1967,1975,9,N,76716,name+dob,Hank Finkel,76716,via-S1-bridge
finlemi01,Michael Finley,1973-03-06,NBA,1996,2010,19,N,714,name+dob,Michael Finley,714,via-S1-bridge
finnda01,Danny Finn,1928-05-29,NBA,1953,1955,3,N,76717,DOB-conflict,Danny Finn,76717,via-S1-bridge
finnedo01,Dorian Finney-Smith,1993-05-04,NBA,2017,2026,14,N,1627827,name+dob,Dorian Finney-Smith,1627827,via-S1-bridge
fishede01,Derek Fisher,1974-08-09,NBA,1997,2014,22,N,965,name+dob,Derek Fisher,965,via-S1-bridge
fishma01,Matt Fish,1969-11-18,NBA,1995,1997,7,N,900,name+dob,Matt Fish,900,via-S1-bridge
fitchge01,Gerald Fitch,1982-08-12,NBA,2006,2006,1,N,2809,name+dob,Gerald Fitch,2809,via-S1-bridge
fittsma01,Malik Fitts,1997-07-04,NBA,2021,2022,4,N,1630238,name+dob,Malik Fitts,1630238,via-S1-bridge
fitzgbo01,Bob Fitzgerald,1923-03-14,BAA,1947,1949,4,N,76720,name+dob,Bob Fitzgerald,76720,via-S1-bridge
fitzgdi01,Dick Fitzgerald,1920-11-18,BAA,1947,1948,2,N,76719,name+dob,Dick Fitzgerald,76719,via-S1-bridge
fizerma01,Marcus Fizer,1978-08-10,NBA,2001,2006,6,N,2033,name+dob,Marcus Fizer,2033,via-S1-bridge
flaggco01,Cooper Flagg,2006-12-21,NBA,2026,2026,1,N,,no-S1-match,,1642843,name-+dob
flaglad01,Adam Flagler,1999-12-01,NBA,2024,2025,2,N,,no-S1-match,,1641745,name-+dob
fleisje01,Jerry Fleishman,1922-02-14,BAA|NBA,1947,1953,5,N,76721,name+dob,Jerry Fleishman,76721,via-S1-bridge
flemial01,Al Fleming,1954-04-05,NBA,1978,1978,1,N,76722,name+dob,Al Fleming,76722,via-S1-bridge
flemied01,Ed Fleming,1933-07-25,NBA,1956,1960,5,N,76723,name+dob,Ed Fleming,76723,via-S1-bridge
flemira01,Rasheer Fleming,2004-07-10,NBA,2026,2026,1,N,,no-S1-match,,1642853,name-+dob
flemive01,Vern Fleming,1962-02-04,NBA,1985,1996,12,N,313,name+dob,Vern Fleming,313,via-S1-bridge
florelu01,Luis Flores,1981-04-11,NBA,2005,2005,3,N,2784,name+dob,Luis Flores,2784,via-S1-bridge
flowebr01,Bruce Flowers,1957-06-13,NBA,1983,1983,1,N,76725,name+dob,Bruce Flowers,76725,via-S1-bridge
flowetr01,Trentyn Flowers,2005-03-08,NBA,2025,2026,2,N,,no-S1-match,,1642280,name-+dob
floydsl01,Sleepy Floyd,1960-03-06,NBA,1983,1995,17,N,76726,name+dob,Sleepy Floyd,76726,via-S1-bridge
flynnjo01,Jonny Flynn,1989-02-06,NBA,2010,2012,5,N,201938,name+dob,Jonny Flynn,201938,via-S1-bridge
flynnma01,Malachi Flynn,1998-05-10,NBA,2021,2025,8,N,1630201,DOB-conflict,Malachi Flynn,1630201,via-S1-bridge
flynnmi01,Mike Flynn,1953-07-31,ABA|NBA,1976,1978,2,N,76727,name+dob,Mike Flynn,76727,via-S1-bridge
foglela01,Larry Fogle,1953-03-19,NBA,1976,1976,1,N,76728,name+dob,Larry Fogle,76728,via-S1-bridge
foleyja01,Jack Foley,1939-04-19,NBA,1963,1963,3,N,76729,name+dob,Jack Foley,76729,via-S1-bridge
fontais01,Isaac Fontaine,1975-04-16,NBA,2002,2002,1,N,1829,lastname+dob,Ike Fontaine,1829,via-S1-bridge
fontale01,Levi Fontaine,1948-11-01,NBA,1971,1971,1,N,76731,name+dob,Levi Fontaine,76731,via-S1-bridge
fontesi01,Simone Fontecchio,1995-12-09,NBA,2023,2026,6,N,1631323,name+dob,Simone Fontecchio,1631323,via-S1-bridge
footeje01,Jeff Foote,1987-07-14,NBA,2012,2012,1,N,202880,name+dob,Jeff Foote,202880,via-S1-bridge
forbebr01,Bryn Forbes,1993-07-23,NBA,2017,2023,9,N,1627854,name+dob,Bryn Forbes,1627854,via-S1-bridge
forbega01,Gary Forbes,1985-02-25,NBA,2011,2012,2,N,201814,name+dob,Gary Forbes,201814,via-S1-bridge
fordal01,Alphonso Ford,1971-10-31,NBA,1994,1995,2,N,76732,name+dob,Alphonso Ford,76732,via-S1-bridge
fordal02,Alton Ford,1981-05-29,NBA,2002,2004,3,N,2228,name+dob,Alton Ford,2228,via-S1-bridge
fordal03,Aleem Ford,1997-12-22,NBA,2022,2022,1,N,1630758,name+dob,Aleem Ford,1630758,via-S1-bridge
fordch01,Chris Ford,1949-01-11,NBA,1973,1982,12,N,76733,name+dob,Chris Ford,76733,via-S1-bridge
forddo01,Don Ford,1952-12-31,NBA,1976,1982,9,N,76734,name+dob,Don Ford,76734,via-S1-bridge
fordja01,Jake Ford,1945-04-29,NBA,1971,1972,2,N,76735,DOB-conflict,Jake Ford,76735,via-S1-bridge
fordjo01,Jordan Ford,1998-05-26,NBA,2024,2024,1,N,,no-S1-match,,1630259,name-+dob
fordph01,Phil Ford,1956-02-09,NBA,1979,1985,9,N,76736,name+dob,Phil Ford,76736,via-S1-bridge
fordsh01,Sherell Ford,1972-08-26,NBA,1996,1996,1,N,726,name+dob,Sherell Ford,726,via-S1-bridge
fordsh02,Sharrod Ford,1982-01-09,NBA,2006,2006,1,N,101213,name+dob,Sharrod Ford,101213,via-S1-bridge
fordtj01,T.J. Ford,1983-03-24,NBA,2004,2012,8,N,2551,name+dob,T.J. Ford,2551,via-S1-bridge
formado01,Donnie Forman,1926-01-17,BAA,1949,1949,1,N,76738,name+dob,Donnie Forman,76738,via-S1-bridge
forreba01,Bayard Forrest,1954-07-08,NBA,1978,1979,2,N,76739,name+dob,Bayard Forrest,76739,via-S1-bridge
forretr01,Trent Forrest,1998-06-12,NBA,2021,2024,4,N,1630235,name+dob,Trent Forrest,1630235,via-S1-bridge
fortejo01,Joseph Forte,1981-03-23,NBA,2002,2003,2,N,2218,name+dob,Joseph Forte,2218,via-S1-bridge
fortsco01,Courtney Fortson,1988-05-23,NBA,2012,2012,3,N,202622,name+dob,Courtney Fortson,202622,via-S1-bridge
fortsda01,Danny Fortson,1976-03-27,NBA,1998,2007,10,N,1504,name+dob,Danny Fortson,1504,via-S1-bridge
fostefr01,Fred Foster,1946-03-18,NBA,1969,1977,10,N,76740,name+dob,Fred Foster,76740,via-S1-bridge
fostegr01,Greg Foster,1968-10-03,NBA,1991,2003,17,N,323,name+dob,Greg Foster,323,via-S1-bridge
fosteje01,Jeff Foster,1977-01-16,NBA,2000,2012,13,N,1902,name+dob,Jeff Foster,1902,via-S1-bridge
fostemi02,Michael Foster Jr.,2003-01-16,NBA,2023,2023,1,N,1630701,name+dob,Michael Foster Jr.,1630701,via-S1-bridge
fostero01,Rod Foster,1960-10-10,NBA,1984,1986,3,N,76742,name+dob,Rod Foster,76742,via-S1-bridge
fotsian01,Antonis Fotsis,1981-04-01,NBA,2002,2002,1,N,2238,name+dob,Antonis Fotsis,2238,via-S1-bridge
fournev01,Evan Fournier,1992-10-29,NBA,2013,2024,16,N,203095,name+dob,Evan Fournier,203095,via-S1-bridge
foustla01,Larry Foust,1928-06-24,NBA,1951,1962,14,N,76744,name+dob,Larry Foust,76744,via-S1-bridge
fowleje01,Jerry Fowler,1927-06-20,NBA,1952,1952,1,N,76745,name+dob,Jerry Fowler,76745,via-S1-bridge
fowlktr01,Tremaine Fowlkes,1976-04-11,NBA,2002,2005,4,N,1762,name+dob,Tremaine Fowlkes,1762,via-S1-bridge
foxde01,De'Aaron Fox,1997-12-20,NBA,2018,2026,11,N,1628368,name+dob,De'Aaron Fox,1628368,via-S1-bridge
foxha01,Harold Fox,1949-08-29,NBA,1973,1973,1,N,76746,name+dob,Harold Fox,76746,via-S1-bridge
foxji01,Jim Fox,1943-04-07,NBA,1968,1977,16,N,76747,name+dob,Jim Fox,76747,via-S1-bridge
foxri01,Rick Fox,1969-07-24,NBA,1992,2004,13,N,296,name+dob,Rick Fox,296,via-S1-bridge
foyera01,Randy Foye,1983-09-24,NBA,2007,2017,13,N,200751,name+dob,Randy Foye,200751,via-S1-bridge
foylead01,Adonal Foyle,1975-03-09,NBA,1998,2009,14,N,1502,name+dob,Adonal Foyle,1502,via-S1-bridge
frahmri01,Richie Frahm,1977-08-14,NBA,2004,2008,6,N,2499,name+dob,Richie Frahm,2499,via-S1-bridge
francst01,Steve Francis,1977-02-21,NBA,2000,2008,11,N,1883,name+dob,Steve Francis,1883,via-S1-bridge
frankja01,Jamaal Franklin,1991-07-21,NBA,2014,2015,2,N,203479,name+dob,Jamaal Franklin,203479,via-S1-bridge
frankna01,Nat Frankel,1913-11-03,BAA,1947,1947,1,N,76749,name+dob,Nat Frankel,76749,via-S1-bridge
frankro01,Robert Franks,1996-12-18,NBA,2021,2021,1,N,1629606,name+dob,Robert Franks,1629606,via-S1-bridge
frankte01,Tellis Frank,1965-04-26,NBA,1988,1994,5,N,76748,name+dob,Tellis Frank,76748,via-S1-bridge
frazime01,Melvin Frazier,1996-08-30,NBA,2019,2022,3,N,1628982,name+dob,Melvin Frazier Jr.,1628982,via-S1-bridge
frazimi01,Michael Frazier,1994-03-08,NBA,2020,2020,1,N,1626187,name+dob,Michael Frazier II,1626187,via-S1-bridge
fraziti01,Tim Frazier,1990-11-01,NBA,2015,2022,16,N,204025,name+dob,Tim Frazier,204025,via-S1-bridge
fraziwa01,Walt Frazier,1945-03-29,NBA,1968,1980,13,N,76750,name+dob,Walt Frazier,76750,via-S1-bridge
fraziwi01,Will Frazier,1942-08-25,ABA|NBA,1966,1969,1,N,76751,DOB-conflict,Will Frazier,76751,via-S1-bridge
fredean01,Anthony Frederick,1964-12-07,NBA,1989,1992,3,N,76752,name+dob,Anthony Frederick,76752,via-S1-bridge
fredeji01,Jimmer Fredette,1989-02-25,NBA,2012,2019,10,N,202690,name+dob,Jimmer Fredette,202690,via-S1-bridge
freeljo01,Joel Freeland,1987-02-07,NBA,2013,2015,3,N,200777,name+dob,Joel Freeland,200777,via-S1-bridge
freemdo01,Donnie Freeman,1944-07-18,ABA|NBA,1968,1976,1,N,76754,name+dob,Donnie Freeman,76754,via-S1-bridge
freemen01,Enrique Freeman,2000-07-29,NBA,2025,2026,2,N,,no-S1-match,,1642402,name-+dob
freemga01,Gary Freeman,1948-07-25,NBA,1971,1971,3,N,76755,name+dob,Gary Freeman,76755,via-S1-bridge
freemja01,Javon Freeman-Liberty,1999-10-20,NBA,2024,2024,1,N,,no-S1-match,,1631241,name-+dob
freemro01,Rod Freeman,1950-11-05,NBA,1974,1974,1,N,76756,name+dob,Rod Freeman,76756,via-S1-bridge
freewo01,World B. Free,1953-12-09,NBA,1976,1988,15,N,76753,name+dob,World Free,76753,via-S1-bridge
freijma01,Matt Freije,1981-10-02,NBA,2005,2007,2,N,2782,name+dob,Matt Freije,2782,via-S1-bridge
freyfr01,Frido Frey,1921-10-26,BAA,1947,1947,1,N,76757,name+dob,Frido Frey,76757,via-S1-bridge
frienla01,Larry Friend,1935-04-14,NBA,1958,1958,1,N,76758,name+dob,Larry Friend,76758,via-S1-bridge
frinkpa01,Pat Frink,1945-02-18,NBA,1969,1969,1,N,76759,name+dob,Pat Frink,76759,via-S1-bridge
fritsji01,Jim Fritsche,1931-12-10,NBA,1954,1955,4,N,76760,name+dob,Jim Fritsche,76760,via-S1-bridge
fryech01,Channing Frye,1983-05-17,NBA,2006,2019,17,N,101112,name+dob,Channing Frye,101112,via-S1-bridge
fryerbe01,Bernie Fryer,1949-12-25,ABA|NBA,1974,1975,2,N,76761,name+dob,Bernie Fryer,76761,via-S1-bridge
fucarfr01,Frank Fucarino,1920-07-24,BAA,1947,1947,1,N,76762,name+dob,Frank Fucarino,76762,via-S1-bridge
fudgeal01,Alex Fudge,2003-05-06,NBA,2024,2024,3,N,,no-S1-match,,1641788,name-+dob
fuetshe01,Herm Fuetsch,1918-07-06,BAA,1948,1948,1,N,76763,name+dob,Herm Fuetsch,76763,via-S1-bridge
fulksjo01,Joe Fulks,1921-10-26,BAA|NBA,1947,1954,8,N,76764,name+dob,Joe Fulks,76764,via-S1-bridge
fullehi01,Hiram Fuller,1981-05-15,NBA,2004,2004,1,N,2673,DOB-conflict,Hiram Fuller,2673,via-S1-bridge
fulleto01,Tony Fuller,1958-09-04,NBA,1981,1981,1,N,76765,name+dob,Tony Fuller,76765,via-S1-bridge
fulleto02,Todd Fuller,1974-07-25,NBA,1997,2001,5,N,957,name+dob,Todd Fuller,957,via-S1-bridge
fultzma01,Markelle Fultz,1998-05-29,NBA,2018,2026,9,N,1628365,name+dob,Markelle Fultz,1628365,via-S1-bridge
fundela01,Lawrence Funderburke,1970-12-15,NBA,1998,2005,7,N,1444,name+dob,Lawrence Funderburke,1444,via-S1-bridge
funkan01,Andrew Funk,1999-09-21,NBA,2024,2024,1,N,,no-S1-match,,1641847,name-+dob
furlote01,Terry Furlow,1954-10-18,NBA,1977,1980,8,N,76767,name+dob,Terry Furlow,76767,via-S1-bridge
furphjo01,Johnny Furphy,2004-12-08,NBA,2025,2026,2,N,,no-S1-match,,1642277,name-+dob
gaborbi01,Bill Gabor,1922-05-13,NBA,1950,1955,6,N,76768,lastname+dob,Billy Gabor,76768,via-S1-bridge
gabriwe01,Wenyen Gabriel,1997-03-26,NBA,2020,2024,10,N,1629117,name+dob,Wenyen Gabriel,1629117,via-S1-bridge
gadzuda01,Dan Gadzuric,1978-02-02,NBA,2003,2012,12,N,2429,name+dob,Dan Gadzuric,2429,via-S1-bridge
gaffoda01,Daniel Gafford,1998-10-01,NBA,2020,2026,11,N,1629655,name+dob,Daniel Gafford,1629655,via-S1-bridge
gaide01,Deng Gai,1982-03-22,NBA,2006,2006,1,N,101184,name+dob,Deng Gai,101184,via-S1-bridge
gaineco01,Corey Gaines,1965-06-01,NBA,1989,1995,5,N,76770,name+dob,Corey Gaines,76770,via-S1-bridge
gaineel01,Elmer Gainer,1918-11-22,BAA|NBA,1948,1950,2,N,76769,DOB-conflict,Elmer R. Gainer,76769,via-S1-bridge
gainere01,Reece Gaines,1981-01-07,NBA,2004,2006,5,N,2558,name+dob,Reece Gaines,2558,via-S1-bridge
gainesu01,Sundiata Gaines,1986-04-18,NBA,2010,2012,6,N,202178,name+dob,Sundiata Gaines,202178,via-S1-bridge
galemi01,Mike Gale,1950-07-18,ABA|NBA,1972,1982,8,N,76771,name+dob,Mike Gale,76771,via-S1-bridge
gallach01,Chad Gallagher,1969-05-30,NBA,1994,1994,1,N,76772,name+dob,Chad Gallagher,76772,via-S1-bridge
gallaha01,Harry Gallatin,1927-04-26,BAA|NBA,1949,1958,10,N,76773,name+dob,Harry Gallatin,76773,via-S1-bridge
gallida01,Danilo Gallinari,1988-08-08,NBA,2009,2024,19,N,201568,name+dob,Danilo Gallinari,201568,via-S1-bridge
gallola01,Langston Galloway,1991-12-09,NBA,2015,2022,12,N,204038,name+dob,Langston Galloway,204038,via-S1-bridge
gambeda01,Dave Gambee,1937-04-16,NBA,1959,1970,16,N,76774,name+dob,Dave Gambee,76774,via-S1-bridge
gamblke01,Kevin Gamble,1965-11-13,NBA,1988,1997,12,N,333,name+dob,Kevin Gamble,333,via-S1-bridge
ganttbo01,Bob Gantt,1922-06-22,BAA,1947,1947,1,N,76776,name+dob,Bob Gantt,76776,via-S1-bridge
garbajo01,Jorge Garbajosa,1977-12-19,NBA,2007,2008,2,N,200816,name+dob,Jorge Garbajosa,200816,via-S1-bridge
garceru01,Rubén Garcés,1973-10-17,NBA,2001,2001,3,N,2092,name+dob,Ruben Garces,2092,via-S1-bridge
garcial01,Alex Garcia,1980-03-04,NBA,2004,2005,2,N,2682,name+dob,Alex Garcia,2682,via-S1-bridge
garcian01,Andersson Garcia,2000-08-23,NBA,2026,2026,1,N,,no-S1-match,,,
garcifr01,Francisco García,1981-12-31,NBA,2006,2015,12,N,101128,name+dob,Francisco Garcia,101128,via-S1-bridge
gardnea01,Earl Gardner,1923-09-18,BAA,1949,1949,1,N,76778,name+dob,Earl Gardner,76778,via-S1-bridge
gardnmy01,Myron Gardner,2001-05-21,NBA,2026,2026,1,N,,no-S1-match,,1642066,name-+dob
gardnth01,Thomas Gardner,1985-02-08,NBA,2008,2009,2,N,201242,name+dob,Thomas Gardner,201242,via-S1-bridge
gardnve01,Vern Gardner,1925-05-14,NBA,1950,1952,3,N,76779,name+dob,Vern Gardner,76779,via-S1-bridge
garfija01,Jack Garfinkel,1918-06-13,BAA,1947,1949,3,N,76780,name+dob,Jack Garfinkel,76780,via-S1-bridge
garinpa01,Patricio Garino,1993-05-17,NBA,2017,2017,1,N,1627868,name+dob,Patricio Garino,1627868,via-S1-bridge
garlada01,Darius Garland,2000-01-26,NBA,2020,2026,9,N,1629636,name+dob,Darius Garland,1629636,via-S1-bridge
garlaga01,Gary Garland,1957-10-12,NBA,1980,1980,1,N,76781,name+dob,Gary Garland,76781,via-S1-bridge
garlawi01,Winston Garland,1964-12-19,NBA,1988,1995,9,N,76782,name+dob,Winston Garland,76782,via-S1-bridge
garmadi01,Dick Garmaker,1932-10-29,NBA,1956,1961,8,N,76783,name+dob,Dick Garmaker,76783,via-S1-bridge
garnebi02,Bill Garnett,1960-04-22,NBA,1983,1986,4,N,76785,name+dob,Bill Garnett,76785,via-S1-bridge
garnech01,Chris Garner,1975-02-02,NBA,1998,2001,2,N,1612,DOB-conflict,Chris Garner,1612,via-S1-bridge
garneke01,Kevin Garnett,1976-05-19,NBA,1996,2016,23,N,708,name+dob,Kevin Garnett,708,via-S1-bridge
garnema01,Marlon Garnett,1975-07-03,NBA,1999,1999,1,N,1831,name+dob,Marlon Garnett,1831,via-S1-bridge
garrebi01,Billy Garrett,1994-10-16,NBA,2019,2019,1,N,1628656,name+dob,Billy Garrett,1628656,via-S1-bridge
garreca01,Calvin Garrett,1956-07-11,NBA,1981,1984,4,N,76786,name+dob,Calvin Garrett,76786,via-S1-bridge
garrede01,Dean Garrett,1966-11-27,NBA,1997,2002,8,N,1051,name+dob,Dean Garrett,1051,via-S1-bridge
garredi01,Dick Garrett,1947-01-31,NBA,1970,1974,7,N,76788,lastname+dob,Eldo Garrett,76788,via-S1-bridge
garredi02,Diante Garrett,1988-11-03,NBA,2013,2014,2,N,203197,name+dob,Diante Garrett,203197,via-S1-bridge
garrema01,Marcus Garrett,1998-11-09,NBA,2022,2025,2,N,1630585,name+dob,Marcus Garrett,1630585,via-S1-bridge
garrero01,Rowland Garrett,1950-07-16,NBA,1973,1977,9,N,76789,name+dob,Rowland Garrett,76789,via-S1-bridge
garrijo01,John Garris,1959-06-06,NBA,1984,1984,1,N,76791,name+dob,John Garris,76791,via-S1-bridge
garriki01,Kiwane Lemorris Garris,1974-09-24,NBA,1998,2000,2,N,1619,name+dob,Kiwane Garris,1619,via-S1-bridge
garripa01,Pat Garrity,1976-08-23,NBA,1999,2008,10,N,1727,name+dob,Pat Garrity,1727,via-S1-bridge
garrito01,Tom Garrick,1966-07-07,NBA,1989,1992,7,N,76790,name+dob,Tom Garrick,76790,via-S1-bridge
garubus01,Usman Garuba,2002-03-09,NBA,2022,2024,3,N,1630586,name+dob,Usman Garuba,1630586,via-S1-bridge
garviji01,Jim Garvin,1950-02-05,NBA,1974,1974,1,N,76793,name+dob,Jim Garvin,76793,via-S1-bridge
garzalu01,Luka Garza,1998-12-27,NBA,2022,2026,5,N,1630568,name+dob,Luka Garza,1630568,via-S1-bridge
gasolma01,Marc Gasol,1985-01-29,NBA,2009,2021,15,N,201188,name+dob,Marc Gasol,201188,via-S1-bridge
gasolpa01,Pau Gasol,1980-07-06,NBA,2002,2019,22,N,2200,name+dob,Pau Gasol,2200,via-S1-bridge
gatesfr01,Frank Gates,1920-04-12,NBA,1950,1950,1,N,76794,name+dob,Frank Gates,76794,via-S1-bridge
gateska01,Kaiser Gates,1996-11-08,NBA,2024,2024,1,N,,no-S1-match,,1629232,name-+dob
gatlich01,Chris Gatling,1967-09-03,NBA,1992,2002,19,N,423,name+dob,Chris Gatling,423,via-S1-bridge
gattike01,Kenny Gattison,1964-05-23,NBA,1987,1996,9,N,930,name+dob,Kenny Gattison,930,via-S1-bridge
gaydaed01,Ed Gayda,1927-05-16,NBA,1951,1951,1,N,76797,DOB-conflict,Ed Gayda,76797,via-S1-bridge
gayru01,Rudy Gay,1986-08-17,NBA,2007,2023,21,N,200752,name+dob,Rudy Gay,200752,via-S1-bridge
gazean01,Andrew Gaze,1965-07-24,NBA,1994,1999,2,N,1845,name+dob,Andrew Gaze,1845,via-S1-bridge
gbinimi01,Michael Gbinije,1992-06-05,NBA,2017,2017,1,N,1627771,name+dob,Michael Gbinije,1627771,via-S1-bridge
gearyre01,Reggie Geary,1973-08-31,NBA,1997,1998,2,N,1002,name+dob,Reggie Geary,1002,via-S1-bridge
geeal01,Alonzo Gee,1987-05-29,NBA,2010,2017,13,N,202087,name+dob,Alonzo Gee,202087,via-S1-bridge
geigema01,Matt Geiger,1969-09-10,NBA,1993,2002,10,N,761,name+dob,Matt Geiger,761,via-S1-bridge
gelabmi01,Mickaël Gelabale,1983-05-22,NBA,2007,2013,3,N,101153,name+dob,Mickael Gelabale,101153,via-S1-bridge
georgde01,Devean George,1977-08-29,NBA,2000,2010,11,N,1904,name+dob,Devean George,1904,via-S1-bridge
georgja01,Jack George,1928-11-13,NBA,1954,1961,10,N,76800,name+dob,Jack George,76800,via-S1-bridge
georgke01,Keyonte George,2003-11-08,NBA,2024,2026,3,N,,no-S1-match,,1641718,name-+dob
georgky01,Kyshawn George,2003-12-12,NBA,2025,2026,2,N,,no-S1-match,,1642273,name-+dob
georgma01,Marcus Georges-Hunt,1994-03-28,NBA,2017,2018,2,N,1627875,name+dob,Marcus Georges-Hunt,1627875,via-S1-bridge
georgpa01,Paul George,1990-05-02,NBA,2011,2026,16,N,202331,name+dob,Paul George,202331,via-S1-bridge
georgta01,Tate George,1968-05-29,NBA,1991,1995,4,N,76801,name+dob,Tate George,76801,via-S1-bridge
gerargu01,Gus Gerard,1953-07-27,ABA|NBA,1975,1981,13,N,76802,name+dob,Gus Gerard,76802,via-S1-bridge
gervide01,Derrick Gervin,1963-03-28,NBA,1990,1991,2,N,76803,name+dob,Derrick Gervin,76803,via-S1-bridge
gervige01,George Gervin,1952-04-27,ABA|NBA,1973,1986,10,N,76804,name+dob,George Gervin,76804,via-S1-bridge
getchgo01,Gorham Getchell,1920-08-14,BAA,1947,1947,1,N,76805,name+dob,Gorham Getchell,76805,via-S1-bridge
gianejo01,John Gianelli,1950-06-10,NBA,1973,1980,10,N,76806,name+dob,John Gianelli,76806,via-S1-bridge
gibbsdi01,Dick Gibbs,1948-12-20,NBA,1972,1976,7,N,76807,name+dob,Dick Gibbs,76807,via-S1-bridge
gibsoda01,Daniel Gibson,1986-02-27,NBA,2007,2013,7,N,200789,name+dob,Daniel Gibson,200789,via-S1-bridge
gibsode01,Dee Gibson,1923-08-25,NBA,1950,1950,1,N,76808,name+dob,Dee Gibson,76808,via-S1-bridge
gibsoho01,Hoot Gibson,1921-12-05,NBA,1950,1950,3,N,76811,lastname+dob,Ward Gibson,76811,via-S1-bridge
gibsojo01,Jonathan Gibson,1987-11-08,NBA,2017,2018,2,N,1626780,name+dob,Jonathan Gibson,1626780,via-S1-bridge
gibsome01,Mel Gibson,1940-12-30,NBA,1964,1964,1,N,76809,name+dob,Mel Gibson,76809,via-S1-bridge
gibsomi01,Mike Gibson,1960-10-27,NBA,1984,1986,2,N,76810,name+dob,Mike Gibson,76810,via-S1-bridge
gibsota01,Taj Gibson,1985-06-24,NBA,2010,2026,21,N,201959,name+dob,Taj Gibson,201959,via-S1-bridge
giddejo01,Josh Giddey,2002-10-10,NBA,2022,2026,5,N,1630581,name+dob,Josh Giddey,1630581,via-S1-bridge
giddejr01,J.R. Giddens,1985-02-13,NBA,2009,2010,4,N,201592,name+dob,J.R. Giddens,201592,via-S1-bridge
gilbeke01,Keshon Gilbert,2003-06-30,NBA,2026,2026,3,N,,no-S1-match,,1642933,name-+dob
gildetr01,Trey Gilder,1985-01-24,NBA,2010,2010,1,N,201821,name+dob,Trey Gilder,201821,via-S1-bridge
gilesha01,Harry Giles,1998-04-22,NBA,2019,2024,6,N,1628385,name+dob,Harry Giles III,1628385,via-S1-bridge
gilgesh01,Shai Gilgeous-Alexander,1998-07-12,NBA,2019,2026,8,N,1628983,name+dob,Shai Gilgeous-Alexander,1628983,via-S1-bridge
gillan01,Anthony Gill,1992-10-17,NBA,2021,2026,6,N,1630264,name+dob,Anthony Gill,1630264,via-S1-bridge
gillebe01,Ben Gillery,1965-09-19,NBA,1989,1989,1,N,76812,name+dob,Ben Gillery,76812,via-S1-bridge
gilleco01,Collin Gillespie,1999-06-25,NBA,2024,2026,3,N,1631221,name+dob,Collin Gillespie,1631221,via-S1-bridge
gilled01,Eddie Gill,1978-08-16,NBA,2001,2009,9,N,2109,name+dob,Eddie Gill,2109,via-S1-bridge
gillefr01,Freddie Gillespie,1997-06-14,NBA,2021,2022,2,N,1630273,name+dob,Freddie Gillespie,1630273,via-S1-bridge
gillege01,Gene Gallette,1919-02-22,BAA,1947,1947,1,N,,no-S1-match,,,
gilliar01,Armen Gilliam,1964-05-28,NBA,1988,2000,17,N,288,name+dob,Armen Gilliam,288,via-S1-bridge
gillihe01,Herm Gilliam,1946-05-05,NBA,1970,1977,8,N,76815,name+dob,Herm Gilliam,76815,via-S1-bridge
gillke01,Kendall Gill,1968-05-25,NBA,1991,2005,17,N,383,name+dob,Kendall Gill,383,via-S1-bridge
gilmoar01,Artis Gilmore,1949-09-21,ABA|NBA,1972,1988,14,N,600014,DOB-conflict,Artis Gilmore,600014,via-S1-bridge
gilmowa01,Walt Gilmore,1947-02-27,NBA,1971,1971,1,N,76817,name+dob,Walt Gilmore,76817,via-S1-bridge
gilmuch01,Chuck Gilmur,1922-08-13,BAA|NBA,1947,1951,5,N,76818,name+dob,Chuck Gilmur,76818,via-S1-bridge
gilyaja01,Jacob Gilyard,1998-07-14,NBA,2023,2024,4,N,1631367,name+dob,,1631367,via-S1-bridge
ginobma01,Manu Ginóbili,1977-07-28,NBA,2003,2018,16,N,1938,name+dob,Manu Ginobili,1938,via-S1-bridge
giricgo01,Gordan Giriček,1977-06-20,NBA,2003,2008,13,N,1921,name+dob,Gordan Giricek,1921,via-S1-bridge
givenja01,Jack Givens,1956-09-21,NBA,1979,1980,2,N,76819,name+dob,Jack Givens,76819,via-S1-bridge
gladnmi01,Mickell Gladness,1986-07-26,NBA,2012,2012,3,N,202148,name+dob,Mickell Gladness,202148,via-S1-bridge
glamage01,George Glamack,1918-06-07,BAA,1949,1949,1,N,76820,DOB-conflict,George Glamack,76820,via-S1-bridge
glassge01,Gerald Glass,1967-11-12,NBA,1991,1996,8,N,76821,name+dob,Gerald Glass,76821,via-S1-bridge
glennmi01,Mike Glenn,1955-09-10,NBA,1978,1987,10,N,76822,name+dob,Mike Glenn,76822,via-S1-bridge
glickno01,Normie Glick,1927-11-10,NBA,1950,1950,1,N,76823,lastname+dob,Norman Glick,76823,via-S1-bridge
gloucge01,Georgi Glouchkov,1960-01-10,NBA,1986,1986,1,N,76824,name+dob,Georgi Glouchkov,76824,via-S1-bridge
glovecl01,Clarence Glover,1947-11-01,NBA,1972,1972,1,N,76825,name+dob,Clarence Glover,76825,via-S1-bridge
glovedi01,Dion Glover,1978-10-22,NBA,2000,2005,8,N,1901,name+dob,Dion Glover,1901,via-S1-bridge
glynian01,Andreas Glyniadakis,1981-08-21,NBA,2007,2007,1,N,2601,DOB-conflict,Andreas Glyniadakis,2601,via-S1-bridge
gminsmi01,Mike Gminski,1959-08-03,NBA,1981,1994,20,N,76826,name+dob,Mike Gminski,76826,via-S1-bridge
goberru01,Rudy Gobert,1992-06-26,NBA,2014,2026,13,N,203497,name+dob,Rudy Gobert,203497,via-S1-bridge
godfrda01,Dan Godfread,1967-06-14,NBA,1991,1992,2,N,76827,name+dob,Dan Godfread,76827,via-S1-bridge
golato01,Tom Gola,1933-01-13,NBA,1956,1966,12,N,76828,name+dob,Tom Gola,76828,via-S1-bridge
goldfbe01,Ben Goldfaden,1913-09-06,BAA,1947,1947,1,N,76829,name+dob,Ben Goldfaden,76829,via-S1-bridge
goldivl01,Vladislav Goldin,2001-05-12,NBA,2026,2026,1,N,,no-S1-match,,1642884,name-+dob
goldwan01,Anthony Goldwire,1971-09-06,NBA,1996,2006,16,N,924,name+dob,Anthony Goldwire,924,via-S1-bridge
gomesry01,Ryan Gomes,1982-09-01,NBA,2006,2014,8,N,101155,name+dob,Ryan Gomes,101155,via-S1-bridge
gondrgl01,Glen Gondrezick,1955-08-30,NBA,1978,1983,6,N,76830,name+dob,Glen Gondrezick,76830,via-S1-bridge
gondrgr01,Grant Gondrezick,1963-01-19,NBA,1987,1989,2,N,76831,name+dob,Grant Gondrezick,76831,via-S1-bridge
gonzahu01,Hugo González,2006-02-05,NBA,2026,2026,1,N,,no-S1-match,,1642864,name-+dob
goodedr01,Drew Gooden,1981-09-24,NBA,2003,2016,23,N,2400,name+dob,Drew Gooden,2400,via-S1-bridge
goodrga01,Gail Goodrich,1943-04-23,NBA,1966,1979,14,N,76832,name+dob,Gail Goodrich,76832,via-S1-bridge
goodrst01,Steve Goodrich,1976-03-18,NBA,2001,2002,2,N,1864,name+dob,Steve Goodrich,1864,via-S1-bridge
goodwar01,Archie Goodwin,1994-08-17,NBA,2014,2017,6,N,203462,name+dob,Archie Goodwin,203462,via-S1-bridge
goodwbr01,Brandon Goodwin,1995-10-02,NBA,2019,2022,4,N,1629164,name+dob,Brandon Goodwin,1629164,via-S1-bridge
goodwjo01,Jordan Goodwin,1998-10-23,NBA,2022,2026,7,N,1630692,name+dob,Jordan Goodwin,1630692,via-S1-bridge
goodwpo01,Pop Goodwin,1920-12-22,BAA,1947,1948,2,N,76833,lastname+dob,Wilfred Goodwin,76833,via-S1-bridge
gordoaa01,Aaron Gordon,1995-09-16,NBA,2015,2026,14,N,203932,name+dob,Aaron Gordon,203932,via-S1-bridge
gordobe01,Ben Gordon,1983-04-04,NBA,2005,2015,11,N,2732,name+dob,Ben Gordon,2732,via-S1-bridge
gordodr01,Drew Gordon,1990-07-12,NBA,2015,2015,1,N,204079,name+dob,Drew Gordon,204079,via-S1-bridge
gordoer01,Eric Gordon,1988-12-25,NBA,2009,2026,20,N,201569,name+dob,Eric Gordon,201569,via-S1-bridge
gordola01,Lancaster Gordon,1962-06-24,NBA,1985,1988,4,N,76834,name+dob,Lancaster Gordon,76834,via-S1-bridge
gordopa01,Paul Gordon,1927-04-08,NBA,1950,1950,1,N,76835,name+dob,Paul Gordon,76835,via-S1-bridge
gortama01,Marcin Gortat,1984-02-17,NBA,2008,2019,14,N,101162,name+dob,Marcin Gortat,101162,via-S1-bridge
gortmja01,Jazian Gortman,2003-04-14,NBA,2025,2025,1,N,,no-S1-match,,1641789,name-DOB-conflict
gottlle01,Leo Gottlieb,1920-11-28,BAA,1947,1948,2,N,76836,name+dob,Leo Gottlieb,76836,via-S1-bridge
goudean01,Andrew Goudelock,1988-12-07,NBA,2012,2016,3,N,202726,name+dob,Andrew Goudelock,202726,via-S1-bridge
govedba01,Bato Govedarica,1928-04-17,NBA,1954,1954,1,N,76837,name+dob,Bato Govedarica,76837,via-S1-bridge
grabojo01,Joe Graboski,1930-01-15,BAA|NBA,1949,1962,16,N,76838,name+dob,Joe Graboski,76838,via-S1-bridge
graceri01,Ricky Grace,1967-08-20,NBA,1994,1994,1,N,76839,name+dob,Ricky Grace,76839,via-S1-bridge
grahade01,Devonte' Graham,1995-02-22,NBA,2019,2024,8,N,1628984,name+dob,Devonte' Graham,1628984,via-S1-bridge
grahagr01,Greg Graham,1970-11-26,NBA,1994,1998,7,N,37,name+dob,Greg Graham,37,via-S1-bridge
grahajo01,Joey Graham,1982-06-11,NBA,2006,2011,6,N,101121,name+dob,Joey Graham,101121,via-S1-bridge
grahama01,Mal Graham,1945-02-23,NBA,1968,1969,2,N,76843,name+dob,Mal Graham,76843,via-S1-bridge
grahaor01,Orlando Graham,1965-05-05,NBA,1989,1989,1,N,76841,name+dob,Orlando Graham,76841,via-S1-bridge
grahapa01,Paul Graham,1967-11-28,NBA,1992,1994,3,N,76842,name+dob,Paul Graham,76842,via-S1-bridge
grahast01,Stephen Graham,1982-06-11,NBA,2006,2011,9,N,101211,name+dob,Stephen Graham,101211,via-S1-bridge
grahatr01,Treveon Graham,1993-10-28,NBA,2017,2020,6,N,1626203,name+dob,Treveon Graham,1626203,via-S1-bridge
grandji01,Jim Grandholm,1960-10-04,NBA,1991,1991,1,N,76844,name+dob,Jim Grandholm,76844,via-S1-bridge
grandro01,Ron Grandison,1964-07-09,NBA,1989,1996,7,N,97,lastname+dob,Ronnie Grandison,97,via-S1-bridge
grangda01,Danny Granger,1983-04-20,NBA,2006,2015,12,N,101122,name+dob,Danny Granger,101122,via-S1-bridge
grangst01,Stewart Granger,1961-10-27,NBA,1984,1987,3,N,76847,name+dob,Stewart Granger,76847,via-S1-bridge
grantbr01,Brian Grant,1972-03-05,NBA,1995,2006,12,N,258,name+dob,Brian Grant,258,via-S1-bridge
grantbu01,Bud Grant,1927-05-20,NBA,1950,1951,2,N,76850,name+dob,Bud Grant,76850,via-S1-bridge
grantdo01,Donte Grantham,1995-03-19,NBA,2019,2019,1,N,1629055,name+dob,Donte Grantham,1629055,via-S1-bridge
grantga01,Gary Grant,1965-04-21,NBA,1989,2001,13,N,202,name+dob,Gary Grant,202,via-S1-bridge
grantgr01,Greg Grant,1966-08-29,NBA,1990,1996,11,N,285,name+dob,Greg Grant,285,via-S1-bridge
grantha01,Harvey Grant,1965-07-04,NBA,1989,1999,11,N,265,name+dob,Harvey Grant,265,via-S1-bridge
grantho01,Horace Grant,1965-07-04,NBA,1988,2004,17,N,270,name+dob,Horace Grant,270,via-S1-bridge
grantje01,Jerami Grant,1994-03-12,NBA,2015,2026,14,N,203924,name+dob,Jerami Grant,203924,via-S1-bridge
grantje02,Jerian Grant,1992-10-09,NBA,2016,2020,5,N,1626170,name+dob,Jerian Grant,1626170,via-S1-bridge
grantjo01,Josh Grant,1967-08-07,NBA,1994,1994,1,N,76852,name+dob,Josh Grant,76852,via-S1-bridge
grantpa01,Paul Grant,1974-01-06,NBA,1999,2004,4,N,1514,name+dob,Paul Grant,1514,via-S1-bridge
granttr01,Travis Grant,1950-01-01,ABA|NBA,1973,1976,2,N,76853,name+dob,Travis Grant,76853,via-S1-bridge
gratedo01,Don Grate,1923-08-27,NBA,1950,1950,1,N,76854,name+dob,Don Grate,76854,via-S1-bridge
gravebu01,Butch Graves,1962-01-05,NBA,1985,1985,1,N,76855,name+dob,Butch Graves,76855,via-S1-bridge
graveha01,Hassani Gravett,1996-07-16,NBA,2022,2022,1,N,1629755,name+dob,Hassani Gravett,1629755,via-S1-bridge
grayaa01,Aaron Gray,1984-12-07,NBA,2008,2014,11,N,201189,name+dob,Aaron Gray,201189,via-S1-bridge
grayde01,Devin Gray,1972-05-31,NBA,1997,2000,4,N,1070,DOB-conflict,Devin Gray,1070,via-S1-bridge
grayed01,Ed Gray,1975-09-27,NBA,1998,1999,2,N,1516,name+dob,Ed Gray,1516,via-S1-bridge
grayeje01,Jeff Grayer,1965-12-17,NBA,1989,1998,11,N,81,name+dob,Jeff Grayer,81,via-S1-bridge
grayev01,Evric Gray,1969-12-13,NBA,1997,1997,1,N,1026,name+dob,Evric Gray,1026,via-S1-bridge
grayga01,Gary Gray,1945-02-23,NBA,1968,1968,1,N,76859,name+dob,Gary Gray,76859,via-S1-bridge
grayha01,Hayden Gray,,NBA,2026,2026,1,N,,no-S1-match,,,
grayjo01,Josh Gray,1993-09-09,NBA,2018,2020,2,N,1627982,name+dob,Josh Gray,1627982,via-S1-bridge
grayle01,Leonard Gray,1951-12-19,NBA,1975,1977,5,N,76860,name+dob,Leonard Gray,76860,via-S1-bridge
grayra01,RaiQuan Gray,1999-07-07,NBA,2023,2024,2,N,,no-S1-match,,1630564,name-+dob
grayst01,Stuart Gray,1963-05-27,NBA,1985,1991,9,N,76861,name+dob,Stuart Gray,76861,via-S1-bridge
graysy01,Sylvester Gray,1967-07-08,NBA,1989,1989,1,N,76862,name+dob,Sylvester Gray,76862,via-S1-bridge
graywy01,Wyndol Gray,1922-03-20,BAA,1947,1948,4,N,76863,name+dob,Wyndol Gray,76863,via-S1-bridge
greacbo01,Bob Greacen,1947-09-15,ABA|NBA,1970,1972,2,N,76865,name+dob,Bob Greacen,76865,via-S1-bridge
greenac01,A.C. Green,1963-10-04,NBA,1986,2001,18,N,920,name+dob,A.C. Green,920,via-S1-bridge
greenaj01,A.J. Green,1999-09-27,NBA,2023,2026,4,N,1631260,lastname+dob,AJ Green,1631260,via-S1-bridge
greenda01,Dave Greenwood,1957-05-27,NBA,1980,1991,14,N,76881,lastname+dob,David Greenwood,76881,via-S1-bridge
greenda02,Danny Green,1987-06-22,NBA,2010,2024,17,N,201980,name+dob,Danny Green,201980,via-S1-bridge
greende01,Devin Green,1982-10-25,NBA,2006,2006,1,N,101209,name+dob,Devin Green,101209,via-S1-bridge
greendo01,Donté Greene,1988-02-21,NBA,2009,2012,4,N,201590,name+dob,Donte Greene,201590,via-S1-bridge
greendr01,Draymond Green,1990-03-04,NBA,2013,2026,14,N,203110,name+dob,Draymond Green,203110,via-S1-bridge
greener01,Erick Green,1991-05-09,NBA,2015,2016,4,N,203475,name+dob,Erick Green,203475,via-S1-bridge
greenge01,Gerald Green,1986-01-26,NBA,2006,2019,14,N,101123,name+dob,Gerald Green,101123,via-S1-bridge
greenja01,JaMychal Green,1990-06-21,NBA,2015,2023,13,N,203210,name+dob,JaMychal Green,203210,via-S1-bridge
greenja02,Javonte Green,1993-07-23,NBA,2020,2026,11,N,1629750,name+dob,Javonte Green,1629750,via-S1-bridge
greenja05,Jalen Green,2002-02-09,NBA,2022,2026,5,N,1630224,name+dob,Jalen Green,1630224,via-S1-bridge
greenje01,Jerry Greenspan,1941-11-22,NBA,1964,1965,2,N,76880,name+dob,Jerry Greenspan,76880,via-S1-bridge
greenje02,Jeff Green,1986-08-28,NBA,2008,2026,26,N,201145,name+dob,Jeff Green,201145,via-S1-bridge
greenjo01,Johnny Green,1933-12-08,NBA,1960,1973,18,N,76867,name+dob,Johnny Green,76867,via-S1-bridge
greenjo02,Josh Green,2000-11-16,NBA,2021,2026,6,N,1630182,name+dob,Josh Green,1630182,via-S1-bridge
greenke01,Ken Green,1959-09-19,NBA,1986,1986,1,N,76868,name+dob,Ken Green,76868,via-S1-bridge
greenke02,Kenny Green,1964-10-11,NBA,1986,1987,4,N,76869,name+dob,Kenny Green,76869,via-S1-bridge
greenla01,Lamar Green,1947-03-22,ABA|NBA,1970,1975,6,N,600011,name+dob,Lamar Green,600011,via-S1-bridge
greenli01,Litterial Green,1970-03-07,NBA,1993,1999,5,N,1036,name+dob,Litterial Green,1036,via-S1-bridge
greenlu01,Luther Green,1946-11-13,ABA|NBA,1970,1973,1,N,76872,name+dob,Luther Green,76872,via-S1-bridge
greenmi01,Mike Green,1951-08-06,ABA|NBA,1974,1980,6,N,76873,name+dob,Mike Green,76873,via-S1-bridge
greenor01,Orien Greene,1982-02-04,NBA,2006,2011,4,N,101158,name+dob,Orien Greene,101158,via-S1-bridge
greenri01,Rickey Green,1954-08-18,NBA,1978,1992,16,N,76874,name+dob,Rickey Green,76874,via-S1-bridge
greense01,Sean Green,1970-02-02,NBA,1992,1994,5,N,76875,name+dob,Sean Green,76875,via-S1-bridge
greensi01,Si Green,1933-08-20,NBA,1957,1966,13,N,76877,name+dob,Si Green,76877,via-S1-bridge
greensi02,Sidney Green,1961-01-04,NBA,1984,1993,12,N,76876,name+dob,Sidney Green,76876,via-S1-bridge
greenst01,Steve Green,1953-10-04,ABA|NBA,1976,1979,3,N,76878,name+dob,Steve Green,76878,via-S1-bridge
greenta01,Taurean Green,1986-11-28,NBA,2008,2008,3,N,201192,name+dob,Taurean Green,201192,via-S1-bridge
greento01,Tommie Green,1956-04-08,NBA,1979,1979,1,N,76879,lastname+dob,Tommy Green,76879,via-S1-bridge
greenwi01,Willie Green,1981-07-28,NBA,2004,2015,12,N,2584,name+dob,Willie Green,2584,via-S1-bridge
greerha01,Hal Greer,1936-06-26,NBA,1959,1973,15,N,76882,name+dob,Hal Greer,76882,via-S1-bridge
greerly01,Lynn Greer,1979-10-23,NBA,2007,2007,1,N,2696,name+dob,Lynn Greer,2696,via-S1-bridge
gregocl01,Claude Gregory,1958-12-26,NBA,1986,1988,2,N,76884,name+dob,Claude Gregory,76884,via-S1-bridge
gregoga01,Gary Gregor,1945-08-13,ABA|NBA,1969,1974,5,N,76883,name+dob,Gary Gregor,76883,via-S1-bridge
greigjo01,John Greig,1961-04-28,NBA,1983,1983,1,N,76885,name+dob,John Greig,76885,via-S1-bridge
grekino01,Norm Grekin,1930-06-22,NBA,1954,1954,1,N,76886,name+dob,Norm Grekin,76886,via-S1-bridge
greveke01,Kevin Grevey,1953-05-12,NBA,1976,1985,10,N,76887,name+dob,Kevin Grevey,76887,via-S1-bridge
griffad01,Adrian Griffin,1974-07-04,NBA,2000,2008,11,N,1559,name+dob,Adrian Griffin,1559,via-S1-bridge
griffaj01,AJ Griffin,2003-08-25,NBA,2023,2024,2,N,1631100,name+dob,AJ Griffin,1631100,via-S1-bridge
griffbl01,Blake Griffin,1989-03-16,NBA,2011,2023,17,N,201933,name+dob,Blake Griffin,201933,via-S1-bridge
griffda01,Darrell Griffith,1958-06-16,NBA,1981,1991,10,N,76890,name+dob,Darrell Griffith,76890,via-S1-bridge
griffed01,Eddie Griffin,1982-05-30,NBA,2002,2007,5,N,2204,name+dob,Eddie Griffin,2204,via-S1-bridge
griffgr01,Greg Griffin,1952-09-06,NBA,1978,1978,1,N,76888,name+dob,Greg Griffin,76888,via-S1-bridge
griffpa01,Paul Griffin,1954-01-20,NBA,1977,1983,7,N,76889,name+dob,Paul Griffin,76889,via-S1-bridge
griffta01,Taylor Griffin,1986-04-18,NBA,2010,2010,1,N,201981,name+dob,Taylor Griffin,201981,via-S1-bridge
grigsch01,Chuck Grigsby,1928-08-15,NBA,1955,1955,1,N,76891,name+dob,Chuck Grigsby,76891,via-S1-bridge
grimequ01,Quentin Grimes,2000-05-08,NBA,2022,2026,9,N,1629656,name+dob,Quentin Grimes,1629656,via-S1-bridge
grimmde01,Derek Grimm,1974-08-03,NBA,1998,1998,1,N,1575,name+dob,Derek Grimm,1575,via-S1-bridge
grimswo01,Woody Grimshaw,1919-09-24,BAA,1947,1947,1,N,76893,lastname+dob,George Grimshaw,76893,via-S1-bridge
groatdi01,Dick Groat,1930-11-04,NBA,1953,1953,1,N,76894,name+dob,Dick Groat,76894,via-S1-bridge
grossbo01,Bob Gross,1953-08-03,NBA,1976,1983,8,N,76895,name+dob,Bob Gross,76895,via-S1-bridge
groteje01,Jerry Grote,1940-12-28,NBA,1965,1965,1,N,76896,name+dob,Jerry Grote,76896,via-S1-bridge
grozaal01,Alex Groza,1926-10-07,NBA,1950,1951,2,N,76897,name+dob,Alex Groza,76897,via-S1-bridge
grundan01,Anthony Grundy,1979-04-15,NBA,2006,2006,1,N,101219,name+dob,Anthony Grundy,101219,via-S1-bridge
grunfer01,Ernie Grunfeld,1955-04-24,NBA,1978,1986,9,N,76899,name+dob,Ernie Grunfeld,76899,via-S1-bridge
guarige01,Gene Guarilia,1937-09-13,NBA,1960,1963,4,N,76900,name+dob,Gene Guarilia,76900,via-S1-bridge
gudmupe01,Pétur Guðmundsson,1958-10-30,NBA,1982,1989,4,N,76901,name+dob,Petur Gudmundsson,76901,via-S1-bridge
gudurma01,Marko Gudurić,1995-03-08,NBA,2020,2020,1,N,1629741,name+dob,Marko Guduric,1629741,via-S1-bridge
gueriri01,Richie Guerin,1932-05-29,NBA,1957,1970,15,N,76902,name+dob,Richie Guerin,76902,via-S1-bridge
gueyemo01,Mouhamadou Gueye,1998-07-06,NBA,2024,2026,2,N,,no-S1-match,,1631338,name-+dob
gueyemo02,Mouhamed Gueye,2002-11-09,NBA,2024,2026,3,N,,no-S1-match,,1631243,name-+dob
guglito01,Tom Gugliotta,1969-12-19,NBA,1993,2005,20,N,339,name+dob,Tom Gugliotta,339,via-S1-bridge
guibean01,Andrés Guibert,1968-10-28,NBA,1994,1995,2,N,76903,name+dob,Andres Guibert,76903,via-S1-bridge
guidija01,Jay Guidinger,1969-08-18,NBA,1993,1994,2,N,76904,name+dob,Jay Guidinger,76904,via-S1-bridge
gunthco01,Coulby Gunther,1923-02-05,BAA,1947,1949,2,N,76905,name+dob,Coulby Gunther,76905,via-S1-bridge
gunthda01,Dave Gunther,1937-07-22,NBA,1963,1963,1,N,76906,name+dob,Dave Gunther,76906,via-S1-bridge
guokaal01,Al Guokas,1925-08-07,NBA,1950,1950,3,N,76907,name+dob,Al Guokas,76907,via-S1-bridge
guokama01,Matt Guokas,1915-11-11,BAA,1947,1947,1,N,76909,name+dob,Matt Guokas,76909,via-S1-bridge
guokama02,Matt Guokas,1944-02-25,NBA,1967,1976,17,N,76908,name+dob,Matt Guokas,76908,via-S1-bridge
gutiejo01,Jorge Gutiérrez,1988-12-27,NBA,2014,2016,5,N,203268,name+dob,Jorge Gutierrez,203268,via-S1-bridge
guyky01,Kyle Guy,1997-08-11,NBA,2020,2022,3,N,1629657,name+dob,Kyle Guy,1629657,via-S1-bridge
guytoaj01,A.J. Guyton,1978-02-12,NBA,2001,2003,3,N,2062,name+dob,A.J. Guyton,2062,via-S1-bridge
hachiru01,Rui Hachimura,1998-02-08,NBA,2020,2026,9,N,1629060,name+dob,Rui Hachimura,1629060,via-S1-bridge
hackeru01,Rudy Hackett,1953-05-10,ABA|NBA,1976,1977,3,N,76910,name+dob,Rudy Hackett,76910,via-S1-bridge
haddaha01,Hamed Haddadi,1985-05-19,NBA,2009,2013,7,N,201632,name+dob,Hamed Haddadi,201632,via-S1-bridge
haffnsc01,Scott Haffner,1966-02-02,NBA,1990,1991,2,N,76911,name+dob,Scott Haffner,76911,via-S1-bridge
haganas01,Ashton Hagans,1999-07-08,NBA,2021,2024,2,N,1630204,name+dob,Ashton Hagans,1630204,via-S1-bridge
hagancl01,Cliff Hagan,1931-12-09,ABA|NBA,1957,1970,10,N,76912,name+dob,Cliff Hagan,76912,via-S1-bridge
hagangl01,Glenn Hagan,1955-06-25,NBA,1982,1982,1,N,76913,name+dob,Glenn Hagan,76913,via-S1-bridge
hahnro01,Robert Hahn,1925-08-25,NBA,1950,1950,1,N,76914,lastname+dob,Bob Hahn,76914,via-S1-bridge
hairsal01,Al Hairston,1945-12-11,NBA,1969,1970,2,N,76915,name+dob,Al Hairston,76915,via-S1-bridge
hairsha01,Happy Hairston,1942-05-31,NBA,1965,1975,15,N,76916,name+dob,Happy Hairston,76916,via-S1-bridge
hairsli01,Lindsay Hairston,1951-12-08,NBA,1976,1976,1,N,76917,name+dob,Lindsay Hairston,76917,via-S1-bridge
hairsma01,Malik Hairston,1987-02-23,NBA,2009,2010,2,N,201612,name+dob,Malik Hairston,201612,via-S1-bridge
hairspj02,P.J. Hairston,1992-12-24,NBA,2015,2016,4,N,203798,lastname+dob,PJ Hairston,203798,via-S1-bridge
haislma01,Marcus Haislip,1980-12-22,NBA,2003,2010,4,N,2409,name+dob,Marcus Haislip,2409,via-S1-bridge
halbech01,Chick Halbert,1919-02-27,BAA|NBA,1947,1951,11,N,76918,lastname+dob,Chuck Halbert,76918,via-S1-bridge
halbrsw01,Swede Halbrook,1933-01-30,NBA,1961,1962,2,N,76919,lastname+dob,Harvey Halbrook,76919,via-S1-bridge
halebr01,Bruce Hale,1918-08-30,BAA|NBA,1949,1951,5,N,76920,name+dob,Bruce Hale,76920,via-S1-bridge
haleyja01,Jack Haley,1964-01-27,NBA,1989,1998,11,N,917,name+dob,Jack Haley,917,via-S1-bridge
halibty01,Tyrese Haliburton,2000-02-29,NBA,2021,2025,7,N,1630169,name+dob,Tyrese Haliburton,1630169,via-S1-bridge
halimsh01,Shaler Halimon,1945-03-30,ABA|NBA,1969,1973,6,N,76922,name+dob,Shaler Halimon,76922,via-S1-bridge
hallde01,Devon Hall,1995-07-07,NBA,2020,2020,1,N,1628985,name+dob,Devon Hall,1628985,via-S1-bridge
halldo01,Donta Hall,1997-08-07,NBA,2020,2021,4,N,1629743,name+dob,Donta Hall,1629743,via-S1-bridge
hallije01,Jeff Halliburton,1949-07-03,NBA,1972,1973,4,N,76923,name+dob,Jeff Halliburton,76923,via-S1-bridge
halljo01,Josh Hall,2000-10-08,NBA,2021,2021,1,N,1630221,name+dob,Josh Hall,1630221,via-S1-bridge
halljo02,Jordan Hall,2002-01-14,NBA,2023,2023,1,N,1631160,name+dob,Jordan Hall,1631160,via-S1-bridge
hallmi01,Mike Hall,1984-06-05,NBA,2007,2007,1,N,200837,name+dob,Mike Hall,200837,via-S1-bridge
hallpj01,PJ Hall,2002-02-21,NBA,2025,2026,4,N,,no-S1-match,,1641790,name-+dob
hallty01,Tyler Hall,1997-03-25,NBA,2022,2022,1,N,1629788,name+dob,Tyler Hall,1629788,via-S1-bridge
hamda01,Darvin Ham,1973-07-23,NBA,1997,2005,10,N,1032,name+dob,Darvin Ham,1032,via-S1-bridge
hamerst01,Steve Hamer,1973-11-13,NBA,1997,1997,1,N,984,name+dob,Steve Hamer,984,via-S1-bridge
hamilda01,Dale Hamilton,1919-08-16,NBA,1950,1950,1,N,76925,name+dob,Dale Hamilton,76925,via-S1-bridge
hamilda02,Daniel Hamilton,1995-08-08,NBA,2018,2019,2,N,1627772,name+dob,Daniel Hamilton,1627772,via-S1-bridge
hamilde01,Dennis Hamilton,1944-05-08,ABA|NBA,1968,1971,2,N,76926,name+dob,Dennis Hamilton,76926,via-S1-bridge
hamiljo02,Jordan Hamilton,1990-10-06,NBA,2012,2016,7,N,202706,name+dob,Jordan Hamilton,202706,via-S1-bridge
hamilju01,Justin Hamilton,1990-04-01,NBA,2014,2017,7,N,203120,name+dob,Justin Hamilton,203120,via-S1-bridge
hamilra01,Ralph Hamilton,1921-06-10,BAA,1949,1949,3,N,76927,name+dob,Ralph Hamilton,76927,via-S1-bridge
hamilri01,Richard Hamilton,1978-02-14,NBA,2000,2013,14,N,1888,name+dob,Richard Hamilton,1888,via-S1-bridge
hamilro01,Roy Hamilton,1957-07-20,NBA,1980,1981,2,N,76928,lastname+dob,Roylee Hamilton,76928,via-S1-bridge
hamilst01,Steve Hamilton,1934-11-30,NBA,1959,1960,2,N,76929,DOB-conflict,Steve Hamilton,76929,via-S1-bridge
hamilta01,Tang Hamilton,1978-05-26,NBA,2002,2002,1,N,2347,name+dob,Tang Hamilton,2347,via-S1-bridge
hamilth01,Thomas Hamilton,1975-04-03,NBA,1996,2000,2,N,676,name+dob,Thomas Hamilton,676,via-S1-bridge
hamilze01,Zendon Hamilton,1975-04-27,NBA,2001,2006,8,N,1985,DOB-conflict,Zendon Hamilton,1985,via-S1-bridge
hammige01,Geert Hammink,1969-07-12,NBA,1994,1996,5,N,903,name+dob,Geert Hammink,903,via-S1-bridge
hammoaj01,A.J. Hammons,1992-08-27,NBA,2017,2017,1,N,1627773,lastname+dob,AJ Hammons,1627773,via-S1-bridge
hammoto01,Tom Hammonds,1967-03-27,NBA,1990,2001,14,N,67,name+dob,Tom Hammonds,67,via-S1-bridge
hamptrj01,R.J. Hampton,2001-02-07,NBA,2021,2024,8,N,1630181,name+dob,R.J. Hampton,1630181,via-S1-bridge
hancoda01,Darrin Hancock,1971-11-03,NBA,1995,1997,6,N,241,name+dob,Darrin Hancock,241,via-S1-bridge
handlbe01,Ben Handlogten,1973-11-16,NBA,2004,2005,2,N,1052,name+dob,Ben Handlogten,1052,via-S1-bridge
hankice01,Cecil Hankins,1922-01-06,BAA,1947,1948,2,N,76935,name+dob,Cecil Hankins,76935,via-S1-bridge
hankiph01,Phil Hankinson,1951-07-26,NBA,1974,1975,2,N,76936,name+dob,Phil Hankinson,76936,via-S1-bridge
hannadu01,Dusty Hannahs,1993-09-02,NBA,2019,2020,2,N,1628605,name+dob,Dusty Hannahs,1628605,via-S1-bridge
hannual01,Alex Hannum,1923-07-19,NBA,1950,1957,12,N,76937,name+dob,Alex Hannum,76937,via-S1-bridge
hanrado01,Don Hanrahan,1929-02-06,NBA,1953,1953,1,N,76938,name+dob,Don Hanrahan,76938,via-S1-bridge
hansbbe01,Ben Hansbrough,1987-12-23,NBA,2013,2013,1,N,203162,name+dob,Ben Hansbrough,203162,via-S1-bridge
hansbty01,Tyler Hansbrough,1985-11-03,NBA,2010,2016,7,N,201946,name+dob,Tyler Hansbrough,201946,via-S1-bridge
hansebo01,Bob Hansen,1961-01-18,NBA,1984,1992,11,N,76942,name+dob,Bob Hansen,76942,via-S1-bridge
hansegl01,Glenn Hansen,1952-04-21,NBA,1976,1978,5,N,76940,name+dob,Glenn Hansen,76940,via-S1-bridge
hansela01,Lars Hansen,1954-09-14,NBA,1979,1979,1,N,76941,name+dob,Lars Hansen,76941,via-S1-bridge
hansetr01,Travis Hansen,1978-04-15,NBA,2004,2004,1,N,2580,name+dob,Travis Hansen,2580,via-S1-bridge
hansore01,Reggie Hanson,1968-10-06,NBA,1998,1998,1,N,1682,DOB-conflict,Reggie Hanson,1682,via-S1-bridge
hansro01,Rollen Hans,1931-04-13,NBA,1954,1955,2,N,76939,name+dob,Rollen Hans,76939,via-S1-bridge
hanzlbi01,Bill Hanzlik,1957-12-06,NBA,1981,1990,10,N,76944,name+dob,Bill Hanzlik,76944,via-S1-bridge
haranlu01,Luke Harangody,1988-01-02,NBA,2011,2012,4,N,202376,name+dob,Luke Harangody,202376,via-S1-bridge
hardaan01,Anfernee Hardaway,1971-07-18,NBA,1994,2008,16,N,358,name+dob,Anfernee Hardaway,358,via-S1-bridge
hardati01,Tim Hardaway,1966-09-01,NBA,1990,2003,17,N,896,name+dob,Tim Hardaway,896,via-S1-bridge
hardati02,Tim Hardaway Jr.,1992-03-16,NBA,2014,2026,15,N,203501,name+dob,Tim Hardaway Jr.,203501,via-S1-bridge
hardeja01,James Harden,1989-08-26,NBA,2010,2026,23,N,201935,name+dob,James Harden,201935,via-S1-bridge
hardire01,Reggie Harding,1942-05-04,ABA|NBA,1964,1968,4,N,76945,name+dob,Reggie Harding,76945,via-S1-bridge
hardnch01,Charlie Hardnett,1938-09-13,NBA,1963,1965,3,N,76946,name+dob,Charlie Hardnett,76946,via-S1-bridge
hardyal01,Alan Hardy,1957-05-25,NBA,1981,1982,2,N,76947,name+dob,Alan Hardy,76947,via-S1-bridge
hardyja01,James Hardy,1956-12-01,NBA,1979,1982,4,N,76948,name+dob,James Hardy,76948,via-S1-bridge
hardyja02,Jaden Hardy,2002-07-05,NBA,2023,2026,6,N,1630702,name+dob,Jaden Hardy,1630702,via-S1-bridge
hargijo01,John Hargis,1920-08-20,NBA,1950,1951,4,N,76949,name+dob,John Hargis,76949,via-S1-bridge
harklej01,Elijah Harkless,2000-02-03,NBA,2025,2026,2,N,,no-S1-match,,1641989,name-+dob
harklma01,Maurice Harkless,1993-05-11,NBA,2013,2022,14,N,203090,name+dob,Maurice Harkless,203090,via-S1-bridge
harknje01,Jerry Harkness,1940-05-07,ABA|NBA,1964,1969,1,N,76950,name+dob,Jerry Harkness,76950,via-S1-bridge
harlisk01,Skip Harlicka,1946-10-14,NBA,1969,1969,1,N,76951,name+dob,Skip Harlicka,76951,via-S1-bridge
harmoje01,Jerome Harmon,1969-02-06,NBA,1995,1995,1,N,76952,name+dob,Jerome Harmon,76952,via-S1-bridge
harpede01,Derek Harper,1961-10-13,NBA,1984,1999,18,N,157,name+dob,Derek Harper,157,via-S1-bridge
harpedy01,Dylan Harper,2006-03-02,NBA,2026,2026,1,N,,no-S1-match,,1642844,name-+dob
harpeja01,Jared Harper,1997-09-14,NBA,2020,2022,3,N,1629607,name+dob,Jared Harper,1629607,via-S1-bridge
harpeju01,Justin Harper,1989-08-30,NBA,2012,2017,3,N,202712,name+dob,Justin Harper,202712,via-S1-bridge
harpemi01,Mike Harper,1957-12-09,NBA,1981,1982,2,N,76954,name+dob,Mike Harper,76954,via-S1-bridge
harpero01,Ron Harper,1964-01-20,NBA,1987,2001,17,N,166,name+dob,Ron Harper,166,via-S1-bridge
harpero02,Ron Harper Jr.,2000-04-12,NBA,2023,2026,4,N,1631199,name+dob,Ron Harper Jr.,1631199,via-S1-bridge
harprma01,Matt Harpring,1976-05-31,NBA,1999,2009,11,N,1723,name+dob,Matt Harpring,1723,via-S1-bridge
harrejo01,Josh Harrellson,1989-02-12,NBA,2012,2014,3,N,202725,name+dob,Josh Harrellson,202725,via-S1-bridge
harremo01,Montrezl Harrell,1994-01-26,NBA,2016,2023,10,N,1626149,name+dob,Montrezl Harrell,1626149,via-S1-bridge
harriaa01,Aaron Harrison,1994-10-28,NBA,2016,2018,3,N,1626151,name+dob,Aaron Harrison,1626151,via-S1-bridge
harriad01,Adam Harrington,1980-07-05,NBA,2003,2003,3,N,2492,name+dob,Adam Harrington,2492,via-S1-bridge
harrial01,Al Harrington,1980-02-17,NBA,1999,2014,20,N,1733,name+dob,Al Harrington,1733,via-S1-bridge
harrian01,Andrew Harrison,1994-10-28,NBA,2017,2019,6,N,1626150,name+dob,Andrew Harrison,1626150,via-S1-bridge
harriar01,Art Harris,1947-01-13,NBA,1969,1972,6,N,76956,name+dob,Art Harris,76956,via-S1-bridge
harribe01,Bernie Harris,1950-11-26,NBA,1975,1975,1,N,76957,name+dob,Bernie Harris,76957,via-S1-bridge
harribo01,Bob Harris,1927-03-16,NBA,1950,1954,7,N,76959,name+dob,Bob Harris,76959,via-S1-bridge
harribo02,Bob Harrison,1927-08-12,NBA,1950,1958,13,N,76962,name+dob,Bob Harrison,76962,via-S1-bridge
harrich01,Chris Harris,1933-08-11,NBA,1956,1956,3,N,76958,name+dob,Chris Harris,76958,via-S1-bridge
harrida01,David Harrison,1982-08-15,NBA,2005,2008,4,N,2758,name+dob,David Harrison,2758,via-S1-bridge
harride01,Devin Harris,1983-02-27,NBA,2005,2019,21,N,2734,name+dob,Devin Harris,2734,via-S1-bridge
harriel01,Elias Harris,1989-07-06,NBA,2014,2014,1,N,203548,name+dob,Elias Harris,203548,via-S1-bridge
harriga01,Gary Harris,1994-09-14,NBA,2015,2026,14,N,203914,name+dob,Gary Harris,203914,via-S1-bridge
harrija01,Jalen Harris,1998-08-14,NBA,2021,2021,1,N,1630223,name+dob,Jalen Harris,1630223,via-S1-bridge
harrijo01,Joe Harris,1991-09-06,NBA,2015,2024,10,N,203925,name+dob,Joe Harris,203925,via-S1-bridge
harriju01,Junior Harrington,1980-10-02,NBA,2003,2007,3,N,2454,name+dob,Junior Harrington,2454,via-S1-bridge
harrike01,Kevon Harris,1997-06-24,NBA,2023,2024,2,N,1630284,name+dob,Kevon Harris,1630284,via-S1-bridge
harrilu01,Lucious Harris,1970-12-18,NBA,1994,2005,12,N,446,name+dob,Lucious Harris,446,via-S1-bridge
harrima01,Manny Harris,1989-09-21,NBA,2011,2017,4,N,202412,name+dob,Manny Harris,202412,via-S1-bridge
harrimi01,Mike Harris,1983-06-15,NBA,2008,2014,6,N,200839,name+dob,Mike Harris,200839,via-S1-bridge
harriot01,Othella Harrington,1974-01-31,NBA,1997,2008,14,N,970,name+dob,Othella Harrington,970,via-S1-bridge
harrish01,Shaquille Harrison,1993-10-06,NBA,2018,2024,9,N,1627885,name+dob,Shaquille Harrison,1627885,via-S1-bridge
harrist01,Steve Harris,1963-10-15,NBA,1986,1990,7,N,76960,name+dob,Steve Harris,76960,via-S1-bridge
harrite01,Terrel Harris,1987-08-10,NBA,2012,2013,4,N,202227,name+dob,Terrel Harris,202227,via-S1-bridge
harrito01,Tony Harris,1967-05-13,NBA,1991,1995,3,N,76961,name+dob,Tony Harris,76961,via-S1-bridge
harrito02,Tobias Harris,1992-07-15,NBA,2012,2026,23,N,202699,name+dob,Tobias Harris,202699,via-S1-bridge
harteis01,Isaiah Hartenstein,1998-05-05,NBA,2019,2026,10,N,1628392,name+dob,Isaiah Hartenstein,1628392,via-S1-bridge
hartja01,Jason Hart,1978-04-29,NBA,2001,2010,15,N,2078,name+dob,Jason Hart,2078,via-S1-bridge
hartjo01,Josh Hart,1995-03-06,NBA,2018,2026,13,N,1628404,name+dob,Josh Hart,1628404,via-S1-bridge
harvean01,Antonio Harvey,1970-07-06,NBA,1994,2003,10,N,176,name+dob,Antonio Harvey,176,via-S1-bridge
harvedo01,Donnell Harvey,1980-08-26,NBA,2001,2005,9,N,2051,name+dob,Donnell Harvey,2051,via-S1-bridge
haskicl01,Clem Haskins,1943-07-11,NBA,1968,1976,9,N,76965,name+dob,Clem Haskins,76965,via-S1-bridge
haskisc01,Scott Haskin,1970-09-19,NBA,1994,1994,1,N,321,name+dob,Scott Haskin,321,via-S1-bridge
hasleud01,Udonis Haslem,1980-06-09,NBA,2004,2023,20,N,2617,name+dob,Udonis Haslem,2617,via-S1-bridge
hassebi01,Billy Hassett,1921-10-21,NBA,1950,1951,4,N,76967,name+dob,Billy Hassett,76967,via-S1-bridge
hassejo01,Joe Hassett,1955-09-11,NBA,1978,1983,8,N,76966,lastname+dob,Joey Hassett,76966,via-S1-bridge
hassetr01,Trenton Hassell,1979-03-04,NBA,2002,2010,11,N,2239,name+dob,Trenton Hassell,2239,via-S1-bridge
hastisc01,Scott Hastings,1960-06-03,NBA,1983,1993,13,N,76968,name+dob,Scott Hastings,76968,via-S1-bridge
hastoki01,Kirk Haston,1979-03-10,NBA,2002,2003,2,N,2213,name+dob,Kirk Haston,2213,via-S1-bridge
hattove01,Vern Hatton,1936-01-13,NBA,1959,1962,8,N,76969,name+dob,Vern Hatton,76969,via-S1-bridge
hausesa01,Sam Hauser,1997-12-08,NBA,2022,2026,5,N,1630573,name+dob,Sam Hauser,1630573,via-S1-bridge
havlijo01,John Havlicek,1940-04-08,NBA,1963,1978,16,N,76970,name+dob,John Havlicek,76970,via-S1-bridge
hawessp01,Spencer Hawes,1988-04-28,NBA,2008,2017,14,N,201150,name+dob,Spencer Hawes,201150,via-S1-bridge
hawesst01,Steve Hawes,1950-05-26,NBA,1975,1984,14,N,76971,name+dob,Steve Hawes,76971,via-S1-bridge
hawkico01,Connie Hawkins,1942-07-17,ABA|NBA,1968,1976,9,N,76972,name+dob,Connie Hawkins,76972,via-S1-bridge
hawkihe01,Hersey Hawkins,1966-09-29,NBA,1989,2001,13,N,765,name+dob,Hersey Hawkins,765,via-S1-bridge
hawkijo01,Jordan Hawkins,2002-04-29,NBA,2024,2026,3,N,,no-S1-match,,1641722,name-+dob
hawkiju01,Juaquin Hawkins,1973-07-02,NBA,2003,2003,1,N,1038,name+dob,Juaquin Hawkins,1038,via-S1-bridge
hawkima01,Marshall Hawkins,1924-08-03,NBA,1950,1950,1,N,76974,name+dob,Marshall Hawkins,76974,via-S1-bridge
hawkimi01,Michael Hawkins,1972-10-28,NBA,1997,2001,4,N,1138,name+dob,Michael Hawkins,1138,via-S1-bridge
hawkiro01,Bubbles Hawkins,1954-06-30,NBA,1976,1979,4,N,76975,lastname+dob,Robert Hawkins,76975,via-S1-bridge
hawkito01,Tom Hawkins,1936-12-22,NBA,1960,1969,10,N,76977,name+dob,Tom Hawkins,76977,via-S1-bridge
hawthna01,Nate Hawthorne,1950-01-15,NBA,1974,1976,3,N,76978,DOB-conflict,Nate Hawthorne,76978,via-S1-bridge
hayesch01,Chuck Hayes,1983-06-11,NBA,2006,2016,13,N,101236,name+dob,Chuck Hayes,101236,via-S1-bridge
hayesel01,Elvin Hayes,1945-11-17,NBA,1969,1984,16,N,76979,name+dob,Elvin Hayes,76979,via-S1-bridge
hayesja01,Jarvis Hayes,1981-08-09,NBA,2004,2010,7,N,2553,name+dob,Jarvis Hayes,2553,via-S1-bridge
hayesja02,Jaxson Hayes,2000-05-23,NBA,2020,2026,7,N,1629637,name+dob,Jaxson Hayes,1629637,via-S1-bridge
hayeski01,Killian Hayes,2001-07-27,NBA,2021,2026,6,N,1630165,name+dob,Killian Hayes,1630165,via-S1-bridge
hayesni01,Nigel Hayes-Davis,1994-12-16,NBA,2018,2026,5,N,1628502,name+dob,Nigel Hayes,1628502,via-S1-bridge
hayesst01,Steve Hayes,1955-08-02,NBA,1982,1986,7,N,76980,name+dob,Steve Hayes,76980,via-S1-bridge
haywago01,Gordon Hayward,1990-03-23,NBA,2011,2024,16,N,202330,name+dob,Gordon Hayward,202330,via-S1-bridge
haywala01,Lazar Hayward,1986-11-26,NBA,2011,2013,3,N,202351,name+dob,Lazar Hayward,202351,via-S1-bridge
haywobr01,Brendan Haywood,1979-11-27,NBA,2002,2015,15,N,2217,name+dob,Brendan Haywood,2217,via-S1-bridge
haywosp01,Spencer Haywood,1949-04-22,ABA|NBA,1970,1983,14,N,76981,name+dob,Spencer Haywood,76981,via-S1-bridge
hazenjo01,John Hazen,1927-03-02,BAA,1949,1949,1,N,76982,name+dob,John W. Hazen,76982,via-S1-bridge
headlu01,Luther Head,1982-11-26,NBA,2006,2011,8,N,101129,name+dob,Luther Head,101129,via-S1-bridge
healsh01,Shane Heal,1970-09-06,NBA,1997,2004,2,N,1049,name+dob,Shane Heal,1049,via-S1-bridge
heanebr01,Brian Heaney,1946-09-03,NBA,1970,1970,1,N,76984,name+dob,Brian Heaney,76984,via-S1-bridge
heardga01,Gar Heard,1948-05-03,NBA,1971,1981,15,N,76985,lastname+dob,Garfield Heard,76985,via-S1-bridge
hearnre01,Reggie Hearn,1991-08-14,NBA,2018,2018,1,N,203687,name+dob,Reggie Hearn,203687,via-S1-bridge
heddehe01,Herm Hedderick,1930-01-10,NBA,1955,1955,1,N,76986,DOB-conflict,Herm Hedderick,76986,via-S1-bridge
heggsal01,Alvin Heggs,1967-12-12,NBA,1996,1996,1,N,76987,DOB-conflict,Alvin Heggs,76987,via-S1-bridge
heinsto01,Tom Heinsohn,1934-08-26,NBA,1957,1965,9,N,76988,name+dob,Tom Heinsohn,76988,via-S1-bridge
hemridi01,Dick Hemric,1933-08-29,NBA,1956,1957,2,N,76989,name+dob,Dick Hemric,76989,via-S1-bridge
hendeal01,Alan Henderson,1972-12-02,NBA,1996,2007,12,N,673,name+dob,Alan Henderson,673,via-S1-bridge
hendece01,Cedric Henderson,1965-10-03,NBA,1987,1987,3,N,76990,name+dob,Cedric Henderson,76990,via-S1-bridge
hendece02,Cedric Henderson,1975-03-11,NBA,1998,2002,5,N,1538,name+dob,Cedric Henderson,1538,via-S1-bridge
hendeda01,Dave Henderson,1964-07-21,NBA,1988,1988,1,N,76991,name+dob,Dave Henderson,76991,via-S1-bridge
hendege01,Gerald Henderson,1956-01-16,NBA,1980,1992,21,N,76993,name+dob,Gerald Henderson,76993,via-S1-bridge
hendege02,Gerald Henderson,1987-12-09,NBA,2010,2017,8,N,201945,name+dob,Gerald Henderson,201945,via-S1-bridge
hendeje01,Jerome Henderson,1959-10-05,NBA,1986,1987,2,N,76992,name+dob,Jerome Henderson,76992,via-S1-bridge
hendejr01,J.R. Henderson,1976-10-30,NBA,1999,1999,1,N,1764,name+dob,J.R. Henderson,1764,via-S1-bridge
hendeke01,Kevin Henderson,1964-03-22,NBA,1987,1988,4,N,76994,name+dob,Kevin Henderson,76994,via-S1-bridge
hendesc01,Scoot Henderson,2004-02-03,NBA,2024,2026,3,N,,no-S1-match,,1630703,name-+dob
hendeto01,Tom Henderson,1952-01-26,NBA,1975,1983,11,N,76996,name+dob,Tom Henderson,76996,via-S1-bridge
hendrma01,Mark Hendrickson,1974-06-23,NBA,1997,2000,6,N,971,name+dob,Mark Hendrickson,971,via-S1-bridge
hendrta01,Taylor Hendricks,2003-11-22,NBA,2024,2026,5,N,,no-S1-match,,1641707,name-+dob
hennela01,Larry Hennessy,1929-05-20,NBA,1956,1957,4,N,76998,name+dob,Larry Hennessy,76998,via-S1-bridge
henrido01,Don Henriksen,1929-10-10,NBA,1953,1955,4,N,76999,name+dob,Don Henriksen,76999,via-S1-bridge
henryaa01,Aaron Henry,1999-08-30,NBA,2022,2022,1,N,1630565,name+dob,Aaron Henry,1630565,via-S1-bridge
henryal01,Al Henry,1949-02-09,NBA,1971,1972,2,N,77000,name+dob,Al Henry,77000,via-S1-bridge
henrybi01,Bill Henry,1924-12-27,BAA|NBA,1949,1950,4,N,77004,name+dob,Bill Henry,77004,via-S1-bridge
henryca01,Carl Henry,1960-08-16,NBA,1986,1986,1,N,77001,name+dob,Carl Henry,77001,via-S1-bridge
henryco01,Conner Henry,1963-07-21,NBA,1987,1988,7,N,77002,name+dob,Conner Henry,77002,via-S1-bridge
henrymy01,Myke Henry,1992-12-23,NBA,2018,2018,1,N,1627988,name+dob,Myke Henry,1627988,via-S1-bridge
henrysk01,Skeeter Henry,1967-12-08,NBA,1994,1994,1,N,77003,name+dob,Skeeter Henry,77003,via-S1-bridge
henryxa01,Xavier Henry,1991-03-15,NBA,2011,2015,5,N,202333,name+dob,Xavier Henry,202333,via-S1-bridge
hensojo01,John Henson,1990-12-28,NBA,2013,2020,10,N,203089,name+dob,John Henson,203089,via-S1-bridge
hensost01,Steve Henson,1968-02-02,NBA,1991,1999,7,N,1667,name+dob,Steve Henson,1667,via-S1-bridge
hepbuch01,Chucky Hepburn,2003-02-09,NBA,2026,2026,1,N,,no-S1-match,,1642935,name-+dob
hermabi01,Bill Herman,1924-05-17,NBA,1950,1950,1,N,77006,name+dob,Bill Herman,77006,via-S1-bridge
hermskl01,Kleggie Hermsen,1923-03-12,BAA|NBA,1947,1953,12,N,77007,lastname+dob,Clarence Hermsen,77007,via-S1-bridge
hernade01,Dewan Hernandez,1996-12-09,NBA,2020,2020,1,N,1629608,name+dob,Dewan Hernandez,1629608,via-S1-bridge
hernaju01,Juancho Hernangómez,1995-09-28,NBA,2017,2023,12,N,1627823,name+dob,Juancho Hernangomez,1627823,via-S1-bridge
hernawi01,Willy Hernangómez,1994-05-27,NBA,2017,2023,9,N,1626195,name+dob,Willy Hernangomez,1626195,via-S1-bridge
herreca01,Carl Herrera,1966-12-14,NBA,1992,1999,10,N,61,name+dob,Carl Herrera,61,via-S1-bridge
herrech01,Chris Herren,1975-09-27,NBA,2000,2001,2,N,1914,name+dob,Chris Herren,1914,via-S1-bridge
herrmwa01,Walter Herrmann,1979-06-26,NBA,2007,2009,5,N,200835,name+dob,Walter Herrmann,200835,via-S1-bridge
herroke01,Keith Herron,1956-06-14,NBA,1979,1982,3,N,77010,name+dob,Keith Herron,77010,via-S1-bridge
herroty01,Tyler Herro,2000-01-20,NBA,2020,2026,7,N,1629639,name+dob,Tyler Herro,1629639,via-S1-bridge
hertzso01,Sonny Hertzberg,1922-07-29,BAA|NBA,1947,1951,7,N,77011,lastname+dob,Sidney Hertzberg,77011,via-S1-bridge
herveke01,Kevin Hervey,1996-07-09,NBA,2020,2020,1,N,1628987,name+dob,Kevin Hervey,1628987,via-S1-bridge
hetzefr01,Fred Hetzel,1942-07-21,NBA,1966,1971,8,N,77012,name+dob,Fred Hetzel,77012,via-S1-bridge
hewitbi01,Bill Hewitt,1944-08-08,NBA,1969,1975,8,N,77013,name+dob,Bill Hewitt,77013,via-S1-bridge
hewsoja01,Jack Hewson,1924-09-07,BAA,1948,1948,1,N,77014,name+dob,Jack Hewson,77014,via-S1-bridge
heymaar01,Art Heyman,1941-06-24,ABA|NBA,1964,1970,5,N,77015,name+dob,Art Heyman,77015,via-S1-bridge
hezonma01,Mario Hezonja,1995-02-25,NBA,2016,2020,5,N,1626209,name+dob,Mario Hezonja,1626209,via-S1-bridge
hibbero01,Roy Hibbert,1986-12-11,NBA,2009,2017,11,N,201579,name+dob,Roy Hibbert,201579,via-S1-bridge
hickena01,Nat Hickey,1902-01-30,BAA,1948,1948,1,N,77016,lastname+dob,Matthew Hickey,77016,via-S1-bridge
hicksis01,Isaiah Hicks,1994-07-24,NBA,2018,2019,2,N,1628439,name+dob,Isaiah Hicks,1628439,via-S1-bridge
hicksjj01,J.J. Hickson,1988-09-04,NBA,2009,2016,12,N,201581,lastname+dob,JJ Hickson,201581,via-S1-bridge
hicksph01,Phil Hicks,1953-01-31,NBA,1977,1979,4,N,77017,name+dob,Phil Hicks,77017,via-S1-bridge
hieldbu01,Buddy Hield,1992-12-17,NBA,2017,2026,18,N,1627741,name+dob,Buddy Hield,1627741,via-S1-bridge
higgico01,Cory Higgins,1989-06-14,NBA,2012,2013,2,N,202809,name+dob,Cory Higgins,202809,via-S1-bridge
higgimi01,Mike Higgins,1967-02-17,NBA,1990,1991,4,N,1848,name+dob,Mike Higgins,1848,via-S1-bridge
higgiro01,Rod Higgins,1960-01-31,NBA,1983,1995,17,N,77019,name+dob,Rod Higgins,77019,via-S1-bridge
higgise01,Sean Higgins,1968-12-30,NBA,1991,1998,8,N,925,name+dob,Sean Higgins,925,via-S1-bridge
higgske01,Kenny Higgs,1955-01-31,NBA,1979,1982,3,N,77021,name+dob,Kenny Higgs,77021,via-S1-bridge
highjo01,Johnny High,1957-04-25,NBA,1980,1984,4,N,77022,name+dob,Johnny High,77022,via-S1-bridge
highsha01,Haywood Highsmith,1996-12-09,NBA,2019,2026,6,N,1629312,name+dob,Haywood Highsmith,1629312,via-S1-bridge
hightwa01,Wayne Hightower,1940-01-14,ABA|NBA,1963,1972,9,N,77023,name+dob,Wayne Hightower,77023,via-S1-bridge
hilarne01,Nenê,1982-09-13,NBA,2003,2019,19,N,2403,name+dob,Nene,2403,via-S1-bridge
hillar01,Armond Hill,1953-03-31,NBA,1977,1984,12,N,77024,name+dob,Armond Hill,77024,via-S1-bridge
hillcl01,Cleo Hill,1938-05-24,NBA,1962,1962,1,N,77025,name+dob,Cleo Hill,77025,via-S1-bridge
hillga01,Gary Hill,1941-10-07,NBA,1964,1965,4,N,77026,name+dob,Gary Hill,77026,via-S1-bridge
hillge01,George Hill,1986-05-04,NBA,2009,2023,23,N,201588,name+dob,George Hill,201588,via-S1-bridge
hillgr01,Grant Hill,1972-10-05,NBA,1995,2013,18,N,255,name+dob,Grant Hill,255,via-S1-bridge
hillhar01,Art Hillhouse,1916-06-12,BAA,1947,1948,2,N,77027,name+dob,Art Hillhouse,77027,via-S1-bridge
hillida01,Darrun Hilliard,1993-04-13,NBA,2016,2018,3,N,1626199,name+dob,Darrun Hilliard,1626199,via-S1-bridge
hilljo01,Jordan Hill,1987-07-27,NBA,2010,2017,12,N,201941,name+dob,Jordan Hill,201941,via-S1-bridge
hillma01,Malcolm Hill,1995-10-26,NBA,2022,2023,4,N,1630792,name+dob,Malcolm Hill,1630792,via-S1-bridge
hillmda01,Darnell Hillman,1949-08-29,ABA|NBA,1972,1980,6,N,77028,name+dob,Darnell Hillman,77028,via-S1-bridge
hillso01,Solomon Hill,1991-03-18,NBA,2014,2022,11,N,203524,name+dob,Solomon Hill,203524,via-S1-bridge
hillst01,Steven Hill,1985-11-14,NBA,2009,2009,1,N,201631,name+dob,Steven Hill,201631,via-S1-bridge
hillty01,Tyrone Hill,1968-03-19,NBA,1991,2004,18,N,238,name+dob,Tyrone Hill,238,via-S1-bridge
hiltofr01,Fred Hilton,1948-01-15,NBA,1972,1973,2,N,77029,name+dob,Fred Hilton,77029,via-S1-bridge
hinriki01,Kirk Hinrich,1981-01-02,NBA,2004,2016,17,N,2550,name+dob,Kirk Hinrich,2550,via-S1-bridge
hinsobl01,Blake Hinson,1999-12-26,NBA,2026,2026,1,N,,no-S1-match,,,
hinsoro01,Roy Hinson,1961-05-02,NBA,1984,1991,10,N,77030,name+dob,Roy Hinson,77030,via-S1-bridge
hintona01,Nate Hinton,1999-06-08,NBA,2021,2024,3,N,1630207,name+dob,Nate Hinton,1630207,via-S1-bridge
hirscme01,Mel Hirsch,1921-07-31,BAA,1947,1947,1,N,77031,name+dob,Mel Hirsch,77031,via-S1-bridge
hitchle01,Lew Hitch,1929-07-16,NBA,1952,1957,10,N,77032,name+dob,Lew Hitch,77032,via-S1-bridge
hitero01,Robert Hite,1984-01-12,NBA,2007,2007,1,N,200823,name+dob,Robert Hite,200823,via-S1-bridge
hoardja01,Jaylen Hoard,1999-03-30,NBA,2020,2022,3,N,1629658,name+dob,Jaylen Hoard,1629658,via-S1-bridge
hobsoda01,Darington Hobson,1987-09-29,NBA,2012,2012,1,N,202359,name+dob,Darington Hobson,202359,via-S1-bridge
hodgecr01,Craig Hodges,1960-06-27,NBA,1983,1992,14,N,77034,name+dob,Craig Hodges,77034,via-S1-bridge
hodgedm01,D'Moi Hodge,1998-12-20,NBA,2024,2024,1,N,,no-S1-match,,1641793,name-+dob
hodgedo01,Donald Hodge,1969-02-25,NBA,1992,1996,7,N,1106,name+dob,Donald Hodge,1106,via-S1-bridge
hodgeju01,Julius Hodge,1983-11-18,NBA,2006,2007,4,N,101125,name+dob,Julius Hodge,101125,via-S1-bridge
hoefech01,Charlie Hoefer,1921-09-16,BAA,1947,1948,4,N,,no-S1-match,,,
hoffmpa01,Paul Hoffman,1925-05-05,BAA|NBA,1948,1955,9,N,77036,name+dob,Paul 'The Bear' Hoffman,77036,via-S1-bridge
hogsebo01,Bob Hogsett,1941-01-29,ABA|NBA,1967,1968,1,N,77037,name+dob,Bob Hogsett,77037,via-S1-bridge
hoguedu01,Paul Hogue,1940-04-28,NBA,1963,1964,4,N,77038,name+dob,Paul Hogue,77038,via-S1-bridge
hoibefr01,Fred Hoiberg,1972-10-15,NBA,1996,2005,10,N,697,name+dob,Fred Hoiberg,697,via-S1-bridge
holcodo01,Doug Holcomb,1921-02-09,BAA,1949,1949,1,N,77039,DOB-conflict,Doug Holcomb,77039,via-S1-bridge
holcora01,Randy Holcomb,1979-08-08,NBA,2006,2006,1,N,2450,name+dob,Randy Holcomb,2450,via-S1-bridge
holidaa01,Aaron Holiday,1996-09-30,NBA,2019,2026,10,N,1628988,name+dob,Aaron Holiday,1628988,via-S1-bridge
holidjr01,Jrue Holiday,1990-06-12,NBA,2010,2026,17,N,201950,name+dob,Jrue Holiday,201950,via-S1-bridge
holidju01,Justin Holiday,1989-04-05,NBA,2013,2024,19,N,203200,name+dob,Justin Holiday,203200,via-S1-bridge
hollabr01,Brad Holland,1956-12-06,NBA,1980,1982,5,N,77040,name+dob,Brad Holland,77040,via-S1-bridge
hollajo01,Joe Holland,1925-09-26,NBA,1950,1952,3,N,77041,name+dob,Joe Holland,77041,via-S1-bridge
hollajo02,John Holland,1988-11-06,NBA,2018,2019,2,N,204066,name+dob,John Holland,204066,via-S1-bridge
hollaro01,Ron Holland,2005-07-07,NBA,2025,2026,2,N,,no-S1-match,,,
hollawi01,Wilbur Holland,1951-11-08,NBA,1976,1979,4,N,77042,name+dob,Wilbur Holland,77042,via-S1-bridge
hollies01,Essie Hollis,1955-05-16,NBA,1979,1979,1,N,77044,name+dob,Essie Hollis,77044,via-S1-bridge
hollili01,Lionel Hollins,1953-10-19,NBA,1976,1985,12,N,77043,name+dob,Lionel Hollins,77043,via-S1-bridge
holliro01,Rondae Hollis-Jefferson,1995-01-03,NBA,2016,2021,6,N,1626178,name+dob,Rondae Hollis-Jefferson,1626178,via-S1-bridge
holliry01,Ryan Hollins,1984-10-10,NBA,2007,2016,16,N,200797,name+dob,Ryan Hollins,200797,via-S1-bridge
holmeda01,DaRon Holmes,2002-08-15,NBA,2026,2026,1,N,,no-S1-match,,1641747,name-+dob
holmeri01,Richaun Holmes,1993-10-15,NBA,2016,2025,12,N,1626158,name+dob,Richaun Holmes,1626158,via-S1-bridge
holmgch01,Chet Holmgren,2002-05-01,NBA,2024,2026,3,N,1631096,name+dob,Chet Holmgren,1631096,via-S1-bridge
holstji01,Jim Holstein,1930-09-24,NBA,1953,1956,4,N,77045,name+dob,Jim Holstein,77045,via-S1-bridge
holtaw01,A.W. Holt,1946-08-26,NBA,1971,1971,1,N,77046,lastname+dob,Alvin Holt,77046,via-S1-bridge
holtomi01,Michael Holton,1961-08-04,NBA,1985,1990,8,N,77047,name+dob,Michael Holton,77047,via-S1-bridge
holubdi01,Dick Holub,1921-10-29,BAA,1948,1948,1,N,77048,name+dob,Dick Holub,77048,via-S1-bridge
holupjo01,Joe Holup,1934-02-26,NBA,1957,1959,5,N,77049,name+dob,Joe Holup,77049,via-S1-bridge
holzmre01,Red Holzman,1920-08-10,BAA|NBA,1949,1954,6,N,77050,name+dob,Red Holzman,77050,via-S1-bridge
honeyje01,Jerald Honeycutt,1974-10-20,NBA,1998,1999,4,N,1532,name+dob,Jerald Honeycutt,1532,via-S1-bridge
honeyty01,Tyler Honeycutt,1990-07-15,NBA,2012,2013,2,N,202715,name+dob,Tyler Honeycutt,202715,via-S1-bridge
hoodde01,Derek Hood,1976-12-22,NBA,2000,2000,1,N,1967,name+dob,Derek Hood,1967,via-S1-bridge
hoodro01,Rodney Hood,1992-10-20,NBA,2015,2022,16,N,203918,name+dob,Rodney Hood,203918,via-S1-bridge
hoodsja01,Jalen Hood-Schifino,2003-06-19,NBA,2024,2025,4,N,,no-S1-match,,1641720,name-+dob
hooveto01,Tom Hoover,1941-01-23,ABA|NBA,1964,1969,3,N,77051,name+dob,Tom Hoover,77051,via-S1-bridge
hopkibo01,Bob Hopkins,1934-11-03,NBA,1957,1960,4,N,77052,name+dob,Bob Hopkins,77052,via-S1-bridge
hoppeda01,Dave Hoppen,1964-03-13,NBA,1988,1993,10,N,77053,name+dob,Dave Hoppen,77053,via-S1-bridge
hopsode01,Dennis Hopson,1965-04-22,NBA,1988,1992,7,N,77054,name+dob,Dennis Hopson,77054,via-S1-bridge
hopsosc01,Scotty Hopson,1989-08-08,NBA,2014,2022,3,N,203816,name+dob,Scotty Hopson,203816,via-S1-bridge
horanjo01,Johnny Horan,1932-11-24,NBA,1956,1956,3,N,77055,name+dob,Johnny Horan,77055,via-S1-bridge
hordgce01,Cedrick Hordges,1957-01-08,NBA,1981,1982,2,N,77056,name+dob,Cedrick Hordges,77056,via-S1-bridge
horfoal01,Al Horford,1986-06-03,NBA,2008,2026,19,N,201143,name+dob,Al Horford,201143,via-S1-bridge
horfoti01,Tito Horford,1966-01-19,NBA,1989,1994,3,N,77057,name+dob,Tito Horford,77057,via-S1-bridge
hornaje01,Jeff Hornacek,1963-05-03,NBA,1987,2000,16,N,204,name+dob,Jeff Hornacek,204,via-S1-bridge
hornede01,Dennis Horner,1988-02-05,NBA,2012,2012,1,N,202862,name+dob,Dennis Horner,202862,via-S1-bridge
hornro01,Ron Horn,1938-05-24,ABA|NBA,1962,1968,2,N,77058,name+dob,Ron Horn,77058,via-S1-bridge
horryro01,Robert Horry,1970-08-25,NBA,1993,2008,18,N,109,name+dob,Robert Horry,109,via-S1-bridge
hortoed01,Ed Horton,1967-12-17,NBA,1990,1990,1,N,77060,name+dob,Ed Horton,77060,via-S1-bridge
hortota01,Talen Horton-Tucker,2000-11-25,NBA,2020,2025,6,N,1629659,name+dob,Talen Horton-Tucker,1629659,via-S1-bridge
hoskebi01,Bill Hosket,1946-12-20,NBA,1969,1972,4,N,77061,lastname+dob,Wilmer Hosket,77061,via-S1-bridge
houbrbo01,Bob Houbregs,1932-03-12,NBA,1954,1958,10,N,77062,name+dob,Bob Houbregs,77062,via-S1-bridge
houseda01,Danuel House Jr.,1993-06-07,NBA,2017,2024,11,N,1627863,name+dob,Danuel House Jr.,1627863,via-S1-bridge
houseed01,Eddie House,1978-05-14,NBA,2001,2011,16,N,2067,name+dob,Eddie House,2067,via-S1-bridge
houstal01,Allan Houston,1971-04-20,NBA,1994,2005,12,N,275,name+dob,Allan Houston,275,via-S1-bridge
houstby01,Byron Houston,1969-11-22,NBA,1993,1996,4,N,780,name+dob,Byron Houston,780,via-S1-bridge
houstca01,Caleb Houstan,2003-01-09,NBA,2023,2026,4,N,1631216,name+dob,Caleb Houstan,1631216,via-S1-bridge
hovasto01,Tom Hovasse,1967-01-31,NBA,1995,1995,1,N,77064,name+dob,Tom Hovasse,77064,via-S1-bridge
howarbr01,Brian Howard,1967-10-19,NBA,1992,1993,2,N,77065,name+dob,Brian Howard,77065,via-S1-bridge
howardw01,Dwight Howard,1985-12-08,NBA,2005,2022,18,N,2730,name+dob,Dwight Howard,2730,via-S1-bridge
howargr01,Greg Howard,1948-01-08,NBA,1971,1972,2,N,77066,name+dob,Greg Howard,77066,via-S1-bridge
howarje01,Jett Howard,2003-09-14,NBA,2024,2026,3,N,,no-S1-match,,1641724,name-+dob
howarjo01,Josh Howard,1980-04-28,NBA,2004,2013,12,N,2572,name+dob,Josh Howard,2572,via-S1-bridge
howarju01,Juwan Howard,1973-02-07,NBA,1995,2013,25,N,436,name+dob,Juwan Howard,436,via-S1-bridge
howarma02,Markus Howard,1999-03-03,NBA,2021,2022,2,N,1630210,name+dob,Markus Howard,1630210,via-S1-bridge
howarmo01,Mo Howard,1954-08-25,NBA,1977,1977,3,N,77067,DOB-conflict,Mo Howard,77067,via-S1-bridge
howarot01,Otis Howard,1956-11-05,NBA,1979,1979,3,N,77069,name+dob,Otis Howard,77069,via-S1-bridge
howarst01,Stephen Howard,1970-07-15,NBA,1993,1998,6,N,1128,name+dob,Stephen Howard,1128,via-S1-bridge
howarwi01,William Howard,1993-10-25,NBA,2020,2020,1,N,1629739,name+dob,William Howard,1629739,via-S1-bridge
howelba01,Bailey Howell,1937-01-20,NBA,1960,1971,12,N,77070,name+dob,Bailey Howell,77070,via-S1-bridge
hubbabo01,Bob Hubbard,1922-12-27,BAA,1948,1949,2,N,77072,name+dob,Bob Hubbard,77072,via-S1-bridge
hubbaph01,Phil Hubbard,1956-12-13,NBA,1980,1989,12,N,77071,name+dob,Phil Hubbard,77071,via-S1-bridge
hudgitr01,Trevor Hudgins,1999-03-23,NBA,2023,2023,1,N,1631309,name+dob,Trevor Hudgins,1631309,via-S1-bridge
hudsole01,Lester Hudson,1984-08-07,NBA,2010,2015,8,N,201991,name+dob,Lester Hudson,201991,via-S1-bridge
hudsolo01,Lou Hudson,1944-07-11,NBA,1967,1979,13,N,77074,name+dob,Lou Hudson,77074,via-S1-bridge
hudsotr01,Troy Hudson,1976-03-13,NBA,1998,2008,11,N,1607,name+dob,Troy Hudson,1607,via-S1-bridge
huertke01,Kevin Huerter,1998-08-27,NBA,2019,2026,12,N,1628989,name+dob,Kevin Huerter,1628989,via-S1-bridge
huertma01,Marcelo Huertas,1983-05-25,NBA,2016,2017,2,N,1626273,name+dob,Marcelo Huertas,1626273,via-S1-bridge
huestjo01,Josh Huestis,1991-12-19,NBA,2016,2018,3,N,203962,name+dob,Josh Huestis,203962,via-S1-bridge
huffja01,Jay Huff,1998-08-25,NBA,2022,2026,5,N,1630643,DOB-conflict,Jay Huff,1630643,via-S1-bridge
huffmna01,Nate Huffman,1975-04-02,NBA,2003,2003,1,N,1572,name+dob,Nate Huffman,1572,via-S1-bridge
hugheed01,Eddie Hughes,1960-05-26,NBA,1988,1990,3,N,77077,name+dob,Eddie Hughes,77077,via-S1-bridge
hugheel01,Elijah Hughes,1998-03-10,NBA,2021,2022,4,N,1630190,name+dob,Elijah Hughes,1630190,via-S1-bridge
hugheki01,Kim Hughes,1952-06-04,ABA|NBA,1976,1981,7,N,77078,name+dob,Kim Hughes,77078,via-S1-bridge
hughela01,Larry Hughes,1979-01-23,NBA,1999,2012,21,N,1716,name+dob,Larry Hughes,1716,via-S1-bridge
hugheri01,Alfredrick Hughes,1962-07-19,NBA,1986,1986,1,N,77076,name+dob,Alfredrick Hughes,77076,via-S1-bridge
hugheri02,Rick Hughes,1973-08-22,NBA,2000,2000,1,N,1965,name+dob,Rick Hughes,1965,via-S1-bridge
hukpoar01,Ariel Hukporti,2002-04-11,NBA,2025,2026,2,N,,no-S1-match,,1630574,name-DOB-conflict
hummejo01,John Hummer,1948-05-04,NBA,1971,1976,8,N,77080,name+dob,John Hummer,77080,via-S1-bridge
hummero01,Robbie Hummel,1989-03-08,NBA,2014,2015,2,N,203133,name+dob,Robbie Hummel,203133,via-S1-bridge
humphis01,Isaac Humphries,1998-01-05,NBA,2019,2019,1,N,1629353,name+dob,Isaac Humphries,1629353,via-S1-bridge
humphja01,Jay Humphries,1962-10-17,NBA,1985,1995,15,N,77081,name+dob,Jay Humphries,77081,via-S1-bridge
humphkr01,Kris Humphries,1985-02-06,NBA,2005,2017,18,N,2743,name+dob,Kris Humphries,2743,via-S1-bridge
humphry01,Ryan Humphrey,1979-07-24,NBA,2003,2005,5,N,2415,name+dob,Ryan Humphrey,2415,via-S1-bridge
hundlho01,Hot Rod Hundley,1934-10-26,NBA,1958,1963,6,N,77082,lastname+dob,Rod Hundley,77082,via-S1-bridge
huntebr01,Brandon Hunter,1980-11-24,NBA,2004,2005,2,N,2599,name+dob,Brandon Hunter,2599,via-S1-bridge
huntece01,Cedric Hunter,1965-01-16,NBA,1992,1992,1,N,77083,name+dob,Cedric Hunter,77083,via-S1-bridge
huntech01,Chris Hunter,1984-07-07,NBA,2010,2010,1,N,201805,DOB-conflict,Chris Hunter,201805,via-S1-bridge
huntede01,De'Andre Hunter,1997-12-02,NBA,2020,2026,11,N,1629631,name+dob,De'Andre Hunter,1629631,via-S1-bridge
huntele01,Les Hunter,1942-08-16,ABA|NBA,1965,1973,1,N,77084,name+dob,Les Hunter,77084,via-S1-bridge
hunteli01,Lindsey Hunter,1970-12-03,NBA,1994,2010,17,N,283,name+dob,Lindsey Hunter,283,via-S1-bridge
hunteot01,Othello Hunter,1986-05-28,NBA,2009,2010,2,N,201629,name+dob,Othello Hunter,201629,via-S1-bridge
hunterj01,R.J. Hunter,1993-10-24,NBA,2016,2019,4,N,1626154,lastname+dob,RJ Hunter,1626154,via-S1-bridge
huntest01,Steven Hunter,1981-10-31,NBA,2002,2010,8,N,2212,name+dob,Steven Hunter,2212,via-S1-bridge
huntevi01,Vince Hunter,1994-08-05,NBA,2018,2018,1,N,1626205,lastname+dob,Vincent Hunter,1626205,via-S1-bridge
huntfe01,Feron Hunt,1999-07-05,NBA,2022,2022,1,N,1630624,name+dob,Feron Hunt,1630624,via-S1-bridge
huntlcj01,CJ Huntley,2002-01-06,NBA,2026,2026,1,N,,no-S1-match,,1643047,name-+dob
hurlebo01,Bobby Hurley,1971-06-28,NBA,1994,1998,7,N,310,name+dob,Bobby Hurley,310,via-S1-bridge
hurlero01,Roy Hurley,1922-08-12,BAA,1947,1947,1,N,77086,name+dob,Roy Hurley,77086,via-S1-bridge
hurtma01,Matthew Hurt,2000-04-20,NBA,2024,2024,1,N,,no-S1-match,,,
hustoge01,Geoff Huston,1957-11-08,NBA,1980,1987,10,N,77087,name+dob,Geoff Huston,77087,via-S1-bridge
hustopa01,Paul Huston,1925-06-02,BAA,1948,1948,1,N,77088,name+dob,Paul Huston,77088,via-S1-bridge
hutchch01,Chandler Hutchison,1996-04-26,NBA,2019,2022,6,N,1628990,name+dob,Chandler Hutchison,1628990,via-S1-bridge
hutchme01,Mel Hutchins,1928-11-22,NBA,1952,1958,7,N,77089,name+dob,Mel Hutchins,77089,via-S1-bridge
huttojo01,Joe Hutton,1928-10-06,NBA,1951,1952,2,N,77090,name+dob,Joe Hutton,77090,via-S1-bridge
hydergr01,Greg Hyder,1948-06-21,NBA,1971,1971,1,N,77091,name+dob,Greg Hyder,77091,via-S1-bridge
hylanbo01,Bones Hyland,2000-09-14,NBA,2022,2026,9,N,1630538,name+dob,Bones Hyland,1630538,via-S1-bridge
iavarma01,Marc Iavaroni,1956-09-15,NBA,1983,1989,11,N,77092,name+dob,Marc Iavaroni,77092,via-S1-bridge
ibakase01,Serge Ibaka,1989-09-18,NBA,2010,2023,18,N,201586,name+dob,Serge Ibaka,201586,via-S1-bridge
ighodos01,Oso Ighodaro,2002-07-14,NBA,2025,2026,2,N,,no-S1-match,,1642345,name-+dob
iguodan01,Andre Iguodala,1984-01-28,NBA,2005,2023,19,N,2738,name+dob,Andre Iguodala,2738,via-S1-bridge
ilgauzy01,Zydrunas Ilgauskas,1975-06-05,NBA,1998,2011,13,N,980,name+dob,Zydrunas Ilgauskas,980,via-S1-bridge
ilicmi01,Mile Ilić,1984-06-02,NBA,2007,2007,1,N,101148,name+dob,Mile Ilic,101148,via-S1-bridge
ilyaser01,Ersan İlyasova,1987-05-15,NBA,2007,2021,20,N,101141,name+dob,Ersan Ilyasova,101141,via-S1-bridge
imhofda01,Darrall Imhoff,1938-10-11,NBA,1961,1972,14,N,77093,name+dob,Darrall Imhoff,77093,via-S1-bridge
ingelto01,Tom Ingelsby,1951-02-12,ABA|NBA,1974,1976,1,N,77094,name+dob,Tom Ingelsby,77094,via-S1-bridge
inglejo01,Joe Ingles,1987-10-02,NBA,2015,2026,12,N,204060,name+dob,Joe Ingles,204060,via-S1-bridge
inglida01,Damien Inglis,1995-05-20,NBA,2016,2016,1,N,203996,name+dob,Damien Inglis,203996,via-S1-bridge
ingraan01,Andre Ingram,1985-11-19,NBA,2018,2019,2,N,201281,name+dob,Andre Ingram,201281,via-S1-bridge
ingrabr01,Brandon Ingram,1997-09-02,NBA,2017,2026,10,N,1627742,name+dob,Brandon Ingram,1627742,via-S1-bridge
ingraha01,Harrison Ingram,2002-11-27,NBA,2025,2026,2,N,,no-S1-match,,1631127,name-+dob
ingramc01,McCoy Ingram,1931-08-31,NBA,1958,1958,1,N,77095,lastname+dob,Joel Ingram,77095,via-S1-bridge
irvinby01,Byron Irvin,1966-12-02,NBA,1990,1993,3,N,77096,name+dob,Byron Irvin,77096,via-S1-bridge
irvinky01,Kyrie Irving,1992-03-23,NBA,2012,2025,16,N,202681,name+dob,Kyrie Irving,202681,via-S1-bridge
isaacjo01,Jonathan Isaac,1997-10-03,NBA,2018,2026,7,N,1628371,name+dob,Jonathan Isaac,1628371,via-S1-bridge
isselda01,Dan Issel,1948-10-25,ABA|NBA,1971,1985,9,N,77097,name+dob,Dan Issel,77097,via-S1-bridge
iuzzomi01,Mike Iuzzolino,1968-01-22,NBA,1992,1993,2,N,77098,name+dob,Mike Iuzzolino,77098,via-S1-bridge
iversal01,Allen Iverson,1975-06-07,NBA,1997,2010,20,N,947,name+dob,Allen Iverson,947,via-S1-bridge
iveyja01,Jaden Ivey,2002-02-13,NBA,2023,2026,6,N,1631093,name+dob,Jaden Ivey,1631093,via-S1-bridge
iveyro01,Royal Ivey,1981-12-20,NBA,2005,2014,12,N,2767,name+dob,Royal Ivey,2767,via-S1-bridge
iwundwe01,Wes Iwundu,1994-12-20,NBA,2018,2022,7,N,1628411,name+dob,Wes Iwundu,1628411,via-S1-bridge
jackja01,Jarrett Jack,1983-10-28,NBA,2006,2018,15,N,101127,name+dob,Jarrett Jack,101127,via-S1-bridge
jacksaa01,Aaron Jackson,1986-05-06,NBA,2018,2018,1,N,1628935,name+dob,Aaron Jackson,1628935,via-S1-bridge
jacksal01,Al Jackson,1943-07-29,NBA,1968,1968,1,N,77099,name+dob,Al Jackson,77099,via-S1-bridge
jacksan01,Andre Jackson Jr.,2001-11-13,NBA,2024,2026,3,N,,no-S1-match,,1641748,name-+dob
jacksbo01,Bobby Jackson,1973-03-13,NBA,1998,2009,14,N,1517,name+dob,Bobby Jackson,1517,via-S1-bridge
jacksce01,Cedric Jackson,1986-03-05,NBA,2010,2010,4,N,202132,name+dob,Cedric Jackson,202132,via-S1-bridge
jacksda01,Darnell Jackson,1985-11-07,NBA,2009,2011,5,N,201616,name+dob,Darnell Jackson,201616,via-S1-bridge
jacksde01,Demetrius Jackson,1994-09-07,NBA,2017,2019,5,N,1627743,name+dob,Demetrius Jackson,1627743,via-S1-bridge
jacksfr01,Frank Jackson,1998-05-04,NBA,2019,2023,5,N,1628402,name+dob,Frank Jackson,1628402,via-S1-bridge
jacksgg01,GG Jackson II,2004-12-17,NBA,2024,2026,3,N,,no-S1-match,,1641713,name-+dob
jacksgr01,Greg Jackson,1952-08-02,NBA,1975,1975,3,N,77101,name+dob,Greg Jackson,77101,via-S1-bridge
jacksis01,Isaiah Jackson,2002-01-10,NBA,2022,2026,7,N,1630543,name+dob,Isaiah Jackson,1630543,via-S1-bridge
jacksja01,Jaren Jackson,1967-10-27,NBA,1990,2002,12,N,1114,name+dob,Jaren Jackson,1114,via-S1-bridge
jacksja02,Jaren Jackson Jr.,1999-09-15,NBA,2019,2026,10,N,1628991,name+dob,Jaren Jackson Jr.,1628991,via-S1-bridge
jacksje01,Jermaine Jackson,1976-06-07,NBA,2000,2006,7,N,1983,name+dob,Jermaine Jackson,1983,via-S1-bridge
jacksji01,Jim Jackson,1970-10-14,NBA,1993,2006,24,N,754,name+dob,Jim Jackson,754,via-S1-bridge
jacksjo02,Josh Jackson,1997-02-10,NBA,2018,2022,7,N,1628367,name+dob,Josh Jackson,1628367,via-S1-bridge
jacksju01,Justin Jackson,1995-03-28,NBA,2018,2024,13,N,1628382,name+dob,Justin Jackson,1628382,via-S1-bridge
jackslu01,Luke Jackson,1941-10-31,NBA,1965,1972,8,N,77103,lastname+dob,Lucious Jackson,77103,via-S1-bridge
jackslu02,Luke Jackson,1981-11-06,NBA,2005,2008,6,N,2739,name+dob,Luke Jackson,2739,via-S1-bridge
jacksma01,Mark Jackson,1965-04-01,NBA,1988,2004,21,N,349,name+dob,Mark Jackson,349,via-S1-bridge
jacksma02,Marc Jackson,1975-01-16,NBA,2001,2007,11,N,1531,name+dob,Marc Jackson,1531,via-S1-bridge
jacksmi02,Michael Jackson,1964-07-13,NBA,1988,1990,3,N,77104,name+dob,Michael Jackson,77104,via-S1-bridge
jacksmy01,Myron Jackson,1964-05-06,NBA,1987,1987,1,N,77105,name+dob,Myron Jackson,77105,via-S1-bridge
jacksph01,Phil Jackson,1945-09-17,NBA,1968,1980,12,N,77106,name+dob,Phil Jackson,77106,via-S1-bridge
jackspi01,Pierre Jackson,1991-08-29,NBA,2017,2017,1,N,203510,name+dob,Pierre Jackson,203510,via-S1-bridge
jacksqu01,Quenton Jackson,1998-09-15,NBA,2023,2026,4,N,1631245,name+dob,Quenton Jackson,1631245,via-S1-bridge
jacksra01,Ralph Jackson,1962-10-26,NBA,1985,1985,1,N,77107,name+dob,Ralph Jackson,77107,via-S1-bridge
jacksra02,Randell Jackson,1976-01-16,NBA,1999,2000,2,N,1872,DOB-conflict,Randell Jackson,1872,via-S1-bridge
jacksre01,Reggie Jackson,1990-04-16,NBA,2012,2025,20,N,202704,name+dob,Reggie Jackson,202704,via-S1-bridge
jacksst01,Stanley Jackson,1970-10-10,NBA,1994,1994,1,N,77109,name+dob,Stanley Jackson,77109,via-S1-bridge
jacksst02,Stephen Jackson,1978-04-05,NBA,2001,2014,20,N,1536,name+dob,Stephen Jackson,1536,via-S1-bridge
jacksto02,Tony Jackson,1958-01-17,NBA,1981,1981,1,N,77100,name+dob,Tony Jackson,77100,via-S1-bridge
jackstr01,Tracy Jackson,1959-04-21,NBA,1982,1984,5,N,77110,name+dob,Tracy Jackson,77110,via-S1-bridge
jackstr02,Trayce Jackson-Davis,2000-02-22,NBA,2024,2026,5,N,,no-S1-match,,1631218,name-+dob
jackswa01,Wardell Jackson,1951-07-18,NBA,1975,1975,1,N,77111,name+dob,Wardell Jackson,77111,via-S1-bridge
jacobca01,Casey Jacobsen,1981-03-19,NBA,2003,2008,6,N,2418,name+dob,Casey Jacobsen,2418,via-S1-bridge
jacobfr01,Fred Jacobs,1922-12-02,BAA,1947,1947,1,N,77112,lastname+dob,Winfred Jacobs,77112,via-S1-bridge
jacobsa01,Sam Jacobson,1975-07-22,NBA,1999,2001,5,N,1734,name+dob,Sam Jacobson,1734,via-S1-bridge
jakucka01,Kasparas Jakučionis,2006-05-29,NBA,2026,2026,1,N,,no-S1-match,,1642857,name-+dob
jamerda01,Dave Jamerson,1967-08-13,NBA,1991,1994,5,N,77114,name+dob,Dave Jamerson,77114,via-S1-bridge
jamesaa01,Aaron James,1952-10-05,NBA,1975,1979,5,N,77115,name+dob,Aaron James,77115,via-S1-bridge
jamesbe01,Bernard James,1985-02-07,NBA,2013,2015,3,N,203108,name+dob,Bernard James,203108,via-S1-bridge
jamesbr02,Bronny James,2004-10-06,NBA,2025,2026,2,N,,no-S1-match,,1642355,name-+dob
jamesda01,Damion James,1987-10-07,NBA,2011,2014,4,N,202345,name+dob,Damion James,202345,via-S1-bridge
jamesge01,Gene James,1925-02-15,BAA|NBA,1949,1951,5,N,77116,name+dob,Gene James,77116,via-S1-bridge
jameshe01,Henry James,1965-07-29,NBA,1991,1998,9,N,1080,name+dob,Henry James,1080,via-S1-bridge
jamesje01,Jerome James,1975-11-17,NBA,1999,2009,9,N,1744,name+dob,Jerome James,1744,via-S1-bridge
jamesju01,Justin James,1997-01-24,NBA,2020,2021,2,N,1629713,name+dob,Justin James,1629713,via-S1-bridge
jamesle01,LeBron James,1984-12-30,NBA,2004,2026,23,N,2544,name+dob,LeBron James,2544,via-S1-bridge
jamesmi01,Mike James,1975-06-23,NBA,2002,2014,20,N,2229,name+dob,Mike James,2229,via-S1-bridge
jamesmi02,Mike James,1990-08-18,NBA,2018,2021,4,N,1628455,name+dob,Mike James,1628455,via-S1-bridge
jamessi01,Sion James,2002-12-04,NBA,2026,2026,1,N,,no-S1-match,,1642883,name-+dob
jamesti01,Tim James,1976-12-26,NBA,2000,2002,3,N,1906,DOB-conflict,Tim James,1906,via-S1-bridge
jamisan01,Antawn Jamison,1976-06-12,NBA,1999,2014,18,N,1712,name+dob,Antawn Jamison,1712,via-S1-bridge
jamisha01,Harold Jamison,1976-11-20,NBA,2000,2002,2,N,1942,name+dob,Harold Jamison,1942,via-S1-bridge
janisjo01,John Janisch,1920-03-15,BAA,1947,1948,4,N,77120,name+dob,John Janisch,77120,via-S1-bridge
janotho01,Howie Janotta,1924-10-19,NBA,1950,1950,1,N,77122,name+dob,Howie Janotta,77122,via-S1-bridge
jaqueja01,Jaime Jaquez Jr.,2001-02-18,NBA,2024,2026,3,N,,no-S1-match,,1631170,name-+dob
jaricma01,Marko Jarić,1978-10-12,NBA,2003,2009,7,N,2060,DOB-conflict,Marko Jaric,2060,via-S1-bridge
jarosto01,Tony Jaros,1920-02-22,BAA|NBA,1947,1951,4,N,77123,name+dob,Tony Jaros,77123,via-S1-bridge
jarrede01,DeJon Jarreau,1998-01-23,NBA,2022,2026,3,N,1630610,name+dob,DeJon Jarreau,1630610,via-S1-bridge
jasiksa01,Šarūnas Jasikevičius,1976-03-05,NBA,2006,2007,4,N,101180,name+dob,Sarunas Jasikevicius,101180,via-S1-bridge
jawaina01,Nathan Jawai,1986-10-10,NBA,2009,2010,2,N,201605,name+dob,Nathan Jawai,201605,via-S1-bridge
jeannbu01,Buddy Jeannette,1917-09-15,BAA|NBA,1948,1950,3,N,77125,name+dob,Buddy Jeannette,77125,via-S1-bridge
jeelaab01,Abdul Jeelani,1954-02-10,NBA,1980,1981,2,N,77126,name+dob,Abdul Jeelani,77126,via-S1-bridge
jeffeal01,Al Jefferson,1985-01-04,NBA,2005,2018,14,N,2744,name+dob,Al Jefferson,2744,via-S1-bridge
jeffeam01,Amile Jefferson,1993-05-07,NBA,2019,2020,2,N,1628518,name+dob,Amile Jefferson,1628518,via-S1-bridge
jeffech01,Chris Jefferies,1980-02-13,NBA,2003,2004,4,N,2423,name+dob,Chris Jefferies,2423,via-S1-bridge
jeffeco01,Cory Jefferson,1990-12-26,NBA,2015,2016,2,N,203928,name+dob,Cory Jefferson,203928,via-S1-bridge
jeffedo01,Dontell Jefferson,1983-12-15,NBA,2009,2009,1,N,200971,name+dob,Dontell Jefferson,200971,via-S1-bridge
jeffeot01,Othyus Jeffers,1985-08-05,NBA,2010,2014,7,N,201785,name+dob,Othyus Jeffers,201785,via-S1-bridge
jefferi01,Richard Jefferson,1980-06-21,NBA,2002,2018,19,N,2210,name+dob,Richard Jefferson,2210,via-S1-bridge
jeffrda01,DaQuan Jeffries,1997-08-30,NBA,2020,2026,8,N,1629610,name+dob,DaQuan Jeffries,1629610,via-S1-bridge
jeffrja01,Jared Jeffries,1981-11-25,NBA,2003,2013,15,N,2407,name+dob,Jared Jeffries,2407,via-S1-bridge
jemistr01,Trey Jemison,1999-11-28,NBA,2024,2026,7,N,,no-S1-match,,1641998,name-+dob
jenkich01,Charles Jenkins,1989-02-28,NBA,2012,2013,4,N,202724,name+dob,Charles Jenkins,202724,via-S1-bridge
jenkida01,Daniss Jenkins,2001-08-17,NBA,2025,2026,2,N,,no-S1-match,,1642450,name-+dob
jenkiho01,Horace Jenkins,1974-10-14,NBA,2005,2005,1,N,2798,name+dob,Horace Jenkins,2798,via-S1-bridge
jenkijo01,John Jenkins,1991-03-06,NBA,2013,2019,10,N,203098,name+dob,John Jenkins,203098,via-S1-bridge
jennibr01,Brandon Jennings,1989-09-23,NBA,2010,2018,13,N,201943,name+dob,Brandon Jennings,201943,via-S1-bridge
jennike01,Keith Jennings,1968-11-02,NBA,1993,1995,3,N,24,name+dob,Keith Jennings,24,via-S1-bridge
jentch01,Chris Jent,1970-01-11,NBA,1994,1997,2,N,1137,name+dob,Chris Jent,1137,via-S1-bridge
jepsele01,Les Jepsen,1967-06-24,NBA,1991,1992,2,N,77129,name+dob,Les Jepsen,77129,via-S1-bridge
jerebjo01,Jonas Jerebko,1987-03-02,NBA,2010,2019,11,N,201973,name+dob,Jonas Jerebko,201973,via-S1-bridge
jeromty01,Ty Jerome,1997-07-08,NBA,2020,2026,7,N,1629660,name+dob,Ty Jerome,1629660,via-S1-bridge
jerregr01,Grant Jerrett,1993-07-08,NBA,2015,2015,3,N,203511,name+dob,Grant Jerrett,203511,via-S1-bridge
jetereu01,Eugene Jeter,1983-12-02,NBA,2011,2011,1,N,200817,lastname+dob,Pooh Jeter,200817,via-S1-bridge
jianlyi01,Yi Jianlian,1987-10-27,NBA,2008,2012,5,N,201146,name+dob,Yi Jianlian,201146,via-S1-bridge
joeis01,Isaiah Joe,1999-07-02,NBA,2021,2026,6,N,1630198,name+dob,Isaiah Joe,1630198,via-S1-bridge
johnsaj01,AJ Johnson,2004-12-01,NBA,2025,2026,6,N,,no-S1-match,,1642358,name-+dob
johnsal01,Alexander Johnson,1983-02-08,NBA,2007,2008,2,N,200792,name+dob,Alexander Johnson,200792,via-S1-bridge
johnsal02,Alize Johnson,1996-04-22,NBA,2019,2023,8,N,1628993,name+dob,Alize Johnson,1628993,via-S1-bridge
johnsam01,Amir Johnson,1987-05-01,NBA,2006,2019,14,N,101161,name+dob,Amir Johnson,101161,via-S1-bridge
johnsan01,Andy Johnson,1932-11-08,NBA,1959,1962,4,N,77131,DOB-conflict,Andy Johnson,77131,via-S1-bridge
johnsan02,Anthony Johnson,1974-10-02,NBA,1998,2010,21,N,1533,name+dob,Anthony Johnson,1533,via-S1-bridge
johnsar01,Arnie Johnson,1920-05-16,BAA|NBA,1949,1953,5,N,77132,DOB-conflict,Arnie Johnson,77132,via-S1-bridge
johnsar02,Armon Johnson,1989-02-23,NBA,2011,2012,4,N,202356,name+dob,Armon Johnson,202356,via-S1-bridge
johnsav01,Avery Johnson,1965-03-25,NBA,1989,2004,22,N,422,name+dob,Avery Johnson,422,via-S1-bridge
johnsbj01,B.J. Johnson,1995-12-21,NBA,2019,2022,5,N,1629168,lastname+dob,BJ Johnson,1629168,via-S1-bridge
johnsbr01,Britton Johnsen,1979-07-08,NBA,2004,2005,2,N,2639,name+dob,Britton Johnsen,2639,via-S1-bridge
johnsbr02,Brice Johnson,1994-06-27,NBA,2017,2018,4,N,1627744,name+dob,Brice Johnson,1627744,via-S1-bridge
johnsbu01,Buck Johnson,1964-01-03,NBA,1987,1993,7,N,77130,name+dob,Buck Johnson,77130,via-S1-bridge
johnsca01,Carldell Johnson,1983-01-28,NBA,2012,2012,1,N,201291,name+dob,Carldell Johnson,201291,via-S1-bridge
johnsca02,Cameron Johnson,1996-03-03,NBA,2020,2026,9,N,1629661,name+dob,Cameron Johnson,1629661,via-S1-bridge
johnsch01,Charles Johnson,1949-03-31,NBA,1973,1979,9,N,77133,lastname+dob,Charlie Johnson,77133,via-S1-bridge
johnsch02,Cheese Johnson,1957-09-07,NBA,1980,1980,1,N,77159,lastname+dob,Lynbert Johnson,77159,via-S1-bridge
johnsch03,Chris Johnson,1985-07-15,NBA,2011,2013,7,N,202419,initial-surname+dob-window,Chris Johnson,202419,via-S1-bridge
johnsch04,Chris Johnson,1990-04-29,NBA,2013,2016,7,N,203187,name+dob,Chris Johnson,203187,via-S1-bridge
johnsch06,Chaney Johnson,2002-06-20,NBA,2026,2026,1,N,,no-S1-match,,1643052,name-+dob
johnscl01,Clemon Johnson,1956-09-12,NBA,1979,1988,12,N,77136,name+dob,Clemon Johnson,77136,via-S1-bridge
johnscl02,Clay Johnson,1956-07-18,NBA,1982,1984,3,N,77135,name+dob,Clay Johnson,77135,via-S1-bridge
johnsda01,Dave Johnson,1970-11-16,NBA,1993,1994,2,N,77138,name+dob,Dave Johnson,77138,via-S1-bridge
johnsda02,Darryl Johnson,1965-10-26,NBA,1996,1996,1,N,683,name+dob,Darryl Johnson,683,via-S1-bridge
johnsda03,Darius Johnson-Odom,1989-09-28,NBA,2013,2014,2,N,203130,name+dob,Darius Johnson-Odom,203130,via-S1-bridge
johnsda04,Dakari Johnson,1995-09-22,NBA,2018,2018,1,N,1626177,name+dob,Dakari Johnson,1626177,via-S1-bridge
johnsda08,David Johnson,2001-02-26,NBA,2022,2022,1,N,1630525,name+dob,David Johnson,1630525,via-S1-bridge
johnsde01,Dennis Johnson,1954-09-18,NBA,1977,1990,14,N,77141,name+dob,Dennis Johnson,77141,via-S1-bridge
johnsde02,DeMarco Johnson,1975-10-06,NBA,2000,2000,1,N,1746,name+dob,DeMarco Johnson,1746,via-S1-bridge
johnsde03,DerMarr Johnson,1980-05-05,NBA,2001,2008,7,N,2035,name+dob,DerMarr Johnson,2035,via-S1-bridge
johnsed02,Eddie Johnson,1955-02-24,NBA,1978,1987,12,N,77144,name+dob,Eddie Johnson,77144,via-S1-bridge
johnsed03,Eddie Johnson,1959-05-01,NBA,1982,1999,21,N,698,name+dob,Eddie Johnson,698,via-S1-bridge
johnser01,Eric Johnson,1966-02-07,NBA,1990,1990,1,N,77145,name+dob,Eric Johnson,77145,via-S1-bridge
johnser02,Ervin Johnson,1967-12-21,NBA,1994,2006,13,N,911,name+dob,Ervin Johnson,911,via-S1-bridge
johnsfr01,Frank Johnson,1958-11-23,NBA,1982,1994,10,N,77146,name+dob,Frank Johnson,77146,via-S1-bridge
johnsge01,George Johnson,1947-06-19,ABA|NBA,1971,1974,3,N,77147,name+dob,George Johnson,77147,via-S1-bridge
johnsge02,George Johnson,1948-12-18,NBA,1973,1986,15,N,77149,name+dob,George Johnson,77149,via-S1-bridge
johnsge03,George Johnson,1956-12-08,NBA,1979,1986,8,N,77148,name+dob,George Johnson,77148,via-S1-bridge
johnsgu01,Gus Johnson,1938-12-13,ABA|NBA,1964,1973,10,N,77150,DOB-conflict,Gus Johnson,77150,via-S1-bridge
johnsha01,Harold Johnson,1920-01-30,BAA,1947,1947,1,N,77151,DOB-conflict,Harold Johnson,77151,via-S1-bridge
johnsiv01,Ivan Johnson,1984-04-10,NBA,2012,2013,2,N,201274,name+dob,Ivan Johnson,201274,via-S1-bridge
johnsja01,James Johnson,1987-02-20,NBA,2010,2025,22,N,201949,name+dob,James Johnson,201949,via-S1-bridge
johnsja02,JaJuan Johnson,1989-02-08,NBA,2012,2012,1,N,202707,name+dob,JaJuan Johnson,202707,via-S1-bridge
johnsja05,Jalen Johnson,2001-12-18,NBA,2022,2026,5,N,1630552,name+dob,Jalen Johnson,1630552,via-S1-bridge
johnsji01,Jim Johnstone,1960-09-20,NBA,1983,1983,3,N,77171,name+dob,Jim Johnstone,77171,via-S1-bridge
johnsjo01,John Johnson,1947-10-18,NBA,1971,1982,16,N,77152,name+dob,John Johnson,77152,via-S1-bridge
johnsjo02,Joe Johnson,1981-06-29,NBA,2002,2022,24,N,2207,name+dob,Joe Johnson,2207,via-S1-bridge
johnska01,Kannard Johnson,1965-06-24,NBA,1988,1988,1,N,77153,name+dob,Kannard Johnson,77153,via-S1-bridge
johnske01,Ken Johnson,1962-11-07,NBA,1986,1986,1,N,77154,name+dob,Ken Johnson,77154,via-S1-bridge
johnske02,Kevin Johnson,1966-03-04,NBA,1988,2000,14,N,134,name+dob,Kevin Johnson,134,via-S1-bridge
johnske03,Ken Johnson,1978-02-01,NBA,2003,2003,1,N,2256,name+dob,Ken Johnson,2256,via-S1-bridge
johnske04,Keldon Johnson,1999-10-11,NBA,2020,2026,7,N,1629640,name+dob,Keldon Johnson,1629640,via-S1-bridge
johnske07,Keon Johnson,2002-03-10,NBA,2022,2025,6,N,1630553,name+dob,Keon Johnson,1630553,via-S1-bridge
johnske08,Keyontae Johnson,2000-05-24,NBA,2024,2024,1,N,,no-S1-match,,1641749,name-+dob
johnske10,Keshad Johnson,2001-06-23,NBA,2025,2026,2,N,,no-S1-match,,1642352,name-+dob
johnsla01,Larry Johnson,1954-11-28,NBA,1978,1978,1,N,77156,name+dob,Larry Johnson,77156,via-S1-bridge
johnsla02,Larry Johnson,1969-03-14,NBA,1992,2001,10,N,913,name+dob,Larry Johnson,913,via-S1-bridge
johnsle01,Lee Johnson,1957-06-16,NBA,1981,1981,3,N,77158,name+dob,Lee Johnson,77158,via-S1-bridge
johnsli01,Linton Johnson,1980-06-13,NBA,2004,2009,12,N,2669,name+dob,Linton Johnson,2669,via-S1-bridge
johnsma01,Marques Johnson,1956-02-08,NBA,1978,1990,11,N,77160,name+dob,Marques Johnson,77160,via-S1-bridge
johnsma02,Magic Johnson,1959-08-14,NBA,1980,1996,13,N,77142,name+dob,Magic Johnson,77142,via-S1-bridge
johnsmi01,Mickey Johnson,1952-08-31,NBA,1975,1986,15,N,77168,name+dob,Mickey Johnson,77168,via-S1-bridge
johnsna01,Nate Johnston,1966-12-18,NBA,1990,1990,3,N,77170,name+dob,Nate Johnston,77170,via-S1-bridge
johnsne01,Neil Johnston,1929-02-04,NBA,1952,1959,8,N,77169,name+dob,Neil Johnston,77169,via-S1-bridge
johnsne02,Neil Johnson,1943-04-17,ABA|NBA,1967,1973,4,N,77161,name+dob,Neil Johnson,77161,via-S1-bridge
johnsni01,Nick Johnson,1992-12-22,NBA,2015,2015,1,N,203910,name+dob,Nick Johnson,203910,via-S1-bridge
johnsol01,Ollie Johnson,1949-05-11,NBA,1973,1982,12,N,77162,name+dob,Ollie Johnson,77162,via-S1-bridge
johnsom01,Omari Johnson,1989-11-26,NBA,2018,2018,1,N,204179,DOB-conflict,Omari Johnson,204179,via-S1-bridge
johnsor01,Orlando Johnson,1989-03-11,NBA,2013,2016,7,N,203111,name+dob,Orlando Johnson,203111,via-S1-bridge
johnsra01,Ralph Johnson,1921-12-06,NBA,1950,1953,6,N,77139,lastname+dob,David Johnson,77139,via-S1-bridge
johnsre01,Reggie Johnson,1957-06-25,NBA,1981,1984,9,N,77163,name+dob,Reggie Johnson,77163,via-S1-bridge
johnsri01,Rich Johnson,1946-12-18,ABA|NBA,1969,1971,3,N,77164,name+dob,Rich Johnson,77164,via-S1-bridge
johnsro01,Ron Johnson,1938-07-20,NBA,1961,1961,3,N,77165,name+dob,Ron Johnson,77165,via-S1-bridge
johnsst02,Steffond Johnson,1962-11-04,NBA,1987,1987,1,N,77166,name+dob,Steffond Johnson,77166,via-S1-bridge
johnsst03,Steve Johnson,1957-11-03,NBA,1982,1991,14,N,77134,name+dob,Steve Johnson,77134,via-S1-bridge
johnsst04,Stanley Johnson,1996-05-29,NBA,2016,2023,10,N,1626169,name+dob,Stanley Johnson,1626169,via-S1-bridge
johnstr01,Trey Johnson,1984-08-30,NBA,2009,2012,5,N,201234,name+dob,Trey Johnson,201234,via-S1-bridge
johnstr03,Tre Johnson,2006-03-07,NBA,2026,2026,1,N,,no-S1-match,,1642848,name-+dob
johnsty01,Tyler Johnson,1992-05-07,NBA,2015,2022,14,N,204020,name+dob,Tyler Johnson,204020,via-S1-bridge
johnsvi01,Vinnie Johnson,1956-09-01,NBA,1980,1992,15,N,77167,name+dob,Vinnie Johnson,77167,via-S1-bridge
johnswe01,Wesley Johnson,1987-07-11,NBA,2011,2019,11,N,202325,name+dob,Wesley Johnson,202325,via-S1-bridge
jokicni01,Nikola Jokić,1995-02-19,NBA,2016,2026,11,N,203999,name+dob,Nikola Jokic,203999,via-S1-bridge
jolifho01,Howie Jolliff,1938-07-20,NBA,1961,1963,3,N,77172,name+dob,Howie Jolliff,77172,via-S1-bridge
jonesal01,Alvin Jones,1978-09-09,NBA,2002,2002,1,N,2264,name+dob,Alvin Jones,2264,via-S1-bridge
jonesan01,Anthony Jones,1962-09-13,NBA,1987,1990,7,N,77173,name+dob,Anthony Jones,77173,via-S1-bridge
jonesas01,Askia Jones,1971-12-03,NBA,1995,1995,1,N,77174,name+dob,Askia Jones,77174,via-S1-bridge
jonesbi01,Bill Jones,1966-03-18,NBA,1989,1989,1,N,77180,name+dob,Bill Jones,77180,via-S1-bridge
jonesbo01,Bobby Jones,1951-12-18,ABA|NBA,1975,1986,10,N,77193,name+dob,Bobby Jones,77193,via-S1-bridge
jonesbo02,Bobby Jones,1984-01-09,NBA,2007,2008,7,N,200784,name+dob,Bobby Jones,200784,via-S1-bridge
jonesca01,Caldwell Jones,1950-08-04,ABA|NBA,1974,1990,14,N,77175,name+dob,Caldwell Jones,77175,via-S1-bridge
jonesca03,Carlik Jones,1997-12-23,NBA,2022,2023,4,N,1630637,name+dob,Carlik Jones,1630637,via-S1-bridge
jonesch01,Charles Jones,1957-04-03,NBA,1984,1998,17,N,279,name+dob,Charles Jones,279,via-S1-bridge
jonesch02,Charles Jones,1962-01-12,NBA,1985,1989,4,N,77178,name+dob,Charles Jones,77178,via-S1-bridge
jonesch03,Charles Jones,1975-07-17,NBA,1999,2000,2,N,1869,name+dob,Charles R. Jones,1869,via-S1-bridge
jonesco02,Colby Jones,2002-05-28,NBA,2024,2026,5,N,,no-S1-match,,1641732,name-+dob
jonescu01,Curtis Jones,2001-12-04,NBA,2026,2026,1,N,,no-S1-match,,1642938,name-DOB-conflict
jonesda01,Damon Jones,1976-08-25,NBA,1999,2009,15,N,1800,name+dob,Damon Jones,1800,via-S1-bridge
jonesda02,Dahntay Jones,1980-12-27,NBA,2004,2017,15,N,2563,name+dob,Dahntay Jones,2563,via-S1-bridge
jonesda03,Damian Jones,1995-06-30,NBA,2017,2024,13,N,1627745,name+dob,Damian Jones,1627745,via-S1-bridge
jonesda06,David Jones García,2001-11-24,NBA,2026,2026,1,N,,no-S1-match,,1642357,name-+dob
jonesde01,DeQuan Jones,1990-06-20,NBA,2013,2013,1,N,203199,name+dob,DeQuan Jones,203199,via-S1-bridge
jonesde02,Derrick Jones Jr.,1997-02-15,NBA,2017,2026,12,N,1627884,name+dob,Derrick Jones Jr.,1627884,via-S1-bridge
jonesdi01,Dillon Jones,2001-10-29,NBA,2025,2026,2,N,,no-S1-match,,1641794,name-+dob
jonesdo01,Dontae' Jones,1975-06-02,NBA,1998,1998,1,N,963,name+dob,Dontae' Jones,963,via-S1-bridge
jonesdo02,Dominique Jones,1988-10-15,NBA,2011,2013,3,N,202346,name+dob,Dominique Jones,202346,via-S1-bridge
jonesdw01,Dwight Jones,1952-02-27,NBA,1974,1983,14,N,77182,name+dob,Dwight Jones,77182,via-S1-bridge
jonesdw02,Dwayne Jones,1983-06-09,NBA,2006,2010,5,N,101204,name+dob,Dwayne Jones,101204,via-S1-bridge
jonesea01,Earl Jones,1961-01-13,NBA,1985,1986,2,N,77183,name+dob,Earl Jones,77183,via-S1-bridge
jonesed01,Edgar Jones,1956-06-17,NBA,1981,1986,10,N,77184,name+dob,Edgar Jones,77184,via-S1-bridge
jonesed02,Eddie Jones,1971-10-20,NBA,1995,2008,18,N,224,name+dob,Eddie Jones,224,via-S1-bridge
jonesfr01,Fred Jones,1979-03-11,NBA,2003,2009,9,N,2410,name+dob,Fred Jones,2410,via-S1-bridge
joneshe01,Herbert Jones,1998-10-06,NBA,2022,2026,5,N,1630529,name+dob,Herbert Jones,1630529,via-S1-bridge
joneshu01,Hutch Jones,1959-09-01,NBA,1983,1984,2,N,77203,lastname+dob,Willie Jones,77203,via-S1-bridge
jonesis01,Isaac Jones,2000-07-11,NBA,2025,2026,4,N,,no-S1-match,,1642403,name-+dob
jonesja01,Jake Jones,1949-05-09,NBA,1972,1972,3,N,77185,name+dob,Jake Jones,77185,via-S1-bridge
jonesja02,James Jones,1980-10-04,NBA,2004,2017,14,N,2592,name+dob,James Jones,2592,via-S1-bridge
jonesja04,Jalen Jones,1993-05-27,NBA,2018,2019,4,N,1627883,name+dob,Jalen Jones,1627883,via-S1-bridge
jonesje01,Jemerrio Jones,1995-04-09,NBA,2019,2022,2,N,1629203,name+dob,Jemerrio Jones,1629203,via-S1-bridge
jonesji01,Jimmy Jones,1945-01-01,ABA|NBA,1968,1977,3,N,77186,name+dob,Jimmy Jones,77186,via-S1-bridge
jonesjo01,Johnny Jones,1943-03-12,ABA|NBA,1968,1969,1,N,77187,name+dob,Johnny Jones,77187,via-S1-bridge
jonesju01,Jumaine Jones,1979-02-10,NBA,2000,2007,8,N,1908,name+dob,Jumaine Jones,1908,via-S1-bridge
joneska01,Kai Jones,2001-01-19,NBA,2022,2025,5,N,1630539,name+dob,Kai Jones,1630539,via-S1-bridge
joneska03,Kam Jones,2002-02-25,NBA,2026,2026,1,N,,no-S1-match,,1642880,name-+dob
joneskc01,K.C. Jones,1932-05-25,NBA,1959,1967,9,N,77188,name+dob,K.C. Jones,77188,via-S1-bridge
joneske01,Kevin Jones,1989-08-25,NBA,2013,2013,1,N,203158,name+dob,Kevin Jones,203158,via-S1-bridge
jonesla01,Larry Jones,1942-09-22,ABA|NBA,1965,1974,2,N,77200,name+dob,Larry Jones,77200,via-S1-bridge
jonesma01,Major Jones,1953-07-09,NBA,1980,1985,6,N,77189,name+dob,Major Jones,77189,via-S1-bridge
jonesma02,Mark Jones,1961-04-10,NBA,1984,1984,1,N,90000,name+dob,Mark Jones,90000,via-S1-bridge
jonesma03,Mark Jones,1975-05-25,NBA,2005,2005,1,N,2891,name+dob,Mark Jones,2891,via-S1-bridge
jonesma05,Mason Jones,1998-07-21,NBA,2021,2025,6,N,1630222,name+dob,Mason Jones,1630222,via-S1-bridge
jonesni01,Nick Jones,1945-03-28,ABA|NBA,1968,1973,3,N,77195,name+dob,Nick Jones,77195,via-S1-bridge
jonesoz01,Ozell Jones,1960-11-20,NBA,1985,1986,2,N,77191,name+dob,Ozell Jones,77191,via-S1-bridge
jonespe01,Perry Jones,1991-09-24,NBA,2013,2015,3,N,203103,name+dob,Perry Jones III,203103,via-S1-bridge
jonespo01,Popeye Jones,1970-06-17,NBA,1994,2004,11,N,461,name+dob,Popeye Jones,461,via-S1-bridge
jonesri01,Rich Jones,1946-12-27,ABA|NBA,1970,1977,1,N,77192,name+dob,Rich Jones,77192,via-S1-bridge
jonesro01,Robin Jones,1954-02-02,NBA,1977,1978,2,N,77194,name+dob,Robin Jones,77194,via-S1-bridge
jonessa01,Sam Jones,1933-06-24,NBA,1958,1969,12,N,77196,name+dob,Sam Jones,77196,via-S1-bridge
jonessh01,Shelton Jones,1966-04-06,NBA,1989,1989,4,N,2652,name+dob,Shelton Jones,2652,via-S1-bridge
jonesso01,Solomon Jones,1984-07-16,NBA,2007,2014,10,N,200780,name+dob,Solomon Jones,200780,via-S1-bridge
jonessp01,Spencer Jones,2001-06-14,NBA,2025,2026,2,N,,no-S1-match,,1642461,name-+dob
jonesst01,Steve Jones,1942-10-17,ABA|NBA,1968,1976,1,N,77197,name+dob,Steve Jones,77197,via-S1-bridge
joneste01,Terrence Jones,1992-01-09,NBA,2013,2019,8,N,203093,name+dob,Terrence Jones,203093,via-S1-bridge
jonestr01,Tre Jones,2000-01-08,NBA,2021,2026,8,N,1630200,name+dob,Tre Jones,1630200,via-S1-bridge
jonesty01,Tyus Jones,1996-05-10,NBA,2016,2026,14,N,1626145,name+dob,Tyus Jones,1626145,via-S1-bridge
joneswa01,Wah Wah Jones,1926-07-14,NBA,1950,1952,3,N,77199,lastname+dob,Wallace Jones,77199,via-S1-bridge
joneswa02,Wali Jones,1942-02-14,ABA|NBA,1965,1976,12,N,77198,name+dob,Wali Jones,77198,via-S1-bridge
joneswi01,Willie Jones,1936-06-29,NBA,1961,1965,5,N,77202,name+dob,Willie Jones,77202,via-S1-bridge
joneswi02,Wil Jones,1947-02-27,ABA|NBA,1970,1978,2,N,77201,name+dob,Wil Jones,77201,via-S1-bridge
jordaad01,Adonis Jordan,1970-08-21,NBA,1994,1999,2,N,1817,name+dob,Adonis Jordan,1817,via-S1-bridge
jordade01,DeAndre Jordan,1988-07-21,NBA,2009,2026,22,N,201599,name+dob,DeAndre Jordan,201599,via-S1-bridge
jordaed01,Eddie Jordan,1955-01-29,NBA,1978,1984,13,N,77205,name+dob,Eddie Jordan,77205,via-S1-bridge
jordaje01,Jerome Jordan,1986-09-29,NBA,2012,2015,2,N,202366,name+dob,Jerome Jordan,202366,via-S1-bridge
jordami01,Michael Jordan,1963-02-17,NBA,1985,2003,15,N,893,name+dob,Michael Jordan,893,via-S1-bridge
jordare01,Reggie Jordan,1968-01-26,NBA,1994,2000,8,N,674,name+dob,Reggie Jordan,674,via-S1-bridge
jordath01,Thomas Jordan,1968-05-23,NBA,1993,1993,1,N,77208,name+dob,Thomas Jordan,77208,via-S1-bridge
jordawa01,Walter Jordan,1956-02-19,NBA,1981,1981,1,N,77209,name+dob,Walter Jordan,77209,via-S1-bridge
jordoph01,Phil Jordon,1933-09-12,NBA,1957,1963,11,N,77210,name+dob,Phil Jordon,77210,via-S1-bridge
jorgejo01,Johnny Jorgensen,1921-12-28,BAA,1948,1949,4,N,77211,name+dob,Johnny Jorgensen,77211,via-S1-bridge
jorgeno01,Noble Jorgensen,1925-05-18,BAA|NBA,1947,1953,7,N,77212,name+dob,Noble Jorgensen,77212,via-S1-bridge
jorgero01,Roger Jorgensen,1920-09-02,BAA,1947,1947,1,N,77213,name+dob,Roger Jorgensen,77213,via-S1-bridge
josepco01,Cory Joseph,1991-08-20,NBA,2012,2025,16,N,202709,name+dob,Cory Joseph,202709,via-S1-bridge
josepga01,Garth Joseph,1973-08-08,NBA,2001,2001,3,N,2123,name+dob,Garth Joseph,2123,via-S1-bridge
josepkr01,Kris Joseph,1988-12-17,NBA,2013,2013,3,N,203126,name+dob,Kris Joseph,203126,via-S1-bridge
josepyv01,Yvon Joseph,1957-10-31,NBA,1986,1986,1,N,77214,name+dob,Yvon Joseph,77214,via-S1-bridge
jovicni01,Nikola Jović,2003-06-09,NBA,2023,2026,4,N,1631107,name+dob,Nikola Jovic,1631107,via-S1-bridge
judkije01,Jeff Judkins,1956-03-23,NBA,1979,1983,5,N,77215,name+dob,Jeff Judkins,77215,via-S1-bridge
juzanjo01,Johnny Juzang,2001-03-17,NBA,2023,2026,4,N,1630548,name+dob,Johnny Juzang,1630548,via-S1-bridge
kabenmf01,Mfiondu Kabengele,1997-08-14,NBA,2020,2023,5,N,1629662,name+dob,Mfiondu Kabengele,1629662,via-S1-bridge
kachawh01,Whitey Kachan,1925-09-15,BAA,1949,1949,3,N,77217,lastname+dob,Edwin Kachan,77217,via-S1-bridge
kaftage01,George Kaftan,1928-02-22,BAA|NBA,1949,1953,5,N,77218,name+dob,George Kaftan,77218,via-S1-bridge
kalafed01,Ed Kalafat,1932-10-13,NBA,1955,1957,3,N,77219,name+dob,Ed Kalafat,77219,via-S1-bridge
kalaige01,Georgios Kalaitzakis,1999-01-02,NBA,2022,2022,3,N,1630686,name+dob,Georgios Kalaitzakis,1630686,via-S1-bridge
kalkbry01,Ryan Kalkbrenner,2002-01-17,NBA,2026,2026,1,N,,no-S1-match,,1641750,name-+dob
kamanch01,Chris Kaman,1982-04-28,NBA,2004,2016,13,N,2549,name+dob,Chris Kaman,2549,via-S1-bridge
kaminfr01,Frank Kaminsky,1993-04-04,NBA,2016,2023,10,N,1626163,name+dob,Frank Kaminsky,1626163,via-S1-bridge
kanteen01,Enes Freedom,1992-05-20,NBA,2012,2022,15,N,202683,name+dob,Enes Freedom,202683,via-S1-bridge
kaplora01,Ralph Kaplowitz,1919-05-18,BAA,1947,1948,4,N,77221,name+dob,Ralph Kaplowitz,77221,via-S1-bridge
kaponja01,Jason Kapono,1981-02-04,NBA,2004,2012,9,N,2574,DOB-conflict,Jason Kapono,2574,via-S1-bridge
kappeto01,Tony Kappen,1919-04-13,BAA,1947,1947,3,N,77222,name+dob,Tony Kappen,77222,via-S1-bridge
karasse01,Sergey Karasev,1993-10-26,NBA,2014,2016,3,N,203508,name+dob,Sergey Karasev,203508,via-S1-bridge
karlco01,Coby Karl,1983-03-06,NBA,2008,2010,4,N,201207,DOB-conflict,Coby Karl,201207,via-S1-bridge
karlge01,George Karl,1951-05-12,ABA|NBA,1974,1978,2,N,77223,name+dob,George Karl,77223,via-S1-bridge
kasided01,Ed Kasid,1923-08-13,BAA,1947,1947,1,N,77225,name+dob,Ed Kasid,77225,via-S1-bridge
kasunma01,Mario Kasun,1980-04-05,NBA,2005,2006,2,N,2435,name+dob,Mario Kasun,2435,via-S1-bridge
katkale01,Leo Katkaveck,1923-04-17,BAA|NBA,1949,1950,2,N,77226,name+dob,Leo Katkaveck,77226,via-S1-bridge
kauffbo01,Bob Kauffman,1946-07-13,NBA,1969,1975,7,N,77227,name+dob,Bob Kauffman,77227,via-S1-bridge
kaunsa01,Sasha Kaun,1985-05-08,NBA,2016,2016,1,N,201619,name+dob,Sasha Kaun,201619,via-S1-bridge
kautzwi01,Wilbert Kautz,1915-09-07,BAA,1947,1947,1,N,77228,name+dob,Wilbert Kautz,77228,via-S1-bridge
kawamyu01,Yuki Kawamura,2001-05-02,NBA,2025,2026,2,N,,no-S1-match,,1642530,name-+dob
keacl01,Clarence Kea,1959-02-02,NBA,1981,1982,2,N,77229,name+dob,Clarence Kea,77229,via-S1-bridge
kearnmi01,Mike Kearns,1929-06-18,NBA,1955,1955,1,N,77230,lastname+dob,Michael Kearns,77230,via-S1-bridge
kearnto01,Tommy Kearns,1936-10-06,NBA,1959,1959,1,N,77231,name+dob,Tommy Kearns,77231,via-S1-bridge
keefead01,Adam Keefe,1970-02-22,NBA,1993,2001,9,N,228,name+dob,Adam Keefe,228,via-S1-bridge
keeliha01,Harold Keeling,1963-09-18,NBA,1986,1986,1,N,77233,name+dob,Harold Keeling,77233,via-S1-bridge
keelstr01,Trevor Keels,2003-08-26,NBA,2023,2026,2,N,1631211,name+dob,Trevor Keels,1631211,via-S1-bridge
kelleke01,Ken Keller,1922-08-16,BAA,1947,1947,3,N,77234,DOB-conflict,Ken Keller,77234,via-S1-bridge
kelleky01,Kylor Kelley,1997-08-26,NBA,2025,2025,3,N,,no-S1-match,,1630283,name-+dob
kelleri01,Rich Kelley,1953-03-23,NBA,1976,1986,15,N,77235,name+dob,Rich Kelley,77235,via-S1-bridge
kellocl01,Clark Kellogg,1961-07-02,NBA,1983,1987,5,N,77236,name+dob,Clark Kellogg,77236,via-S1-bridge
kellyje01,Jerry Kelly,1918-06-14,BAA,1947,1948,2,N,77237,lastname+dob,Gerard Kelly,77237,via-S1-bridge
kellymi02,Miles Kelly,2003-01-26,NBA,2026,2026,1,N,,no-S1-match,,1642939,name-+dob
kellyry01,Ryan Kelly,1991-04-09,NBA,2014,2017,4,N,203527,name+dob,Ryan Kelly,203527,via-S1-bridge
kellyto01,Tom Kelly,1924-03-05,BAA,1949,1949,1,N,77238,name+dob,Tom Kelly,77238,via-S1-bridge
kelsegr01,Greg Kelser,1957-09-17,NBA,1980,1985,8,N,77239,name+dob,Greg Kelser,77239,via-S1-bridge
kelsobe01,Ben Kelso,1949-04-11,NBA,1974,1974,1,N,77240,name+dob,Ben Kelso,77240,via-S1-bridge
kempsh01,Shawn Kemp,1969-11-26,NBA,1990,2003,14,N,431,name+dob,Shawn Kemp,431,via-S1-bridge
kemptti01,Tim Kempton,1964-01-25,NBA,1987,1998,12,N,1118,name+dob,Tim Kempton,1118,via-S1-bridge
kendrfr01,Frank Kendrick,1950-09-11,NBA,1975,1975,1,N,77242,name+dob,Frank Kendrick,77242,via-S1-bridge
kennalu01,Luke Kennard,1996-06-24,NBA,2018,2026,13,N,1628379,name+dob,Luke Kennard,1628379,via-S1-bridge
kennedj01,D.J. Kennedy,1989-11-05,NBA,2012,2012,1,N,202810,name+dob,D.J. Kennedy,202810,via-S1-bridge
kennego01,Goo Kennedy,1949-08-23,ABA|NBA,1972,1977,1,N,77243,lastname+dob,Eugene Kennedy,77243,via-S1-bridge
kennejo01,Joe Kennedy,1947-01-12,ABA|NBA,1969,1971,2,N,77244,name+dob,Joe Kennedy,77244,via-S1-bridge
kennepi01,Pickles Kennedy,1938-05-17,NBA,1961,1961,1,N,77245,lastname+dob,William Kennedy,77245,via-S1-bridge
kenonla01,Larry Kenon,1952-12-13,ABA|NBA,1974,1983,10,N,77246,name+dob,Larry Kenon,77246,via-S1-bridge
kentja01,Jayson Kent,2002-02-03,NBA,2026,2026,1,N,,no-S1-match,,,
kenvibi01,Billy Kenville,1930-12-01,NBA,1954,1960,6,N,77247,lastname+dob,Bill Kenville,77247,via-S1-bridge
kernejo01,Jonathan Kerner,1974-06-06,NBA,1999,1999,1,N,1801,name+dob,Jonathan Kerner,1801,via-S1-bridge
kerrija01,Jack Kerris,1925-01-30,NBA,1950,1953,8,N,77249,name+dob,Jack Kerris,77249,via-S1-bridge
kerrre01,Red Kerr,1932-07-17,NBA,1955,1966,12,N,77248,surname+career-span,Johnny Kerr,77248,via-S1-bridge
kerrst01,Steve Kerr,1965-09-27,NBA,1989,2003,17,N,70,name+dob,Steve Kerr,70,via-S1-bridge
kerseje01,Jerome Kersey,1962-06-26,NBA,1985,2001,17,N,760,name+dob,Jerome Kersey,760,via-S1-bridge
kesslal01,Alec Kessler,1967-01-13,NBA,1991,1994,4,N,77251,name+dob,Alec Kessler,77251,via-S1-bridge
kesslwa01,Walker Kessler,2001-07-26,NBA,2023,2026,4,N,1631117,name+dob,Walker Kessler,1631117,via-S1-bridge
ketnela01,Lari Ketner,1977-02-01,NBA,2000,2001,4,N,1930,name+dob,Lari Ketner,1930,via-S1-bridge
keybr01,Braxton Key,1997-02-14,NBA,2022,2025,6,N,1630296,name+dob,Braxton Key,1630296,via-S1-bridge
keysra01,Randolph Keys,1966-04-19,NBA,1989,1996,7,N,705,name+dob,Randolph Keys,705,via-S1-bridge
khryavi01,Viktor Khryapa,1982-08-03,NBA,2005,2008,4,N,2751,name+dob,Viktor Khryapa,2751,via-S1-bridge
kiddgmi01,Michael Kidd-Gilchrist,1993-09-26,NBA,2013,2020,10,N,203077,name+dob,Michael Kidd-Gilchrist,203077,via-S1-bridge
kiddja01,Jason Kidd,1973-03-23,NBA,1995,2013,23,N,467,name+dob,Jason Kidd,467,via-S1-bridge
kiddst01,Stanton Kidd,1992-03-18,NBA,2020,2020,1,N,1629742,name+dob,Stanton Kidd,1629742,via-S1-bridge
kiddwa01,Warren Kidd,1970-09-09,NBA,1994,1994,1,N,77254,name+dob,Warren Kidd,77254,via-S1-bridge
kiffiir01,Irv Kiffin,1951-08-08,NBA,1980,1980,1,N,77255,name+dob,Irv Kiffin,77255,via-S1-bridge
kileyja01,Jack Kiley,1929-01-05,NBA,1952,1953,2,N,77256,name+dob,Jack Kiley,77256,via-S1-bridge
killuea01,Earnie Killum,1948-06-11,NBA,1971,1971,1,N,77257,lastname+dob,Ernie Killum,77257,via-S1-bridge
kilpaca01,Carl Kilpatrick,1956-05-16,NBA,1980,1980,1,N,77258,name+dob,Carl Kilpatrick,77258,via-S1-bridge
kilpase01,Sean Kilpatrick,1990-01-06,NBA,2015,2018,10,N,203930,name+dob,Sean Kilpatrick,203930,via-S1-bridge
kimbato01,Toby Kimball,1942-09-07,NBA,1967,1975,9,N,77259,name+dob,Toby Kimball,77259,via-S1-bridge
kimblbo01,Bo Kimble,1966-04-09,NBA,1991,1993,3,N,77260,name+dob,Bo Kimble,77260,via-S1-bridge
kimbrst01,Stan Kimbrough,1966-04-24,NBA,1990,1993,2,N,77261,name+dob,Stan Kimbrough,77261,via-S1-bridge
kinchch01,Chad Kinch,1958-05-22,NBA,1981,1981,3,N,77262,name+dob,Chad Kinch,77262,via-S1-bridge
kingal01,Albert King,1959-12-17,NBA,1982,1992,9,N,77263,name+dob,Albert King,77263,via-S1-bridge
kingbe01,Bernard King,1956-12-04,NBA,1978,1993,14,N,77264,name+dob,Bernard King,77264,via-S1-bridge
kingch01,Chris King,1969-07-24,NBA,1994,1999,3,N,12,name+dob,Chris King,12,via-S1-bridge
kingda01,Dan King,1931-01-07,NBA,1955,1955,1,N,77266,name+dob,Dan King,77266,via-S1-bridge
kingfr01,Frankie King,1972-06-06,NBA,1996,1997,2,N,701,name+dob,Frankie King,701,via-S1-bridge
kingge01,George King,1928-08-16,NBA,1952,1958,6,N,77268,name+dob,George King,77268,via-S1-bridge
kingge02,Gerard King,1972-11-25,NBA,1999,2001,3,N,1562,name+dob,Gerard King,1562,via-S1-bridge
kingge03,George King,1994-01-15,NBA,2019,2022,2,N,1628994,name+dob,George King,1628994,via-S1-bridge
kingji01,Jim King,1941-02-07,NBA,1964,1973,12,N,77270,name+dob,Jim King,77270,via-S1-bridge
kingji02,Jimmy King,1973-08-09,NBA,1996,1997,2,N,728,name+dob,Jimmy King,728,via-S1-bridge
kinglo02,Louis King,1999-04-06,NBA,2020,2023,4,N,1629663,name+dob,Louis King,1629663,via-S1-bridge
kingma01,Maurice King,1935-03-12,NBA,1960,1963,2,N,77272,lastname+dob,Maury King,77272,via-S1-bridge
kingre01,Reggie King,1957-02-14,NBA,1980,1985,6,N,77273,name+dob,Reggie King,77273,via-S1-bridge
kingri01,Rich King,1969-04-04,NBA,1992,1995,4,N,1101,name+dob,Rich King,1101,via-S1-bridge
kingst01,Stacey King,1967-01-29,NBA,1990,1997,12,N,351,name+dob,Stacey King,351,via-S1-bridge
kingto01,Tom King,1924-03-09,BAA,1947,1947,1,N,77276,name+dob,Tom King,77276,via-S1-bridge
kinnebo01,Bob Kinney,1920-09-16,BAA|NBA,1949,1950,4,N,77277,name+dob,Bob Kinney,77277,via-S1-bridge
kinseta01,Tarence Kinsey,1984-03-21,NBA,2007,2009,3,N,200814,name+dob,Tarence Kinsey,200814,via-S1-bridge
kirilan01,Andrei Kirilenko,1981-02-18,NBA,2002,2015,13,N,1905,name+dob,Andrei Kirilenko,1905,via-S1-bridge
kirkal01,Alex Kirk,1991-11-14,NBA,2015,2015,1,N,203945,name+dob,Alex Kirk,203945,via-S1-bridge
kirkwa01,Walt Kirk,1924-09-03,BAA|NBA,1949,1952,7,N,77278,name+dob,Walt Kirk,77278,via-S1-bridge
kispeco01,Corey Kispert,1999-03-03,NBA,2022,2026,7,N,1630557,name+dob,Corey Kispert,1630557,via-S1-bridge
kistldo01,Doug Kistler,1938-03-21,NBA,1962,1962,1,N,77279,name+dob,Doug Kistler,77279,via-S1-bridge
kitchcu01,Curtis Kitchen,1964-01-30,NBA,1987,1987,1,N,77280,name+dob,Curtis Kitchen,77280,via-S1-bridge
kitegr01,Greg Kite,1961-08-05,NBA,1984,1995,18,N,1123,name+dob,Greg Kite,1123,via-S1-bridge
kittlke01,Kerry Kittles,1974-06-12,NBA,1997,2005,8,N,954,name+dob,Kerry Kittles,954,via-S1-bridge
klebima01,Maxi Kleber,1992-01-29,NBA,2018,2026,9,N,1628467,name+dob,Maxi Kleber,1628467,via-S1-bridge
kleinjo01,Joe Kleine,1962-01-04,NBA,1986,2000,20,N,170,name+dob,Joe Kleine,170,via-S1-bridge
kleizli01,Linas Kleiza,1985-01-03,NBA,2006,2013,7,N,101132,name+dob,Linas Kleiza,101132,via-S1-bridge
klierle01,Leo Klier,1923-05-21,BAA|NBA,1949,1950,2,N,77283,name+dob,Leo Klier,77283,via-S1-bridge
klintbo01,Bobi Klintman,2003-03-06,NBA,2025,2026,2,N,,no-S1-match,,1641752,name-+dob
klotzhe01,Red Klotz,1920-10-21,BAA,1948,1948,1,N,,no-S1-match,,,
kluehdu01,Duane Klueh,1926-01-06,NBA,1950,1951,4,N,77285,name+dob,Duane Klueh,77285,via-S1-bridge
knechda01,Dalton Knecht,2001-04-19,NBA,2025,2026,2,N,,no-S1-match,,1642261,name-+dob
knighbi01,Billy Knight,1952-06-09,ABA|NBA,1975,1985,13,N,77290,name+dob,Billy Knight,77290,via-S1-bridge
knighbo01,Bob Knight,1929-04-30,NBA,1955,1955,1,N,77287,DOB-conflict,Bob Knight,77287,via-S1-bridge
knighbr01,Brevin Knight,1975-11-08,NBA,1998,2009,17,N,1510,name+dob,Brevin Knight,1510,via-S1-bridge
knighbr02,Brandin Knight,1981-12-16,NBA,2005,2005,1,N,2688,name+dob,Brandin Knight,2688,via-S1-bridge
knighbr03,Brandon Knight,1991-12-02,NBA,2012,2022,15,N,202688,name+dob,Brandon Knight,202688,via-S1-bridge
knighna01,Nathan Knight,1997-09-20,NBA,2021,2023,3,N,1630233,name+dob,Nathan Knight,1630233,via-S1-bridge
knighne01,Negele Knight,1967-03-06,NBA,1991,1999,10,N,1861,DOB-conflict,Negele Knight,1861,via-S1-bridge
knighro01,Ron Knight,1947-08-04,NBA,1971,1972,2,N,77288,name+dob,Ron Knight,77288,via-S1-bridge
knighto01,Toby Knight,1955-05-03,NBA,1978,1982,4,N,77289,name+dob,Toby Knight,77289,via-S1-bridge
knightr01,Travis Knight,1974-09-13,NBA,1997,2003,7,N,969,name+dob,Travis Knight,969,via-S1-bridge
knorele01,Lee Knorek,1921-07-15,BAA|NBA,1947,1950,4,N,77291,name+dob,Lee Knorek,77291,via-S1-bridge
knostdi01,Dick Knostman,1931-08-09,NBA,1954,1954,1,N,77292,name+dob,Dick Knostman,77292,via-S1-bridge
knowlro01,Rod Knowles,1946-02-27,ABA|NBA,1969,1969,1,N,77293,name+dob,Rod Knowles,77293,via-S1-bridge
knoxke01,Kevin Knox,1999-08-11,NBA,2019,2025,11,N,1628995,name+dob,Kevin Knox II,1628995,via-S1-bridge
knuepko01,Kon Knueppel,2005-08-03,NBA,2026,2026,1,N,,no-S1-match,,1642851,name-+dob
kofoeba01,Bart Kofoed,1964-03-24,NBA,1988,1993,5,N,77294,name+dob,Bart Kofoed,77294,via-S1-bridge
kojisdo01,Don Kojis,1939-01-15,NBA,1964,1975,12,N,77295,DOB-conflict,Don Kojis,77295,via-S1-bridge
kolekty01,Tyler Kolek,2001-03-27,NBA,2025,2026,2,N,,no-S1-match,,1642278,name-+dob
kolokch01,Christian Koloko,2000-06-20,NBA,2023,2026,6,N,1631132,name+dob,Christian Koloko,1631132,via-S1-bridge
komenmi01,Milo Komenich,1920-06-22,NBA,1950,1950,1,N,77296,name+dob,Milo Komenich,77296,via-S1-bridge
komivho01,Howard Komives,1941-05-09,NBA,1965,1974,12,N,77297,name+dob,Howard Komives,77297,via-S1-bridge
konanya01,Yanic Konan Niederhäuser,2003-03-14,NBA,2026,2026,1,N,,no-S1-match,,1642949,name-+dob
koncajo01,Jon Koncak,1963-05-17,NBA,1986,1996,11,N,402,name+dob,Jon Koncak,402,via-S1-bridge
konchjo01,John Konchar,1996-03-22,NBA,2020,2026,9,N,1629723,name+dob,John Konchar,1629723,via-S1-bridge
koperbu01,Bud Koper,1942-08-09,NBA,1965,1965,1,N,77299,name+dob,Bud Koper,77299,via-S1-bridge
kopicjo01,Joe Kopicki,1960-06-12,NBA,1983,1985,3,N,77300,name+dob,Joe Kopicki,77300,via-S1-bridge
korkmfu01,Furkan Korkmaz,1997-07-24,NBA,2018,2024,7,N,1627788,name+dob,Furkan Korkmaz,1627788,via-S1-bridge
kornefr01,Frank Kornet,1967-01-27,NBA,1990,1991,2,N,77301,name+dob,Frank Kornet,77301,via-S1-bridge
kornelu01,Luke Kornet,1995-07-15,NBA,2018,2026,14,N,1628436,name+dob,Luke Kornet,1628436,via-S1-bridge
korolya01,Yaroslav Korolev,1987-05-07,NBA,2006,2007,2,N,101117,name+dob,Yaroslav Korolev,101117,via-S1-bridge
korveky01,Kyle Korver,1981-03-17,NBA,2004,2020,23,N,2594,name+dob,Kyle Korver,2594,via-S1-bridge
kosmale01,Len Kosmalski,1951-11-29,NBA,1975,1976,2,N,77302,name+dob,Len Kosmalski,77302,via-S1-bridge
kostean01,Andy Kostecka,1921-02-10,BAA,1949,1949,1,N,77303,name+dob,Andy Kostecka,77303,via-S1-bridge
kottmha01,Harold Kottman,1922-08-22,BAA,1947,1947,1,N,77304,name+dob,Harold Kottman,77304,via-S1-bridge
koufoko01,Kosta Koufos,1989-02-24,NBA,2009,2019,13,N,201585,name+dob,Kosta Koufos,201585,via-S1-bridge
kozelto01,Tom Kozelko,1951-07-01,NBA,1974,1976,3,N,77305,name+dob,Tom Kozelko,77305,via-S1-bridge
kramear01,Arvid Kramer,1956-10-02,NBA,1980,1980,1,N,77306,name+dob,Arvid Kramer,77306,via-S1-bridge
krameba01,Barry Kramer,1942-11-10,ABA|NBA,1965,1970,3,N,77307,name+dob,Barry Kramer,77307,via-S1-bridge
kramejo01,Joel Kramer,1955-11-30,NBA,1979,1983,5,N,77308,name+dob,Joel Kramer,77308,via-S1-bridge
krausda01,Dan Kraus,1923-02-13,BAA,1949,1949,1,N,77309,name+dob,Dan Kraus,77309,via-S1-bridge
krauthe01,Herb Krautblatt,1926-11-19,BAA,1949,1949,1,N,77310,name+dob,Herb Krautblatt,77310,via-S1-bridge
kravtvi01,Viacheslav Kravtsov,1987-08-25,NBA,2013,2014,2,N,203139,name+dob,Viacheslav Kravtsov,203139,via-S1-bridge
krebsji01,Jim Krebs,1935-09-08,NBA,1958,1964,7,N,77311,name+dob,Jim Krebs,77311,via-S1-bridge
krejcvi01,Vít Krejčí,2000-06-19,NBA,2022,2026,7,N,1630249,name+dob,Vit Krejci,1630249,via-S1-bridge
kreklwa01,Wayne Kreklow,1957-01-04,NBA,1981,1981,1,N,77312,name+dob,Wayne Kreklow,77312,via-S1-bridge
kronto01,Tommy Kron,1943-02-28,ABA|NBA,1967,1970,3,N,77313,lastname+dob,Tom Kron,77313,via-S1-bridge
kroppto01,Tom Kropp,1953-02-12,NBA,1976,1977,2,N,77314,name+dob,Tom Kropp,77314,via-S1-bridge
krstine01,Nenad Krstić,1983-07-25,NBA,2005,2011,9,N,2420,name+dob,Nenad Krstic,2420,via-S1-bridge
krystla01,Larry Krystkowiak,1964-09-23,NBA,1987,1997,9,N,1474,name+dob,Larry Krystkowiak,1474,via-S1-bridge
kuberst01,Steve Kuberski,1947-11-06,NBA,1970,1978,11,N,77316,name+dob,Steve Kuberski,77316,via-S1-bridge
kubiale01,Leo Kubiak,1926-12-25,NBA,1950,1950,1,N,77317,name+dob,Leo Kubiak,77317,via-S1-bridge
kuczebr01,Bruce Kuczenski,1961-02-03,NBA,1984,1984,4,N,77318,name+dob,Bruce Kuczenski,77318,via-S1-bridge
kudelfr01,Frank Kudelka,1925-06-25,NBA,1950,1953,8,N,77319,name+dob,Frank Kudelka,77319,via-S1-bridge
kuestjo01,John Kuester,1955-02-06,NBA,1978,1980,3,N,77320,name+dob,John Kuester,77320,via-S1-bridge
kukara01,Ray Kuka,1922-02-17,BAA,1948,1949,2,N,77322,name+dob,Ray Kuka,77322,via-S1-bridge
kukocto01,Toni Kukoč,1968-09-18,NBA,1994,2006,17,N,389,name+dob,Toni Kukoc,389,via-S1-bridge
kulboar01,Arnoldas Kulboka,1998-01-04,NBA,2022,2022,1,N,1629083,name+dob,Arnoldas Kulboka,1629083,via-S1-bridge
kuminjo01,Jonathan Kuminga,2002-10-06,NBA,2022,2026,7,N,1630228,name+dob,Jonathan Kuminga,1630228,via-S1-bridge
kunneke01,Kevin Kunnert,1951-11-11,NBA,1974,1982,11,N,77323,name+dob,Kevin Kunnert,77323,via-S1-bridge
kupchmi01,Mitch Kupchak,1954-05-24,NBA,1977,1986,9,N,77324,name+dob,Mitch Kupchak,77324,via-S1-bridge
kupeccj01,C.J. Kupec,1953-01-26,NBA,1976,1978,3,N,77325,initial-surname+dob-window,Charles Kupec,77325,via-S1-bridge
kurucro01,Rodions Kurucs,1998-02-05,NBA,2019,2021,6,N,1629066,name+dob,Rodions Kurucs,1629066,via-S1-bridge
kurzro01,Rob Kurz,1985-03-05,NBA,2009,2009,1,N,201633,name+dob,Rob Kurz,201633,via-S1-bridge
kutluib01,Ibo Kutluay,1974-07-01,NBA,2005,2005,1,N,2825,initial-surname+dob-window,Ibrahim Kutluay,2825,via-S1-bridge
kuzmaky01,Kyle Kuzma,1995-07-24,NBA,2018,2026,11,N,1628398,name+dob,Kyle Kuzma,1628398,via-S1-bridge
kuzmimi01,Mindaugas Kuzminskas,1989-10-19,NBA,2017,2018,2,N,1627851,name+dob,Mindaugas Kuzminskas,1627851,via-S1-bridge
kuzmiog01,Ognjen Kuzmić,1990-05-16,NBA,2014,2015,2,N,203136,name+dob,Ognjen Kuzmic,203136,via-S1-bridge
labissk01,Skal Labissière,1996-03-18,NBA,2017,2026,8,N,1627746,name+dob,Skal Labissiere,1627746,via-S1-bridge
laceysa01,Sam Lacey,1948-03-28,NBA,1971,1983,15,N,77326,name+dob,Sam Lacey,77326,via-S1-bridge
lacoufr01,Fred LaCour,1938-02-07,NBA,1961,1963,3,N,77327,name+dob,Fred LaCour,77327,via-S1-bridge
laettch01,Christian Laettner,1969-08-17,NBA,1993,2005,17,N,363,name+dob,Christian Laettner,363,via-S1-bridge
lafayol01,Oliver Lafayette,1984-05-06,NBA,2010,2010,1,N,201802,name+dob,Oliver Lafayette,201802,via-S1-bridge
lafrera01,Raef LaFrentz,1976-05-29,NBA,1999,2008,12,N,1711,name+dob,Raef LaFrentz,1711,via-S1-bridge
lagarto01,Tom LaGarde,1955-02-10,NBA,1978,1985,6,N,77328,name+dob,Tom LaGarde,77328,via-S1-bridge
laimbbi01,Bill Laimbeer,1957-05-19,NBA,1981,1994,16,N,100263,DOB-conflict,Bill Laimbeer,100263,via-S1-bridge
lalicpe01,Pete Lalich,1920-06-23,BAA,1947,1947,1,N,77329,name+dob,Pete Lalich,77329,via-S1-bridge
lamarbo01,Bo Lamar,1951-04-07,ABA|NBA,1974,1977,1,N,77330,name+dob,Bo Lamar,77330,via-S1-bridge
lamban01,Anthony Lamb,1998-01-20,NBA,2021,2023,3,N,1630237,name+dob,Anthony Lamb,1630237,via-S1-bridge
lambdo01,Doron Lamb,1991-11-06,NBA,2013,2014,4,N,203117,name+dob,Doron Lamb,203117,via-S1-bridge
lambejo01,John Lambert,1953-01-14,NBA,1976,1982,11,N,77331,name+dob,John Lambert,77331,via-S1-bridge
lambje01,Jeremy Lamb,1992-05-30,NBA,2013,2022,12,N,203087,name+dob,Jeremy Lamb,203087,via-S1-bridge
lampema01,Maciej Lampe,1985-02-05,NBA,2004,2006,7,N,2573,name+dob,Maciej Lampe,2573,via-S1-bridge
lampje01,Jeff Lamp,1959-03-09,NBA,1982,1989,8,N,77332,name+dob,Jeff Lamp,77332,via-S1-bridge
lamplji01,Jim Lampley,1960-07-02,NBA,1987,1987,1,N,77333,name+dob,Jim Lampley,77333,via-S1-bridge
lamplse01,Sean Lampley,1979-09-03,NBA,2003,2004,2,N,2253,name+dob,Sean Lampley,2253,via-S1-bridge
landajo01,Jock Landale,1995-10-25,NBA,2022,2026,7,N,1629111,name+dob,Jock Landale,1629111,via-S1-bridge
landrca01,Carl Landry,1983-09-19,NBA,2008,2016,13,N,201171,name+dob,Carl Landry,201171,via-S1-bridge
landrma01,Marcus Landry,1985-11-01,NBA,2010,2010,3,N,202068,name+dob,Marcus Landry,202068,via-S1-bridge
landsma01,Mark Landsberger,1955-05-21,NBA,1978,1984,9,N,77334,name+dob,Mark Landsberger,77334,via-S1-bridge
laneje01,Jerome Lane,1966-12-04,NBA,1989,1993,8,N,77335,name+dob,Jerome Lane,77335,via-S1-bridge
langan01,Andrew Lang,1966-06-28,NBA,1989,2000,14,N,457,name+dob,Andrew Lang,457,via-S1-bridge
langan02,Antonio Lang,1972-05-15,NBA,1995,2000,8,N,226,name+dob,Antonio Lang,226,via-S1-bridge
langdtr01,Trajan Langdon,1976-05-13,NBA,2000,2002,3,N,1892,name+dob,Trajan Langdon,1892,via-S1-bridge
langfke01,Keith Langford,1983-09-15,NBA,2008,2008,1,N,101247,name+dob,Keith Langford,101247,via-S1-bridge
langfro01,Romeo Langford,1999-10-25,NBA,2020,2023,6,N,1629641,name+dob,Romeo Langford,1629641,via-S1-bridge
langhda01,Dan Langhi,1977-11-28,NBA,2001,2004,6,N,2061,name+dob,Dan Langhi,2061,via-S1-bridge
langja01,James Lang,1983-10-17,NBA,2007,2007,1,N,2591,name+dob,James Lang,2591,via-S1-bridge
laniebo01,Bob Lanier,1948-09-10,NBA,1971,1984,16,N,600005,name+dob,Bob Lanier,600005,via-S1-bridge
laniech01,Chaz Lanier,2001-12-19,NBA,2026,2026,1,N,,no-S1-match,,1642404,name-+dob
lantzst01,Stu Lantz,1946-07-13,NBA,1969,1976,10,N,77338,name+dob,Stu Lantz,77338,via-S1-bridge
laproni01,Nicolás Laprovíttola,1990-01-31,NBA,2017,2017,1,N,1627879,name+dob,Nicolas Laprovittola,1627879,via-S1-bridge
laravja01,Jake LaRavia,2001-11-03,NBA,2023,2026,6,N,1631222,name+dob,Jake LaRavia,1631222,via-S1-bridge
laresyo01,York Larese,1938-07-18,NBA,1962,1962,3,N,77339,name+dob,York Larese,77339,via-S1-bridge
larkish01,Shane Larkin,1992-10-02,NBA,2014,2018,4,N,203499,name+dob,Shane Larkin,203499,via-S1-bridge
larsspe01,Pelle Larsson,2001-02-23,NBA,2025,2026,2,N,,no-S1-match,,1641796,name-+dob
larueru01,Rusty LaRue,1973-12-10,NBA,1998,2004,5,N,1601,name+dob,Rusty LaRue,1601,via-S1-bridge
larusru01,Rudy LaRusso,1937-11-11,NBA,1960,1969,10,N,77340,name+dob,Rudy LaRusso,77340,via-S1-bridge
laskojo01,John Laskowski,1953-06-07,NBA,1976,1977,2,N,77341,name+dob,John Laskowski,77341,via-S1-bridge
lasmest01,Stéphane Lasme,1982-12-17,NBA,2008,2008,3,N,201186,name+dob,Stephane Lasme,201186,via-S1-bridge
lattida01,Dave Lattin,1943-12-23,ABA|NBA,1968,1973,2,N,77342,name+dob,Dave Lattin,77342,via-S1-bridge
laudepr01,Priest Lauderdale,1973-08-31,NBA,1997,1998,2,N,968,name+dob,Priest Lauderdale,968,via-S1-bridge
laureri01,Rich Laurel,1954-07-11,NBA,1978,1978,1,N,77344,name+dob,Rich Laurel,77344,via-S1-bridge
lautewa01,Walt Lautenbach,1922-11-17,NBA,1950,1950,1,N,77345,name+dob,Walt Lautenbach,77345,via-S1-bridge
lauvejo01,Joffrey Lauvergne,1991-09-30,NBA,2015,2018,6,N,203530,name+dob,Joffrey Lauvergne,203530,via-S1-bridge
lavelto01,Tony Lavelli,1926-07-11,NBA,1950,1951,2,N,77346,name+dob,Tony Lavelli,77346,via-S1-bridge
lavinza01,Zach LaVine,1995-03-10,NBA,2015,2026,14,N,203897,name+dob,Zach LaVine,203897,via-S1-bridge
lavoybo01,Bob Lavoy,1926-06-29,NBA,1951,1954,6,N,77347,name+dob,Bob Lavoy,77347,via-S1-bridge
lawac01,Acie Law,1985-01-25,NBA,2008,2011,9,N,201151,name+dob,Acie Law,201151,via-S1-bridge
lawalga01,Gani Lawal,1988-11-07,NBA,2011,2011,1,N,202371,name+dob,Gani Lawal,202371,via-S1-bridge
lawreed01,Edmund Lawrence,1952-12-08,NBA,1981,1981,1,N,77348,lastname+dob,Ed Lawrence,77348,via-S1-bridge
lawsoaj01,A.J. Lawson,2000-07-15,NBA,2023,2026,6,N,1630639,name+dob,A.J. Lawson,1630639,via-S1-bridge
lawsoja01,Jason Lawson,1974-09-02,NBA,1998,1998,1,N,1535,name+dob,Jason Lawson,1535,via-S1-bridge
lawsoty01,Ty Lawson,1987-11-03,NBA,2010,2017,10,N,201951,name+dob,Ty Lawson,201951,via-S1-bridge
lawvi01,Vic Law,1995-12-19,NBA,2020,2020,1,N,1629724,name+dob,Vic Law,1629724,via-S1-bridge
laymaja01,Jake Layman,1994-03-07,NBA,2017,2022,6,N,1627774,name+dob,Jake Layman,1627774,via-S1-bridge
laytomo01,Mo Layton,1948-12-24,ABA|NBA,1972,1978,5,N,77350,lastname+dob,Dennis Layton,77350,via-S1-bridge
leaftj01,T.J. Leaf,1997-04-30,NBA,2018,2021,4,N,1628388,name+dob,T.J. Leaf,1628388,via-S1-bridge
leaksma01,Manny Leaks,1945-11-27,ABA|NBA,1969,1974,2,N,77351,lastname+dob,Emanuel Leaks,77351,via-S1-bridge
learha01,Hal Lear,1935-01-31,NBA,1957,1957,1,N,77352,name+dob,Hal Lear,77352,via-S1-bridge
leaveal01,Allen Leavell,1957-05-27,NBA,1980,1989,10,N,77353,name+dob,Allen Leavell,77353,via-S1-bridge
leboje01,Jeff Lebo,1966-10-05,NBA,1990,1990,1,N,77354,name+dob,Jeff Lebo,77354,via-S1-bridge
leckner01,Eric Leckner,1966-05-27,NBA,1989,1997,12,N,287,name+dob,Eric Leckner,287,via-S1-bridge
lecquja01,Jalen Lecque,2000-06-13,NBA,2020,2021,2,N,1629665,name+dob,Jalen Lecque,1629665,via-S1-bridge
ledori01,Ricky Ledo,1992-09-10,NBA,2014,2015,4,N,203495,name+dob,Ricky Ledo,203495,via-S1-bridge
leebu01,Butch Lee,1956-12-05,NBA,1979,1980,6,N,77356,name+dob,Butch Lee,77356,via-S1-bridge
leecl01,Clyde Lee,1944-03-14,NBA,1967,1976,12,N,77357,name+dob,Clyde Lee,77357,via-S1-bridge
leeco01,Courtney Lee,1985-10-03,NBA,2009,2020,18,N,201584,name+dob,Courtney Lee,201584,via-S1-bridge
leeda02,David Lee,1983-04-29,NBA,2006,2017,14,N,101135,name+dob,David Lee,101135,via-S1-bridge
leeda03,Damion Lee,1992-10-21,NBA,2018,2025,7,N,1627814,name+dob,Damion Lee,1627814,via-S1-bridge
leedeed01,Ed Leede,1927-07-17,NBA,1950,1951,2,N,77366,name+dob,Ed Leede,77366,via-S1-bridge
leedo01,Doug Lee,1964-10-24,NBA,1992,1995,3,N,77358,name+dob,Doug Lee,77358,via-S1-bridge
leege01,George Lee,1936-11-23,NBA,1961,1968,7,N,77359,name+dob,George Lee,77359,via-S1-bridge
leegr01,Greg Lee,1951-12-12,ABA|NBA,1975,1976,1,N,77360,name+dob,Greg Lee,77360,via-S1-bridge
leeke01,Keith Lee,1962-12-28,NBA,1986,1989,3,N,77361,name+dob,Keith Lee,77361,via-S1-bridge
leeku01,Kurk Lee,1967-06-03,NBA,1991,1991,1,N,77362,name+dob,Kurk Lee,77362,via-S1-bridge
leema01,Malcolm Lee,1990-05-22,NBA,2012,2015,3,N,202723,name+dob,Malcolm Lee,202723,via-S1-bridge
leero01,Ron Lee,1952-11-02,NBA,1977,1982,10,N,77364,name+dob,Ron Lee,77364,via-S1-bridge
leero02,Rock Lee,1955-05-01,NBA,1982,1982,1,N,77363,name+dob,Rock Lee,77363,via-S1-bridge
leeru01,Russ Lee,1950-01-27,NBA,1973,1975,3,N,77365,lastname+dob,Russell Lee,77365,via-S1-bridge
leesa01,Saben Lee,1999-06-23,NBA,2021,2024,6,N,1630240,name+dob,Saben Lee,1630240,via-S1-bridge
lefkoha01,Hank Lefkowitz,1923-08-31,BAA,1947,1947,1,N,77367,name+dob,Hank Lefkowitz,77367,via-S1-bridge
legleti01,Tim Legler,1966-12-26,NBA,1990,2000,12,N,100,name+dob,Tim Legler,100,via-S1-bridge
lehmage01,George Lehmann,1941-05-01,ABA|NBA,1968,1974,2,N,77369,DOB-conflict,George Lehmann,77369,via-S1-bridge
lemonwa01,Walt Lemon Jr.,1992-07-26,NBA,2018,2019,2,N,1627215,name+dob,Walt Lemon Jr.,1627215,via-S1-bridge
lenal01,Alex Len,1993-06-16,NBA,2014,2025,18,N,203458,name+dob,Alex Len,203458,via-S1-bridge
lenarvo01,Voshon Lenard,1973-05-14,NBA,1996,2006,13,N,702,name+dob,Voshon Lenard,702,via-S1-bridge
leonaga01,Gary Leonard,1967-02-16,NBA,1990,1992,3,N,77370,name+dob,Gary Leonard,77370,via-S1-bridge
leonaka01,Kawhi Leonard,1991-06-29,NBA,2012,2026,14,N,202695,name+dob,Kawhi Leonard,202695,via-S1-bridge
leoname01,Meyers Leonard,1992-02-27,NBA,2013,2023,10,N,203086,name+dob,Meyers Leonard,203086,via-S1-bridge
leonasl01,Slick Leonard,1932-07-17,NBA,1957,1963,7,N,77371,lastname+dob,Bob Leonard,77371,via-S1-bridge
leonsma01,Malevy Leons,1999-09-23,NBA,2025,2026,2,N,,no-S1-match,,1642502,name-+dob
lesji01,Jim Les,1963-08-18,NBA,1989,1995,9,N,77372,name+dob,Jim Les,77372,via-S1-bridge
leslitr01,Travis Leslie,1990-03-29,NBA,2012,2012,1,N,202727,name+dob,Travis Leslie,202727,via-S1-bridge
lestero01,Ronnie Lester,1959-01-01,NBA,1981,1986,6,N,77373,name+dob,Ronnie Lester,77373,via-S1-bridge
lettcl01,Clifford Lett,1965-12-23,NBA,1990,1991,2,N,77374,name+dob,Clifford Lett,77374,via-S1-bridge
leuerjo01,Jon Leuer,1989-05-14,NBA,2012,2019,10,N,202720,name+dob,Jon Leuer,202720,via-S1-bridge
levanan01,Andrew Levane,1920-04-11,BAA|NBA,1949,1953,3,N,77375,name+dob,Andrew Levane,77375,via-S1-bridge
leverca01,Caris LeVert,1994-08-25,NBA,2017,2026,16,N,1627747,name+dob,Caris LeVert,1627747,via-S1-bridge
leverfa01,Fat Lever,1960-08-18,NBA,1983,1994,11,N,77376,lastname+dob,Lafayette Lever,77376,via-S1-bridge
levincl01,Cliff Levingston,1961-01-04,NBA,1983,1995,11,N,77377,name+dob,Cliff Levingston,77377,via-S1-bridge
lewisbo01,Bobby Lewis,1945-03-20,NBA,1968,1971,4,N,77385,name+dob,Bobby Lewis,77385,via-S1-bridge
lewisce01,Cedric Lewis,1969-09-24,NBA,1996,1996,1,N,736,name+dob,Cedric Lewis,736,via-S1-bridge
lewisfr01,Freddie Lewis,1921-01-06,BAA|NBA,1949,1950,6,N,77379,lastname+dob,Fred Lewis,77379,via-S1-bridge
lewisfr02,Freddie Lewis,1943-07-01,ABA|NBA,1967,1977,2,N,77380,name+dob,Freddie Lewis,77380,via-S1-bridge
lewisgr01,Grady Lewis,1917-03-25,BAA,1947,1949,5,N,77381,name+dob,Grady Lewis,77381,via-S1-bridge
lewiski01,Kira Lewis Jr.,2001-04-06,NBA,2021,2024,7,N,1630184,name+dob,Kira Lewis Jr.,1630184,via-S1-bridge
lewisma01,Martin Lewis,1975-04-28,NBA,1996,1997,2,N,729,name+dob,Martin Lewis,729,via-S1-bridge
lewisma05,Maxwell Lewis,2002-07-27,NBA,2024,2025,4,N,,no-S1-match,,1641721,name-+dob
lewisqu01,Quincy Lewis,1977-06-26,NBA,2000,2004,4,N,1900,name+dob,Quincy Lewis,1900,via-S1-bridge
lewisra01,Ralph Lewis,1963-03-28,NBA,1988,1990,5,N,77383,name+dob,Ralph Lewis,77383,via-S1-bridge
lewisra02,Rashard Lewis,1979-08-08,NBA,1999,2014,18,N,1740,name+dob,Rashard Lewis,1740,via-S1-bridge
lewisre01,Reggie Lewis,1965-11-21,NBA,1988,1993,6,N,77384,name+dob,Reggie Lewis,77384,via-S1-bridge
lewissc01,Scottie Lewis,2000-03-12,NBA,2022,2022,1,N,1630575,name+dob,Scottie Lewis,1630575,via-S1-bridge
liberma01,Marcus Liberty,1968-10-27,NBA,1991,1994,6,N,77386,name+dob,Marcus Liberty,77386,via-S1-bridge
lichtto01,Todd Lichti,1967-01-08,NBA,1990,1994,8,N,77387,name+dob,Todd Lichti,77387,via-S1-bridge
liddeej01,E.J. Liddell,2000-12-18,NBA,2024,2026,3,N,1630604,name+dob,E.J. Liddell,1630604,via-S1-bridge
liggide01,DeAndre Liggins,1988-03-31,NBA,2012,2018,9,N,202732,name+dob,DeAndre Liggins,202732,via-S1-bridge
ligonbi01,Bill Ligon,1952-05-29,NBA,1975,1975,1,N,77388,DOB-conflict,Bill Ligon,77388,via-S1-bridge
lillada01,Damian Lillard,1990-07-15,NBA,2013,2025,13,N,203081,name+dob,Damian Lillard,203081,via-S1-bridge
lingest01,Steve Lingenfelter,1958-06-10,NBA,1983,1984,2,N,77389,name+dob,Steve Lingenfelter,77389,via-S1-bridge
linje01,Jeremy Lin,1988-08-23,NBA,2011,2019,11,N,202391,name+dob,Jeremy Lin,202391,via-S1-bridge
listeal01,Alton Lister,1958-10-01,NBA,1982,1998,18,N,175,name+dob,Alton Lister,175,via-S1-bridge
littlna01,Nassir Little,2000-02-11,NBA,2020,2024,5,N,1629642,name+dob,Nassir Little,1629642,via-S1-bridge
livelde01,Dereck Lively II,2004-02-12,NBA,2024,2026,3,N,,no-S1-match,,1641726,name-+dob
liveris01,Isaiah Livers,1998-07-28,NBA,2022,2026,4,N,1630587,name+dob,Isaiah Livers,1630587,via-S1-bridge
livinch01,Chris Livingston,2003-10-15,NBA,2024,2026,3,N,,no-S1-match,,1641753,name-+dob
livinra01,Randy Livingston,1975-04-02,NBA,1997,2007,11,N,988,name+dob,Randy Livingston,988,via-S1-bridge
livinro01,Ron Livingstone,1925-10-09,NBA,1950,1951,4,N,77392,name+dob,Ron Livingstone,77392,via-S1-bridge
livinsh01,Shaun Livingston,1985-09-11,NBA,2005,2019,20,N,2733,name+dob,Shaun Livingston,2733,via-S1-bridge
llamaho01,Horacio Llamas,1973-07-17,NBA,1997,1998,2,N,1024,name+dob,Horacio Llamas,1024,via-S1-bridge
lloydea01,Earl Lloyd,1928-04-03,NBA,1951,1960,9,N,77394,name+dob,Earl Lloyd,77394,via-S1-bridge
lloydle01,Lewis Lloyd,1959-02-22,NBA,1982,1990,9,N,77395,name+dob,Lewis Lloyd,77395,via-S1-bridge
lloydsc01,Scott Lloyd,1952-12-19,NBA,1977,1983,10,N,77396,name+dob,Scott Lloyd,77396,via-S1-bridge
lochmbo01,Bob Lochmueller,1927-06-05,NBA,1953,1953,1,N,77397,name+dob,Bob Lochmueller,77397,via-S1-bridge
lockhda01,Darrell Lockhart,1960-09-14,NBA,1984,1984,1,N,77399,name+dob,Darrell Lockhart,77399,via-S1-bridge
lockhia01,Ian Lockhart,1967-06-25,NBA,1991,1991,1,N,1100,name+dob,Ian Lockhart,1100,via-S1-bridge
lockro01,Rob Lock,1966-05-22,NBA,1989,1989,1,N,77398,lastname+dob,Robert Lock,77398,via-S1-bridge
loderke01,Kevin Loder,1959-03-15,NBA,1982,1984,5,N,77401,name+dob,Kevin Loder,77401,via-S1-bridge
lofgrdo01,Don Lofgran,1929-11-08,NBA,1951,1954,6,N,77402,DOB-conflict,Don Lofgran,77402,via-S1-bridge
loftoke01,Kenneth Lofton Jr.,2002-08-14,NBA,2023,2024,5,N,1631254,name+dob,Kenneth Lofton Jr.,1631254,via-S1-bridge
loftoza01,Zach Lofton,1992-11-18,NBA,2019,2019,1,N,1629155,name+dob,Zach Lofton,1629155,via-S1-bridge
loganjo01,John Logan,1921-01-01,BAA|NBA,1947,1951,5,N,77403,lastname+dob,Johnny Logan,77403,via-S1-bridge
lohaubr01,Brad Lohaus,1964-09-29,NBA,1988,1998,17,N,38,name+dob,Brad Lohaus,38,via-S1-bridge
longar01,Art Long,1972-10-01,NBA,2001,2003,5,N,1609,name+dob,Art Long,1609,via-S1-bridge
longgr01,Grant Long,1966-03-12,NBA,1989,2003,17,N,3,name+dob,Grant Long,3,via-S1-bridge
longjo01,John Long,1956-08-28,NBA,1979,1997,16,N,1381,name+dob,John Long,1381,via-S1-bridge
longllu01,Luc Longley,1969-01-19,NBA,1992,2001,12,N,26,name+dob,Luc Longley,26,via-S1-bridge
longpa01,Paul Long,1944-02-08,ABA|NBA,1968,1971,3,N,77406,name+dob,Paul Long,77406,via-S1-bridge
longsh01,Shawn Long,1993-01-29,NBA,2017,2017,1,N,1627848,name+dob,Shawn Long,1627848,via-S1-bridge
looneke01,Kevon Looney,1996-02-06,NBA,2016,2026,11,N,1626172,name+dob,Kevon Looney,1626172,via-S1-bridge
lopezbr01,Brook Lopez,1988-04-01,NBA,2009,2026,18,N,201572,name+dob,Brook Lopez,201572,via-S1-bridge
lopezfe01,Felipe López,1974-12-19,NBA,1999,2002,6,N,1732,name+dob,Felipe Lopez,1732,via-S1-bridge
lopezra01,Raül López,1980-04-15,NBA,2004,2005,2,N,2221,name+dob,Raul Lopez,2221,via-S1-bridge
lopezro01,Robin Lopez,1988-04-01,NBA,2009,2024,16,N,201577,name+dob,Robin Lopez,201577,via-S1-bridge
lorthry01,Ryan Lorthridge,1972-07-27,NBA,1995,1995,1,N,943,name+dob,Ryan Lorthridge,943,via-S1-bridge
loscuji01,Jim Loscutoff,1930-02-04,NBA,1956,1964,9,N,77409,name+dob,Jim Loscutoff,77409,via-S1-bridge
lottpl01,Plummer Lott,1945-12-11,NBA,1968,1969,2,N,77410,name+dob,Plummer Lott,77410,via-S1-bridge
loughke01,Kevin Loughery,1940-03-28,NBA,1963,1973,15,N,77411,name+dob,Kevin Loughery,77411,via-S1-bridge
louzama01,Didi Louzada,1999-02-07,NBA,2021,2022,4,N,1629712,DOB-conflict,Didi Louzada,1629712,via-S1-bridge
lovebo01,Bob Love,1942-12-08,NBA,1967,1977,16,N,77412,name+dob,Bob Love,77412,via-S1-bridge
loveca01,Caleb Love,2001-09-27,NBA,2026,2026,1,N,,no-S1-match,,1631126,name-+dob
loveke01,Kevin Love,1988-09-07,NBA,2009,2026,20,N,201567,name+dob,Kevin Love,201567,via-S1-bridge
lovelcl01,Clyde Lovellette,1929-09-07,NBA,1954,1964,11,N,77414,name+dob,Clyde Lovellette,77414,via-S1-bridge
loverla01,Lawson Lovering,2003-05-09,NBA,2026,2026,1,N,,no-S1-match,,1643133,name-+dob
lovest01,Stan Love,1949-04-09,ABA|NBA,1972,1975,4,N,77413,name+dob,Stan Love,77413,via-S1-bridge
lowerch01,Charlie Lowery,1949-11-12,NBA,1972,1972,1,N,77416,lastname+dob,Chuck Lowery,77416,via-S1-bridge
lowesi01,Sidney Lowe,1960-01-21,NBA,1984,1990,6,N,77415,name+dob,Sidney Lowe,77415,via-S1-bridge
lowryky01,Kyle Lowry,1986-03-25,NBA,2007,2026,24,N,200768,name+dob,Kyle Lowry,200768,via-S1-bridge
loydjo01,Jordan Loyd,1993-07-27,NBA,2019,2019,1,N,1628070,name+dob,Jordan Loyd,1628070,via-S1-bridge
lucasal01,Al Lucas,1922-07-04,BAA,1949,1949,1,N,77417,name+dob,Al Lucas,77417,via-S1-bridge
lucasje01,Jerry Lucas,1940-03-30,NBA,1964,1974,13,N,77418,name+dob,Jerry Lucas,77418,via-S1-bridge
lucasjo01,John Lucas,1953-10-31,NBA,1977,1990,14,N,77419,name+dob,John Lucas,77419,via-S1-bridge
lucasjo02,John Lucas III,1982-11-21,NBA,2006,2017,8,N,101249,name+dob,John Lucas III,101249,via-S1-bridge
lucaska01,Kalin Lucas,1989-05-24,NBA,2015,2019,2,N,203564,name+dob,Kalin Lucas,203564,via-S1-bridge
lucasma01,Maurice Lucas,1952-02-18,ABA|NBA,1975,1988,14,N,77420,name+dob,Maurice Lucas,77420,via-S1-bridge
luckete01,Ted Luckenbill,1939-07-27,NBA,1962,1963,2,N,77421,name+dob,Ted Luckenbill,77421,via-S1-bridge
luety01,Tyronn Lue,1977-05-03,NBA,1999,2009,17,N,1731,name+dob,Tyronn Lue,1731,via-S1-bridge
luisiji01,Jim Luisi,1928-11-02,NBA,1954,1954,1,N,77422,name+dob,Jim Luisi,77422,via-S1-bridge
lujacal01,Al Lujack,1920-10-05,BAA,1947,1947,1,N,77423,DOB-conflict,Al Lujack,77423,via-S1-bridge
lumpkph01,Phil Lumpkin,1951-12-20,NBA,1975,1976,2,N,77424,name+dob,Phil Lumpkin,77424,via-S1-bridge
lumppra01,Ray Lumpp,1923-07-11,BAA|NBA,1949,1953,9,N,77425,name+dob,Ray Lumpp,77425,via-S1-bridge
lundbga01,Gabriel Lundberg,1994-12-04,NBA,2022,2022,1,N,1630994,name+dob,Gabriel Lundberg,1630994,via-S1-bridge
lundyse01,Seth Lundy,2000-04-02,NBA,2024,2024,1,N,,no-S1-match,,1641754,name-+dob
luwawti01,Timothé Luwawu-Cabarrot,1995-05-09,NBA,2017,2022,8,N,1627789,name+dob,Timothe Luwawu-Cabarrot,1627789,via-S1-bridge
lydonty01,Tyler Lydon,1996-04-09,NBA,2018,2019,2,N,1628399,name+dob,Tyler Lydon,1628399,via-S1-bridge
lylestr01,Trey Lyles,1995-11-05,NBA,2016,2025,12,N,1626168,name+dob,Trey Lyles,1626168,via-S1-bridge
lynchge01,George Lynch,1970-09-03,NBA,1994,2005,12,N,248,name+dob,George Lynch,248,via-S1-bridge
lynchke01,Kevin Lynch,1968-12-24,NBA,1992,1993,2,N,77426,name+dob,Kevin Lynch,77426,via-S1-bridge
lynnmi01,Mike Lynn,1945-11-25,NBA,1970,1971,2,N,77427,name+dob,Mike Lynn,77427,via-S1-bridge
macalmi01,Mike Macaluso,1951-07-20,NBA,1974,1974,1,N,77428,name+dob,Mike Macaluso,77428,via-S1-bridge
macaued01,Ed Macauley,1928-03-22,NBA,1950,1959,10,N,77429,name+dob,Ed Macauley,77429,via-S1-bridge
maccuto01,Todd MacCulloch,1976-01-27,NBA,2000,2003,4,N,1928,name+dob,Todd MacCulloch,1928,via-S1-bridge
macgiro01,Ronnie MacGilvray,1930-07-20,NBA,1955,1955,1,N,77430,name+dob,Ronnie MacGilvray,77430,via-S1-bridge
machasc01,Scott Machado,1990-06-08,NBA,2013,2019,2,N,203159,name+dob,Scott Machado,203159,via-S1-bridge
macijar01,Arvydas Macijauskas,1980-01-19,NBA,2006,2006,1,N,101178,name+dob,Arvydas Macijauskas,101178,via-S1-bridge
mackema01,Malcolm Mackey,1970-07-11,NBA,1994,1994,1,N,1635,name+dob,Malcolm Mackey,1635,via-S1-bridge
macklru01,Rudy Macklin,1958-02-19,NBA,1982,1984,3,N,77435,name+dob,Rudy Macklin,77435,via-S1-bridge
macklve01,Vernon Macklin,1986-09-20,NBA,2012,2012,1,N,202731,DOB-conflict,Vernon Macklin,202731,via-S1-bridge
macknjo01,Johnny Macknowski,1923-01-07,NBA,1950,1951,2,N,77436,name+dob,Johnny Macknowski,77436,via-S1-bridge
mackol01,Ollie Mack,1957-06-06,NBA,1980,1982,7,N,77432,name+dob,Ollie Mack,77432,via-S1-bridge
macksa01,Sam Mack,1970-05-26,NBA,1993,2002,9,N,694,name+dob,Sam Mack,694,via-S1-bridge
macksh01,Shelvin Mack,1990-04-22,NBA,2012,2019,15,N,202714,name+dob,Shelvin Mack,202714,via-S1-bridge
macledo01,Don MacLean,1970-01-16,NBA,1993,2001,9,N,931,name+dob,Don MacLean,931,via-S1-bridge
maconda01,Daryl Macon,1995-11-29,NBA,2019,2020,2,N,1629133,name+dob,Daryl Macon,1629133,via-S1-bridge
maconma01,Mark Macon,1969-04-14,NBA,1992,1999,8,N,1855,name+dob,Mark Macon,1855,via-S1-bridge
macurjp01,J.P. Macura,1995-06-05,NBA,2019,2020,2,N,1629122,name+dob,J.P. Macura,1629122,via-S1-bridge
macyky01,Kyle Macy,1957-04-09,NBA,1981,1987,7,N,77438,name+dob,Kyle Macy,77438,via-S1-bridge
maddoja01,Jack Maddox,1919-12-10,BAA,1949,1949,1,N,77439,DOB-conflict,Jack Maddox,77439,via-S1-bridge
maddoti01,Tito Maddox,1981-06-07,NBA,2003,2003,1,N,2432,DOB-conflict,Tito Maddox,2432,via-S1-bridge
madkige01,Gerald Madkins,1969-04-18,NBA,1994,1998,3,N,1666,name+dob,Gerald Madkins,1666,via-S1-bridge
madsema01,Mark Madsen,1976-01-28,NBA,2001,2009,9,N,2058,name+dob,Mark Madsen,2058,via-S1-bridge
magerno01,Norm Mager,1926-03-23,NBA,1951,1951,1,N,77441,name+dob,Norm Mager,77441,via-S1-bridge
magetjo01,Josh Magette,1989-11-28,NBA,2018,2020,2,N,203705,name+dob,Josh Magette,203705,via-S1-bridge
maggeco01,Corey Maggette,1979-11-12,NBA,2000,2013,14,N,1894,name+dob,Corey Maggette,1894,via-S1-bridge
magleda01,Dave Magley,1959-11-24,NBA,1983,1983,1,N,77442,name+dob,Dave Magley,77442,via-S1-bridge
magloja01,Jamaal Magloire,1978-05-21,NBA,2001,2012,14,N,2048,name+dob,Jamaal Magloire,2048,via-S1-bridge
magnawi01,Will Magnay,1998-06-10,NBA,2021,2021,1,N,1630266,name+dob,Will Magnay,1630266,via-S1-bridge
mahinia01,Ian Mahinmi,1986-11-05,NBA,2008,2020,12,N,101133,name+dob,Ian Mahinmi,101133,via-S1-bridge
mahnkjo01,John Mahnken,1922-06-16,BAA|NBA,1947,1953,15,N,77443,name+dob,John Mahnken,77443,via-S1-bridge
mahonmo01,Mo Mahoney,1927-11-20,NBA,1953,1954,2,N,77444,lastname+dob,Francis Mahoney,77444,via-S1-bridge
mahorri01,Rick Mahorn,1958-09-21,NBA,1981,1999,18,N,328,name+dob,Rick Mahorn,328,via-S1-bridge
majerda01,Dan Majerle,1965-09-09,NBA,1989,2002,14,N,105,name+dob,Dan Majerle,105,via-S1-bridge
majorre01,Renaldo Major,1982-05-07,NBA,2007,2007,1,N,200970,name+dob,Renaldo Major,200970,via-S1-bridge
makerth01,Thon Maker,1997-02-25,NBA,2017,2021,7,N,1627748,name+dob,Thon Maker,1627748,via-S1-bridge
malamli01,Lionel Malamed,1924-11-15,BAA,1949,1949,3,N,77447,name+dob,Lionel Malamed,77447,via-S1-bridge
maledth01,Théo Maledon,2001-06-12,NBA,2021,2024,6,N,1630177,name+dob,Theo Maledon,1630177,via-S1-bridge
malonje01,Jeff Malone,1961-06-28,NBA,1984,1996,17,N,117,name+dob,Jeff Malone,117,via-S1-bridge
malonka01,Karl Malone,1963-07-24,NBA,1986,2004,19,N,252,name+dob,Karl Malone,252,via-S1-bridge
malonma01,Matt Maloney,1971-12-06,NBA,1997,2003,6,N,1074,name+dob,Matt Maloney,1074,via-S1-bridge
malonmo01,Moses Malone,1955-03-23,ABA|NBA,1975,1995,21,N,77449,name+dob,Moses Malone,77449,via-S1-bridge
malovst01,Steve Malovic,1956-07-21,NBA,1980,1980,4,N,77450,name+dob,Steve Malovic,77450,via-S1-bridge
maluakh01,Khaman Maluach,2006-09-14,NBA,2026,2026,1,N,,no-S1-match,,1642863,name-+dob
mamuksa01,Sandro Mamukelashvili,1999-05-23,NBA,2022,2026,7,N,1630572,name+dob,Sandro Mamukelashvili,1630572,via-S1-bridge
manakte01,Ted Manakas,1951-02-22,NBA,1974,1974,1,N,77451,name+dob,Ted Manakas,77451,via-S1-bridge
mandijo01,John Mandic,1919-10-03,BAA|NBA,1949,1950,4,N,77452,name+dob,John Mandic,77452,via-S1-bridge
maneka01,Karim Mané,2000-05-16,NBA,2021,2021,1,N,1630211,name+dob,Karim Mane,1630211,via-S1-bridge
mangifr01,Frank Mangiapane,1925-08-05,BAA,1947,1947,1,N,77453,DOB-conflict,Frank Mangiapane,77453,via-S1-bridge
mannida01,Danny Manning,1966-05-17,NBA,1989,2003,17,N,330,name+dob,Danny Manning,330,via-S1-bridge
mannied01,Ed Manning,1944-01-02,ABA|NBA,1968,1976,6,N,77454,name+dob,Ed Manning,77454,via-S1-bridge
mannini01,Nico Mannion,2001-03-14,NBA,2021,2021,1,N,1630185,name+dob,Nico Mannion,1630185,via-S1-bridge
mannipa01,Pace Mannion,1960-09-22,NBA,1984,1989,8,N,77456,name+dob,Pace Mannion,77456,via-S1-bridge
manniri01,Rich Manning,1970-06-23,NBA,1996,1997,4,N,316,lastname+dob,Richard Manning,316,via-S1-bridge
mannte01,Terance Mann,1996-10-18,NBA,2020,2026,9,N,1629611,name+dob,Terance Mann,1629611,via-S1-bridge
manntr01,Tre Mann,2001-02-03,NBA,2022,2026,7,N,1630544,name+dob,Tre Mann,1630544,via-S1-bridge
manonch01,Chris Mañon,2001-12-09,NBA,2026,2026,1,N,,no-S1-match,,1643024,name-+dob
mantini01,Nick Mantis,1935-12-07,NBA,1960,1963,4,N,77457,name+dob,Nick Mantis,77457,via-S1-bridge
maravpe01,Pete Maravich,1947-06-22,NBA,1971,1980,12,N,77459,name+dob,Pete Maravich,77459,via-S1-bridge
maravpr01,Press Maravich,1915-08-29,BAA,1947,1947,1,N,77458,surname+career-span,Peter Maravich,77458,via-S1-bridge
marblde01,Devyn Marble,1992-09-21,NBA,2015,2016,2,N,203906,name+dob,Devyn Marble,203906,via-S1-bridge
marblro01,Roy Marble,1966-12-13,NBA,1990,1994,2,N,77460,name+dob,Roy Marble,77460,via-S1-bridge
marbust01,Stephon Marbury,1977-02-20,NBA,1997,2009,17,N,950,name+dob,Stephon Marbury,950,via-S1-bridge
marcisa01,Šarūnas Marčiulionis,1964-06-13,NBA,1990,1997,7,N,36,name+dob,Sarunas Marciulionis,36,via-S1-bridge
mariasa01,Saul Mariaschin,1924-09-01,BAA,1948,1948,1,N,77462,name+dob,Saul Mariaschin,77462,via-S1-bridge
marinja01,Jack Marin,1944-10-12,NBA,1967,1977,15,N,77463,name+dob,Jack Marin,77463,via-S1-bridge
mariosh01,Shawn Marion,1978-05-07,NBA,2000,2015,20,N,1890,name+dob,Shawn Marion,1890,via-S1-bridge
marjabo01,Boban Marjanović,1988-08-15,NBA,2016,2024,13,N,1626246,name+dob,Boban Marjanovic,1626246,via-S1-bridge
markkla01,Lauri Markkanen,1997-05-22,NBA,2018,2026,9,N,1628374,name+dob,Lauri Markkanen,1628374,via-S1-bridge
markoda01,Damir Markota,1985-12-26,NBA,2007,2007,1,N,200806,name+dob,Damir Markota,200806,via-S1-bridge
marksse01,Sean Marks,1975-08-23,NBA,1999,2011,11,N,1752,name+dob,Sean Marks,1752,via-S1-bridge
marlaha01,Harvey Marlatt,1948-08-26,NBA,1971,1973,3,N,77464,name+dob,Harvey Marlatt,77464,via-S1-bridge
marshdo01,Donyell Marshall,1973-05-18,NBA,1995,2009,21,N,923,name+dob,Donyell Marshall,923,via-S1-bridge
marshdo02,Donny Marshall,1972-07-17,NBA,1996,2003,5,N,681,name+dob,Donny Marshall,681,via-S1-bridge
marshji01,Jim Marsh,1946-04-26,NBA,1972,1972,1,N,77466,name+dob,Jim Marsh,77466,via-S1-bridge
marshke01,Kendall Marshall,1991-08-19,NBA,2013,2016,4,N,203088,name+dob,Kendall Marshall,203088,via-S1-bridge
marshna01,Naji Marshall,1998-01-24,NBA,2021,2026,6,N,1630230,name+dob,Naji Marshall,1630230,via-S1-bridge
marshra01,Rawle Marshall,1982-02-20,NBA,2006,2007,2,N,101185,name+dob,Rawle Marshall,101185,via-S1-bridge
marshri01,Ricky Marsh,1954-03-10,NBA,1978,1978,1,N,77465,lastname+dob,Eric Marsh,77465,via-S1-bridge
marshto01,Tom Marshall,1931-01-06,NBA,1955,1959,6,N,77467,name+dob,Tom Marshall,77467,via-S1-bridge
marshve01,Vester Marshall,1948-12-22,NBA,1974,1974,1,N,77468,name+dob,Vester Marshall,77468,via-S1-bridge
martial01,Alijah Martin,2001-12-26,NBA,2026,2026,1,N,,no-S1-match,,1642918,name-+dob
martibi01,Bill Martin,1962-08-16,NBA,1986,1988,3,N,77481,name+dob,Bill Martin,77481,via-S1-bridge
martibo01,Bob Martin,1969-10-07,NBA,1994,1995,2,N,77478,name+dob,Bob Martin,77478,via-S1-bridge
martibr01,Brian Martin,1962-08-18,NBA,1986,1986,3,N,77469,name+dob,Brian Martin,77469,via-S1-bridge
martica01,Cartier Martin,1984-11-20,NBA,2009,2015,11,N,201858,name+dob,Cartier Martin,201858,via-S1-bridge
martica02,Caleb Martin,1995-09-28,NBA,2020,2026,9,N,1628997,name+dob,Caleb Martin,1628997,via-S1-bridge
martico01,Cody Martin,1995-09-28,NBA,2020,2026,9,N,1628998,name+dob,Cody Martin,1628998,via-S1-bridge
marticu01,Cuonzo Martin,1971-09-23,NBA,1996,1997,2,N,733,name+dob,Cuonzo Martin,733,via-S1-bridge
martida01,Darrick Martin,1971-03-06,NBA,1995,2008,15,N,239,name+dob,Darrick Martin,239,via-S1-bridge
martidi01,Dino Martin,1920-05-25,BAA,1947,1948,2,N,77471,lastname+dob,Donald Martin,77471,via-S1-bridge
martido01,Don Martin,1920-02-07,BAA,1947,1949,5,N,77473,name+dob,Don Martin,77473,via-S1-bridge
martife01,Fernando Martín,1962-03-25,NBA,1987,1987,1,N,77472,name+dob,Fernando Martin,77472,via-S1-bridge
martija01,Jarell Martin,1994-05-24,NBA,2016,2019,4,N,1626185,name+dob,Jarell Martin,1626185,via-S1-bridge
martija02,Jaylen Martin,2004-01-28,NBA,2025,2025,3,N,,no-S1-match,,1641798,name-+dob
martije01,Jeff Martin,1967-01-14,NBA,1990,1991,2,N,77474,name+dob,Jeff Martin,77474,via-S1-bridge
martije02,Jeremiah Martin,1996-06-19,NBA,2020,2021,2,N,1629725,name+dob,Jeremiah Martin,1629725,via-S1-bridge
martike01,Kenyon Martin,1977-12-30,NBA,2001,2015,15,N,2030,name+dob,Kenyon Martin,2030,via-S1-bridge
martike02,Kevin Martin,1983-02-01,NBA,2005,2016,16,N,2755,name+dob,Kevin Martin,2755,via-S1-bridge
martike03,Kelan Martin,1995-08-03,NBA,2020,2022,5,N,1629103,name+dob,Kelan Martin,1629103,via-S1-bridge
martike04,KJ Martin,2001-01-06,NBA,2021,2025,9,N,1630231,name+dob,Kenyon Martin Jr.,1630231,via-S1-bridge
martila01,LaRue Martin,1950-03-30,NBA,1973,1976,4,N,77475,DOB-conflict,Larue Martin,77475,via-S1-bridge
martima01,Maurice Martin,1964-07-02,NBA,1987,1988,2,N,77476,lastname+dob,Mo Martin,77476,via-S1-bridge
martiph01,Phil Martin,1928-04-02,NBA,1955,1955,1,N,77477,name+dob,Phil Martin,77477,via-S1-bridge
martisl01,Slater Martin,1925-10-22,NBA,1950,1960,13,N,77480,name+dob,Slater Martin,77480,via-S1-bridge
martity01,Tyrese Martin,1999-03-07,NBA,2023,2026,5,N,1631213,name+dob,Tyrese Martin,1631213,via-S1-bridge
martiwh01,Whitey Martin,1939-04-11,NBA,1962,1962,1,N,77479,lastname+dob,Ronald Martin,77479,via-S1-bridge
mashaja01,Jahmai Mashack,2002-11-10,NBA,2026,2026,1,N,,no-S1-match,,,
mashbja01,Jamal Mashburn,1972-11-29,NBA,1994,2004,13,N,469,name+dob,Jamal Mashburn,469,via-S1-bridge
masinal01,Al Masino,1928-02-05,NBA,1953,1954,4,N,77482,name+dob,Al Masino,77482,via-S1-bridge
masonan01,Anthony Mason,1966-12-14,NBA,1990,2003,13,N,193,name+dob,Anthony Mason,193,via-S1-bridge
masonde01,Desmond Mason,1977-10-11,NBA,2001,2010,12,N,2046,name+dob,Desmond Mason,2046,via-S1-bridge
masonfr01,Frank Mason III,1994-04-03,NBA,2018,2021,4,N,1628412,name+dob,Frank Mason III,1628412,via-S1-bridge
masonro01,Roger Mason,1980-09-10,NBA,2003,2014,12,N,2427,name+dob,Roger Mason Jr.,2427,via-S1-bridge
masseto01,Tony Massenburg,1967-07-31,NBA,1991,2005,19,N,763,name+dob,Tony Massenburg,763,via-S1-bridge
masted01,Eddie Mast,1948-10-03,NBA,1971,1973,3,N,77483,name+dob,Eddie Mast,77483,via-S1-bridge
matenya01,Yante Maten,1996-08-14,NBA,2019,2019,1,N,1628999,name+dob,Yante Maten,1628999,via-S1-bridge
mathega01,Garrison Mathews,1996-10-24,NBA,2020,2026,9,N,1629726,name+dob,Garrison Mathews,1629726,via-S1-bridge
mathida01,Dakota Mathias,1995-07-11,NBA,2021,2022,2,N,1629751,name+dob,Dakota Mathias,1629751,via-S1-bridge
mathima01,Mangok Mathiang,1992-10-08,NBA,2018,2018,1,N,1628493,name+dob,Mangok Mathiang,1628493,via-S1-bridge
mathube01,Bennedict Mathurin,2002-06-19,NBA,2023,2026,6,N,1631097,name+dob,Bennedict Mathurin,1631097,via-S1-bridge
matkoka01,Karlo Matković,2001-03-30,NBA,2025,2026,2,N,,no-S1-match,,1631255,name-+dob
matthwe01,Wes Matthews,1959-08-24,NBA,1981,1990,13,N,77484,name+dob,Wes Matthews,77484,via-S1-bridge
matthwe02,Wesley Matthews,1986-10-14,NBA,2010,2024,18,N,202083,name+dob,Wesley Matthews,202083,via-S1-bridge
maughar01,Ariel Maughan,1923-02-23,BAA|NBA,1947,1951,7,N,77485,name+dob,Ariel Maughan,77485,via-S1-bridge
maxeyma01,Marlon Maxey,1969-02-19,NBA,1993,1994,2,N,77486,name+dob,Marlon Maxey,77486,via-S1-bridge
maxeyty01,Tyrese Maxey,2000-11-04,NBA,2021,2026,6,N,1630178,name+dob,Tyrese Maxey,1630178,via-S1-bridge
maxieja01,Jason Maxiell,1983-02-18,NBA,2006,2015,10,N,101131,name+dob,Jason Maxiell,101131,via-S1-bridge
maxwece01,Cedric Maxwell,1955-11-21,NBA,1978,1988,13,N,77487,name+dob,Cedric Maxwell,77487,via-S1-bridge
maxweve01,Vernon Maxwell,1965-09-12,NBA,1989,2001,19,N,137,name+dob,Vernon Maxwell,137,via-S1-bridge
maybele01,Lee Mayberry,1970-06-12,NBA,1993,1999,7,N,195,name+dob,Lee Mayberry,195,via-S1-bridge
maydo01,Don May,1946-01-03,NBA,1969,1975,9,N,77489,name+dob,Don May,77489,via-S1-bridge
mayescl01,Clyde Mayes,1953-03-17,NBA,1976,1977,5,N,77492,name+dob,Clyde Mayes,77492,via-S1-bridge
mayesth01,Tharon Mayes,1968-09-09,NBA,1992,1992,3,N,77493,name+dob,Tharon Mayes,77493,via-S1-bridge
mayfibi01,Bill Mayfield,1957-10-17,NBA,1981,1981,1,N,77495,name+dob,Bill Mayfield,77495,via-S1-bridge
mayfike01,Ken Mayfield,1948-05-11,NBA,1976,1976,1,N,77494,name+dob,Ken Mayfield,77494,via-S1-bridge
maynoer01,Eric Maynor,1987-06-11,NBA,2010,2014,11,N,201953,name+dob,Eric Maynor,201953,via-S1-bridge
mayooj01,O.J. Mayo,1987-11-05,NBA,2009,2016,8,N,201564,name+dob,O.J. Mayo,201564,via-S1-bridge
maysc01,Scott May,1954-03-19,NBA,1977,1983,7,N,77490,name+dob,Scott May,77490,via-S1-bridge
mayse01,Sean May,1984-04-04,NBA,2006,2010,4,N,101118,name+dob,Sean May,101118,via-S1-bridge
mayssk01,Skylar Mays,1997-09-05,NBA,2021,2024,6,N,1630219,name+dob,Skylar Mays,1630219,via-S1-bridge
maystr01,Travis Mays,1968-06-19,NBA,1991,1993,3,N,77496,name+dob,Travis Mays,77496,via-S1-bridge
mazzama01,Matt Mazza,1923-09-23,NBA,1950,1950,1,N,77497,name+dob,Matt Mazza,77497,via-S1-bridge
mbahalu01,Luc Mbah a Moute,1986-09-09,NBA,2009,2020,14,N,201601,name+dob,Luc Mbah a Moute,201601,via-S1-bridge
mbengbe01,Bez Mbeng,2003-05-02,NBA,2026,2026,1,N,,no-S1-match,,,
mbengdj01,D.J. Mbenga,1980-12-30,NBA,2005,2011,9,N,2788,lastname+dob,DJ Mbenga,2788,via-S1-bridge
mcadobo01,Bob McAdoo,1951-09-25,NBA,1973,1986,20,N,77498,name+dob,Bob McAdoo,77498,via-S1-bridge
mcadoja01,James Michael McAdoo,1993-01-04,NBA,2015,2018,4,N,203949,name+dob,James Michael McAdoo,203949,via-S1-bridge
mcbrike01,Ken McBride,1929-05-23,NBA,1955,1955,1,N,77499,DOB-conflict,Ken McBride,77499,via-S1-bridge
mcbrimi01,Miles McBride,2000-09-08,NBA,2022,2026,5,N,1630540,name+dob,Miles McBride,1630540,via-S1-bridge
mccaija01,Jared McCain,2004-02-20,NBA,2025,2026,4,N,,no-S1-match,,1642272,name-+dob
mccalra01,Ray McCallum,1991-06-12,NBA,2014,2016,5,N,203492,name+dob,Ray McCallum,203492,via-S1-bridge
mccalta01,Tahjere McCall,1994-08-17,NBA,2019,2019,1,N,1628769,name+dob,Tahjere McCall,1628769,via-S1-bridge
mccanbo01,Bob McCann,1964-04-22,NBA,1990,1998,5,N,737,name+dob,Bob McCann,737,via-S1-bridge
mccanbr01,Brendan McCann,1935-07-05,NBA,1958,1960,3,N,77500,name+dob,Brendan McCann,77500,via-S1-bridge
mccanme01,Mel McCants,1967-08-19,NBA,1990,1990,1,N,77502,name+dob,Mel McCants,77502,via-S1-bridge
mccanra01,Rashad McCants,1984-09-25,NBA,2006,2009,6,N,101119,name+dob,Rashad McCants,101119,via-S1-bridge
mccaran01,Andre McCarter,1953-08-25,NBA,1977,1981,3,N,77504,name+dob,Andre McCarter,77504,via-S1-bridge
mccarho01,Howie McCarty,1919-04-15,BAA,1947,1947,1,N,77507,DOB-conflict,Howie McCarty,77507,via-S1-bridge
mccarjo01,Johnny McCarthy,1934-04-25,NBA,1957,1964,6,N,77506,name+dob,Johnny McCarthy,77506,via-S1-bridge
mccarke01,Kelly McCarty,1975-08-24,NBA,1999,1999,1,N,1820,name+dob,Kelly McCarty,1820,via-S1-bridge
mccarmi01,Mike McCarron,1922-03-02,BAA|NBA,1947,1950,4,N,77503,name+dob,Mike McCarron,77503,via-S1-bridge
mccarwa01,Walter McCarty,1974-02-01,NBA,1997,2006,12,N,962,name+dob,Walter McCarty,962,via-S1-bridge
mccarwi01,Willie McCarter,1946-07-26,NBA,1970,1972,3,N,77505,name+dob,Willie McCarter,77505,via-S1-bridge
mccasam01,Amal McCaskill,1973-10-28,NBA,1997,2004,4,N,1043,name+dob,Amal McCaskill,1043,via-S1-bridge
mccawpa01,Patrick McCaw,1995-10-25,NBA,2017,2021,7,N,1627775,name+dob,Patrick McCaw,1627775,via-S1-bridge
mccladw01,Dwayne McClain,1963-02-07,NBA,1986,1986,1,N,77509,name+dob,Dwayne McClain,77509,via-S1-bridge
mcclate01,Ted McClain,1946-08-30,ABA|NBA,1972,1979,5,N,77510,DOB-conflict,Ted 'Hound Dog' McClain,77510,via-S1-bridge
mcclesh01,Sheldon Mac,1992-12-21,NBA,2017,2017,1,N,1627815,name+dob,Sheldon Mac,1627815,via-S1-bridge
mcclida01,Dan McClintock,1977-04-19,NBA,2001,2001,1,N,2082,name+dob,Dan McClintock,2082,via-S1-bridge
mccloge01,George McCloud,1967-05-27,NBA,1990,2002,14,N,45,name+dob,George McCloud,45,via-S1-bridge
mccloja01,Jack McCloskey,1925-09-19,NBA,1953,1953,1,N,77512,name+dob,Jack McCloskey,77512,via-S1-bridge
mccluma01,Mac McClung,1999-01-06,NBA,2022,2026,8,N,1630644,name+dob,Mac McClung,1630644,via-S1-bridge
mccolcj01,CJ McCollum,1991-09-19,NBA,2014,2026,17,N,203468,name+dob,CJ McCollum,203468,via-S1-bridge
mcconbu01,Bucky McConnell,1928-07-01,NBA,1953,1953,1,N,77514,lastname+dob,Paul McConnell,77514,via-S1-bridge
mcconjo01,John McConathy,1930-04-09,NBA,1952,1952,1,N,77513,name+dob,John McConathy,77513,via-S1-bridge
mccontj01,T.J. McConnell,1992-03-25,NBA,2016,2026,11,N,204456,name+dob,T.J. McConnell,204456,via-S1-bridge
mccorke01,Keith McCord,1957-06-22,NBA,1981,1981,1,N,77515,name+dob,Keith McCord,77515,via-S1-bridge
mccorti01,Tim McCormick,1962-03-10,NBA,1985,1992,10,N,77516,name+dob,Tim McCormick,77516,via-S1-bridge
mccoyje01,Jelani McCoy,1977-12-06,NBA,1999,2008,8,N,1741,name+dob,Jelani McCoy,1741,via-S1-bridge
mccrach01,Chris McCray,1984-05-27,NBA,2007,2007,1,N,200840,name+dob,Chris McCray,200840,via-S1-bridge
mccrapa01,Paul McCracken,1950-09-11,NBA,1973,1977,3,N,77517,name+dob,Paul McCracken,77517,via-S1-bridge
mccraro01,Rodney McCray,1961-08-29,NBA,1984,1993,10,N,1622,name+dob,Rodney McCray,1622,via-S1-bridge
mccrasc01,Scooter McCray,1960-02-08,NBA,1984,1987,3,N,77518,name+dob,Scooter McCray,77518,via-S1-bridge
mccreer01,Erik McCree,1993-12-20,NBA,2018,2018,1,N,1628571,name+dob,Erik McCree,1628571,via-S1-bridge
mcculch01,Chris McCullough,1995-02-05,NBA,2016,2018,5,N,1626191,name+dob,Chris McCullough,1626191,via-S1-bridge
mcculjo01,John McCullough,1956-10-05,NBA,1982,1982,1,N,77520,name+dob,John McCullough,77520,via-S1-bridge
mcculke01,Kevin McCullar Jr.,2001-03-15,NBA,2025,2026,2,N,,no-S1-match,,1641755,name-+dob
mcdancl01,Clint McDaniel,1972-02-26,NBA,1996,1996,1,N,723,name+dob,Clint McDaniel,723,via-S1-bridge
mcdanja01,Jalen McDaniels,1998-01-31,NBA,2020,2025,8,N,1629667,name+dob,Jalen McDaniels,1629667,via-S1-bridge
mcdanja02,Jaden McDaniels,2000-09-29,NBA,2021,2026,6,N,1630183,name+dob,Jaden McDaniels,1630183,via-S1-bridge
mcdanji01,Jim McDaniels,1948-04-02,ABA|NBA,1972,1978,5,N,77523,name+dob,Jim McDaniels,77523,via-S1-bridge
mcdankj01,K.J. McDaniels,1993-02-09,NBA,2015,2017,7,N,203909,lastname+dob,KJ McDaniels,203909,via-S1-bridge
mcdanxa01,Xavier McDaniel,1963-06-04,NBA,1986,1998,14,N,1365,name+dob,Xavier McDaniel,1365,via-S1-bridge
mcderdo01,Doug McDermott,1992-01-03,NBA,2015,2026,18,N,203926,name+dob,Doug McDermott,203926,via-S1-bridge
mcderse01,Sean McDermott,1996-11-03,NBA,2021,2021,1,N,1630253,name+dob,Sean McDermott,1630253,via-S1-bridge
mcdonbe01,Ben McDonald,1962-07-20,NBA,1986,1989,4,N,77524,name+dob,Ben McDonald,77524,via-S1-bridge
mcdongl01,Glenn McDonald,1952-03-18,NBA,1975,1977,3,N,77525,name+dob,Glenn McDonald,77525,via-S1-bridge
mcdonmi01,Michael McDonald,1969-02-13,NBA,1998,1998,1,N,1075,name+dob,Michael McDonald,1075,via-S1-bridge
mcdowha01,Hank McDowell,1959-11-13,NBA,1982,1987,8,N,77527,name+dob,Hank McDowell,77527,via-S1-bridge
mcdyean01,Antonio McDyess,1974-09-07,NBA,1996,2011,17,N,686,name+dob,Antonio McDyess,686,via-S1-bridge
mcelrji01,Jim McElroy,1953-10-04,NBA,1976,1982,9,N,77528,name+dob,Jim McElroy,77528,via-S1-bridge
mcfariv01,Ivan McFarlin,1982-04-26,NBA,2007,2007,1,N,200829,name+dob,Ivan McFarlin,200829,via-S1-bridge
mcgahme01,Mel McGaha,1926-09-26,BAA,1949,1949,1,N,77529,name+dob,Mel McGaha,77529,via-S1-bridge
mcgarmi01,Mitch McGary,1992-06-06,NBA,2015,2016,2,N,203956,name+dob,Mitch McGary,203956,via-S1-bridge
mcgeeja01,JaVale McGee,1988-01-19,NBA,2009,2024,22,N,201580,name+dob,JaVale McGee,201580,via-S1-bridge
mcgeemi01,Mike McGee,1959-07-29,NBA,1982,1990,11,N,77530,name+dob,Mike McGee,77530,via-S1-bridge
mcgilbi01,Billy McGill,1939-09-16,ABA|NBA,1963,1970,7,N,77531,lastname+dob,Bill McGill,77531,via-S1-bridge
mcginge01,George McGinnis,1950-08-12,ABA|NBA,1972,1982,9,N,77532,name+dob,George McGinnis,77532,via-S1-bridge
mcglojo01,Jon McGlocklin,1943-06-10,NBA,1966,1976,11,N,77533,name+dob,Jon McGlocklin,77533,via-S1-bridge
mcgowbr01,Bryce McGowens,2002-11-08,NBA,2023,2026,4,N,1631121,name+dob,Bryce McGowens,1631121,via-S1-bridge
mcgratr01,Tracy McGrady,1979-05-24,NBA,1998,2012,17,N,1503,name+dob,Tracy McGrady,1503,via-S1-bridge
mcgregi01,Gil McGregor,1949-06-14,NBA,1972,1972,1,N,77534,name+dob,Gil McGregor,77534,via-S1-bridge
mcgrica01,Cameron McGriff,1997-09-30,NBA,2022,2022,1,N,1630787,name+dob,Cameron McGriff,1630787,via-S1-bridge
mcgruro01,Rodney McGruder,1991-07-29,NBA,2017,2023,7,N,203585,name+dob,Rodney McGruder,203585,via-S1-bridge
mcguial01,Al McGuire,1928-09-07,NBA,1952,1955,4,N,77536,name+dob,Al McGuire,77536,via-S1-bridge
mcguial02,Allie McGuire,1951-07-10,NBA,1974,1974,1,N,77535,name+dob,Allie McGuire,77535,via-S1-bridge
mcguidi01,Dick McGuire,1926-01-25,NBA,1950,1960,11,N,77537,name+dob,Dick McGuire,77537,via-S1-bridge
mcguido01,Dominic McGuire,1985-10-20,NBA,2008,2013,11,N,201187,name+dob,Dominic McGuire,201187,via-S1-bridge
mchalke01,Kevin McHale,1957-12-19,NBA,1981,1993,13,N,1450,name+dob,Kevin McHale,1450,via-S1-bridge
mcilvji01,Jim McIlvaine,1972-07-30,NBA,1995,2001,7,N,29,name+dob,Jim McIlvaine,29,via-S1-bridge
mcinnje01,Jeff McInnis,1974-10-22,NBA,1997,2008,13,N,976,name+dob,Jeff McInnis,976,via-S1-bridge
mcintke01,Kenny McIntosh,1949-01-21,NBA,1972,1975,6,N,77540,name+dob,Kenny McIntosh,77540,via-S1-bridge
mckenfo01,Forrest McKenzie,1963-02-16,NBA,1987,1987,1,N,77542,name+dob,Forrest McKenzie,77542,via-S1-bridge
mckenke01,Kevin McKenna,1959-01-08,NBA,1982,1988,6,N,77541,name+dob,Kevin McKenna,77541,via-S1-bridge
mckenst01,Stan McKenzie,1944-10-06,NBA,1968,1974,9,N,77543,name+dob,Stan McKenzie,77543,via-S1-bridge
mckeyde01,Derrick McKey,1966-10-10,NBA,1988,2002,15,N,365,name+dob,Derrick McKey,365,via-S1-bridge
mckieaa01,Aaron McKie,1972-10-02,NBA,1995,2007,17,N,243,name+dob,Aaron McKie,243,via-S1-bridge
mckinal01,Alfonzo McKinnie,1992-09-17,NBA,2018,2022,5,N,1628035,name+dob,Alfonzo McKinnie,1628035,via-S1-bridge
mckinbi01,Billy McKinney,1955-06-05,NBA,1979,1986,9,N,77547,name+dob,Billy McKinney,77547,via-S1-bridge
mckinbo01,Bones McKinney,1919-01-01,BAA|NBA,1947,1952,8,N,77546,lastname+dob,Horace McKinney,77546,via-S1-bridge
mckinca01,Carlton McKinney,1964-10-21,NBA,1990,1992,2,N,77545,name+dob,Carlton McKinney,77545,via-S1-bridge
mckintr01,Trey McKinney-Jones,1990-08-27,NBA,2018,2018,1,N,203590,name+dob,Trey McKinney-Jones,203590,via-S1-bridge
mclauja01,JaQuori McLaughlin,1998-01-29,NBA,2022,2022,1,N,1630605,name+dob,JaQuori McLaughlin,1630605,via-S1-bridge
mclaujo01,Jordan McLaughlin,1996-04-09,NBA,2020,2026,9,N,1629162,name+dob,Jordan McLaughlin,1629162,via-S1-bridge
mclembe01,Ben McLemore,1993-02-11,NBA,2014,2022,11,N,203463,name+dob,Ben McLemore,203463,via-S1-bridge
mclemmc01,McCoy McLemore,1942-04-03,NBA,1965,1972,14,N,77548,name+dob,Mccoy McLemore,77548,via-S1-bridge
mcleoge01,George McLeod,1931-01-03,NBA,1953,1953,1,N,77549,name+dob,George McLeod,77549,via-S1-bridge
mcleoke01,Keith McLeod,1979-11-05,NBA,2004,2007,6,N,2693,name+dob,Keith McLeod,2693,via-S1-bridge
mcleoro01,Roshown McLeod,1975-11-17,NBA,1999,2001,5,N,1728,name+dob,Roshown McLeod,1728,via-S1-bridge
mcmahja01,Jack McMahon,1928-12-03,NBA,1953,1960,10,N,77551,name+dob,Jack McMahon,77551,via-S1-bridge
mcmilji01,Jim McMillian,1948-03-11,NBA,1971,1979,9,N,77554,name+dob,Jim McMillian,77554,via-S1-bridge
mcmilna01,Nate McMillan,1964-08-03,NBA,1987,1998,12,N,203,name+dob,Nate McMillan,203,via-S1-bridge
mcmilsh01,Shellie McMillon,1936-03-11,NBA,1959,1962,6,N,77555,name+dob,Shellie McMillon,77555,via-S1-bridge
mcmilto01,Tom McMillen,1952-05-26,NBA,1976,1986,13,N,77553,name+dob,Tom McMillen,77553,via-S1-bridge
mcmulma01,Mal McMullen,1927-08-23,NBA,1950,1951,2,N,77556,surname-fuzzy+dob-window,Mal McMullan,77556,via-S1-bridge
mcnabch01,Chet McNabb,1920-09-19,BAA,1948,1948,1,N,77557,DOB-conflict,Chet McNabb,77557,via-S1-bridge
mcnamjo01,Joe McNamee,1926-09-24,NBA,1951,1952,4,N,77559,name+dob,Joe McNamee,77559,via-S1-bridge
mcnamma01,Mark McNamara,1959-06-08,NBA,1983,1991,10,N,77558,name+dob,Mark McNamara,77558,via-S1-bridge
mcneach01,Chris McNealy,1961-07-15,NBA,1986,1988,3,N,77560,name+dob,Chris McNealy,77560,via-S1-bridge
mcneaje01,Jerel McNeal,1987-06-01,NBA,2015,2015,1,N,202077,name+dob,Jerel McNeal,202077,via-S1-bridge
mcneeli01,Liam McNeeley,2005-10-10,NBA,2026,2026,1,N,,no-S1-match,,1642862,name-+dob
mcneibo01,Bob McNeill,1938-10-22,NBA,1961,1962,4,N,77562,name+dob,Bob McNeill,77562,via-S1-bridge
mcneila01,Larry McNeill,1951-01-31,NBA,1974,1979,10,N,77561,name+dob,Larry McNeill,77561,via-S1-bridge
mcnulca01,Carl McNulty,1930-02-14,NBA,1955,1955,1,N,77563,name+dob,Carl McNulty,77563,via-S1-bridge
mcphepa01,Paul McPherson,1978-07-03,NBA,2001,2001,3,N,2101,name+dob,Paul McPherson,2101,via-S1-bridge
mcqueco01,Cozell McQueen,1962-01-18,NBA,1987,1987,1,N,77565,name+dob,Cozell McQueen,77565,via-S1-bridge
mcraejo01,Jordan McRae,1991-03-28,NBA,2016,2020,9,N,203895,name+dob,Jordan McRae,203895,via-S1-bridge
mcreyth01,Thales McReynolds,1943-06-08,NBA,1966,1966,1,N,77566,name+dob,Thales McReynolds,77566,via-S1-bridge
mcrobjo01,Josh McRoberts,1987-02-28,NBA,2008,2018,13,N,201177,name+dob,Josh McRoberts,201177,via-S1-bridge
mcveija01,Jack McVeigh,1996-06-27,NBA,2025,2025,1,N,,no-S1-match,,1629098,name-+dob
mcwiler01,Eric McWilliams,1950-04-18,NBA,1973,1973,1,N,77567,name+dob,Eric McWilliams,77567,via-S1-bridge
mearnge01,George Mearns,1922-04-18,BAA,1947,1948,2,N,77568,name+dob,George Mearns,77568,via-S1-bridge
medvest01,Stanislav Medvedenko,1979-04-04,NBA,2001,2007,7,N,2098,lastname+dob,Slava Medvedenko,2098,via-S1-bridge
meeda01,Darnell Mee,1971-02-11,NBA,1994,1995,2,N,1577,name+dob,Darnell Mee,1577,via-S1-bridge
meeksjo01,Jodie Meeks,1987-08-21,NBA,2010,2019,12,N,201975,name+dob,Jodie Meeks,201975,via-S1-bridge
meelycl01,Cliff Meely,1947-07-10,NBA,1972,1976,7,N,77570,name+dob,Cliff Meely,77570,via-S1-bridge
meentsc01,Scott Meents,1964-01-04,NBA,1990,1991,2,N,77571,name+dob,Scott Meents,77571,via-S1-bridge
mehendi01,Dick Mehen,1922-05-20,NBA,1950,1952,6,N,77572,name+dob,Dick Mehen,77572,via-S1-bridge
meinemo01,Monk Meineke,1930-10-30,NBA,1953,1958,5,N,77573,lastname+dob,Don Meineke,77573,via-S1-bridge
meinhca01,Carl Meinhold,1926-03-29,BAA,1948,1949,4,N,77574,name+dob,Carl Meinhold,77574,via-S1-bridge
mejrisa01,Salah Mejri,1986-06-15,NBA,2016,2019,4,N,1626257,name+dob,Salah Mejri,1626257,via-S1-bridge
mekelga01,Gal Mekel,1988-03-04,NBA,2014,2015,2,N,203539,name+dob,Gal Mekel,203539,via-S1-bridge
melchbi01,Bill Melchionni,1944-10-19,ABA|NBA,1967,1976,2,N,77576,name+dob,Bill Melchionni,77576,via-S1-bridge
melchga01,Gary Melchionni,1951-01-19,NBA,1974,1975,2,N,77575,name+dob,Gary Melchionni,77575,via-S1-bridge
mellini01,Nicolò Melli,1991-01-26,NBA,2020,2021,4,N,1629740,name+dob,Nicolo Melli,1629740,via-S1-bridge
melofa01,Fab Melo,1990-06-20,NBA,2013,2013,1,N,203097,name+dob,Fab Melo,203097,via-S1-bridge
meltode01,De'Anthony Melton,1998-05-28,NBA,2019,2026,8,N,1629001,name+dob,De'Anthony Melton,1629001,via-S1-bridge
melvied01,Ed Melvin,1916-02-13,BAA,1947,1947,1,N,77577,name+dob,Ed Melvin,77577,via-S1-bridge
meminde01,Dean Meminger,1948-05-13,NBA,1972,1977,6,N,77578,name+dob,Dean Meminger,77578,via-S1-bridge
mencech01,Chuck Mencel,1933-04-21,NBA,1956,1957,2,N,77579,name+dob,Chuck Mencel,77579,via-S1-bridge
mengejo01,John Mengelt,1949-10-16,NBA,1972,1981,12,N,77580,name+dob,John Mengelt,77580,via-S1-bridge
menkeke01,Ken Menke,1922-10-02,NBA,1950,1950,1,N,77581,name+dob,Ken Menke,77581,via-S1-bridge
mensana01,Nathan Mensah,1998-04-09,NBA,2024,2024,1,N,,no-S1-match,,1641877,name-+dob
mensapo01,Pops Mensah-Bonsu,1983-09-07,NBA,2007,2011,8,N,200822,name+dob,Pops Mensah-Bonsu,200822,via-S1-bridge
mercero01,Ron Mercer,1976-05-18,NBA,1998,2005,12,N,1500,name+dob,Ron Mercer,1500,via-S1-bridge
meriwjo01,Joe Meriweather,1953-10-26,NBA,1976,1985,12,N,77582,name+dob,Joe Meriweather,77582,via-S1-bridge
meriwpo01,Porter Meriwether,1940-03-16,NBA,1963,1963,1,N,77583,name+dob,Porter Meriwether,77583,via-S1-bridge
merrisa01,Sam Merrill,1996-05-15,NBA,2021,2026,6,N,1630241,name+dob,Sam Merrill,1630241,via-S1-bridge
meschto01,Tom Meschery,1938-10-26,NBA,1962,1971,10,N,77584,name+dob,Tom Meschery,77584,via-S1-bridge
metuch01,Chimezie Metu,1997-03-22,NBA,2019,2024,8,N,1629002,name+dob,Chimezie Metu,1629002,via-S1-bridge
meyerda01,Dave Meyers,1953-04-21,NBA,1976,1980,4,N,77586,name+dob,Dave Meyers,77586,via-S1-bridge
meyerlo01,Loren Meyer,1972-12-30,NBA,1996,1999,5,N,684,name+dob,Loren Meyer,684,via-S1-bridge
miasest01,Stan Miasek,1923-09-19,BAA|NBA,1947,1953,8,N,77587,DOB-conflict,Stan Miasek,77587,via-S1-bridge
michela01,Larry Micheaux,1960-03-24,NBA,1984,1985,4,N,77588,name+dob,Larry Micheaux,77588,via-S1-bridge
micicva01,Vasilije Micić,1994-01-13,NBA,2024,2025,6,N,,no-S1-match,,203995,name-+dob
mickejo01,Jordan Mickey,1994-07-09,NBA,2016,2018,3,N,1626175,name+dob,Jordan Mickey,1626175,via-S1-bridge
middlkh01,Khris Middleton,1991-08-12,NBA,2013,2026,18,N,203114,name+dob,Khris Middleton,203114,via-S1-bridge
mihalre01,Red Mihalik,1916-09-22,BAA,1947,1947,1,N,77589,lastname+dob,Zigmund Mihalik,77589,via-S1-bridge
mihmch01,Chris Mihm,1979-07-16,NBA,2001,2009,10,N,2036,name+dob,Chris Mihm,2036,via-S1-bridge
mikaer01,Eric Mika,1995-01-05,NBA,2020,2020,1,N,1628450,name+dob,Eric Mika,1628450,via-S1-bridge
mikaned01,Ed Mikan,1925-10-20,BAA|NBA,1949,1954,13,N,77590,name+dob,Ed Mikan,77590,via-S1-bridge
mikange01,George Mikan,1924-06-18,BAA|NBA,1949,1956,7,N,600012,name+dob,George Mikan,600012,via-S1-bridge
mikanla01,Larry Mikan,1948-04-08,NBA,1971,1971,1,N,77591,name+dob,Larry Mikan,77591,via-S1-bridge
mikkeve01,Vern Mikkelsen,1928-10-21,NBA,1950,1959,10,N,77593,name+dob,Vern Mikkelsen,77593,via-S1-bridge
miksial01,Al Miksis,1928-02-02,NBA,1950,1950,1,N,77594,name+dob,Al Miksis,77594,via-S1-bridge
milesaa01,Aaron Miles,1983-04-13,NBA,2006,2006,1,N,101223,name+dob,Aaron Miles,101223,via-S1-bridge
milescj01,C.J. Miles,1987-03-18,NBA,2006,2022,18,N,101139,lastname+dob,CJ Miles,101139,via-S1-bridge
milesda01,Darius Miles,1981-10-09,NBA,2001,2009,9,N,2032,name+dob,Darius Miles,2032,via-S1-bridge
milesed01,Eddie Miles,1940-07-05,NBA,1964,1972,11,N,77596,name+dob,Eddie Miles,77596,via-S1-bridge
milicda01,Darko Miličić,1985-06-20,NBA,2004,2013,14,N,2545,name+dob,Darko Milicic,2545,via-S1-bridge
milicma01,Marko Milič,1977-05-07,NBA,1998,1999,2,N,1527,DOB-conflict,Marko Milic,1527,via-S1-bridge
militna01,Nat Militzok,1923-05-03,BAA,1947,1947,3,N,77598,name+dob,Nat Militzok,77598,via-S1-bridge
millean01,Anthony Miller,1971-10-22,NBA,1995,2005,11,N,292,name+dob,Anthony Miller,292,via-S1-bridge
millean02,Andre Miller,1976-03-19,NBA,2000,2016,25,N,1889,name+dob,Andre Miller,1889,via-S1-bridge
millebi01,Bill Miller,1924-11-24,BAA,1949,1949,3,N,77605,name+dob,Bill Miller,77605,via-S1-bridge
millebo01,Bob Miller,1956-07-09,NBA,1984,1984,1,N,77603,name+dob,Bob Miller,77603,via-S1-bridge
millebr01,Brad Miller,1976-04-12,NBA,1999,2012,18,N,1802,name+dob,Brad Miller,1802,via-S1-bridge
millebr02,Brandon Miller,2002-11-22,NBA,2024,2026,3,N,,no-S1-match,,1641706,name-+dob
milleda01,Darius Miller,1990-03-21,NBA,2013,2021,6,N,203121,name+dob,Darius Miller,203121,via-S1-bridge
milledi01,Dick Miller,1958-04-26,NBA,1981,1981,3,N,77602,name+dob,Dick Miller,77602,via-S1-bridge
milleed01,Eddie Miller,1931-06-18,NBA,1953,1954,4,N,77599,name+dob,Eddie Miller,77599,via-S1-bridge
milleem01,Emanuel Miller,2000-06-19,NBA,2025,2026,2,N,,no-S1-match,,1641801,name-+dob
milleha01,Harry Miller,1923-07-28,BAA,1947,1947,1,N,77600,name+dob,Harry Miller,77600,via-S1-bridge
milleja01,Jay Miller,1943-07-19,ABA|NBA,1968,1971,2,N,77601,name+dob,Jay Miller,77601,via-S1-bridge
millejo02,Jordan Miller,2000-01-23,NBA,2024,2026,3,N,,no-S1-match,,1641757,name-+dob
millele01,Leonard Miller,2003-11-26,NBA,2024,2026,5,N,,no-S1-match,,1631159,name-+dob
millema01,Malcolm Miller,1993-03-06,NBA,2018,2020,3,N,1626259,name+dob,Malcolm Miller,1626259,via-S1-bridge
millemi01,Mike Miller,1980-02-19,NBA,2001,2017,19,N,2034,name+dob,Mike Miller,2034,via-S1-bridge
milleol01,Oliver Miller,1970-04-06,NBA,1993,2004,11,N,932,name+dob,Oliver Miller,932,via-S1-bridge
millequ01,Quincy Miller,1992-11-18,NBA,2013,2015,5,N,203113,name+dob,Quincy Miller,203113,via-S1-bridge
millere01,Reggie Miller,1965-08-24,NBA,1988,2005,18,N,397,name+dob,Reggie Miller,397,via-S1-bridge
millewa01,Walt Miller,1915-07-20,BAA,1947,1947,1,N,77604,DOB-conflict,Walt Miller,77604,via-S1-bridge
millsch01,Chris Mills,1970-01-25,NBA,1994,2003,10,N,168,name+dob,Chris Mills,168,via-S1-bridge
millsel01,Elijah Millsap,1987-08-12,NBA,2015,2017,3,N,202407,name+dob,Elijah Millsap,202407,via-S1-bridge
millsjo01,John Mills,1919-09-07,BAA,1947,1947,1,N,77606,name+dob,John Mills,77606,via-S1-bridge
millspa01,Paul Millsap,1985-02-10,NBA,2007,2022,18,N,200794,name+dob,Paul Millsap,200794,via-S1-bridge
millspa02,Patty Mills,1988-08-11,NBA,2010,2025,20,N,201988,name+dob,Patty Mills,201988,via-S1-bridge
millste01,Terry Mills,1967-12-21,NBA,1991,2001,13,N,371,name+dob,Terry Mills,371,via-S1-bridge
miltosh01,Shake Milton,1996-09-26,NBA,2019,2025,12,N,1629003,name+dob,Shake Milton,1629003,via-S1-bridge
minayju01,Justin Minaya,1999-03-26,NBA,2023,2025,3,N,1631303,name+dob,,1631303,via-S1-bridge
minerha01,Harold Miner,1971-05-05,NBA,1993,1996,4,N,114,name+dob,Harold Miner,114,via-S1-bridge
mingya01,Yao Ming,1980-09-12,NBA,2003,2011,8,N,2397,name+dob,Yao Ming,2397,via-S1-bridge
minixri01,Riley Minix,2000-09-22,NBA,2025,2026,4,N,,no-S1-match,,1642434,name-+dob
minnidi01,Dirk Minniefield,1961-01-17,NBA,1986,1988,7,N,77609,name+dob,Dirk Minniefield,77609,via-S1-bridge
minorda01,Dave Minor,1922-02-23,NBA,1952,1953,4,N,77610,name+dob,Dave Minor,77610,via-S1-bridge
minorgr01,Greg Minor,1971-09-18,NBA,1995,1999,5,N,65,DOB-conflict,Greg Minor,65,via-S1-bridge
minorma01,Mark Minor,1950-05-14,NBA,1973,1973,1,N,77612,name+dob,Mark Minor,77612,via-S1-bridge
minotjo01,Josh Minott,2002-11-25,NBA,2023,2026,6,N,1631169,name+dob,Josh Minott,1631169,via-S1-bridge
mirotni01,Nikola Mirotić,1991-02-11,NBA,2015,2019,9,N,202703,name+dob,Nikola Mirotic,202703,via-S1-bridge
misakwa01,Wat Misaka,1923-12-21,BAA,1948,1948,1,N,77613,name+dob,Wat Misaka,77613,via-S1-bridge
miskija01,Jason Miskiri,1975-08-19,NBA,2000,2000,1,N,1954,name+dob,Jason Miskiri,1954,via-S1-bridge
missiyv01,Yves Missi,2004-05-14,NBA,2025,2026,2,N,,no-S1-match,,1642274,name-+dob
mitchaj01,Ajay Mitchell,2002-06-25,NBA,2025,2026,2,N,,no-S1-match,,1642349,name-+dob
mitchda01,Davion Mitchell,1998-09-05,NBA,2022,2026,7,N,1630558,name+dob,Davion Mitchell,1630558,via-S1-bridge
mitchdo01,Donovan Mitchell,1996-09-07,NBA,2018,2026,9,N,1628378,name+dob,Donovan Mitchell,1628378,via-S1-bridge
mitchmi01,Mike Mitchell,1956-01-01,NBA,1979,1988,12,N,77615,name+dob,Mike Mitchell,77615,via-S1-bridge
mitchmu01,Murray Mitchell,1923-03-19,NBA,1950,1950,1,N,77616,name+dob,Murray Mitchell,77616,via-S1-bridge
mitchsa01,Sam Mitchell,1963-09-02,NBA,1990,2002,13,N,417,name+dob,Sam Mitchell,417,via-S1-bridge
mitchto01,Todd Mitchell,1966-07-26,NBA,1989,1989,3,N,77614,name+dob,Todd Mitchell,77614,via-S1-bridge
mitchto02,Tony Mitchell,1992-04-07,NBA,2014,2014,1,N,203502,name+dob,Tony Mitchell,203502,via-S1-bridge
mitchto03,Tony Mitchell,1989-08-07,NBA,2014,2014,1,N,203183,name+dob,Tony Mitchell,203183,via-S1-bridge
mitrona01,Naz Mitrou-Long,1993-08-03,NBA,2018,2020,3,N,1628513,name+dob,Naz Mitrou-Long,1628513,via-S1-bridge
mixst01,Steve Mix,1947-12-30,ABA|NBA,1970,1983,15,N,77618,name+dob,Steve Mix,77618,via-S1-bridge
mlkvybi01,Bill Mlkvy,1931-01-19,NBA,1953,1953,1,N,77619,name+dob,Bill Mlkvy,77619,via-S1-bridge
moblecu01,Cuttino Mobley,1975-09-01,NBA,1999,2009,13,N,1749,name+dob,Cuttino Mobley,1749,via-S1-bridge
mobleer01,Eric Mobley,1970-02-01,NBA,1995,1997,5,N,211,name+dob,Eric Mobley,211,via-S1-bridge
mobleev01,Evan Mobley,2001-06-18,NBA,2022,2026,5,N,1630596,name+dob,Evan Mobley,1630596,via-S1-bridge
mobleis01,Isaiah Mobley,1999-09-24,NBA,2023,2025,3,N,1630600,name+dob,Isaiah Mobley,1630600,via-S1-bridge
moffela01,Larry Moffett,1954-11-05,NBA,1978,1978,1,N,77621,name+dob,Larry Moffett,77621,via-S1-bridge
mogbojo01,Jonathan Mogbo,2001-10-29,NBA,2025,2026,2,N,,no-S1-match,,1642367,name-+dob
mogusle01,Leo Mogus,1921-04-13,BAA|NBA,1947,1951,9,N,77622,name+dob,Leo Mogus,77622,via-S1-bridge
mohamna01,Nazr Mohammed,1977-09-05,NBA,1999,2016,28,N,1737,name+dob,Nazr Mohammed,1737,via-S1-bridge
moisoje01,Jérôme Moïso,1978-06-15,NBA,2001,2005,8,N,2040,name+dob,Jerome Moiso,2040,via-S1-bridge
mokespa01,Paul Mokeski,1957-01-03,NBA,1980,1991,16,N,77623,name+dob,Paul Mokeski,77623,via-S1-bridge
mokokad01,Adam Mokoka,1998-07-18,NBA,2020,2021,2,N,1629690,name+dob,Adam Mokoka,1629690,via-S1-bridge
molinja01,Jack Molinas,1931-10-31,NBA,1954,1954,1,N,77624,DOB-conflict,Jack Molinas,77624,via-S1-bridge
moliswa01,Wayne Molis,1943-04-17,ABA|NBA,1967,1968,1,N,77625,name+dob,Wayne Molis,77625,via-S1-bridge
moncrsi01,Sidney Moncrief,1957-09-21,NBA,1980,1991,11,N,77626,name+dob,Sidney Moncrief,77626,via-S1-bridge
monekch01,Chima Moneke,1995-12-24,NBA,2023,2023,1,N,1631320,name+dob,Chima Moneke,1631320,via-S1-bridge
moneyer01,Eric Money,1955-02-06,NBA,1975,1980,10,N,77627,name+dob,Eric Money,77627,via-S1-bridge
moniase01,Sergei Monia,1983-04-15,NBA,2006,2006,3,N,2752,name+dob,Sergei Monia,2752,via-S1-bridge
monkma01,Malik Monk,1998-02-04,NBA,2018,2026,9,N,1628370,name+dob,Malik Monk,1628370,via-S1-bridge
monroea01,Earl Monroe,1944-11-21,NBA,1968,1980,15,N,600006,name+dob,Earl Monroe,600006,via-S1-bridge
monrogr01,Greg Monroe,1990-06-04,NBA,2011,2022,20,N,202328,name+dob,Greg Monroe,202328,via-S1-bridge
monroro01,Rodney Monroe,1968-04-16,NBA,1992,1992,1,N,77628,name+dob,Rodney Monroe,77628,via-S1-bridge
montelu01,Luis Montero,1993-04-06,NBA,2016,2018,2,N,1626242,name+dob,Luis Montero,1626242,via-S1-bridge
montgho01,Howie Montgomery,1940-08-22,NBA,1963,1963,1,N,77630,name+dob,Howie Montgomery,77630,via-S1-bridge
montrer01,Eric Montross,1971-09-23,NBA,1995,2002,14,N,376,name+dob,Eric Montross,376,via-S1-bridge
moodymo01,Moses Moody,2002-05-31,NBA,2022,2026,5,N,1630541,name+dob,Moses Moody,1630541,via-S1-bridge
mooneji01,Jim Mooney,1930-07-08,NBA,1953,1953,1,N,77631,name+dob,Jim Mooney,77631,via-S1-bridge
moonema01,Matt Mooney,1996-02-07,NBA,2020,2022,2,N,1629760,DOB-conflict,Matt Mooney,1629760,via-S1-bridge
moonja01,Jamario Moon,1980-06-13,NBA,2008,2012,9,N,200081,name+dob,Jamario Moon,200081,via-S1-bridge
moonxa01,Xavier Moon,1995-01-02,NBA,2022,2024,3,N,1629875,name+dob,Xavier Moon,1629875,via-S1-bridge
moorean01,Andre Moore,1964-07-02,NBA,1988,1988,3,N,77632,name+dob,Andre Moore,77632,via-S1-bridge
moorebe01,Ben Moore,1995-05-13,NBA,2018,2018,1,N,1628500,name+dob,Ben Moore,1628500,via-S1-bridge
mooreet01,E'Twaun Moore,1989-02-25,NBA,2012,2021,10,N,202734,name+dob,E'Twaun Moore,202734,via-S1-bridge
mooreja01,Jackie Moore,1932-09-24,NBA,1955,1957,6,N,77634,name+dob,Jackie Moore,77634,via-S1-bridge
moorejo01,Johnny Moore,1958-03-03,NBA,1981,1990,11,N,77633,name+dob,Johnny Moore,77633,via-S1-bridge
moorelo01,Lowes Moore,1957-05-05,NBA,1981,1983,3,N,77635,name+dob,Lowes Moore,77635,via-S1-bridge
mooremi01,Mikki Moore,1975-11-04,NBA,1999,2012,19,N,1630,name+dob,Mikki Moore,1630,via-S1-bridge
mooreot01,Otto Moore,1946-08-27,NBA,1969,1977,13,N,77636,name+dob,Otto Moore,77636,via-S1-bridge
moorero01,Ron Moore,1962-01-16,NBA,1988,1988,3,N,77637,name+dob,Ron Moore,77637,via-S1-bridge
mooreta02,Taze Moore,1998-06-29,NBA,2024,2025,2,N,,no-S1-match,,1631386,name-+dob
mooretr01,Tracy Moore,1965-12-28,NBA,1992,1997,5,N,929,name+dob,Tracy Moore,929,via-S1-bridge
moorewe01,Wendell Moore Jr.,2001-09-18,NBA,2023,2026,6,N,1631111,name+dob,Wendell Moore Jr.,1631111,via-S1-bridge
moralal01,Alex Morales,1997-11-21,NBA,2026,2026,1,N,,no-S1-match,,1631457,name-+dob
moranja01,Ja Morant,1999-08-10,NBA,2020,2026,7,N,1629630,name+dob,Ja Morant,1629630,via-S1-bridge
moreler01,Eric Moreland,1991-12-24,NBA,2015,2019,6,N,203961,name+dob,Eric Moreland,203961,via-S1-bridge
morelja01,Jackie Moreland,1938-03-11,ABA|NBA,1961,1970,5,N,77639,name+dob,Jackie Moreland,77639,via-S1-bridge
morgagu01,Guy Morgan,1960-08-23,NBA,1983,1983,1,N,77640,name+dob,Guy Morgan,77640,via-S1-bridge
morgaju01,Juwan Morgan,1997-04-17,NBA,2020,2022,5,N,1629752,name+dob,Juwan Morgan,1629752,via-S1-bridge
morgare01,Rex Morgan,1948-10-27,NBA,1971,1972,2,N,77641,name+dob,Rex Morgan,77641,via-S1-bridge
morgeel01,Elmore Morgenthaler,1922-08-03,BAA,1947,1949,2,N,77642,lastname+dob,Elmo Morgenthaler,77642,via-S1-bridge
mornida01,Darren Morningstar,1969-04-22,NBA,1994,1994,3,N,77644,name+dob,Darren Morningstar,77644,via-S1-bridge
morriad01,Adam Morrison,1984-07-19,NBA,2007,2010,5,N,200747,name+dob,Adam Morrison,200747,via-S1-bridge
morrich01,Chris Morris,1966-01-20,NBA,1989,1999,11,N,356,name+dob,Chris Morris,356,via-S1-bridge
morrida01,Darius Morris,1991-01-03,NBA,2012,2015,7,N,202721,name+dob,Darius Morris,202721,via-S1-bridge
morriis01,Isaiah Morris,1969-04-02,NBA,1993,1993,1,N,77647,name+dob,Isaiah Morris,77647,via-S1-bridge
morrija01,Jaylen Morris,1995-09-19,NBA,2018,2022,3,N,1628537,name+dob,Jaylen Morris,1628537,via-S1-bridge
morrima01,Max Morris,1925-03-14,NBA,1950,1950,1,N,77646,name+dob,Max Morris,77646,via-S1-bridge
morrima02,Markieff Morris,1989-09-02,NBA,2012,2025,24,N,202693,name+dob,Markieff Morris,202693,via-S1-bridge
morrima03,Marcus Morris,1989-09-02,NBA,2012,2024,19,N,202694,name+dob,Marcus Morris Sr.,202694,via-S1-bridge
morrimi01,Mike Morrison,1967-08-16,NBA,1990,1990,1,N,77649,name+dob,Mike Morrison,77649,via-S1-bridge
morrimo01,Monte Morris,1995-06-27,NBA,2018,2026,11,N,1628420,name+dob,Monte Morris,1628420,via-S1-bridge
morrira01,Randolph Morris,1986-01-02,NBA,2007,2010,4,N,201043,name+dob,Randolph Morris,201043,via-S1-bridge
morrire01,Red Morrison,1932-04-26,NBA,1955,1958,3,N,77648,lastname+dob,Dwight Morrison,77648,via-S1-bridge
morrite01,Terence Morris,1979-01-11,NBA,2002,2006,3,N,2242,name+dob,Terence Morris,2242,via-S1-bridge
morroan01,Anthony Morrow,1985-09-27,NBA,2009,2017,13,N,201627,name+dob,Anthony Morrow,201627,via-S1-bridge
mortodw01,Dwayne Morton,1971-08-08,NBA,1995,1995,1,N,132,DOB-conflict,Dwayne Morton,132,via-S1-bridge
mortojo01,John Morton,1967-05-18,NBA,1990,1992,5,N,1972,name+dob,John Morton,1972,via-S1-bridge
mortori01,Richard Morton,1966-02-02,NBA,1989,1989,1,N,77652,name+dob,Richard Morton,77652,via-S1-bridge
moslegl01,Glenn Mosley,1955-12-26,NBA,1978,1979,2,N,77653,name+dob,Glenn Mosley,77653,via-S1-bridge
mosspe01,Perry Moss,1958-11-11,NBA,1986,1987,4,N,77654,name+dob,Perry Moss,77654,via-S1-bridge
motenla01,Lawrence Moten,1972-03-25,NBA,1996,1998,3,N,734,name+dob,Lawrence Moten,734,via-S1-bridge
motiedo01,Donatas Motiejūnas,1990-09-20,NBA,2013,2019,6,N,202700,name+dob,Donatas Motiejunas,202700,via-S1-bridge
motlejo01,Johnathan Motley,1995-05-04,NBA,2018,2020,3,N,1628405,name+dob,Johnathan Motley,1628405,via-S1-bridge
mottoha01,Hanno Möttölä,1976-09-09,NBA,2001,2002,2,N,2069,name+dob,Hanno Mottola,2069,via-S1-bridge
moultar01,Arnett Moultrie,1990-11-18,NBA,2013,2014,2,N,203102,name+dob,Arnett Moultrie,203102,via-S1-bridge
mournal01,Alonzo Mourning,1970-02-08,NBA,1993,2008,17,N,297,name+dob,Alonzo Mourning,297,via-S1-bridge
mozgoti01,Timofey Mozgov,1986-07-16,NBA,2011,2018,12,N,202389,name+dob,Timofey Mozgov,202389,via-S1-bridge
mrazoch01,Chuck Mrazovich,1924-02-26,NBA,1951,1951,1,N,77657,name+dob,Chuck Mrazovich,77657,via-S1-bridge
mudiaem01,Emmanuel Mudiay,1996-03-05,NBA,2016,2022,8,N,1626144,name+dob,Emmanuel Mudiay,1626144,via-S1-bridge
mueller01,Erwin Mueller,1944-03-12,ABA|NBA,1967,1974,13,N,77658,name+dob,Erwin Mueller,77658,via-S1-bridge
muhamsh01,Shabazz Muhammad,1992-11-13,NBA,2014,2018,7,N,203498,name+dob,Shabazz Muhammad,203498,via-S1-bridge
muldemy01,Mychal Mulder,1994-06-12,NBA,2020,2022,5,N,1628539,name+dob,Mychal Mulder,1628539,via-S1-bridge
mullajo01,Joe Mullaney,1924-11-17,NBA,1950,1950,1,N,77659,DOB-conflict,Joe Mullaney,77659,via-S1-bridge
mullebo01,Bob Mullens,1922-11-01,BAA,1947,1947,3,N,77660,name+dob,Bob Mullens,77660,via-S1-bridge
mulleby01,Byron Mullens,1989-02-14,NBA,2010,2014,7,N,201957,name+dob,Byron Mullens,201957,via-S1-bridge
mullich01,Chris Mullin,1963-07-30,NBA,1986,2001,16,N,904,name+dob,Chris Mullin,904,via-S1-bridge
mullije01,Jeff Mullins,1942-03-18,NBA,1965,1976,12,N,77662,name+dob,Jeff Mullins,77662,via-S1-bridge
mundtto01,Todd Mundt,1970-05-17,NBA,1996,1996,3,N,942,name+dob,Todd Mundt,942,via-S1-bridge
munfoxa02,Xavier Munford,1992-06-01,NBA,2016,2018,2,N,204098,name+dob,Xavier Munford,204098,via-S1-bridge
munkch01,Chris Munk,1967-08-05,NBA,1991,1991,1,N,77664,name+dob,Chris Munk,77664,via-S1-bridge
munroge01,George Munroe,1922-01-05,BAA,1947,1948,2,N,77665,name+dob,George Munroe,77665,via-S1-bridge
murdoer01,Eric Murdock,1968-06-14,NBA,1992,2000,11,N,785,name+dob,Eric Murdock,785,via-S1-bridge
muresgh01,Gheorghe Mureșan,1971-02-14,NBA,1994,2000,6,N,49,name+dob,Gheorghe Muresan,49,via-S1-bridge
murkead01,Ade Murkey,1998-01-29,NBA,2022,2022,1,N,1630278,name+dob,Ade Murkey,1630278,via-S1-bridge
murphal01,Allen Murphy,1952-07-15,ABA|NBA,1976,1977,1,N,77668,name+dob,Allen Murphy,77668,via-S1-bridge
murphca01,Calvin Murphy,1948-05-09,NBA,1971,1983,13,N,77669,name+dob,Calvin Murphy,77669,via-S1-bridge
murphdi01,Dick Murphy,1921-03-10,BAA,1947,1947,3,N,77672,name+dob,Dick Murphy,77672,via-S1-bridge
murpher01,Erik Murphy,1990-10-26,NBA,2014,2014,1,N,203513,name+dob,Erik Murphy,203513,via-S1-bridge
murphja01,Jay Murphy,1962-06-26,NBA,1985,1988,4,N,77670,name+dob,Jay Murphy,77670,via-S1-bridge
murphjo01,John Murphy,1924-09-13,BAA,1947,1947,3,N,77671,name+dob,John Murphy,77671,via-S1-bridge
murphke01,Kevin Murphy,1990-03-06,NBA,2013,2013,1,N,203122,name+dob,Kevin Murphy,203122,via-S1-bridge
murphro01,Ronnie Murphy,1964-07-29,NBA,1988,1988,1,N,77673,name+dob,Ronnie Murphy,77673,via-S1-bridge
murphto01,Tod Murphy,1963-12-24,NBA,1988,1994,7,N,77674,name+dob,Tod Murphy,77674,via-S1-bridge
murphtr01,Troy Murphy,1980-05-02,NBA,2002,2013,16,N,2211,name+dob,Troy Murphy,2211,via-S1-bridge
murphtr02,Trey Murphy III,2000-06-18,NBA,2022,2026,5,N,1630530,name+dob,Trey Murphy III,1630530,via-S1-bridge
murraco01,Collin Murray-Boyles,2005-06-10,NBA,2026,2026,1,N,,no-S1-match,,1642867,name-+dob
murrade01,Dejounte Murray,1996-09-19,NBA,2017,2026,9,N,1627749,name+dob,Dejounte Murray,1627749,via-S1-bridge
murraja01,Jamal Murray,1997-02-23,NBA,2017,2026,9,N,1627750,name+dob,Jamal Murray,1627750,via-S1-bridge
murrake01,Ken Murray,1928-04-20,NBA,1951,1955,7,N,77675,name+dob,Ken Murray,77675,via-S1-bridge
murrake02,Keegan Murray,2000-08-19,NBA,2023,2026,4,N,1631099,name+dob,Keegan Murray,1631099,via-S1-bridge
murrakr01,Kris Murray,2000-08-19,NBA,2024,2026,3,N,,no-S1-match,,1631200,name-+dob
murrala01,Lamond Murray,1973-04-20,NBA,1995,2006,11,N,441,name+dob,Lamond Murray,441,via-S1-bridge
murraro01,Ronald Murray,1979-07-29,NBA,2003,2010,16,N,2436,lastname+dob,Flip Murray,2436,via-S1-bridge
murratr01,Tracy Murray,1971-07-25,NBA,1993,2004,16,N,145,name+dob,Tracy Murray,145,via-S1-bridge
murredo01,Dorie Murrey,1943-09-07,NBA,1967,1972,8,N,77676,name+dob,Dorie Murrey,77676,via-S1-bridge
murryto01,Toure' Murry,1989-11-08,NBA,2014,2015,4,N,203315,name+dob,Toure' Murry,203315,via-S1-bridge
musadz01,Džanan Musa,1999-05-08,NBA,2019,2020,2,N,1629058,name+dob,Dzanan Musa,1629058,via-S1-bridge
muscami01,Mike Muscala,1991-07-01,NBA,2014,2024,18,N,203488,name+dob,Mike Muscala,203488,via-S1-bridge
musian01,Angelo Musi,1918-07-25,BAA,1947,1949,3,N,77677,name+dob,Angelo Musi,77677,via-S1-bridge
mustaje01,Jerrod Mustaf,1969-10-28,NBA,1991,1994,4,N,1054,name+dob,Jerrod Mustaf,1054,via-S1-bridge
mutomdi01,Dikembe Mutombo,1966-06-25,NBA,1992,2009,20,N,87,name+dob,Dikembe Mutombo,87,via-S1-bridge
muursma01,Martin Müürsepp,1974-09-26,NBA,1997,1998,4,N,982,name+dob,Martin Muursepp,982,via-S1-bridge
myerspe01,Pete Myers,1963-09-15,NBA,1987,1998,15,N,939,name+dob,Pete Myers,939,via-S1-bridge
mykhasv01,Svi Mykhailiuk,1997-06-10,NBA,2019,2026,14,N,1629004,name+dob,Svi Mykhailiuk,1629004,via-S1-bridge
naberbo01,Bob Naber,1929-09-03,NBA,1953,1953,1,N,77681,name+dob,Bob Naber,77681,via-S1-bridge
nachabo01,Boris Nachamkin,1933-12-06,NBA,1955,1955,1,N,77682,name+dob,Boris Nachamkin,77682,via-S1-bridge
nachbbo01,Boštjan Nachbar,1980-07-03,NBA,2003,2008,10,N,2411,name+dob,Bostjan Nachbar,2411,via-S1-bridge
naderab01,Abdel Nader,1993-09-25,NBA,2018,2022,5,N,1627846,name+dob,Abdel Nader,1627846,via-S1-bridge
nagelje01,Jerry Nagel,1928-05-18,NBA,1950,1950,1,N,77683,name+dob,Jerry Nagel,77683,via-S1-bridge
nagyfr01,Fritz Nagy,1924-01-03,BAA,1949,1949,1,N,77684,lastname+dob,Fred Nagy,77684,via-S1-bridge
nailole01,Lee Nailon,1975-02-22,NBA,2001,2006,9,N,1924,name+dob,Lee Nailon,1924,via-S1-bridge
najered01,Eduardo Nájera,1976-07-11,NBA,2001,2012,16,N,2059,name+dob,Eduardo Najera,2059,via-S1-bridge
nancela01,Larry Nance,1959-02-12,NBA,1982,1994,15,N,77685,name+dob,Larry Nance,77685,via-S1-bridge
nancela02,Larry Nance Jr.,1993-01-01,NBA,2016,2026,15,N,1626204,name+dob,Larry Nance Jr.,1626204,via-S1-bridge
nancepe01,Pete Nance,2000-02-19,NBA,2024,2026,5,N,,no-S1-match,,1631250,name-+dob
napiesh01,Shabazz Napier,1991-07-14,NBA,2015,2020,8,N,203894,name+dob,Shabazz Napier,203894,via-S1-bridge
napolpa01,Paul Napolitano,1923-02-03,BAA,1949,1949,1,N,77686,name+dob,Paul Napolitano,77686,via-S1-bridge
nashbo01,Bob Nash,1950-08-24,ABA|NBA,1973,1979,4,N,77688,name+dob,Bob Nash,77688,via-S1-bridge
nashco01,Cotton Nash,1942-07-24,ABA|NBA,1965,1968,3,N,77687,lastname+dob,Charles Nash,77687,via-S1-bridge
nashst01,Steve Nash,1974-02-07,NBA,1997,2014,18,N,959,name+dob,Steve Nash,959,via-S1-bridge
natersw01,Swen Nater,1950-01-14,ABA|NBA,1974,1984,8,N,77689,name+dob,Swen Nater,77689,via-S1-bridge
nathaho01,Howard Nathan,1972-01-21,NBA,1996,1996,1,N,77690,name+dob,Howard Nathan,77690,via-S1-bridge
nattca01,Calvin Natt,1957-01-08,NBA,1980,1990,15,N,77691,name+dob,Calvin Natt,77691,via-S1-bridge
nattke01,Kenny Natt,1958-10-05,NBA,1981,1985,5,N,77692,name+dob,Kenny Natt,77692,via-S1-bridge
naullwi01,Willie Naulls,1934-10-07,NBA,1957,1966,14,N,77693,name+dob,Willie Naulls,77693,via-S1-bridge
navarju01,Juan Carlos Navarro,1980-06-13,NBA,2008,2008,1,N,2434,name+dob,Juan Carlos Navarro,2434,via-S1-bridge
ndiayha01,Hamady N'Diaye,1987-01-12,NBA,2011,2014,3,N,202380,name+dob,Hamady Ndiaye,202380,via-S1-bridge
ndiayma01,Makhtar N'Diaye,1973-12-12,NBA,1999,1999,1,N,1823;1626122,name+dob,Makhtar N'diaye;Makhtar N'diaye,1823,via-S1-bridge
ndiayma02,Mamadou N'Diaye,1975-06-16,NBA,2001,2005,7,N,2055,name+dob,Mamadou N'diaye,2055,via-S1-bridge
ndongbo01,Boniface N'Dong,1977-03-09,NBA,2006,2006,1,N,101238,DOB-conflict,Boniface Ndong,101238,via-S1-bridge
ndourma01,Maurice Ndour,1992-06-18,NBA,2017,2017,1,N,1626254,name+dob,Maurice Ndour,1626254,via-S1-bridge
nealcr01,Craig Neal,1964-02-16,NBA,1989,1991,4,N,77694,name+dob,Craig Neal,77694,via-S1-bridge
nealga01,Gary Neal,1984-10-03,NBA,2011,2017,11,N,202390,name+dob,Gary Neal,202390,via-S1-bridge
nealji01,Jim Neal,1930-05-21,NBA,1954,1955,2,N,77695,name+dob,Jim Neal,77695,via-S1-bridge
nealll01,Lloyd Neal,1950-12-10,NBA,1973,1979,7,N,77696,name+dob,Lloyd Neal,77696,via-S1-bridge
nealyed01,Ed Nealy,1960-02-19,NBA,1983,1993,14,N,77697,name+dob,Ed Nealy,77697,via-S1-bridge
nedovne01,Nemanja Nedović,1991-06-16,NBA,2014,2014,1,N,203517,name+dob,Nemanja Nedovic,203517,via-S1-bridge
negraal01,Al Negratti,1921-06-12,BAA,1947,1947,1,N,77698,name+dob,Al Negratti,77698,via-S1-bridge
nelsoba01,Barry Nelson,1949-09-19,NBA,1972,1972,1,N,77699,name+dob,Barry Nelson,77699,via-S1-bridge
nelsode01,DeMarcus Nelson,1985-11-02,NBA,2009,2009,1,N,201634,name+dob,DeMarcus Nelson,201634,via-S1-bridge
nelsodo01,Don Nelson,1940-05-15,NBA,1963,1976,14,N,77700,name+dob,Don Nelson,77700,via-S1-bridge
nelsogr02,Grant Nelson,2002-03-18,NBA,2026,2026,1,N,,no-S1-match,,,
nelsoja01,Jameer Nelson,1982-02-09,NBA,2005,2018,19,N,2749,name+dob,Jameer Nelson,2749,via-S1-bridge
nelsolo01,Louie Nelson,1951-05-28,NBA,1974,1978,7,N,77701,name+dob,Louie Nelson,77701,via-S1-bridge
nembhan01,Andrew Nembhard,2000-01-16,NBA,2023,2026,4,N,1629614,name+dob,Andrew Nembhard,1629614,via-S1-bridge
nembhrj01,RJ Nembhard Jr.,1999-03-22,NBA,2022,2022,1,N,1630612,name+dob,RJ Nembhard Jr.,1630612,via-S1-bridge
nembhru01,Ruben Nembhard,1972-02-20,NBA,1997,1997,3,N,1129,name+dob,Ruben Nembhard,1129,via-S1-bridge
nembhry01,Ryan Nembhard,2003-03-10,NBA,2026,2026,1,N,,no-S1-match,,1642948,name-+dob
nesbyty01,Tyrone Nesby,1976-01-31,NBA,1999,2002,6,N,1838,name+dob,Tyrone Nesby,1838,via-S1-bridge
nesmiaa01,Aaron Nesmith,1999-10-16,NBA,2021,2026,6,N,1630174,name+dob,Aaron Nesmith,1630174,via-S1-bridge
nesslma01,Martin Nessley,1965-02-16,NBA,1988,1988,3,N,77704,name+dob,Martin Nessley,77704,via-S1-bridge
nestera01,Rasho Nesterović,1976-05-30,NBA,1999,2010,12,N,1725,name+dob,Rasho Nesterovic,1725,via-S1-bridge
netora01,Raul Neto,1992-05-19,NBA,2016,2023,8,N,203526,name+dob,Raul Neto,203526,via-S1-bridge
neumajo01,Johnny Neumann,1951-09-11,ABA|NBA,1972,1978,4,N,77705,name+dob,Johnny Neumann,77705,via-S1-bridge
neumapa01,Paul Neumann,1938-01-30,NBA,1962,1967,8,N,77706,name+dob,Paul Neumann,77706,via-S1-bridge
nevitch01,Chuck Nevitt,1959-06-13,NBA,1983,1994,11,N,77707,name+dob,Chuck Nevitt,77707,via-S1-bridge
newbeme01,Melvin Newbern,1967-06-11,NBA,1993,1993,1,N,1116,name+dob,Melvin Newbern,1116,via-S1-bridge
newbiiv01,Ivano Newbill,1970-12-12,NBA,1995,1998,3,N,1096,name+dob,Ivano Newbill,1096,via-S1-bridge
newblir01,Ira Newble,1975-01-20,NBA,2001,2008,11,N,1956,name+dob,Ira Newble,1956,via-S1-bridge
newelas01,Asa Newell,2005-10-05,NBA,2026,2026,1,N,,no-S1-match,,1642854,name-+dob
newlimi01,Mike Newlin,1949-01-02,NBA,1972,1982,11,N,77710,name+dob,Mike Newlin,77710,via-S1-bridge
newmada01,Dave Newmark,1946-09-11,ABA|NBA,1969,1971,2,N,77712,name+dob,Dave Newmark,77712,via-S1-bridge
newmajo01,Johnny Newman,1963-11-28,NBA,1987,2002,18,N,271,name+dob,Johnny Newman,271,via-S1-bridge
newmama01,Malik Newman,1997-02-21,NBA,2020,2022,2,N,1629005,name+dob,Malik Newman,1629005,via-S1-bridge
newtotr01,Tristen Newton,2001-04-26,NBA,2025,2026,4,N,,no-S1-match,,1641803,name-+dob
nfalyda01,N'Faly Dante,2001-10-19,NBA,2025,2026,2,N,,no-S1-match,,1642368,name-+dob
niangge01,Georges Niang,1993-06-17,NBA,2017,2025,11,N,1627777,name+dob,Georges Niang,1627777,via-S1-bridge
nichoan01,Andrew Nicholson,1989-12-08,NBA,2013,2017,7,N,203094,name+dob,Andrew Nicholson,203094,via-S1-bridge
nichode01,Demetris Nichols,1984-09-04,NBA,2008,2009,6,N,201193,name+dob,Demetris Nichols,201193,via-S1-bridge
nichoja01,Jack Nichols,1926-04-09,BAA|NBA,1949,1958,13,N,77713,name+dob,Jack Nichols,77713,via-S1-bridge
nickega01,Gaylon Nickerson,1969-02-05,NBA,1997,1997,3,N,1093,DOB-conflict,Gaylon Nickerson,1093,via-S1-bridge
nicksca01,Carl Nicks,1958-10-06,NBA,1981,1983,5,N,77715,name+dob,Carl Nicks,77715,via-S1-bridge
niemari01,Rich Niemann,1946-07-02,ABA|NBA,1969,1972,4,N,77716,name+dob,Rich Niemann,77716,via-S1-bridge
niemiri01,Richie Niemiera,1921-05-26,BAA|NBA,1949,1950,4,N,77717,lastname+dob,John Niemiera,77717,via-S1-bridge
nilesmi01,Mike Niles,1955-03-31,NBA,1981,1981,1,N,77718,name+dob,Mike Niles,77718,via-S1-bridge
nimphku01,Kurt Nimphius,1958-03-13,NBA,1982,1990,12,N,77719,name+dob,Kurt Nimphius,77719,via-S1-bridge
nixda01,Daishen Nix,2002-02-13,NBA,2022,2025,4,N,1630227,name+dob,Daishen Nix,1630227,via-S1-bridge
nixdy01,Dyron Nix,1967-02-11,NBA,1990,1990,1,N,77720,name+dob,Dyron Nix,77720,via-S1-bridge
nixonno01,Norm Nixon,1955-10-11,NBA,1978,1989,10,N,77721,name+dob,Norm Nixon,77721,via-S1-bridge
nnajize01,Zeke Nnaji,2001-01-09,NBA,2021,2026,6,N,1630192,name+dob,Zeke Nnaji,1630192,via-S1-bridge
noahjo01,Joakim Noah,1985-02-25,NBA,2008,2020,13,N,201149,name+dob,Joakim Noah,201149,via-S1-bridge
noblech01,Chuck Noble,1931-07-24,NBA,1956,1962,7,N,77722,name+dob,Chuck Noble,77722,via-S1-bridge
nocioan01,Andrés Nocioni,1979-11-30,NBA,2005,2012,10,N,2804,name+dob,Andres Nocioni,2804,via-S1-bridge
noelda01,David Noel,1984-02-27,NBA,2007,2007,1,N,200786,name+dob,David Noel,200786,via-S1-bridge
noelne01,Nerlens Noel,1994-04-10,NBA,2015,2023,13,N,203457,name+dob,Nerlens Noel,203457,via-S1-bridge
noelpa01,Paul Noel,1924-08-17,BAA|NBA,1948,1952,5,N,77723,DOB-conflict,Paul Noel,77723,via-S1-bridge
noguelu01,Lucas Nogueira,1992-07-26,NBA,2015,2018,4,N,203512,name+dob,Lucas Nogueira,203512,via-S1-bridge
nolanji01,Jim Nolan,1927-06-09,NBA,1950,1950,1,N,77724,name+dob,Jim Nolan,77724,via-S1-bridge
nolenpa01,Paul Nolen,1929-09-03,NBA,1954,1954,1,N,77725,name+dob,Paul Nolen,77725,via-S1-bridge
nordgje01,Jeff Nordgaard,1973-02-23,NBA,1998,1998,1,N,999,name+dob,Jeff Nordgaard,999,via-S1-bridge
nordmbe01,Bevo Nordmann,1939-12-11,NBA,1962,1965,8,N,77727,lastname+dob,Robert Nordmann,77727,via-S1-bridge
norlajo01,Johnny Norlander,1921-03-05,BAA|NBA,1947,1951,5,N,77728,name+dob,Johnny Norlander,77728,via-S1-bridge
normaco01,Connie Norman,1953-09-24,NBA,1975,1979,3,N,77729,name+dob,Connie Norman,77729,via-S1-bridge
normake01,Ken Norman,1964-09-05,NBA,1988,1997,10,N,80,name+dob,Ken Norman,80,via-S1-bridge
norriau01,Audie Norris,1960-12-18,NBA,1983,1985,3,N,77731,name+dob,Audie Norris,77731,via-S1-bridge
norrimi01,Miles Norris,2000-04-15,NBA,2025,2025,1,N,,no-S1-match,,1641936,name-+dob
norrimo01,Moochie Norris,1973-07-27,NBA,1997,2006,15,N,983,name+dob,Moochie Norris,983,via-S1-bridge
norrisy01,Sylvester Norris,1957-02-18,NBA,1980,1980,1,N,77732,name+dob,Sylvester Norris,77732,via-S1-bridge
norveza01,Zach Norvell,1997-12-09,NBA,2020,2020,3,N,1629668,name+dob,Zach Norvell Jr.,1629668,via-S1-bridge
norwowi01,Willie Norwood,1947-08-08,NBA,1972,1978,9,N,77733,name+dob,Willie Norwood,77733,via-S1-bridge
nostrge01,George Nostrand,1924-01-25,BAA|NBA,1947,1950,11,N,77734,name+dob,George Nostrand,77734,via-S1-bridge
noszkst01,Stan Noszka,1920-09-09,BAA,1947,1949,3,N,77735,DOB-conflict,Stan Noszka,77735,via-S1-bridge
novakmi01,Mike Novak,1915-04-23,BAA|NBA,1949,1954,5,N,77736,name+dob,Mike Novak,77736,via-S1-bridge
novakst01,Steve Novak,1983-06-13,NBA,2007,2017,17,N,200779,name+dob,Steve Novak,200779,via-S1-bridge
nowelja01,Jaylen Nowell,1999-07-09,NBA,2020,2025,8,N,1629669,name+dob,Jaylen Nowell,1629669,via-S1-bridge
nowelma01,Markquis Nowell,1999-12-25,NBA,2024,2024,1,N,,no-S1-match,,1641806,name-+dob
nowelme01,Mel Nowell,1939-12-27,ABA|NBA,1963,1968,1,N,77737,name+dob,Mel Nowell,77737,via-S1-bridge
nowitdi01,Dirk Nowitzki,1978-06-19,NBA,1999,2019,21,N,1717,name+dob,Dirk Nowitzki,1717,via-S1-bridge
ntilila01,Frank Ntilikina,1998-07-28,NBA,2018,2024,7,N,1628373,name+dob,Frank Ntilikina,1628373,via-S1-bridge
nunnaja01,James Nunnally,1990-07-14,NBA,2014,2021,7,N,203263,name+dob,James Nunnally,203263,via-S1-bridge
nunnke01,Kendrick Nunn,1995-08-03,NBA,2020,2023,5,N,1629134,name+dob,Kendrick Nunn,1629134,via-S1-bridge
nurkiju01,Jusuf Nurkić,1994-08-23,NBA,2015,2026,16,N,203994,name+dob,Jusuf Nurkic,203994,via-S1-bridge
nuttde01,Dennis Nutt,1963-03-25,NBA,1987,1987,1,N,77738,name+dob,Dennis Nutt,77738,via-S1-bridge
nwabada01,David Nwaba,1993-01-14,NBA,2017,2022,6,N,1628021,name+dob,David Nwaba,1628021,via-S1-bridge
nworajo01,Jordan Nwora,1998-09-09,NBA,2021,2024,8,N,1629670,name+dob,Jordan Nwora,1629670,via-S1-bridge
nwosuju01,Julius Nwosu,1971-05-01,NBA,1995,1995,1,N,1022,name+dob,Julius Nwosu,1022,via-S1-bridge
oaklech01,Charles Oakley,1963-12-18,NBA,1986,2004,19,N,891,name+dob,Charles Oakley,891,via-S1-bridge
obannch01,Charles O'Bannon,1975-02-22,NBA,1998,1999,2,N,1525,name+dob,Charles O'Bannon,1525,via-S1-bridge
obanned01,Ed O'Bannon,1972-08-14,NBA,1996,1997,4,N,709,name+dob,Ed O'Bannon,709,via-S1-bridge
obertfa01,Fabricio Oberto,1975-03-21,NBA,2006,2011,6,N,101177,name+dob,Fabricio Oberto,101177,via-S1-bridge
oboyljo01,John O'Boyle,1928-03-07,NBA,1953,1953,1,N,77742,name+dob,John O'Boyle,77742,via-S1-bridge
obriebo01,Bob O'Brien,1927-01-26,BAA,1948,1949,4,N,77744,name+dob,Bob O'Brien,77744,via-S1-bridge
obriejj01,J.J. O'Brien,1992-04-08,NBA,2016,2016,1,N,1626266,lastname+dob,JJ O'Brien,1626266,via-S1-bridge
obriera01,Ralph O'Brien,1928-04-08,NBA,1952,1953,5,N,,no-S1-match,,,
obryajo01,Johnny O'Bryant,1993-06-01,NBA,2015,2018,6,N,203948,name+dob,Johnny O'Bryant III,203948,via-S1-bridge
obryapa01,Patrick O'Bryant,1986-06-20,NBA,2007,2010,6,N,200753,name+dob,Patrick O'Bryant,200753,via-S1-bridge
ochefda01,Daniel Ochefu,1993-12-15,NBA,2017,2017,1,N,1627849,name+dob,Daniel Ochefu,1627849,via-S1-bridge
oconnde01,Dermie O'Connell,1928-04-13,BAA|NBA,1949,1950,4,N,77745,name+dob,Dermie O'Connell,77745,via-S1-bridge
odengr01,Greg Oden,1988-01-22,NBA,2009,2014,3,N,201141,name+dob,Greg Oden,201141,via-S1-bridge
odomla01,Lamar Odom,1979-11-06,NBA,2000,2013,14,N,1885,name+dob,Lamar Odom,1885,via-S1-bridge
odonnan01,Andy O'Donnell,1925-03-10,NBA,1950,1950,1,N,77746,name+dob,Andy O'Donnell,77746,via-S1-bridge
odurojo01,Josh Oduro,2000-10-14,NBA,2026,2026,1,N,,no-S1-match,,,
ogdenbu01,Bud Ogden,1946-12-29,NBA,1970,1971,2,N,77747,lastname+dob,Carlos Ogden,77747,via-S1-bridge
ogdenra01,Ralph Ogden,1948-01-25,NBA,1971,1971,1,N,77748,name+dob,Ralph Ogden,77748,via-S1-bridge
oggal01,Alan Ogg,1967-07-05,NBA,1991,1993,5,N,1628,name+dob,Alan Ogg,1628,via-S1-bridge
ogradbu01,Buddy O'Grady,1920-01-19,BAA,1947,1949,5,N,77750,lastname+dob,Francis O'Grady,77750,via-S1-bridge
ohlbrti01,Tim Ohlbrecht,1988-08-30,NBA,2013,2013,1,N,203317,name+dob,Tim Ohlbrecht,203317,via-S1-bridge
ohldo01,Don Ohl,1936-04-18,NBA,1961,1970,12,N,77751,name+dob,Don Ohl,77751,via-S1-bridge
ojelese01,Semi Ojeleye,1994-12-05,NBA,2018,2022,7,N,1628400,name+dob,Semi Ojeleye,1628400,via-S1-bridge
okafoem01,Emeka Okafor,1982-09-28,NBA,2005,2018,10,N,2731,name+dob,Emeka Okafor,2731,via-S1-bridge
okafoja01,Jahlil Okafor,1995-12-15,NBA,2016,2025,9,N,1626143,name+dob,Jahlil Okafor,1626143,via-S1-bridge
okanito01,Toby Okani,2001-10-05,NBA,2026,2026,1,N,,no-S1-match,,,
okeefdi01,Dick O'Keefe,1923-09-29,BAA|NBA,1948,1951,4,N,77752,name+dob,Dick O'Keefe,77752,via-S1-bridge
okeefto01,Tommy O'Keefe,1928-06-03,NBA,1951,1951,3,N,77753,DOB-conflict,Tommy O'Keefe,77753,via-S1-bridge
okekech01,Chuma Okeke,1998-08-18,NBA,2021,2025,7,N,1629643,name+dob,Chuma Okeke,1629643,via-S1-bridge
okoboel01,Elie Okobo,1997-10-23,NBA,2019,2020,2,N,1629059,name+dob,Elie Okobo,1629059,via-S1-bridge
okogijo01,Josh Okogie,1998-09-01,NBA,2019,2026,10,N,1629006,name+dob,Josh Okogie,1629006,via-S1-bridge
okongon01,Onyeka Okongwu,2000-12-11,NBA,2021,2026,6,N,1630168,name+dob,Onyeka Okongwu,1630168,via-S1-bridge
okoremi01,Mike O'Koren,1958-02-07,NBA,1981,1988,8,N,77754,name+dob,Mike O'Koren,77754,via-S1-bridge
okorois01,Isaac Okoro,2001-01-26,NBA,2021,2026,6,N,1630171,name+dob,Isaac Okoro,1630171,via-S1-bridge
okpalkz01,KZ Okpala,1999-04-28,NBA,2020,2023,4,N,1629644,name+dob,KZ Okpala,1629644,via-S1-bridge
okurme01,Mehmet Okur,1979-05-26,NBA,2003,2012,10,N,2246,name+dob,Mehmet Okur,2246,via-S1-bridge
oladivi01,Victor Oladipo,1992-05-04,NBA,2014,2023,13,N,203506,name+dob,Victor Oladipo,203506,via-S1-bridge
olajuha01,Hakeem Olajuwon,1963-01-21,NBA,1985,2002,18,N,165,name+dob,Hakeem Olajuwon,165,via-S1-bridge
olberma01,Mark Olberding,1956-04-21,ABA|NBA,1976,1987,11,N,77756,name+dob,Mark Olberding,77756,via-S1-bridge
olbrila01,Lachlan Olbrich,2003-12-30,NBA,2026,2026,1,N,,no-S1-match,,1642950,name-+dob
oldhaja01,Jawann Oldham,1957-07-04,NBA,1981,1991,12,N,77757,name+dob,Jawann Oldham,77757,via-S1-bridge
oldhajo01,John Oldham,1923-06-22,NBA,1950,1951,2,N,77758,lastname+dob,Johnny Oldham,77758,via-S1-bridge
oleynfr01,Frank Oleynick,1955-02-20,NBA,1976,1977,2,N,77759,name+dob,Frank Oleynick,77759,via-S1-bridge
olivaqu01,Quincy Olivari,2001-05-27,NBA,2025,2025,1,N,,no-S1-match,,1642439,name-+dob
olivebr01,Brian Oliver,1968-06-01,NBA,1991,1998,4,N,1680,name+dob,Brian Oliver,1680,via-S1-bridge
oliveca01,Cameron Oliver,1996-07-11,NBA,2021,2022,2,N,1628419,name+dob,Cameron Oliver,1628419,via-S1-bridge
olivede01,Dean Oliver,1978-11-05,NBA,2002,2003,2,N,2352,name+dob,Dean Oliver,2352,via-S1-bridge
oliveji01,Jimmy Oliver,1969-07-12,NBA,1992,1999,5,N,1429,name+dob,Jimmy Oliver,1429,via-S1-bridge
olivejo01,John Olive,1955-03-01,NBA,1979,1980,2,N,77760,name+dob,John Olive,77760,via-S1-bridge
ollieke01,Kevin Ollie,1972-12-27,NBA,1998,2010,23,N,1563,name+dob,Kevin Ollie,1563,via-S1-bridge
ollrige01,Gene Ollrich,1922-06-30,NBA,1950,1950,1,N,77764,name+dob,Gene Ollrich,77764,via-S1-bridge
olowomi01,Michael Olowokandi,1975-04-03,NBA,1999,2007,11,N,1709,name+dob,Michael Olowokandi,1709,via-S1-bridge
olsenbu01,Bud Olsen,1940-07-25,ABA|NBA,1963,1970,11,N,77765,lastname+dob,Enoch Olsen,77765,via-S1-bridge
olynyke01,Kelly Olynyk,1991-04-19,NBA,2014,2026,19,N,203482,name+dob,Kelly Olynyk,203482,via-S1-bridge
omallgr01,Grady O'Malley,1948-04-25,NBA,1970,1970,1,N,77766,name+dob,Grady O'Malley,77766,via-S1-bridge
omierno01,Norchad Omier,2001-08-28,NBA,2026,2026,1,N,,no-S1-match,,1641807,name-+dob
omorueu01,Eugene Omoruyi,1997-02-14,NBA,2022,2024,5,N,1630647,name+dob,Eugene Omoruyi,1630647,via-S1-bridge
onealje01,Jermaine O'Neal,1978-10-13,NBA,1997,2014,20,N,979,name+dob,Jermaine O'Neal,979,via-S1-bridge
onealro01,Royce O'Neale,1993-06-05,NBA,2018,2026,11,N,1626220,name+dob,Royce O'Neale,1626220,via-S1-bridge
onealsh01,Shaquille O'Neal,1972-03-06,NBA,1993,2011,21,N,406,name+dob,Shaquille O'Neal,406,via-S1-bridge
oneilmi01,Mike O'Neill,1928-08-11,NBA,1953,1953,1,N,77767,DOB-conflict,Mike O'Neill,77767,via-S1-bridge
onimi01,Miye Oni,1997-08-04,NBA,2020,2022,3,N,1629671,name+dob,Miye Oni,1629671,via-S1-bridge
onuakar01,Arinze Onuaku,1987-07-13,NBA,2014,2017,5,N,202620,name+dob,Arinze Onuaku,202620,via-S1-bridge
onuakch01,Chinanu Onuaku,1996-11-01,NBA,2017,2018,2,N,1627778,name+dob,Chinanu Onuaku,1627778,via-S1-bridge
oquinky01,Kyle O'Quinn,1990-03-26,NBA,2013,2020,8,N,203124,name+dob,Kyle O'Quinn,203124,via-S1-bridge
ormsba01,Barry Orms,1946-05-01,ABA|NBA,1969,1970,1,N,77768,name+dob,Barry Orms,77768,via-S1-bridge
orrjo01,Johnny Orr,1927-06-10,NBA,1950,1950,3,N,77769,name+dob,Johnny Orr,77769,via-S1-bridge
orrlo01,Louis Orr,1958-05-07,NBA,1981,1988,8,N,77770,name+dob,Louis Orr,77770,via-S1-bridge
ortizjo01,José Ortiz,1963-10-25,NBA,1989,1990,2,N,77771,name+dob,Jose Ortiz,77771,via-S1-bridge
ortonda01,Daniel Orton,1990-08-06,NBA,2012,2014,3,N,202350,name+dob,Daniel Orton,202350,via-S1-bridge
osborch01,Chuck Osborne,1939-01-21,NBA,1962,1962,1,N,77772,name+dob,Chuck Osborne,77772,via-S1-bridge
osheake01,Kevin O'Shea,1925-07-10,NBA,1951,1953,5,N,77773,name+dob,Kevin O'Shea,77773,via-S1-bridge
oshiega01,Garland O'Shields,1921-05-23,BAA,1947,1947,1,N,77774,name+dob,Garland O'Shields,77774,via-S1-bridge
osmande01,Cedi Osman,1995-04-08,NBA,2018,2024,7,N,1626224,name+dob,Cedi Osman,1626224,via-S1-bridge
ostergr01,Greg Ostertag,1973-03-06,NBA,1996,2006,11,N,731,name+dob,Greg Ostertag,731,via-S1-bridge
osterwa01,Wally Osterkorn,1928-07-06,NBA,1952,1955,4,N,77775,name+dob,Wally Osterkorn,77775,via-S1-bridge
osullda01,Dan O'Sullivan,1968-03-03,NBA,1991,1996,6,N,77776,name+dob,Dan O'Sullivan,77776,via-S1-bridge
othicma01,Matt Othick,1969-03-16,NBA,1993,1993,1,N,77777,name+dob,Matt Othick,77777,via-S1-bridge
ottendo01,Don Otten,1921-04-18,NBA,1950,1953,11,N,77778,name+dob,Don Otten,77778,via-S1-bridge
ottenma01,Mac Otten,1925-12-16,NBA,1950,1950,3,N,77779,name+dob,Mac Otten,77779,via-S1-bridge
oturuda01,Daniel Oturu,1999-09-20,NBA,2021,2022,2,N,1630187,name+dob,Daniel Oturu,1630187,via-S1-bridge
oubreke01,Kelly Oubre Jr.,1995-12-09,NBA,2016,2026,13,N,1626162,name+dob,Kelly Oubre Jr.,1626162,via-S1-bridge
outlabo01,Bo Outlaw,1971-04-13,NBA,1994,2008,17,N,448,name+dob,Bo Outlaw,448,via-S1-bridge
outlatr01,Travis Outlaw,1984-09-18,NBA,2004,2014,13,N,2566,name+dob,Travis Outlaw,2566,via-S1-bridge
overtcl01,Claude Overton,1927-12-16,NBA,1953,1953,1,N,77780,name+dob,Claude Overton,77780,via-S1-bridge
overtdo01,Doug Overton,1969-08-03,NBA,1993,2004,19,N,77,name+dob,Doug Overton,77,via-S1-bridge
owensan01,Andre Owens,1980-10-31,NBA,2006,2008,2,N,101261,name+dob,Andre Owens,101261,via-S1-bridge
owensbi01,Billy Owens,1969-05-01,NBA,1992,2001,14,N,182,name+dob,Billy Owens,182,via-S1-bridge
owensch01,Chris Owens,1979-03-01,NBA,2003,2003,1,N,2442,name+dob,Chris Owens,2442,via-S1-bridge
owensed01,Eddie Owens,1953-12-26,NBA,1978,1978,1,N,77782,name+dob,Eddie Owens,77782,via-S1-bridge
owensji01,Jim Owens,1950-05-01,NBA,1974,1975,2,N,77784,name+dob,Jim Owens,77784,via-S1-bridge
owenske01,Keith Owens,1969-05-31,NBA,1992,1992,1,N,77785,name+dob,Keith Owens,77785,via-S1-bridge
owensla01,Larry Owens,1983-01-08,NBA,2011,2012,4,N,202082,name+dob,Larry Owens,202082,via-S1-bridge
owensre01,Red Owens,1925-09-02,NBA,1950,1952,6,N,77783,lastname+dob,James Owens,77783,via-S1-bridge
owensta01,Tariq Owens,1995-06-30,NBA,2020,2020,1,N,1629745,name+dob,Tariq Owens,1629745,via-S1-bridge
owensto01,Tom Owens,1949-06-28,ABA|NBA,1972,1983,7,N,77786,name+dob,Tom Owens,77786,via-S1-bridge
owesra01,Ray Owes,1972-12-11,NBA,1997,1997,1,N,1077,DOB-conflict,Ray Owes,1077,via-S1-bridge
oyedeol01,Olumide Oyedeji,1981-05-11,NBA,2001,2003,3,N,2071,name+dob,Olumide Oyedeji,2071,via-S1-bridge
pacejo01,Joe Pace,1953-12-18,NBA,1977,1978,2,N,77788,name+dob,Joe Pace,77788,via-S1-bridge
pachuza01,Zaza Pachulia,1984-02-10,NBA,2004,2019,16,N,2585,name+dob,Zaza Pachulia,2585,via-S1-bridge
packro01,Robert Pack,1969-02-03,NBA,1992,2004,15,N,123,name+dob,Robert Pack,123,via-S1-bridge
paddige01,Gerald Paddio,1965-04-21,NBA,1991,1994,6,N,77789,name+dob,Gerald Paddio,77789,via-S1-bridge
padgesc01,Scott Padgett,1976-04-19,NBA,2000,2007,10,N,1909,name+dob,Scott Padgett,1909,via-S1-bridge
paigeja01,Jaysean Paige,1994-07-30,NBA,2022,2022,1,N,1629873,name+dob,Jaysean Paige,1629873,via-S1-bridge
paigema01,Marcus Paige,1993-09-11,NBA,2018,2018,1,N,1627779,name+dob,Marcus Paige,1627779,via-S1-bridge
painefr01,Fred Paine,1925-12-07,BAA,1949,1949,1,N,77790,name+dob,Fred Paine,77790,via-S1-bridge
palacmi01,Milt Palacio,1978-02-07,NBA,2000,2006,9,N,1960,name+dob,Milt Palacio,1960,via-S1-bridge
palazto01,Togo Palazzi,1932-08-08,NBA,1955,1960,8,N,77791,name+dob,Togo Palazzi,77791,via-S1-bridge
palmebu01,Bud Palmer,1921-09-14,BAA,1947,1949,3,N,77793,lastname+dob,John Palmer,77793,via-S1-bridge
palmeji01,Jim Palmer,1933-06-08,NBA,1959,1961,5,N,77792,name+dob,Jim Palmer,77792,via-S1-bridge
palmetr01,Trayvon Palmer,1994-11-13,NBA,2022,2022,1,N,1629309,name+dob,Trayvon Palmer,1629309,via-S1-bridge
palmewa01,Walter Palmer,1968-10-23,NBA,1991,1993,2,N,77794,name+dob,Walter Palmer,77794,via-S1-bridge
pangoke01,Kevin Pangos,1993-01-26,NBA,2022,2022,1,N,1630698,name+dob,Kevin Pangos,1630698,via-S1-bridge
pankoan01,Andy Panko,1977-11-27,NBA,2001,2001,1,N,1950,DOB-conflict,Andy Panko,1950,via-S1-bridge
papagge01,Georgios Papagiannis,1997-07-03,NBA,2017,2018,4,N,1627834,name+dob,Georgios Papagiannis,1627834,via-S1-bridge
papanko01,Kostas Papanikolaou,1990-07-31,NBA,2015,2016,2,N,203123,name+dob,Kostas Papanikolaou,203123,via-S1-bridge
pargoja01,Jannero Pargo,1979-10-22,NBA,2003,2015,17,N,2457,name+dob,Jannero Pargo,2457,via-S1-bridge
pargoje01,Jeremy Pargo,1986-03-17,NBA,2012,2020,5,N,202951,name+dob,Jeremy Pargo,202951,via-S1-bridge
parhaea01,Easy Parham,1921-12-27,BAA|NBA,1949,1951,3,N,77797,lastname+dob,Estes Parham,77797,via-S1-bridge
parisro01,Robert Parish,1953-08-30,NBA,1977,1997,21,N,305,name+dob,Robert Parish,305,via-S1-bridge
parkean01,Anthony Parker,1975-06-19,NBA,1998,2012,9,N,1515,name+dob,Anthony Parker,1515,via-S1-bridge
parkeja01,Jabari Parker,1995-03-15,NBA,2015,2022,14,N,203953,name+dob,Jabari Parker,203953,via-S1-bridge
parkesm01,Smush Parker,1981-06-01,NBA,2003,2008,9,N,2470,name+dob,Smush Parker,2470,via-S1-bridge
parkeso01,Sonny Parker,1955-03-22,NBA,1977,1982,6,N,77800,name+dob,Sonny Parker,77800,via-S1-bridge
parketo01,Tony Parker,1982-05-17,NBA,2002,2019,18,N,2225,name+dob,Tony Parker,2225,via-S1-bridge
parkija01,Jack Parkinson,1924-03-04,NBA,1950,1950,1,N,77801,name+dob,Jack Parkinson,77801,via-S1-bridge
parkme01,Med Park,1933-04-11,NBA,1956,1960,7,N,77799,lastname+dob,Medford Park,77799,via-S1-bridge
parksch02,Cherokee Parks,1972-10-11,NBA,1996,2004,11,N,685,name+dob,Cherokee Parks,685,via-S1-bridge
parrado01,Doyle Parrack,1921-12-06,BAA,1947,1947,1,N,77803,name+dob,Doyle Parrack,77803,via-S1-bridge
parrja01,Jack Parr,1936-03-13,NBA,1959,1959,1,N,77802,name+dob,Jack Parr,77802,via-S1-bridge
parslch01,Charlie Parsley,1925-10-13,NBA,1950,1950,1,N,77804,name+dob,Charlie Parsley,77804,via-S1-bridge
parsoch01,Chandler Parsons,1988-10-25,NBA,2012,2020,9,N,202718,name+dob,Chandler Parsons,202718,via-S1-bridge
pascher01,Eric Paschall,1996-11-04,NBA,2020,2022,3,N,1629672,name+dob,Eric Paschall,1629672,via-S1-bridge
pasecan01,Anžejs Pasečņiks,1995-12-20,NBA,2020,2021,2,N,1628394,name+dob,Anzejs Pasecniks,1628394,via-S1-bridge
paspaza01,Žarko Paspalj,1966-03-27,NBA,1990,1990,1,N,1097,name+dob,Zarko Paspalj,1097,via-S1-bridge
passama01,Marty Passaglia,1919-04-22,BAA,1947,1949,2,N,77806,name+dob,Marty Passaglia,77806,via-S1-bridge
pastuge01,George Pastushok,1922-07-13,BAA,1947,1947,1,N,77807,DOB-conflict,George A. Pastushok,77807,via-S1-bridge
patrimy01,Myles Patrick,1954-11-19,NBA,1981,1981,1,N,77808,DOB-conflict,Myles Patrick,77808,via-S1-bridge
patrist01,Stan Patrick,1922-05-05,NBA,1950,1950,3,N,77809,name+dob,Stan Patrick,77809,via-S1-bridge
pattean01,Andrae Patterson,1975-11-12,NBA,1999,2000,2,N,1754,name+dob,Andrae Patterson,1754,via-S1-bridge
pattege01,George Patterson,1939-11-26,NBA,1968,1968,1,N,77811,name+dob,George Patterson,77811,via-S1-bridge
pattela01,Lamar Patterson,1991-08-12,NBA,2016,2017,2,N,203934,name+dob,Lamar Patterson,203934,via-S1-bridge
pattepa01,Patrick Patterson,1989-03-14,NBA,2011,2021,15,N,202335,name+dob,Patrick Patterson,202335,via-S1-bridge
patteru01,Ruben Patterson,1975-07-31,NBA,1999,2008,12,N,1739,name+dob,Ruben Patterson,1739,via-S1-bridge
pattest01,Steve Patterson,1948-06-24,NBA,1972,1976,7,N,77812,name+dob,Steve Patterson,77812,via-S1-bridge
patteto01,Tom Patterson,1948-10-15,NBA,1973,1974,2,N,77813,lastname+dob,Tommy Patterson,77813,via-S1-bridge
pattewo01,Worthy Patterson,1931-06-17,NBA,1958,1958,1,N,77814,name+dob,Worthy Patterson,77814,via-S1-bridge
pattoju01,Justin Patton,1997-06-14,NBA,2018,2021,4,N,1628383,name+dob,Justin Patton,1628383,via-S1-bridge
paulbr01,Brandon Paul,1991-04-30,NBA,2018,2018,1,N,203464,name+dob,Brandon Paul,203464,via-S1-bridge
paulch01,Chris Paul,1985-05-06,NBA,2006,2026,21,N,101108,name+dob,Chris Paul,101108,via-S1-bridge
paulkch01,Charlie Paulk,1946-06-14,NBA,1969,1972,5,N,77815,name+dob,Charlie Paulk,77815,via-S1-bridge
paulsje01,Jerry Paulson,1935-07-21,NBA,1958,1958,1,N,77816,name+dob,Jerry Paulson,77816,via-S1-bridge
paultbi01,Billy Paultz,1948-07-30,ABA|NBA,1971,1985,13,N,77817,name+dob,Billy Paultz,77817,via-S1-bridge
pavloal01,Sasha Pavlović,1983-11-15,NBA,2004,2013,13,N,2562,name+dob,Sasha Pavlovic,2562,via-S1-bridge
paxsoji01,Jim Paxson,1932-12-19,NBA,1957,1958,2,N,77818,name+dob,Jim Paxson,77818,via-S1-bridge
paxsoji02,Jim Paxson,1957-07-09,NBA,1980,1990,13,N,77819,name+dob,Jim Paxson,77819,via-S1-bridge
paxsojo01,John Paxson,1960-09-29,NBA,1984,1994,11,N,77820,name+dob,John Paxson,77820,via-S1-bridge
payakjo01,Johnny Payak,1926-11-20,NBA,1950,1953,4,N,77821,name+dob,Johnny Payak,77821,via-S1-bridge
paynead01,Adreian Payne,1991-02-19,NBA,2015,2018,6,N,203940,name+dob,Adreian Payne,203940,via-S1-bridge
payneca01,Cameron Payne,1994-08-08,NBA,2016,2026,17,N,1626166,name+dob,Cameron Payne,1626166,via-S1-bridge
payneke01,Kenny Payne,1966-11-25,NBA,1990,1993,4,N,77822,name+dob,Kenny Payne,77822,via-S1-bridge
payneto01,Tom Payne,1950-11-19,NBA,1972,1972,1,N,77823,name+dob,Tom Payne,77823,via-S1-bridge
paytoel01,Elfrid Payton,1994-02-22,NBA,2015,2025,13,N,203901,name+dob,Elfrid Payton,203901,via-S1-bridge
paytoga01,Gary Payton,1968-07-23,NBA,1991,2007,19,N,56,name+dob,Gary Payton,56,via-S1-bridge
paytoga02,Gary Payton II,1992-12-01,NBA,2017,2026,14,N,1627780,name+dob,Gary Payton II,1627780,via-S1-bridge
paytome01,Mel Payton,1926-07-16,NBA,1952,1953,2,N,77824,name+dob,Mel Payton,77824,via-S1-bridge
pearcge01,George Pearcy,1919-07-02,BAA,1947,1947,1,N,77825,name+dob,George Pearcy,77825,via-S1-bridge
pearche01,Henry Pearcy,1922-07-21,BAA,1947,1947,1,N,77826,name+dob,Henry Pearcy,77826,via-S1-bridge
peavymi01,Micah Peavy,2001-07-16,NBA,2026,2026,1,N,,no-S1-match,,1642877,name-+dob
pecheol01,Oleksiy Pecherov,1985-12-08,NBA,2008,2010,3,N,200762,name+dob,Oleksiy Pecherov,200762,via-S1-bridge
peckwi01,Wiley Peck,1957-09-15,NBA,1980,1980,1,N,77827,name+dob,Wiley Peck,77827,via-S1-bridge
pedulse01,Sean Pedulla,2002-10-10,NBA,2026,2026,1,N,,no-S1-match,,,
peelean01,Anthony Peeler,1969-11-25,NBA,1993,2005,15,N,324,name+dob,Anthony Peeler,324,via-S1-bridge
pekovni01,Nikola Peković,1986-01-03,NBA,2011,2016,6,N,201593,name+dob,Nikola Pekovic,201593,via-S1-bridge
pelkija01,Jake Pelkington,1916-01-03,BAA,1949,1949,3,N,77828,name+dob,Jake Pelkington,77828,via-S1-bridge
pelleno01,Norvel Pelle,1993-02-03,NBA,2020,2022,6,N,203658,name+dob,Norvel Pelle,203658,via-S1-bridge
pellosa01,Sam Pellom,1951-10-02,NBA,1980,1983,6,N,77829,name+dob,Sam Pellom,77829,via-S1-bridge
penbemi01,Mike Penberthy,1974-11-29,NBA,2001,2002,2,N,2130,name+dob,Mike Penberthy,2130,via-S1-bridge
pendano01,Noah Penda,2005-01-07,NBA,2026,2026,1,N,,no-S1-match,,1642869,name-+dob
pendeje02,Jeff Ayres,1987-04-29,NBA,2010,2016,6,N,201965,name+dob,Jeff Ayres,201965,via-S1-bridge
penigde01,Desmond Penigar,1981-07-16,NBA,2004,2004,1,N,2667,name+dob,Desmond Penigar,2667,via-S1-bridge
penneki01,Kirk Penney,1980-11-23,NBA,2004,2005,2,N,2632,name+dob,Kirk Penney,2632,via-S1-bridge
peplomi01,Mike Peplowski,1970-10-15,NBA,1994,1996,5,N,46,name+dob,Mike Peplowski,46,via-S1-bridge
perduwi01,Will Perdue,1965-08-29,NBA,1989,2001,13,N,781,name+dob,Will Perdue,781,via-S1-bridge
pereima01,Mãozinha Pereira,2000-08-28,NBA,2024,2024,1,N,,no-S1-match,,1641970,name-+dob
perkike01,Kendrick Perkins,1984-11-10,NBA,2004,2018,18,N,2570,name+dob,Kendrick Perkins,2570,via-S1-bridge
perkisa01,Sam Perkins,1961-06-14,NBA,1985,2001,19,N,64,name+dob,Sam Perkins,64,via-S1-bridge
perkiwa01,Warren Perkins,1922-02-02,NBA,1950,1951,2,N,77834,DOB-conflict,Warren Perkins,77834,via-S1-bridge
perovko01,Kosta Perović,1985-02-19,NBA,2008,2008,1,N,200785,name+dob,Kosta Perovic,200785,via-S1-bridge
perralo01,London Perrantes,1994-10-03,NBA,2018,2018,1,N,1628506,name+dob,London Perrantes,1628506,via-S1-bridge
perrycu01,Curtis Perry,1948-09-13,NBA,1971,1978,10,N,77835,name+dob,Curtis Perry,77835,via-S1-bridge
perryel01,Elliot Perry,1969-03-28,NBA,1992,2002,16,N,386,name+dob,Elliot Perry,386,via-S1-bridge
perryre01,Reggie Perry,2000-03-21,NBA,2021,2022,4,N,1629617,name+dob,Reggie Perry,1629617,via-S1-bridge
perryti01,Tim Perry,1965-06-04,NBA,1989,1996,10,N,897,name+dob,Tim Perry,897,via-S1-bridge
persoch01,Chuck Person,1964-06-27,NBA,1987,2000,13,N,456,name+dob,Chuck Person,456,via-S1-bridge
persowe01,Wesley Person,1971-03-28,NBA,1995,2005,16,N,445,name+dob,Wesley Person,445,via-S1-bridge
peteral01,Alec Peters,1995-04-13,NBA,2018,2018,1,N,1628409,name+dob,Alec Peters,1628409,via-S1-bridge
peterbo01,Bob Peterson,1932-01-25,NBA,1954,1956,5,N,77843,name+dob,Bob Peterson,77843,via-S1-bridge
peterdr01,Drew Peterson,1999-11-09,NBA,2024,2026,3,N,,no-S1-match,,1641809,name-+dob
petered01,Ed Peterson,1924-06-27,NBA,1950,1951,4,N,77841,name+dob,Ed Peterson,77841,via-S1-bridge
peterji01,Jim Petersen,1962-02-22,NBA,1985,1992,8,N,77839,name+dob,Jim Petersen,77839,via-S1-bridge
peterlo01,Loy Petersen,1945-07-26,NBA,1969,1970,2,N,77840,name+dob,Loy Petersen,77840,via-S1-bridge
peterme01,Mel Peterson,1938-03-23,ABA|NBA,1964,1970,1,N,77842,name+dob,Mel Peterson,77842,via-S1-bridge
petermo01,Morris Peterson,1977-08-26,NBA,2001,2011,11,N,2050,name+dob,Morris Peterson,2050,via-S1-bridge
peterta01,Taelon Peter,2002-02-27,NBA,2026,2026,1,N,,no-S1-match,,1643007,name-+dob
petrige01,Geoff Petrie,1948-04-17,NBA,1971,1976,6,N,77844,name+dob,Geoff Petrie,77844,via-S1-bridge
petrodr01,Dražen Petrović,1964-10-22,NBA,1990,1993,6,N,77845,name+dob,Drazen Petrovic,77845,via-S1-bridge
petrojo01,Johan Petro,1986-01-27,NBA,2006,2013,10,N,101130,name+dob,Johan Petro,101130,via-S1-bridge
petrufi01,Filip Petrušev,2000-04-15,NBA,2024,2024,3,N,,no-S1-match,,1630196,name-+dob
petruri01,Richard Petruška,1969-01-25,NBA,1994,1994,1,N,77846,name+dob,Richard Petruska,77846,via-S1-bridge
pettibo01,Bob Pettit,1932-12-12,NBA,1955,1965,11,N,77847,name+dob,Bob Pettit,77847,via-S1-bridge
pheglro01,Roger Phegley,1956-10-16,NBA,1979,1984,12,N,77848,name+dob,Roger Phegley,77848,via-S1-bridge
phelaja01,Jack Phelan,1925-11-06,NBA,1950,1950,3,N,77850,name+dob,Jack Phelan,77850,via-S1-bridge
phelaja02,Jim Phelan,1929-03-19,NBA,1954,1954,1,N,77849,name+dob,Jim Phelan,77849,via-S1-bridge
phelpde01,Derrick Phelps,1972-07-31,NBA,1995,1995,1,N,74,name+dob,Derrick Phelps,74,via-S1-bridge
phelpmi01,Michael Phelps,1961-10-03,NBA,1986,1988,3,N,77852,lastname+dob,Mike Phelps,77852,via-S1-bridge
phillan01,Andy Phillip,1922-03-07,BAA|NBA,1948,1958,13,N,77853,name+dob,Andy Phillip,77853,via-S1-bridge
phillbo01,Bobby Phills,1969-12-20,NBA,1992,2000,9,N,184,name+dob,Bobby Phills,184,via-S1-bridge
philled01,Eddie Phillips,1961-09-29,NBA,1983,1983,1,N,77854,name+dob,Eddie Phillips,77854,via-S1-bridge
phillga01,Gary Phillips,1939-12-07,NBA,1962,1966,5,N,77855,name+dob,Gary Phillips,77855,via-S1-bridge
phillju01,Julian Phillips,2003-11-05,NBA,2024,2026,5,N,,no-S1-match,,1641763,name-+dob
piatker01,Eric Piatkowski,1970-09-30,NBA,1995,2008,14,N,15,name+dob,Eric Piatkowski,15,via-S1-bridge
pickeja01,Jamorko Pickett,1997-12-24,NBA,2022,2022,1,N,1630691,name+dob,Jamorko Pickett,1630691,via-S1-bridge
pickeja02,Jalen Pickett,1999-10-22,NBA,2024,2026,3,N,,no-S1-match,,1629618,name-+dob
piercpa01,Paul Pierce,1977-10-13,NBA,1999,2017,19,N,1718,name+dob,Paul Pierce,1718,via-S1-bridge
piercri01,Ricky Pierce,1959-08-19,NBA,1983,1998,20,N,894,name+dob,Ricky Pierce,894,via-S1-bridge
pietkst01,Stan Pietkiewicz,1956-07-14,NBA,1979,1981,5,N,77858,name+dob,Stan Pietkiewicz,77858,via-S1-bridge
pietrmi01,Mickaël Piétrus,1982-02-07,NBA,2004,2013,12,N,2554,name+dob,Mickael Pietrus,2554,via-S1-bridge
pilchjo01,John Pilch,1925-07-11,NBA,1952,1952,1,N,77859,name+dob,John Pilch,77859,via-S1-bridge
pincked01,Ed Pinckney,1963-03-27,NBA,1986,1997,16,N,291,name+dob,Ed Pinckney,291,via-S1-bridge
pinknke01,Kevinn Pinkney,1983-10-20,NBA,2007,2007,1,N,200838,name+dob,Kevinn Pinkney,200838,via-S1-bridge
pinonjo01,John Pinone,1961-02-19,NBA,1984,1984,1,N,77861,name+dob,John Pinone,77861,via-S1-bridge
pinsoth01,Theo Pinson,1995-11-05,NBA,2019,2023,5,N,1629033,name+dob,Theo Pinson,1629033,via-S1-bridge
piontda01,Dave Piontek,1934-08-27,NBA,1957,1963,9,N,77862,name+dob,Dave Piontek,77862,via-S1-bridge
piotrto01,Tom Piotrowski,1960-10-17,NBA,1984,1984,1,N,77863,name+dob,Tom Piotrowski,77863,via-S1-bridge
pippesc01,Scottie Pippen,1965-09-25,NBA,1988,2004,17,N,937,name+dob,Scottie Pippen,937,via-S1-bridge
pippesc02,Scotty Pippen Jr.,2000-11-10,NBA,2023,2026,4,N,1630590,name+dob,Scotty Pippen Jr.,1630590,via-S1-bridge
pittmch01,Charles Pittman,1958-03-23,NBA,1983,1986,4,N,77864,lastname+dob,Charlie Pittman,77864,via-S1-bridge
pittmde01,Dexter Pittman,1988-03-02,NBA,2011,2014,6,N,202354,name+dob,Dexter Pittman,202354,via-S1-bridge
planizo01,Zoran Planinić,1982-09-12,NBA,2004,2006,3,N,2565,name+dob,Zoran Planinic,2565,via-S1-bridge
pleisti01,Tibor Pleiß,1989-11-02,NBA,2016,2016,1,N,202353,name+dob,Tibor Pleiss,202353,via-S1-bridge
plowdda01,Daeqwon Plowden,1998-08-29,NBA,2025,2026,2,N,,no-S1-match,,1631342,name-+dob
plumlma01,Mason Plumlee,1990-03-05,NBA,2014,2026,19,N,203486,name+dob,Mason Plumlee,203486,via-S1-bridge
plumlma02,Marshall Plumlee,1992-07-14,NBA,2017,2018,2,N,1627850,name+dob,Marshall Plumlee,1627850,via-S1-bridge
plumlmi01,Miles Plumlee,1988-09-01,NBA,2013,2019,11,N,203101,name+dob,Miles Plumlee,203101,via-S1-bridge
plummga01,Gary Plummer,1962-02-21,NBA,1985,1993,2,N,77865,name+dob,Gary Plummer,77865,via-S1-bridge
podkopa01,Pavel Podkolzin,1985-01-15,NBA,2005,2006,2,N,2750,name+dob,Pavel Podkolzin,2750,via-S1-bridge
podzibr01,Brandin Podziemski,2003-02-25,NBA,2024,2026,3,N,,no-S1-match,,1641764,name-+dob
poeltja01,Jakob Poeltl,1995-10-15,NBA,2017,2026,12,N,1627751,name+dob,Jakob Poeltl,1627751,via-S1-bridge
poirivi01,Vincent Poirier,1993-10-17,NBA,2020,2021,2,N,1629738,name+dob,Vincent Poirier,1629738,via-S1-bridge
pokusal01,Aleksej Pokusevski,2001-12-26,NBA,2021,2024,6,N,1630197,name+dob,Aleksej Pokusevski,1630197,via-S1-bridge
poleedw01,Dwayne Polee,1963-03-02,NBA,1987,1987,1,N,77866,name+dob,Dwayne Polee,77866,via-S1-bridge
pollaji01,Jim Pollard,1922-07-09,BAA|NBA,1949,1955,7,N,77867,name+dob,Jim Pollard,77867,via-S1-bridge
pollasc01,Scot Pollard,1975-02-12,NBA,1998,2008,11,N,1513,name+dob,Scot Pollard,1513,via-S1-bridge
polsora01,Ralph Polson,1929-10-26,NBA,1953,1953,3,N,77868,name+dob,Ralph Polson,77868,via-S1-bridge
polynol01,Olden Polynice,1964-11-21,NBA,1988,2004,19,N,178,name+dob,Olden Polynice,178,via-S1-bridge
pondecl01,Cliff Pondexter,1954-09-15,NBA,1976,1978,3,N,77869,name+dob,Cliff Pondexter,77869,via-S1-bridge
pondequ01,Quincy Pondexter,1988-03-10,NBA,2011,2019,9,N,202347,name+dob,Quincy Pondexter,202347,via-S1-bridge
pondssh01,Shamorie Ponds,1998-06-29,NBA,2020,2020,1,N,1629044,name+dob,Shamorie Ponds,1629044,via-S1-bridge
ponsyv01,Yves Pons,1999-05-07,NBA,2022,2022,1,N,1630582,name+dob,Yves Pons,1630582,via-S1-bridge
poolejo01,Jordan Poole,1999-06-19,NBA,2020,2026,7,N,1629673,name+dob,Jordan Poole,1629673,via-S1-bridge
popeda01,David Pope,1962-04-15,NBA,1985,1986,2,N,77870,name+dob,David Pope,77870,via-S1-bridge
popema01,Mark Pope,1972-09-11,NBA,1998,2005,6,N,998,name+dob,Mark Pope,998,via-S1-bridge
popsoda01,Dave Popson,1964-05-17,NBA,1989,1992,5,N,77872,name+dob,Dave Popson,77872,via-S1-bridge
poquebe01,Ben Poquette,1955-05-07,NBA,1978,1987,12,N,77873,name+dob,Ben Poquette,77873,via-S1-bridge
portech01,Chris Porter,1978-05-09,NBA,2001,2001,1,N,2084,name+dob,Chris Porter,2084,via-S1-bridge
portecr01,Craig Porter Jr.,2000-02-26,NBA,2024,2026,3,N,,no-S1-match,,1641854,name-+dob
porteho01,Howard Porter,1948-08-31,NBA,1972,1978,11,N,77875,name+dob,Howard Porter,77875,via-S1-bridge
portejo01,Jontay Porter,1999-11-15,NBA,2021,2024,2,N,1629007,name+dob,Jontay Porter,1629007,via-S1-bridge
porteke01,Kevin Porter,1950-04-17,NBA,1973,1983,12,N,77876,name+dob,Kevin Porter,77876,via-S1-bridge
porteke02,Kevin Porter Jr.,2000-05-04,NBA,2020,2026,8,N,1629645,name+dob,Kevin Porter Jr.,1629645,via-S1-bridge
portemi01,Michael Porter Jr.,1998-06-29,NBA,2020,2026,7,N,1629008,name+dob,Michael Porter Jr.,1629008,via-S1-bridge
porteot01,Otto Porter Jr.,1993-06-03,NBA,2014,2024,15,N,203490,name+dob,Otto Porter Jr.,203490,via-S1-bridge
portete01,Terry Porter,1963-04-08,NBA,1986,2002,17,N,345,name+dob,Terry Porter,345,via-S1-bridge
portibo01,Bobby Portis,1995-02-10,NBA,2016,2026,13,N,1626171,name+dob,Bobby Portis,1626171,via-S1-bridge
portmbo01,Bob Portman,1947-03-22,NBA,1970,1973,4,N,77878,name+dob,Bob Portman,77878,via-S1-bridge
porzikr01,Kristaps Porziņģis,1995-08-02,NBA,2016,2026,14,N,204001,name+dob,Kristaps Porzingis,204001,via-S1-bridge
poseyja01,James Posey,1977-01-13,NBA,2000,2011,14,N,1899,name+dob,James Posey,1899,via-S1-bridge
postela01,Lavor Postell,1978-02-26,NBA,2001,2003,3,N,2068,name+dob,Lavor Postell,2068,via-S1-bridge
postqu01,Quinten Post,2000-03-21,NBA,2025,2026,2,N,,no-S1-match,,1642366,name-+dob
potapvi01,Vitaly Potapenko,1975-03-21,NBA,1997,2007,15,N,958,name+dob,Vitaly Potapenko,958,via-S1-bridge
pottemi01,Micah Potter,1998-04-06,NBA,2022,2026,5,N,1630695,name+dob,Micah Potter,1630695,via-S1-bridge
poulajo01,John Poulakidas,2003-04-04,NBA,2026,2026,1,N,,no-S1-match,,1642967,name-+dob
poweldr01,Drake Powell,2005-09-08,NBA,2026,2026,1,N,,no-S1-match,,1642962,name-+dob
poweldw01,Dwight Powell,1991-07-20,NBA,2015,2026,14,N,203939,name+dob,Dwight Powell,203939,via-S1-bridge
powele01,Leon Powe,1984-01-22,NBA,2007,2011,7,N,200796,name+dob,Leon Powe,200796,via-S1-bridge
poweljo01,Josh Powell,1983-01-25,NBA,2006,2014,9,N,2694,name+dob,Josh Powell,2694,via-S1-bridge
powelka01,Kasib Powell,1981-03-18,NBA,2008,2008,1,N,2867,name+dob,Kasib Powell,2867,via-S1-bridge
powelmy01,Myles Powell,1997-07-07,NBA,2022,2022,1,N,1629619,name+dob,Myles Powell,1629619,via-S1-bridge
powelno01,Norman Powell,1993-05-25,NBA,2016,2026,15,N,1626181,name+dob,Norman Powell,1626181,via-S1-bridge
powelro01,Roger Powell,1983-01-15,NBA,2007,2007,1,N,101232,name+dob,Roger Powell,101232,via-S1-bridge
poythal01,Alex Poythress,1993-09-06,NBA,2017,2019,3,N,1627816,name+dob,Alex Poythress,1627816,via-S1-bridge
pressdo01,Dominic Pressley,1964-05-30,NBA,1989,1989,3,N,77880,name+dob,Dominic Pressley,77880,via-S1-bridge
pressha01,Harold Pressley,1963-07-14,NBA,1987,1990,4,N,77881,name+dob,Harold Pressley,77881,via-S1-bridge
presspa01,Paul Pressey,1958-12-24,NBA,1983,1993,11,N,77879,name+dob,Paul Pressey,77879,via-S1-bridge
pressph01,Phil Pressey,1991-02-17,NBA,2014,2016,5,N,203515,name+dob,Phil Pressey,203515,via-S1-bridge
prestja01,Jason Preston,1999-08-10,NBA,2023,2024,2,N,1630554,name+dob,Jason Preston,1630554,via-S1-bridge
priceaj01,A.J. Price,1986-10-07,NBA,2010,2015,9,N,201985,lastname+dob,AJ Price,201985,via-S1-bridge
pricebr01,Brent Price,1968-12-09,NBA,1993,2002,9,N,85,name+dob,Brent Price,85,via-S1-bridge
priceji01,Jim Price,1949-11-27,NBA,1973,1979,14,N,77883,name+dob,Jim Price,77883,via-S1-bridge
pricema01,Mark Price,1964-02-15,NBA,1987,1998,12,N,899,name+dob,Mark Price,899,via-S1-bridge
pricemi01,Mike Price,1948-09-11,ABA|NBA,1971,1973,3,N,77884,name+dob,Mike Price,77884,via-S1-bridge
pricero01,Ronnie Price,1983-06-21,NBA,2006,2017,12,N,101179,name+dob,Ronnie Price,101179,via-S1-bridge
priceto01,Tony Price,1957-01-05,NBA,1981,1981,1,N,77882,name+dob,Tony Price,77882,via-S1-bridge
priddbo01,Bob Priddy,1930-03-24,NBA,1953,1953,1,N,77886,name+dob,Bob Priddy,77886,via-S1-bridge
prigipa01,Pablo Prigioni,1977-05-17,NBA,2013,2016,6,N,203143,name+dob,Pablo Prigioni,203143,via-S1-bridge
primojo01,Joshua Primo,2002-12-24,NBA,2022,2024,3,N,1630563,name+dob,Joshua Primo,1630563,via-S1-bridge
princta01,Tayshaun Prince,1980-02-28,NBA,2003,2016,19,N,2419,name+dob,Tayshaun Prince,2419,via-S1-bridge
princta02,Taurean Prince,1994-03-22,NBA,2017,2026,12,N,1627752,name+dob,Taurean Prince,1627752,via-S1-bridge
pritcjo01,John Pritchard,1927-01-23,NBA,1950,1950,1,N,77887,name+dob,John Pritchard,77887,via-S1-bridge
pritcke01,Kevin Pritchard,1967-07-17,NBA,1991,1996,6,N,340,name+dob,Kevin Pritchard,340,via-S1-bridge
pritcpa01,Payton Pritchard,1998-01-28,NBA,2021,2026,6,N,1630202,name+dob,Payton Pritchard,1630202,via-S1-bridge
proctty01,Tyrese Proctor,2004-04-01,NBA,2026,2026,1,N,,no-S1-match,,1642878,name-+dob
profila01,Laron Profit,1977-08-05,NBA,2000,2006,4,N,1919,name+dob,Laron Profit,1919,via-S1-bridge
prospol01,Olivier-Maxence Prosper,2002-07-03,NBA,2024,2026,3,N,,no-S1-match,,1641765,name-+dob
pruitga01,Gabe Pruitt,1986-04-19,NBA,2008,2009,2,N,201172,name+dob,Gabe Pruitt,201172,via-S1-bridge
przybjo01,Joel Przybilla,1979-10-10,NBA,2001,2013,17,N,2038,name+dob,Joel Przybilla,2038,via-S1-bridge
pughle01,Les Pugh,1922-09-18,BAA|NBA,1949,1950,2,N,77888,DOB-conflict,Les Pugh,77888,via-S1-bridge
pughro01,Roy Pugh,1922-10-16,BAA,1949,1949,4,N,77889,DOB-conflict,Roy Pugh,77889,via-S1-bridge
pullaan01,Anthony Pullard,1966-06-23,NBA,1993,1993,1,N,77890,name+dob,Anthony Pullard,77890,via-S1-bridge
pulleja01,Jacob Pullen,1989-11-10,NBA,2018,2018,1,N,1626643,name+dob,Jacob Pullen,1626643,via-S1-bridge
pullizy01,Zyon Pullin,2001-03-03,NBA,2025,2026,2,N,,no-S1-match,,1642389,name-+dob
purviro01,Rodney Purvis,1994-02-14,NBA,2018,2018,1,N,1628681,name+dob,Rodney Purvis,1628681,via-S1-bridge
putnado01,Don Putman,1922-11-13,BAA|NBA,1947,1950,4,N,77891,name+dob,Don Putman,77891,via-S1-bridge
qizh01,Zhou Qi,1996-01-16,NBA,2018,2019,2,N,1627753,name+dob,Zhou Qi,1627753,via-S1-bridge
quartti01,Tim Quarterman,1994-10-27,NBA,2017,2018,2,N,1627817,name+dob,Tim Quarterman,1627817,via-S1-bridge
queende01,Derik Queen,2004-12-27,NBA,2026,2026,1,N,,no-S1-match,,1642852,name-+dob
queentr01,Trevelin Queen,1997-02-25,NBA,2022,2025,4,N,1630243,name+dob,Trevelin Queen,1630243,via-S1-bridge
quetane01,Neemias Queta,1999-07-13,NBA,2022,2026,5,N,1629674,name+dob,Neemias Queta,1629674,via-S1-bridge
quickbo01,Bob Quick,1946-03-05,ABA|NBA,1969,1972,6,N,77892,name+dob,Bob Quick,77892,via-S1-bridge
quickim01,Immanuel Quickley,1999-06-17,NBA,2021,2026,8,N,1630193,name+dob,Immanuel Quickley,1630193,via-S1-bridge
quinnbr01,Brian Quinnett,1966-05-30,NBA,1990,1992,5,N,77893,name+dob,Brian Quinnett,77893,via-S1-bridge
quinnch01,Chris Quinn,1983-09-27,NBA,2007,2013,6,N,200809,name+dob,Chris Quinn,200809,via-S1-bridge
quinole01,Lester Quiñones,2000-11-16,NBA,2023,2025,5,N,1631311,name+dob,Lester Quinones,1631311,via-S1-bridge
rabbiv01,Ivan Rabb,1997-02-04,NBA,2018,2019,2,N,1628397,name+dob,Ivan Rabb,1628397,via-S1-bridge
rackllu01,Luther Rackley,1946-06-11,ABA|NBA,1970,1974,7,N,77894,lastname+dob,Luke Rackley,77894,via-S1-bridge
raderho01,Howie Rader,1921-03-29,BAA,1949,1949,1,N,77895,name+dob,Howie Rader,77895,via-S1-bridge
radfoma01,Mark Radford,1959-07-05,NBA,1982,1983,2,N,77896,name+dob,Mark Radford,77896,via-S1-bridge
radfowa01,Wayne Radford,1956-05-29,NBA,1979,1979,1,N,77897,name+dob,Wayne Radford,77897,via-S1-bridge
radjadi01,Dino Radja,1967-04-24,NBA,1994,1997,4,N,129,name+dob,Dino Radja,129,via-S1-bridge
radmavl01,Vladimir Radmanović,1980-11-19,NBA,2002,2013,18,N,2209,name+dob,Vladimir Radmanovic,2209,via-S1-bridge
radojal01,Aleksandar Radojević,1976-08-08,NBA,2000,2005,2,N,1893,name+dob,Aleksandar Radojevic,1893,via-S1-bridge
radovfr01,Frank Radovich,1938-03-03,NBA,1962,1962,1,N,77899,name+dob,Frank Radovich,77899,via-S1-bridge
radovmo01,Moe Radovich,1929-05-05,NBA,1953,1953,1,N,77900,name+dob,Moe Radovich,77900,via-S1-bridge
radulmi01,Miroslav Raduljica,1988-01-05,NBA,2014,2015,2,N,203545,name+dob,Miroslav Raduljica,203545,via-S1-bridge
radzira01,Ray Radziszewski,1935-03-01,NBA,1958,1958,1,N,77901,name+dob,Ray Radziszewski,77901,via-S1-bridge
ragelra01,Ray Ragelis,1928-12-10,NBA,1952,1952,1,N,77902,name+dob,Ray Ragelis,77902,via-S1-bridge
raikesh01,Sherwin Raiken,1928-10-29,NBA,1953,1953,1,N,77903,name+dob,Sherwin Raiken,77903,via-S1-bridge
rainsed01,Ed Rains,1956-12-24,NBA,1982,1983,2,N,77904,name+dob,Ed Rains,77904,via-S1-bridge
rakocig01,Igor Rakočević,1978-03-29,NBA,2003,2003,1,N,2080,name+dob,Igor Rakocevic,2080,via-S1-bridge
rambiku01,Kurt Rambis,1958-02-25,NBA,1982,1995,18,N,77905,name+dob,Kurt Rambis,77905,via-S1-bridge
ramospe01,Peter John Ramos,1985-05-13,NBA,2005,2005,1,N,2762,DOB-conflict,Peter John Ramos,2762,via-S1-bridge
ramseca01,Cal Ramsey,1937-07-13,NBA,1960,1961,4,N,77906,name+dob,Cal Ramsey,77906,via-S1-bridge
ramsefr01,Frank Ramsey,1931-07-13,NBA,1955,1964,9,N,77907,name+dob,Frank Ramsey,77907,via-S1-bridge
ramseja01,Jahmi'us Ramsey,2001-06-09,NBA,2021,2024,3,N,1630186,name+dob,Jahmi'us Ramsey,1630186,via-S1-bridge
ramsera01,Ray Ramsey,1921-07-18,BAA,1949,1949,1,N,77908,name+dob,Ray Ramsey,77908,via-S1-bridge
randama01,Mark Randall,1967-09-30,NBA,1992,1995,8,N,1821,name+dob,Mark Randall,1821,via-S1-bridge
randlch01,Chasson Randle,1993-02-05,NBA,2017,2021,6,N,1626184,name+dob,Chasson Randle,1626184,via-S1-bridge
randlju01,Julius Randle,1994-11-29,NBA,2015,2026,12,N,203944,name+dob,Julius Randle,203944,via-S1-bridge
randoan01,Anthony Randolph,1989-07-15,NBA,2009,2014,8,N,201576,name+dob,Anthony Randolph,201576,via-S1-bridge
randosh01,Shavlik Randolph,1983-11-24,NBA,2006,2015,12,N,101183,name+dob,Shavlik Randolph,101183,via-S1-bridge
randoza01,Zach Randolph,1981-07-16,NBA,2002,2018,19,N,2216,name+dob,Zach Randolph,2216,via-S1-bridge
rankwa01,Wally Rank,1958-03-01,NBA,1981,1981,1,N,77910,name+dob,Wally Rank,77910,via-S1-bridge
ranseke01,Kelvin Ransey,1958-05-03,NBA,1981,1986,6,N,77911,name+dob,Kelvin Ransey,77911,via-S1-bridge
ranzisa01,Sam Ranzino,1928-06-23,NBA,1952,1952,1,N,77912,DOB-conflict,Sam Ranzino,77912,via-S1-bridge
rasmubl01,Blair Rasmussen,1962-11-13,NBA,1986,1993,8,N,78656,name+dob,Blair Rasmussen,78656,via-S1-bridge
rathaxa01,Xavier Rathan-Mayes,1994-04-29,NBA,2018,2018,1,N,1628504,name+dob,Xavier Rathan-Mayes,1628504,via-S1-bridge
ratkoge01,George Ratkovicz,1922-11-13,NBA,1950,1955,8,N,77913,name+dob,George Ratkovicz,77913,via-S1-bridge
ratleed01,Ed Ratleff,1950-03-29,NBA,1974,1978,5,N,77914,name+dob,Ed Ratleff,77914,via-S1-bridge
ratlimi01,Mike Ratliff,1951-06-07,NBA,1973,1974,2,N,77915,name+dob,Mike Ratliff,77915,via-S1-bridge
ratlith01,Theo Ratliff,1973-04-17,NBA,1996,2011,24,N,689,name+dob,Theo Ratliff,689,via-S1-bridge
rautian01,Andy Rautins,1986-11-02,NBA,2011,2011,1,N,202360,name+dob,Andy Rautins,202360,via-S1-bridge
rautile01,Leo Rautins,1960-03-20,NBA,1984,1985,2,N,77916,name+dob,Leo Rautins,77916,via-S1-bridge
rayal01,Allan Ray,1984-06-17,NBA,2007,2007,1,N,200810,name+dob,Allan Ray,200810,via-S1-bridge
raycl01,Clifford Ray,1949-01-21,NBA,1972,1981,10,N,77917,name+dob,Clifford Ray,77917,via-S1-bridge
raydo01,Don Ray,1921-07-08,NBA,1950,1950,1,N,77918,name+dob,Don Ray,77918,via-S1-bridge
rayja01,James Ray,1957-07-27,NBA,1981,1983,3,N,77920,lastname+dob,Jamesearl Ray,77920,via-S1-bridge
rayji01,Jim Ray,1934-01-12,NBA,1957,1960,2,N,77919,name+dob,Jim Ray,77919,via-S1-bridge
raymocr01,Craig Raymond,1945-04-05,ABA|NBA,1969,1973,1,N,77921,name+dob,Craig Raymond,77921,via-S1-bridge
raynama01,Maxime Raynaud,2003-04-07,NBA,2026,2026,1,N,,no-S1-match,,1642875,name-+dob
reaco01,Connie Rea,1931-01-27,NBA,1954,1954,1,N,77922,DOB-conflict,Connie Rea,77922,via-S1-bridge
reathdu01,Duop Reath,1996-06-26,NBA,2024,2026,3,N,,no-S1-match,,1641871,name-+dob
reaveau01,Austin Reaves,1998-05-29,NBA,2022,2026,5,N,1630559,name+dob,Austin Reaves,1630559,via-S1-bridge
reavejo01,Joe Reaves,1950-05-27,ABA|NBA,1974,1974,1,N,77923,name+dob,Joe Reaves,77923,via-S1-bridge
reavejo02,Josh Reaves,1997-06-04,NBA,2020,2020,1,N,1629729,name+dob,Josh Reaves,1629729,via-S1-bridge
rebraze01,Željko Rebrača,1972-04-09,NBA,2002,2006,7,N,1442,name+dob,Zeljko Rebraca,1442,via-S1-bridge
recasel01,Eldridge Recasner,1967-12-14,NBA,1995,2002,10,N,695,name+dob,Eldridge Recasner,695,via-S1-bridge
reddica01,Cam Reddish,1999-09-01,NBA,2020,2025,10,N,1629629,name+dob,Cam Reddish,1629629,via-S1-bridge
reddmi01,Michael Redd,1979-08-24,NBA,2001,2012,12,N,2072,name+dob,Michael Redd,2072,via-S1-bridge
reddofr01,Frank Reddout,1931-03-04,NBA,1954,1954,1,N,77925,DOB-conflict,Frank Reddout,77925,via-S1-bridge
redicjj01,JJ Redick,1984-06-24,NBA,2007,2021,19,N,200755,name+dob,JJ Redick,200755,via-S1-bridge
redmoma01,Marlon Redmond,1955-04-15,NBA,1979,1980,4,N,77926,name+dob,Marlon Redmond,77926,via-S1-bridge
reedda01,Davon Reed,1995-06-11,NBA,2018,2023,6,N,1628432,name+dob,Davon Reed,1628432,via-S1-bridge
reedhu01,Hub Reed,1936-10-04,NBA,1959,1965,9,N,77927,name+dob,Hub Reed,77927,via-S1-bridge
reedju01,Justin Reed,1982-01-16,NBA,2005,2007,5,N,2770,name+dob,Justin Reed,2770,via-S1-bridge
reedpa01,Paul Reed,1999-06-14,NBA,2021,2026,6,N,1630194,name+dob,Paul Reed,1630194,via-S1-bridge
reedro01,Ron Reed,1942-11-02,NBA,1966,1967,2,N,77928,name+dob,Ron Reed,77928,via-S1-bridge
reedwi01,Willis Reed,1942-06-25,NBA,1965,1974,10,N,77929,name+dob,Willis Reed,77929,via-S1-bridge
reedwi02,Willie Reed,1990-05-16,NBA,2016,2018,5,N,203186,name+dob,Willie Reed,203186,via-S1-bridge
reeseal01,Alex Reese,1999-05-21,NBA,2025,2025,3,N,,no-S1-match,,1642024,name-+dob
reeseju01,Julian Reese,2003-06-30,NBA,2026,2026,1,N,,no-S1-match,,,
reevean01,Antonio Reeves,2000-11-20,NBA,2025,2026,2,N,,no-S1-match,,1641810,name-+dob
reevebr01,Bryant Reeves,1973-06-08,NBA,1996,2001,6,N,735,name+dob,Bryant Reeves,735,via-S1-bridge
reevekh01,Khalid Reeves,1972-07-15,NBA,1995,2000,10,N,234,name+dob,Khalid Reeves,234,via-S1-bridge
reganri01,Richie Regan,1930-11-30,NBA,1956,1958,3,N,77932,name+dob,Richie Regan,77932,via-S1-bridge
rehfedo01,Don Rehfeldt,1927-01-07,NBA,1951,1952,4,N,77933,name+dob,Don Rehfeldt,77933,via-S1-bridge
reidbi01,Billy Reid,1957-09-10,NBA,1981,1981,1,N,77937,name+dob,Billy Reid,77937,via-S1-bridge
reiddo01,Don Reid,1973-12-30,NBA,1996,2003,10,N,690,name+dob,Don Reid,690,via-S1-bridge
reidji01,Jim Reid,1945-08-03,NBA,1968,1968,1,N,77935,name+dob,Jim Reid,77935,via-S1-bridge
reidjr01,J.R. Reid,1968-03-31,NBA,1990,2001,17,N,462,name+dob,J.R. Reid,462,via-S1-bridge
reidna01,Naz Reid,1999-08-26,NBA,2020,2026,7,N,1629675,name+dob,Naz Reid,1629675,via-S1-bridge
reidro01,Robert Reid,1955-08-30,NBA,1978,1991,15,N,77936,name+dob,Robert Reid,77936,via-S1-bridge
reidry01,Ryan Reid,1986-10-30,NBA,2012,2012,1,N,202385,name+dob,Ryan Reid,202385,via-S1-bridge
reineja01,Jared Reiner,1982-04-08,NBA,2005,2007,2,N,2876,name+dob,Jared Reiner,2876,via-S1-bridge
reisech01,Chick Reiser,1914-12-17,BAA|NBA,1948,1950,3,N,77938,lastname+dob,Joseph Reiser,77938,via-S1-bridge
rellfri01,Richard Rellford,1964-02-16,NBA,1988,1988,1,N,77939,name+dob,Richard Rellford,77939,via-S1-bridge
renchte01,Terrence Rencher,1973-02-19,NBA,1996,1996,3,N,720,name+dob,Terrence Rencher,720,via-S1-bridge
rennijo01,John Rennicke,1929-08-11,NBA,1952,1952,1,N,77941,name+dob,John Rennicke,77941,via-S1-bridge
rensbro01,Bob Rensberger,1921-03-07,BAA,1947,1947,1,N,77942,lastname+dob,Rob Rensberger,77942,via-S1-bridge
rentzef01,Efthimios Rentzias,1976-01-11,NBA,2003,2003,1,N,981,name+dob,Efthimios Rentzias,981,via-S1-bridge
respesh01,Shawn Respert,1972-02-06,NBA,1996,1999,8,N,704,name+dob,Shawn Respert,704,via-S1-bridge
restake01,Kevin Restani,1951-12-23,NBA,1975,1982,12,N,77944,name+dob,Kevin Restani,77944,via-S1-bridge
reynoca01,Cameron Reynolds,1995-02-07,NBA,2019,2021,4,N,1629244,lastname+dob,Cam Reynolds,1629244,via-S1-bridge
reynoge01,George Reynolds,1947-11-23,NBA,1970,1970,1,N,77945,name+dob,George Reynolds,77945,via-S1-bridge
reynoje01,Jerry Reynolds,1962-12-23,NBA,1986,1996,8,N,77946,name+dob,Jerry Reynolds,77946,via-S1-bridge
rhodege01,Gene Rhodes,1927-09-02,NBA,1953,1953,1,N,77947,name+dob,Gene Rhodes,77947,via-S1-bridge
rhodeja01,Jared Rhoden,1999-08-27,NBA,2023,2025,5,N,1631197,name+dob,Jared Rhoden,1631197,via-S1-bridge
rhodero01,Rodrick Rhodes,1973-09-24,NBA,1998,2000,5,N,1518,name+dob,Rodrick Rhodes,1518,via-S1-bridge
ricegl01,Glen Rice,1967-05-28,NBA,1990,2004,15,N,779,name+dob,Glen Rice,779,via-S1-bridge
ricegl02,Glen Rice Jr.,1991-01-01,NBA,2014,2015,2,N,203318,name+dob,Glen Rice,203318,via-S1-bridge
richach01,Chris Richard,1984-12-25,NBA,2008,2010,2,N,201181,name+dob,Chris Richard,201181,via-S1-bridge
richacl01,Clint Richardson,1956-08-07,NBA,1980,1987,8,N,77950,name+dob,Clint Richardson,77950,via-S1-bridge
richaja01,Jason Richardson,1981-01-20,NBA,2002,2015,17,N,2202,name+dob,Jason Richardson,2202,via-S1-bridge
richaja02,Jase Richardson,2005-10-16,NBA,2026,2026,1,N,,no-S1-match,,1642859,name-+dob
richaje01,Jeremy Richardson,1984-03-01,NBA,2007,2009,8,N,200978,name+dob,Jeremy Richardson,200978,via-S1-bridge
richajo01,Josh Richardson,1993-09-15,NBA,2016,2025,14,N,1626196,name+dob,Josh Richardson,1626196,via-S1-bridge
richama01,Malachi Richardson,1996-01-05,NBA,2017,2019,5,N,1627781,name+dob,Malachi Richardson,1627781,via-S1-bridge
richami01,Michael Ray Richardson,1955-04-11,NBA,1979,1986,10,N,77952,lastname+dob,Micheal Ray Richardson,77952,via-S1-bridge
richani01,Nick Richards,1997-11-29,NBA,2021,2026,10,N,1630208,name+dob,Nick Richards,1630208,via-S1-bridge
richano01,Norm Richardson,1979-07-24,NBA,2002,2002,3,N,2369,initial-surname+dob-window,Norman Richardson,2369,via-S1-bridge
richapo01,Pooh Richardson,1966-05-14,NBA,1990,1999,10,N,71,name+dob,Pooh Richardson,71,via-S1-bridge
richaqu01,Quentin Richardson,1980-04-13,NBA,2001,2013,13,N,2047,name+dob,Quentin Richardson,2047,via-S1-bridge
richawi02,Will Richard,2002-12-24,NBA,2026,2026,1,N,,no-S1-match,,1642954,name-+dob
richmka01,Kadary Richmond,2001-08-25,NBA,2026,2026,1,N,,no-S1-match,,,
richmmi01,Mitch Richmond,1965-06-30,NBA,1989,2002,14,N,782,name+dob,Mitch Richmond,782,via-S1-bridge
richtjo01,John Richter,1937-03-12,NBA,1960,1960,1,N,77954,name+dob,John Richter,77954,via-S1-bridge
rickedi01,Dick Ricketts,1933-12-04,NBA,1956,1958,5,N,77955,name+dob,Dick Ricketts,77955,via-S1-bridge
rideris01,Isaiah Rider,1971-03-12,NBA,1994,2002,9,N,375,name+dob,Isaiah Rider,375,via-S1-bridge
ridglja01,Jackie Ridgle,1948-02-13,NBA,1972,1972,1,N,77957,name+dob,Jackie Ridgle,77957,via-S1-bridge
ridnolu01,Luke Ridnour,1981-02-13,NBA,2004,2015,14,N,2557,name+dob,Luke Ridnour,2557,via-S1-bridge
riebeme01,Mel Riebe,1916-07-12,BAA,1947,1949,5,N,77958,name+dob,Mel Riebe,77958,via-S1-bridge
riffeji01,Jim Riffey,1923-12-14,NBA,1951,1951,1,N,77959,name+dob,Jim Riffey,77959,via-S1-bridge
rigauan01,Antoine Rigaudeau,1971-12-17,NBA,2003,2003,1,N,2541,name+dob,Antoine Rigaudeau,2541,via-S1-bridge
rikerto01,Tom Riker,1950-02-28,NBA,1973,1975,3,N,77960,name+dob,Tom Riker,77960,via-S1-bridge
rileybo01,Bob Riley,1948-07-06,NBA,1971,1971,1,N,77963,name+dob,Bob Riley,77963,via-S1-bridge
rileyer01,Eric Riley,1970-06-02,NBA,1994,1999,5,N,35,name+dob,Eric Riley,35,via-S1-bridge
rileypa01,Pat Riley,1945-03-20,NBA,1968,1976,11,N,77962,name+dob,Pat Riley,77962,via-S1-bridge
rileyro01,Ron Riley,1950-11-11,NBA,1973,1976,6,N,77964,name+dob,Ron Riley,77964,via-S1-bridge
rileywi01,Will Riley,2006-02-10,NBA,2026,2026,1,N,,no-S1-match,,1642860,name-+dob
rillegr01,Grant Riller,1997-02-08,NBA,2021,2021,1,N,1630203,name+dob,Grant Riller,1630203,via-S1-bridge
rinalri01,Rich Rinaldi,1949-08-03,ABA|NBA,1972,1974,3,N,77965,name+dob,Rich Rinaldi,77965,via-S1-bridge
riordmi01,Mike Riordan,1945-07-09,NBA,1969,1977,11,N,77966,name+dob,Mike Riordan,77966,via-S1-bridge
risacza01,Zaccharie Risacher,2005-04-08,NBA,2025,2026,2,N,,no-S1-match,,1642258,name-+dob
risenar01,Arnie Risen,1924-10-09,BAA|NBA,1949,1958,10,N,77967,name+dob,Arnie Risen,77967,via-S1-bridge
rittete01,Tex Ritter,1924-02-26,BAA|NBA,1949,1951,3,N,77968,lastname+dob,Goebel Ritter,77968,via-S1-bridge
rivasra01,Ramón Rivas,1966-06-03,NBA,1989,1989,1,N,77969,name+dob,Ramon Rivas,77969,via-S1-bridge
riverau01,Austin Rivers,1992-08-01,NBA,2013,2023,17,N,203085,name+dob,Austin Rivers,203085,via-S1-bridge
riverda01,David Rivers,1965-01-20,NBA,1989,1992,3,N,77970,name+dob,David Rivers,77970,via-S1-bridge
riverdo01,Doc Rivers,1961-10-13,NBA,1984,1996,15,N,470,name+dob,Doc Rivers,470,via-S1-bridge
robbile01,Lee Robbins,1922-02-11,BAA,1948,1949,2,N,77972,name+dob,Lee Robbins,77972,via-S1-bridge
robbili01,Liam Robbins,1999-07-12,NBA,2025,2025,1,N,,no-S1-match,,1641857,name-+dob
roberal01,Alvin Robertson,1962-07-22,NBA,1985,1996,12,N,926,name+dob,Alvin Robertson,926,via-S1-bridge
roberan01,Anthony Roberts,1955-04-15,NBA,1978,1984,5,N,77975,name+dob,Anthony Roberts,77975,via-S1-bridge
roberan02,Anthony Roberson,1983-02-14,NBA,2006,2009,5,N,101194,name+dob,Anthony Roberson,101194,via-S1-bridge
roberan03,Andre Roberson,1991-12-04,NBA,2014,2021,7,N,203460,name+dob,Andre Roberson,203460,via-S1-bridge
roberbi01,Bill Roberts,1925-03-13,BAA|NBA,1949,1950,5,N,77979,DOB-conflict,Bill Roberts,77979,via-S1-bridge
roberbr01,Brian Roberts,1985-12-03,NBA,2013,2017,7,N,203148,name+dob,Brian Roberts,203148,via-S1-bridge
roberfr01,Fred Roberts,1960-08-14,NBA,1984,1997,15,N,122,name+dob,Fred Roberts,122,via-S1-bridge
roberjo01,Joe Roberts,1936-05-18,ABA|NBA,1961,1968,3,N,77977,name+dob,Joe Roberts,77977,via-S1-bridge
roberla01,Lawrence Roberts,1982-10-20,NBA,2006,2007,2,N,101160,name+dob,Lawrence Roberts,101160,via-S1-bridge
roberma01,Marv Roberts,1950-01-29,ABA|NBA,1972,1977,1,N,77978,name+dob,Marv Roberts,77978,via-S1-bridge
roberos01,Oscar Robertson,1938-11-24,NBA,1961,1974,14,N,600015,name+dob,Oscar Robertson,600015,via-S1-bridge
roberri01,Rick Roberson,1947-07-07,NBA,1970,1976,7,N,77973,name+dob,Rick Roberson,77973,via-S1-bridge
roberry01,Ryan Robertson,1976-10-02,NBA,2000,2000,1,N,1926,name+dob,Ryan Robertson,1926,via-S1-bridge
roberst01,Stanley Roberts,1970-02-07,NBA,1992,2000,8,N,914,name+dob,Stanley Roberts,914,via-S1-bridge
roberte01,Terrance Roberson,1976-12-30,NBA,2001,2001,1,N,2121,name+dob,Terrance Roberson,2121,via-S1-bridge
roberto01,Tony Robertson,1956-01-01,NBA,1978,1979,2,N,77983,name+dob,Tony Robertson,77983,via-S1-bridge
robeyri01,Rick Robey,1956-01-30,NBA,1979,1986,10,N,77984,name+dob,Rick Robey,77984,via-S1-bridge
robinbe01,Bernard Robinson,1980-12-26,NBA,2005,2007,5,N,2774,name+dob,Bernard Robinson,2774,via-S1-bridge
robinbi01,Bill Robinzine,1953-01-20,NBA,1976,1982,9,N,77997,name+dob,Bill Robinzine,77997,via-S1-bridge
robinch01,Chris Robinson,1974-04-02,NBA,1997,1998,4,N,997,name+dob,Chris Robinson,997,via-S1-bridge
robincl01,Cliff Robinson,1960-03-13,NBA,1980,1992,13,N,77986,name+dob,Cliff T. Robinson,77986,via-S1-bridge
robincl02,Clifford Robinson,1966-12-16,NBA,1990,2007,20,N,361,name+dob,Clifford Robinson,361,via-S1-bridge
robinda01,David Robinson,1965-08-06,NBA,1990,2003,14,N,764,name+dob,David Robinson,764,via-S1-bridge
robinde01,Devin Robinson,1995-03-07,NBA,2018,2019,2,N,1628421,name+dob,Devin Robinson,1628421,via-S1-bridge
robindu01,Duncan Robinson,1994-04-22,NBA,2019,2026,8,N,1629130,name+dob,Duncan Robinson,1629130,via-S1-bridge
robined01,Eddie Robinson,1976-04-19,NBA,2000,2004,5,N,1944,name+dob,Eddie Robinson,1944,via-S1-bridge
robinfl01,Flynn Robinson,1941-04-28,ABA|NBA,1967,1974,13,N,77988,name+dob,Flynn Robinson,77988,via-S1-bridge
robingl01,Glenn Robinson,1973-01-10,NBA,1995,2005,11,N,299,name+dob,Glenn Robinson,299,via-S1-bridge
robingl02,Glenn Robinson III,1994-01-08,NBA,2015,2021,11,N,203922,name+dob,Glenn Robinson III,203922,via-S1-bridge
robinja01,Jackie Robinson,1955-05-20,NBA,1979,1982,3,N,77989,name+dob,Jackie Robinson,77989,via-S1-bridge
robinja02,James Robinson,1970-08-31,NBA,1994,2001,9,N,381,name+dob,James Robinson,381,via-S1-bridge
robinja03,Jamal Robinson,1973-12-27,NBA,2001,2001,1,N,1554,name+dob,Jamal Robinson,1554,via-S1-bridge
robinje01,Jerome Robinson,1997-02-22,NBA,2019,2024,6,N,1629010,name+dob,Jerome Robinson,1629010,via-S1-bridge
robinje02,Jeremiah Robinson-Earl,2000-11-03,NBA,2022,2026,7,N,1630526,name+dob,Jeremiah Robinson-Earl,1630526,via-S1-bridge
robinju01,Justin Robinson,1997-10-12,NBA,2020,2022,6,N,1629620,name+dob,Justin Robinson,1629620,via-S1-bridge
robinla01,Larry Robinson,1968-01-11,NBA,1991,2002,11,N,1683,name+dob,Larry Robinson,1683,via-S1-bridge
robinmi01,Mitchell Robinson,1998-04-01,NBA,2019,2026,8,N,1629011,name+dob,Mitchell Robinson,1629011,via-S1-bridge
robinna01,Nate Robinson,1984-05-31,NBA,2006,2016,17,N,101126,name+dob,Nate Robinson,101126,via-S1-bridge
robinol01,Oliver Robinson,1960-03-13,NBA,1983,1983,1,N,77994,name+dob,Oliver Robinson,77994,via-S1-bridge
robinor01,Orlando Robinson,2000-07-10,NBA,2023,2026,6,N,1631115,name+dob,Orlando Robinson,1631115,via-S1-bridge
robinru01,Rumeal Robinson,1966-11-13,NBA,1991,1997,11,N,716,name+dob,Rumeal Robinson,716,via-S1-bridge
robinth01,Thomas Robinson,1991-03-17,NBA,2013,2017,9,N,203080,name+dob,Thomas Robinson,203080,via-S1-bridge
robintr01,Truck Robinson,1951-10-04,NBA,1975,1985,15,N,77993,name+dob,Truck Robinson,77993,via-S1-bridge
robinwa01,Wayne Robinson,1958-04-19,NBA,1981,1981,1,N,77996,name+dob,Wayne Robinson,77996,via-S1-bridge
robisda01,Dave Robisch,1949-12-22,ABA|NBA,1972,1984,15,N,77998,name+dob,Dave Robisch,77998,via-S1-bridge
robyis01,Isaiah Roby,1998-02-03,NBA,2020,2023,4,N,1629676,name+dob,Isaiah Roby,1629676,via-S1-bridge
rochare01,Red Rocha,1923-09-18,BAA|NBA,1948,1957,9,N,77999,name+dob,Red Rocha,77999,via-S1-bridge
rochejo01,John Roche,1949-09-26,ABA|NBA,1972,1982,4,N,78000,name+dob,John Roche,78000,via-S1-bridge
rockeja01,Jack Rocker,1922-08-12,BAA,1948,1948,1,N,78002,name+dob,Jack Rocker,78002,via-S1-bridge
rockge01,Gene Rock,1921-11-04,BAA,1948,1948,1,N,78001,name+dob,Gene Rock,78001,via-S1-bridge
roddyda01,David Roddy,2001-03-27,NBA,2023,2026,9,N,1631223,name+dob,David Roddy,1631223,via-S1-bridge
rodgegu01,Guy Rodgers,1935-09-01,NBA,1959,1970,14,N,78003,name+dob,Guy Rodgers,78003,via-S1-bridge
rodmade01,Dennis Rodman,1961-05-13,NBA,1987,2000,14,N,23,name+dob,Dennis Rodman,23,via-S1-bridge
rodrise01,Sergio Rodríguez,1986-06-12,NBA,2007,2017,7,N,200771,name+dob,Sergio Rodriguez,200771,via-S1-bridge
roelo01,Lou Roe,1972-07-14,NBA,1996,1997,2,N,691,name+dob,Lou Roe,691,via-S1-bridge
rogerca01,Carlos Rogers,1971-02-06,NBA,1995,2002,10,N,435,name+dob,Carlos Rogers,435,via-S1-bridge
rogerjo01,Johnny Rogers,1963-12-30,NBA,1987,1988,2,N,78007,name+dob,Johnny Rogers,78007,via-S1-bridge
rogerma01,Marshall Rogers,1953-08-27,NBA,1977,1977,1,N,78008,name+dob,Marshall Rogers,78008,via-S1-bridge
rogerro01,Rodney Rogers,1971-06-20,NBA,1994,2005,16,N,915,name+dob,Rodney Rogers,915,via-S1-bridge
rogerro02,Roy Rogers,1973-08-19,NBA,1997,2000,5,N,964,name+dob,Roy Rogers,964,via-S1-bridge
rogesal01,Al Roges,1930-10-25,NBA,1954,1955,4,N,78010,name+dob,Al Roges,78010,via-S1-bridge
rohloke01,Ken Rohloff,1939-04-18,NBA,1964,1964,1,N,78011,name+dob,Ken Rohloff,78011,via-S1-bridge
rollike01,Kenny Rollins,1923-09-14,BAA|NBA,1949,1953,3,N,78012,name+dob,Kenny Rollins,78012,via-S1-bridge
rolliph01,Phil Rollins,1934-01-19,NBA,1959,1961,8,N,78013,name+dob,Phil Rollins,78013,via-S1-bridge
rolliry01,Ryan Rollins,2002-07-03,NBA,2023,2026,6,N,1631157,name+dob,Ryan Rollins,1631157,via-S1-bridge
rollitr01,Tree Rollins,1955-06-16,NBA,1978,1995,18,N,78014,name+dob,Tree Rollins,78014,via-S1-bridge
romarlo01,Lorenzo Romar,1958-11-13,NBA,1981,1985,9,N,78015,name+dob,Lorenzo Romar,78015,via-S1-bridge
rondora01,Rajon Rondo,1986-02-22,NBA,2007,2022,22,N,200765,name+dob,Rajon Rondo,200765,via-S1-bridge
rooksse01,Sean Rooks,1969-09-09,NBA,1993,2004,16,N,399,name+dob,Sean Rooks,399,via-S1-bridge
rosede01,Derrick Rose,1988-10-04,NBA,2009,2024,19,N,201565,name+dob,Derrick Rose,201565,via-S1-bridge
roseja01,Jalen Rose,1973-01-30,NBA,1995,2007,19,N,147,name+dob,Jalen Rose,147,via-S1-bridge
rosema01,Malik Rose,1974-11-23,NBA,1997,2009,17,N,990,name+dob,Malik Rose,990,via-S1-bridge
rosendi01,Dick Rosenthal,1930-01-20,NBA,1955,1957,2,N,78020,DOB-conflict,Dick Rosenthal,78020,via-S1-bridge
rosenha01,Hank Rosenstein,1920-06-16,BAA,1947,1947,3,N,78019,name+dob,Hank Rosenstein,78019,via-S1-bridge
rosenle01,Lennie Rosenbluth,1933-01-22,NBA,1958,1959,2,N,78018,name+dob,Lennie Rosenbluth,78018,via-S1-bridge
rosenpe01,Petey Rosenberg,1918-04-07,BAA,1947,1947,1,N,78017,lastname+dob,Alexander Rosenberg,78017,via-S1-bridge
rosero01,Rob Rose,1964-12-27,NBA,1989,1989,1,N,78016,lastname+dob,Robert Rose,78016,via-S1-bridge
rossqu01,Quinton Ross,1981-04-30,NBA,2005,2011,9,N,2624,name+dob,Quinton Ross,2624,via-S1-bridge
rosste01,Terrence Ross,1991-02-05,NBA,2013,2023,15,N,203082,name+dob,Terrence Ross,203082,via-S1-bridge
rothdo01,Doug Roth,1967-08-24,NBA,1990,1990,1,N,78021,name+dob,Doug Roth,78021,via-S1-bridge
rotheir01,Irv Rothenberg,1921-12-31,BAA,1947,1949,6,N,78023,name+dob,Irv Rothenberg,78023,via-S1-bridge
rothsc01,Scott Roth,1963-06-03,NBA,1988,1990,5,N,78022,name+dob,Scott Roth,78022,via-S1-bridge
rottnmi01,Mickey Rottner,1919-03-23,BAA,1947,1948,2,N,78024,name+dob,Mickey Rottner,78024,via-S1-bridge
roundda01,Dan Roundfield,1953-05-26,ABA|NBA,1976,1987,11,N,78025,name+dob,Dan Roundfield,78025,via-S1-bridge
rouxgi01,Giff Roux,1923-06-28,BAA,1947,1949,5,N,78026,name+dob,Giff Roux,78026,via-S1-bridge
rowanro01,Ron Rowan,1962-04-23,NBA,1987,1987,1,N,78027,name+dob,Ron Rowan,78027,via-S1-bridge
rowecu01,Curtis Rowe,1949-07-02,NBA,1972,1979,8,N,78028,name+dob,Curtis Rowe,78028,via-S1-bridge
roweja01,Jackson Rowe,1997-01-04,NBA,2025,2025,1,N,,no-S1-match,,1642050,name-+dob
rowinji01,Jim Rowinski,1961-01-04,NBA,1989,1990,4,N,78029,name+dob,Jim Rowinski,78029,via-S1-bridge
rowlade01,Derrick Rowland,1959-06-21,NBA,1986,1986,1,N,78030,name+dob,Derrick Rowland,78030,via-S1-bridge
rowsobr01,Brian Rowsom,1965-10-23,NBA,1988,1990,3,N,78031,name+dob,Brian Rowsom,78031,via-S1-bridge
royaldo01,Donald Royal,1966-05-22,NBA,1990,1998,13,N,140,name+dob,Donald Royal,140,via-S1-bridge
roybr01,Brandon Roy,1984-07-23,NBA,2007,2013,6,N,200750,name+dob,Brandon Roy,200750,via-S1-bridge
royerbo01,Bob Royer,1927-10-15,NBA,1950,1950,1,N,78033,name+dob,Bob Royer,78033,via-S1-bridge
roziecl01,Clifford Rozier,1972-10-31,NBA,1995,1998,6,N,32,name+dob,Clifford Rozier,32,via-S1-bridge
roziete01,Terry Rozier,1994-03-17,NBA,2016,2025,12,N,1626179,name+dob,Terry Rozier,1626179,via-S1-bridge
rubiori01,Ricky Rubio,1990-10-21,NBA,2012,2023,12,N,201937,name+dob,Ricky Rubio,201937,via-S1-bridge
ruckegu01,Guy Rucker,1977-07-27,NBA,2003,2003,1,N,2462,name+dob,Guy Rucker,2462,via-S1-bridge
ruddde01,Delaney Rudd,1962-11-08,NBA,1990,1993,4,N,78035,name+dob,Delaney Rudd,78035,via-S1-bridge
ruddjo01,John Rudd,1955-08-07,NBA,1979,1979,1,N,78036,name+dob,John Rudd,78036,via-S1-bridge
rudezda01,Damjan Rudež,1986-06-17,NBA,2015,2017,3,N,204014,name+dob,Damjan Rudez,204014,via-S1-bridge
rudomjo01,John Rudometkin,1940-06-06,NBA,1963,1965,5,N,78037,name+dob,John Rudometkin,78037,via-S1-bridge
ruffimi01,Michael Ruffin,1977-01-21,NBA,2000,2009,9,N,1913,name+dob,Michael Ruffin,1913,via-S1-bridge
ruffitr01,Trevor Ruffin,1970-09-26,NBA,1995,1996,2,N,460,name+dob,Trevor Ruffin,460,via-S1-bridge
ruffnpa01,Paul Ruffner,1948-10-15,ABA|NBA,1971,1976,3,N,78039,name+dob,Paul Ruffner,78039,via-S1-bridge
ruklijo01,Joe Ruklick,1938-08-03,NBA,1960,1962,3,N,78040,name+dob,Joe Ruklick,78040,via-S1-bridge
rulanje01,Jeff Ruland,1958-12-16,NBA,1982,1993,8,N,78041,name+dob,Jeff Ruland,78041,via-S1-bridge
rulebo01,Bob Rule,1944-06-29,NBA,1968,1975,12,N,78042,name+dob,Bob Rule,78042,via-S1-bridge
rulloje01,Jerry Rullo,1923-06-23,BAA|NBA,1947,1950,4,N,78043,name+dob,Jerry Rullo,78043,via-S1-bridge
ruperra01,Rayan Rupert,2004-05-31,NBA,2024,2026,5,N,,no-S1-match,,1641712,name-+dob
ruscost01,Stefano Rusconi,1968-10-02,NBA,1996,1996,1,N,474,DOB-conflict,Stefano Rusconi,474,via-S1-bridge
rushbr01,Brandon Rush,1985-07-07,NBA,2009,2017,9,N,201575,name+dob,Brandon Rush,201575,via-S1-bridge
rushka01,Kareem Rush,1980-10-30,NBA,2003,2010,9,N,2416,name+dob,Kareem Rush,2416,via-S1-bridge
russebi01,Bill Russell,1934-02-12,NBA,1957,1969,13,N,78049,name+dob,Bill Russell,78049,via-S1-bridge
russebr01,Bryon Russell,1970-12-31,NBA,1994,2006,13,N,935,name+dob,Bryon Russell,935,via-S1-bridge
russeca01,Cazzie Russell,1944-06-07,NBA,1967,1978,12,N,78045,name+dob,Cazzie Russell,78045,via-S1-bridge
russeca02,Campy Russell,1952-01-12,NBA,1975,1985,9,N,78047,name+dob,Campy Russell,78047,via-S1-bridge
russeda01,D'Angelo Russell,1996-02-23,NBA,2016,2026,17,N,1626156,name+dob,D'Angelo Russell,1626156,via-S1-bridge
russefr01,Frank Russell,1949-04-17,NBA,1973,1973,1,N,78046,name+dob,Frank Russell,78046,via-S1-bridge
russewa01,Walker Russell,1960-10-26,NBA,1983,1988,6,N,78048,name+dob,Walker Russell,78048,via-S1-bridge
russewa02,Walker Russell,1982-10-06,NBA,2012,2012,1,N,201041,name+dob,Walker Russell,201041,via-S1-bridge
ryanco01,Cormac Ryan,1998-10-26,NBA,2026,2026,1,N,,no-S1-match,,1642504,name-+dob
ryanma01,Matt Ryan,1997-04-17,NBA,2022,2025,6,N,1630346,name+dob,Matt Ryan,1630346,via-S1-bridge
sabonar01,Arvydas Sabonis,1964-12-19,NBA,1996,2003,7,N,717,name+dob,Arvydas Sabonis,717,via-S1-bridge
sabondo01,Domantas Sabonis,1996-05-03,NBA,2017,2026,12,N,1627734,name+dob,Domantas Sabonis,1627734,via-S1-bridge
sacrero01,Robert Sacre,1989-06-06,NBA,2013,2016,4,N,203135,name+dob,Robert Sacre,203135,via-S1-bridge
sadowed01,Ed Sadowski,1915-07-11,BAA|NBA,1947,1950,8,N,78050,DOB-conflict,Ed Sadowski,78050,via-S1-bridge
sailoke01,Kenny Sailors,1921-01-14,BAA|NBA,1947,1951,10,N,78051,DOB-conflict,Kenny Sailors,78051,via-S1-bridge
salauti01,Tidjane Salaün,2005-08-10,NBA,2025,2026,2,N,,no-S1-match,,1642275,name-+dob
sallejo01,John Salley,1964-05-16,NBA,1987,2000,13,N,927,name+dob,John Salley,927,via-S1-bridge
sallihu01,Hunter Sallis,2003-03-26,NBA,2026,2026,1,N,,no-S1-match,,1642282,name-+dob
salmojo01,John Salmons,1979-12-12,NBA,2003,2015,19,N,2422,name+dob,John Salmons,2422,via-S1-bridge
salvake01,Kevin Salvadori,1970-12-30,NBA,1997,1998,2,N,1089,name+dob,Kevin Salvadori,1089,via-S1-bridge
samakso01,Soumaila Samake,1978-03-18,NBA,2001,2003,2,N,2066,name+dob,Soumaila Samake,2066,via-S1-bridge
samanlu01,Luka Šamanić,2000-01-09,NBA,2020,2024,4,N,1629677,name+dob,Luka Samanic,1629677,via-S1-bridge
sambch01,Cheikh Samb,1984-10-22,NBA,2008,2009,5,N,200798,name+dob,Cheikh Samb,200798,via-S1-bridge
sampsbr01,Brandon Sampson,1997-05-01,NBA,2019,2019,1,N,1629102,name+dob,Brandon Sampson,1629102,via-S1-bridge
sampsja01,Jamal Sampson,1983-05-15,NBA,2003,2007,5,N,2441,name+dob,Jamal Sampson,2441,via-S1-bridge
sampsja02,JaKarr Sampson,1993-03-20,NBA,2015,2021,8,N,203960,name+dob,JaKarr Sampson,203960,via-S1-bridge
sampsra01,Ralph Sampson,1960-07-07,NBA,1984,1992,11,N,78055,name+dob,Ralph Sampson,78055,via-S1-bridge
samueje01,Jermaine Samuels,1998-11-13,NBA,2024,2024,1,N,,no-S1-match,,1631257,name-+dob
samuesa01,Samardo Samuels,1989-01-09,NBA,2011,2013,3,N,202396,name+dob,Samardo Samuels,202396,via-S1-bridge
sanchpe01,Pepe Sánchez,1977-05-08,NBA,2001,2003,4,N,2143,name+dob,Pepe Sanchez,2143,via-S1-bridge
sandefr01,Frankie Sanders,1957-01-23,NBA,1979,1981,4,N,78057,name+dob,Frankie Sanders,78057,via-S1-bridge
sandeje01,Jeff Sanders,1966-01-14,NBA,1990,1993,4,N,1874,name+dob,Jeff Sanders,1874,via-S1-bridge
sandeko01,Kobe Sanders,2002-05-30,NBA,2026,2026,1,N,,no-S1-match,,1642920,name-+dob
sandela01,Larry Sanders,1988-11-21,NBA,2011,2017,6,N,202336,name+dob,Larry Sanders,202336,via-S1-bridge
sandeme01,Melvin Sanders,1981-01-03,NBA,2006,2006,1,N,2684,name+dob,Melvin Sanders,2684,via-S1-bridge
sandemi01,Mike Sanders,1960-05-07,NBA,1983,1993,15,N,78059,name+dob,Mike Sanders,78059,via-S1-bridge
sandeto01,Tom Sanders,1938-11-08,NBA,1961,1973,13,N,78060,lastname+dob,Thomas Sanders,78060,via-S1-bridge
sandfpa01,Payton Sandfort,2002-12-04,NBA,2026,2026,1,N,,no-S1-match,,,
sanogad01,Adama Sanogo,2002-02-12,NBA,2024,2025,2,N,,no-S1-match,,1641766,name-+dob
santibo01,Bob Santini,1935-02-17,NBA,1956,1956,1,N,78061,name+dob,Bob Santini,78061,via-S1-bridge
santida01,Daniel Santiago,1976-06-24,NBA,2001,2005,4,N,2091,name+dob,Daniel Santiago,2091,via-S1-bridge
santogu01,Gui Santos,2002-06-22,NBA,2024,2026,3,N,,no-S1-match,,1630611,name-+dob
sapplwa01,Wayne Sappleton,1960-11-17,NBA,1985,1985,1,N,78062,name+dob,Wayne Sappleton,78062,via-S1-bridge
sarafbe01,Ben Saraf,2006-04-14,NBA,2026,2026,1,N,,no-S1-match,,1642879,name-+dob
saricda01,Dario Šarić,1994-04-08,NBA,2017,2026,13,N,203967,name+dob,Dario Saric,203967,via-S1-bridge
sarral01,Alex Sarr,2005-04-26,NBA,2025,2026,2,N,,no-S1-match,,1642259,name-+dob
sarrol01,Olivier Sarr,1999-02-20,NBA,2022,2026,4,N,1630846,name+dob,Olivier Sarr,1630846,via-S1-bridge
sasseja01,Jason Sasser,1974-01-13,NBA,1997,1999,4,N,987,name+dob,Jason Sasser,987,via-S1-bridge
sasseje01,Jeryl Sasser,1979-02-13,NBA,2002,2003,2,N,2219,name+dob,Jeryl Sasser,2219,via-S1-bridge
sassema01,Marcus Sasser,2000-09-21,NBA,2024,2026,3,N,,no-S1-match,,1631204,name-+dob
satorto01,Tomáš Satoranský,1991-10-30,NBA,2017,2022,9,N,203107,name+dob,Tomas Satoransky,203107,via-S1-bridge
satteke01,Kenny Satterfield,1981-04-10,NBA,2002,2003,4,N,2261,name+dob,Kenny Satterfield,2261,via-S1-bridge
sauldwo01,Woody Sauldsberry,1934-07-11,NBA,1958,1966,11,N,78064,name+dob,Woody Sauldsberry,78064,via-S1-bridge
saulpe01,Pep Saul,1924-02-16,NBA,1950,1955,8,N,78063,lastname+dob,Frank Saul,78063,via-S1-bridge
saundfr01,Fred Saunders,1951-06-13,NBA,1975,1978,6,N,78065,name+dob,Fred Saunders,78065,via-S1-bridge
savagdo01,Don Savage,1928-04-09,NBA,1952,1957,2,N,78066,name+dob,Don Savage,78066,via-S1-bridge
savovpr01,Predrag Savović,1976-05-21,NBA,2003,2003,1,N,2453,name+dob,Predrag Savovic,2453,via-S1-bridge
sawyeal01,Alan Sawyer,1928-01-01,NBA,1951,1951,1,N,78067,name+dob,Alan Sawyer,78067,via-S1-bridge
scalabr01,Brian Scalabrine,1978-03-18,NBA,2002,2012,11,N,2243,name+dob,Brian Scalabrine,2243,via-S1-bridge
scaleal01,Alex Scales,1978-07-03,NBA,2006,2006,1,N,2637,name+dob,Alex Scales,2637,via-S1-bridge
scalede01,DeWayne Scales,1958-12-28,NBA,1981,1984,3,N,78068,name+dob,Dewayne Scales,78068,via-S1-bridge
schadbe01,Ben Schadler,1924-03-09,BAA,1948,1948,1,N,78070,name+dob,Ben Schadler,78070,via-S1-bridge
schadfr01,Frank Schade,1950-01-22,NBA,1973,1973,1,N,78069,name+dob,Frank Schade,78069,via-S1-bridge
schaehe01,Herm Schaefer,1918-12-20,BAA|NBA,1949,1950,2,N,78071,DOB-conflict,Herm Schaefer,78071,via-S1-bridge
schafbo01,Bob Schafer,1933-03-29,NBA,1956,1957,4,N,78072,DOB-conflict,Bob Schafer,78072,via-S1-bridge
schakjo01,Jordan Schakel,1998-06-13,NBA,2022,2023,2,N,1630648,name+dob,Jordan Schakel,1630648,via-S1-bridge
scharbe01,Ben Scharnus,1917-12-11,BAA,1947,1949,2,N,78073,name+dob,Ben Scharnus,78073,via-S1-bridge
schatma01,Marv Schatzman,1927-02-18,NBA,1950,1950,1,N,78074,name+dob,Marv Schatzman,78074,via-S1-bridge
schaufr01,Fred Schaus,1925-06-30,NBA,1950,1954,7,N,78075,name+dob,Fred Schaus,78075,via-S1-bridge
schayda01,Danny Schayes,1959-05-10,NBA,1982,1999,22,N,7,lastname+dob,Dan Schayes,7,via-S1-bridge
schaydo01,Dolph Schayes,1928-05-19,NBA,1950,1964,15,N,78076,name+dob,Dolph Schayes,78076,via-S1-bridge
schecos01,Ossie Schectman,1919-03-30,BAA,1947,1947,1,N,78078,name+dob,Ossie Schectman,78078,via-S1-bridge
schefst01,Steve Scheffler,1967-09-03,NBA,1991,1997,9,N,88,name+dob,Steve Scheffler,88,via-S1-bridge
schefto01,Tom Scheffler,1954-10-27,NBA,1985,1985,1,N,78080,name+dob,Tom Scheffler,78080,via-S1-bridge
scheiba01,Baylor Scheierman,2000-09-26,NBA,2025,2026,2,N,,no-S1-match,,1631248,name-+dob
schelda01,Dave Schellhase,1944-10-14,NBA,1967,1968,2,N,78081,name+dob,Dave Schellhase,78081,via-S1-bridge
schenlu01,Luke Schenscher,1982-12-31,NBA,2006,2007,2,N,101195,DOB-conflict,Luke Schenscher,101195,via-S1-bridge
scherhe01,Herb Scherer,1928-12-21,NBA,1951,1952,2,N,78082,DOB-conflict,Herb Scherer,78082,via-S1-bridge
schindw01,Dwayne Schintzius,1968-10-14,NBA,1991,1999,8,N,368,name+dob,Dwayne Schintzius,368,via-S1-bridge
schluda01,Dale Schlueter,1945-11-12,NBA,1969,1978,10,N,78084,name+dob,Dale Schlueter,78084,via-S1-bridge
schneot01,Otto Schnellbacher,1923-04-15,BAA,1949,1949,3,N,78085,name+dob,Otto Schnellbacher,78085,via-S1-bridge
schnidi01,Dick Schnittker,1928-05-27,NBA,1951,1958,6,N,78086,name+dob,Dick Schnittker,78086,via-S1-bridge
schoeru01,Russ Schoene,1960-04-16,NBA,1983,1989,6,N,78087,name+dob,Russ Schoene,78087,via-S1-bridge
schofad01,Admiral Schofield,1997-03-30,NBA,2020,2024,4,N,1629678,name+dob,Admiral Schofield,1629678,via-S1-bridge
scholda01,Dave Scholz,1948-04-12,NBA,1970,1970,1,N,78088,name+dob,Dave Scholz,78088,via-S1-bridge
schoomi01,Milt Schoon,1922-02-25,BAA|NBA,1947,1950,2,N,78089,name+dob,Milt Schoon,78089,via-S1-bridge
schrede01,Detlef Schrempf,1963-01-21,NBA,1986,2001,18,N,96,name+dob,Detlef Schrempf,96,via-S1-bridge
schrode01,Dennis Schröder,1993-09-15,NBA,2014,2026,22,N,203471,name+dob,Dennis Schroder,203471,via-S1-bridge
schuldi01,Dick Schulz,1917-01-03,BAA|NBA,1947,1950,9,N,78092,name+dob,Dick Schulz,78092,via-S1-bridge
schulho01,Howie Schultz,1922-07-03,NBA,1950,1953,5,N,78091,name+dob,Howie Schultz,78091,via-S1-bridge
schwejo01,John Schweitz,1960-04-19,NBA,1985,1987,2,N,78093,name+dob,John Schweitz,78093,via-S1-bridge
scolafr01,Fred Scolari,1922-03-01,BAA|NBA,1947,1955,13,N,78094,lastname+dob,Freddie Scolari,78094,via-S1-bridge
scolalu01,Luis Scola,1980-04-30,NBA,2008,2017,10,N,2449,name+dob,Luis Scola,2449,via-S1-bridge
scottal01,Alvin Scott,1955-09-14,NBA,1978,1985,8,N,78095,name+dob,Alvin Scott,78095,via-S1-bridge
scottbr01,Brent Scott,1971-06-15,NBA,1997,1997,1,N,1064,name+dob,Brent Scott,1064,via-S1-bridge
scottby01,Byron Scott,1961-03-28,NBA,1984,1997,14,N,2,name+dob,Byron Scott,2,via-S1-bridge
scottch01,Charlie Scott,1948-12-15,ABA|NBA,1971,1980,11,N,78097,name+dob,Charlie Scott,78097,via-S1-bridge
scottde01,Dennis Scott,1968-09-05,NBA,1991,2000,14,N,192,name+dob,Dennis Scott,192,via-S1-bridge
scottja01,James Scott,1972-06-06,NBA,1997,1997,1,N,1109,DOB-conflict,James Scott,1109,via-S1-bridge
scottmi01,Mike Scott,1988-07-16,NBA,2013,2021,11,N,203118,name+dob,Mike Scott,203118,via-S1-bridge
scottra01,Ray Scott,1938-07-12,ABA|NBA,1962,1972,11,N,78100,name+dob,Ray Scott,78100,via-S1-bridge
scottsh01,Shawnelle Scott,1972-06-16,NBA,1997,2002,4,N,1035,name+dob,Shawnelle Scott,1035,via-S1-bridge
scotttr01,Tre Scott,1996-11-25,NBA,2022,2026,2,N,1630286,name+dob,Trevon Scott,1630286,via-S1-bridge
scrubja01,Jay Scrubb,2000-09-01,NBA,2021,2023,3,N,1630206,name+dob,Jay Scrubb,1630206,via-S1-bridge
scurrca01,Carey Scurry,1962-12-04,NBA,1986,1988,5,N,78102,name+dob,Carey Scurry,78102,via-S1-bridge
seabrde01,Dereon Seabron,2000-05-26,NBA,2023,2024,2,N,1631220,name+dob,Dereon Seabron,1631220,via-S1-bridge
sealsbr01,Bruce Seals,1953-06-18,ABA|NBA,1974,1978,3,N,78103,name+dob,Bruce Seals,78103,via-S1-bridge
sealssh01,Shea Seals,1975-08-26,NBA,1998,1998,1,N,1578,name+dob,Shea Seals,1578,via-S1-bridge
sealyma01,Malik Sealy,1970-02-01,NBA,1993,2000,8,N,907,name+dob,Malik Sealy,907,via-S1-bridge
searced01,Ed Searcy,1952-04-17,NBA,1976,1976,1,N,78105,name+dob,Ed Searcy,78105,via-S1-bridge
searske01,Kenny Sears,1933-08-17,NBA,1956,1964,10,N,78106,lastname+dob,Ken Sears,78106,via-S1-bridge
searsma01,Mark Sears,2002-02-19,NBA,2026,2026,1,N,,no-S1-match,,1641813,name-+dob
seewa01,Wayne See,1923-11-03,NBA,1950,1950,1,N,78107,name+dob,Wayne See,78107,via-S1-bridge
sefolth01,Thabo Sefolosha,1984-05-02,NBA,2007,2020,16,N,200757,name+dob,Thabo Sefolosha,200757,via-S1-bridge
seikaro01,Rony Seikaly,1965-05-10,NBA,1989,1999,13,N,938,name+dob,Rony Seikaly,938,via-S1-bridge
selbogl01,Glen Selbo,1926-03-29,NBA,1950,1950,1,N,78109,name+dob,Glen Selbo,78109,via-S1-bridge
selbyjo01,Josh Selby,1991-03-27,NBA,2012,2013,2,N,202729,name+dob,Josh Selby,202729,via-S1-bridge
seldewa01,Wayne Selden,1994-09-30,NBA,2017,2022,8,N,1627782,name+dob,Wayne Selden,1627782,via-S1-bridge
sellebr01,Brad Sellers,1962-12-17,NBA,1987,1993,8,N,78110,name+dob,Brad Sellers,78110,via-S1-bridge
selleph01,Phil Sellers,1953-11-20,NBA,1977,1977,1,N,78111,name+dob,Phil Sellers,78111,via-S1-bridge
seltzro01,Rollie Seltz,1924-01-25,NBA,1950,1950,1,N,78112,name+dob,Rollie Seltz,78112,via-S1-bridge
selvyfr01,Frank Selvy,1932-11-09,NBA,1955,1964,15,N,78113,name+dob,Frank Selvy,78113,via-S1-bridge
seminji01,Jim Seminoff,1922-09-01,BAA|NBA,1947,1950,4,N,78114,name+dob,Jim Seminoff,78114,via-S1-bridge
senesa01,Mouhamed Sene,1986-05-12,NBA,2007,2009,5,N,200754,name+dob,Mouhamed Sene,200754,via-S1-bridge
senesge01,George Senesky,1922-04-04,BAA|NBA,1947,1954,8,N,78115,name+dob,George Senesky,78115,via-S1-bridge
sengual01,Alperen Şengün,2002-07-25,NBA,2022,2026,5,N,1630578,name+dob,Alperen Sengun,1630578,via-S1-bridge
sensabr01,Brice Sensabaugh,2003-10-30,NBA,2024,2026,3,N,,no-S1-match,,1641729,name-+dob
serapke01,Kevin Séraphin,1989-12-07,NBA,2011,2017,7,N,202338,name+dob,Kevin Seraphin,202338,via-S1-bridge
sesayan01,Ansu Sesay,1976-07-29,NBA,2002,2005,4,N,1738,name+dob,Ansu Sesay,1738,via-S1-bridge
sessira01,Ramon Sessions,1986-04-11,NBA,2008,2018,19,N,201196,name+dob,Ramon Sessions,201196,via-S1-bridge
seungha01,Ha Seung-Jin,1985-08-04,NBA,2005,2006,2,N,2775,name+dob,Ha Seung-jin,2775,via-S1-bridge
sewelto01,Tom Sewell,1962-03-11,NBA,1985,1985,1,N,78116,name+dob,Tom Sewell,78116,via-S1-bridge
sextoco01,Collin Sexton,1999-01-04,NBA,2019,2026,10,N,1629012,name+dob,Collin Sexton,1629012,via-S1-bridge
seymopa01,Paul Seymour,1928-01-30,BAA|NBA,1948,1960,12,N,78117,name+dob,Paul Seymour,78117,via-S1-bridge
shabani01,Nick Shaback,1918-09-10,BAA,1947,1947,1,N,78118,name+dob,Nick Shaback,78118,via-S1-bridge
shackch01,Charles Shackleford,1966-04-22,NBA,1989,1999,6,N,1593,name+dob,Charles Shackleford,1593,via-S1-bridge
shaefca01,Carl Shaeffer,1924-10-25,NBA,1950,1951,2,N,78120,name+dob,Carl Shaeffer,78120,via-S1-bridge
shaffle01,Lee Shaffer,1939-02-23,NBA,1962,1964,3,N,78121,name+dob,Lee Shaffer,78121,via-S1-bridge
shakumu01,Mustafa Shakur,1984-08-18,NBA,2011,2014,2,N,201203,name+dob,Mustafa Shakur,201203,via-S1-bridge
shamela01,Landry Shamet,1997-03-13,NBA,2019,2026,10,N,1629013,name+dob,Landry Shamet,1629013,via-S1-bridge
shammgo01,God Shammgod,1976-04-29,NBA,1998,1998,1,N,1539,name+dob,God Shammgod,1539,via-S1-bridge
shannea01,Earl Shannon,1921-11-23,BAA,1947,1949,5,N,78123,name+dob,Earl Shannon,78123,via-S1-bridge
shannho01,Howie Shannon,1923-06-10,BAA|NBA,1949,1950,2,N,78124,name+dob,Howie Shannon,78124,via-S1-bridge
shannte01,Terrence Shannon Jr.,2000-07-30,NBA,2025,2026,2,N,,no-S1-match,,1630545,name-+dob
sharech01,Chuck Share,1927-03-14,NBA,1952,1960,13,N,78125,lastname+dob,Charlie Share,78125,via-S1-bridge
sharmbi01,Bill Sharman,1926-05-25,NBA,1951,1961,11,N,78126,name+dob,Bill Sharman,78126,via-S1-bridge
sharpda01,Day'Ron Sharpe,2001-11-06,NBA,2022,2026,5,N,1630549,name+dob,Day'Ron Sharpe,1630549,via-S1-bridge
sharpsh01,Shaedon Sharpe,2003-05-30,NBA,2023,2026,4,N,1631101,name+dob,Shaedon Sharpe,1631101,via-S1-bridge
sharpwa01,Walter Sharpe,1986-07-18,NBA,2009,2009,1,N,201594,name+dob,Walter Sharpe,201594,via-S1-bridge
shaskjo01,John Shasky,1964-07-31,NBA,1989,1991,3,N,1117,name+dob,John Shasky,1117,via-S1-bridge
shavlro01,Ron Shavlik,1933-12-04,NBA,1957,1958,2,N,78128,name+dob,Ron Shavlik,78128,via-S1-bridge
shawbr01,Brian Shaw,1966-03-22,NBA,1989,2003,18,N,216,name+dob,Brian Shaw,216,via-S1-bridge
shawca01,Casey Shaw,1975-07-20,NBA,1999,1999,1,N,1745,name+dob,Casey Shaw,1745,via-S1-bridge
shayoma01,Marial Shayok,1995-07-26,NBA,2020,2020,1,N,1629621,name+dob,Marial Shayok,1629621,via-S1-bridge
sheabo01,Bob Shea,1924-09-11,BAA,1947,1947,1,N,78130,name+dob,Bob Shea,78130,via-S1-bridge
sheadja01,Jamal Shead,2002-06-24,NBA,2025,2026,2,N,,no-S1-match,,1642347,name-DOB-conflict
shefffr01,Fred Sheffield,1923-11-05,BAA,1947,1947,1,N,78131,name+dob,Fred Sheffield,78131,via-S1-bridge
sheltcr01,Craig Shelton,1957-05-01,NBA,1981,1982,2,N,78132,name+dob,Craig Shelton,78132,via-S1-bridge
sheltlo01,Lonnie Shelton,1955-10-19,NBA,1977,1986,10,N,78133,name+dob,Lonnie Shelton,78133,via-S1-bridge
shengto01,Tornike Shengelia,1991-10-05,NBA,2013,2014,4,N,203129,name+dob,Tornike Shengelia,203129,via-S1-bridge
sheppbe01,Ben Sheppard,2001-07-16,NBA,2024,2026,3,N,,no-S1-match,,1641767,name-+dob
sheppje01,Jeff Sheppard,1974-09-29,NBA,1999,1999,1,N,1852,DOB-conflict,Jeff Sheppard,1852,via-S1-bridge
sheppre01,Reed Sheppard,2004-06-24,NBA,2025,2026,2,N,,no-S1-match,,1642263,name-+dob
sheppst01,Steve Sheppard,1954-03-21,NBA,1978,1979,4,N,78135,name+dob,Steve Sheppard,78135,via-S1-bridge
sheroed01,Ed Sherod,1959-09-13,NBA,1983,1983,1,N,78136,lastname+dob,Edmund Sherod,78136,via-S1-bridge
shippch01,Charley Shipp,1913-12-03,NBA,1950,1950,1,N,78653,lastname+dob,Charlie Shipp,78653,via-S1-bridge
shirlpa01,Paul Shirley,1977-12-23,NBA,2003,2005,3,N,2321,name+dob,Paul Shirley,2321,via-S1-bridge
shortge01,Gene Short,1953-08-07,NBA,1976,1976,3,N,78138,name+dob,Gene Short,78138,via-S1-bridge
shortpu01,Purvis Short,1957-07-02,NBA,1979,1990,12,N,78139,name+dob,Purvis Short,78139,via-S1-bridge
shousde01,Dexter Shouse,1963-03-24,NBA,1990,1990,1,N,78140,name+dob,Dexter Shouse,78140,via-S1-bridge
shriddi01,Dick Shrider,1923-02-07,BAA,1949,1949,1,N,78141,name+dob,Dick Shrider,78141,via-S1-bridge
shuege01,Gene Shue,1931-12-18,NBA,1955,1964,12,N,78142,name+dob,Gene Shue,78142,via-S1-bridge
shulgma01,Max Shulga,2002-06-25,NBA,2026,2026,1,N,,no-S1-match,,1642917,name-+dob
shumajo01,John Shumate,1952-04-06,NBA,1976,1981,14,N,78143,name+dob,John Shumate,78143,via-S1-bridge
shumpim01,Iman Shumpert,1990-06-26,NBA,2012,2021,14,N,202697,name+dob,Iman Shumpert,202697,via-S1-bridge
shvedal01,Alexey Shved,1988-12-16,NBA,2013,2015,6,N,203144,name+dob,Alexey Shved,203144,via-S1-bridge
siakapa01,Pascal Siakam,1994-04-02,NBA,2017,2026,12,N,1627783,name+dob,Pascal Siakam,1627783,via-S1-bridge
siberjo01,Jordan Sibert,1992-08-01,NBA,2019,2019,1,N,1626296,name+dob,Jordan Sibert,1626296,via-S1-bridge
sibersa01,Sam Sibert,1949-02-11,NBA,1973,1973,1,N,78144,name+dob,Sam Sibert,78144,via-S1-bridge
siblema01,Mark Sibley,1950-11-13,NBA,1974,1974,1,N,78145,name+dob,Mark Sibley,78145,via-S1-bridge
sichtje01,Jerry Sichting,1956-11-29,NBA,1981,1990,14,N,78146,name+dob,Jerry Sichting,78146,via-S1-bridge
siegfla01,Larry Siegfried,1939-05-22,NBA,1964,1972,11,N,78147,name+dob,Larry Siegfried,78147,via-S1-bridge
siewera01,Ralph Siewert,1923-12-31,BAA,1947,1947,3,N,78148,name+dob,Ralph Siewert,78148,via-S1-bridge
sikmaja01,Jack Sikma,1955-11-14,NBA,1978,1991,14,N,78149,name+dob,Jack Sikma,78149,via-S1-bridge
silasja01,James Silas,1949-02-11,ABA|NBA,1973,1982,6,N,78150,name+dob,James Silas,78150,via-S1-bridge
silaspa01,Paul Silas,1943-07-12,NBA,1965,1980,16,N,78151,name+dob,Paul Silas,78151,via-S1-bridge
silasxa01,Xavier Silas,1988-01-22,NBA,2012,2018,2,N,202918,name+dob,Xavier Silas,202918,via-S1-bridge
silerga01,Garret Siler,1986-10-25,NBA,2011,2011,1,N,202081,name+dob,Garret Siler,202081,via-S1-bridge
sillimi01,Mike Silliman,1944-05-05,NBA,1971,1971,1,N,78152,DOB-conflict,Mike Silliman,78152,via-S1-bridge
silvach01,Chris Silva,1996-09-19,NBA,2020,2023,8,N,1629735,name+dob,Chris Silva,1629735,via-S1-bridge
simiewa01,Wayne Simien,1983-03-09,NBA,2006,2007,2,N,101134,name+dob,Wayne Simien,101134,via-S1-bridge
simmobe01,Ben Simmons,1996-07-20,NBA,2018,2025,9,N,1627732,name+dob,Ben Simmons,1627732,via-S1-bridge
simmobo01,Bobby Simmons,1980-06-02,NBA,2002,2012,10,N,2250,name+dob,Bobby Simmons,2250,via-S1-bridge
simmoce01,Cedric Simmons,1986-01-03,NBA,2007,2009,7,N,200759,name+dob,Cedric Simmons,200759,via-S1-bridge
simmoco01,Connie Simmons,1925-03-15,BAA|NBA,1947,1956,14,N,78153,name+dob,Connie Simmons,78153,via-S1-bridge
simmojo01,Johnny Simmons,1924-07-07,BAA,1947,1947,1,N,78154,name+dob,Johnny Simmons,78154,via-S1-bridge
simmojo02,Jonathon Simmons,1989-09-14,NBA,2016,2019,6,N,203613,name+dob,Jonathon Simmons,203613,via-S1-bridge
simmoko01,Kobi Simmons,1997-07-04,NBA,2018,2024,4,N,1628424,name+dob,Kobi Simmons,1628424,via-S1-bridge
simmoli01,Lionel Simmons,1968-11-14,NBA,1991,1997,7,N,1489,name+dob,Lionel Simmons,1489,via-S1-bridge
simonan01,Anfernee Simons,1999-06-08,NBA,2019,2026,10,N,1629014,name+dob,Anfernee Simons,1629014,via-S1-bridge
simonma01,Marko Simonovic,1999-10-15,NBA,2022,2023,2,N,1630250,name+dob,Marko Simonovic,1630250,via-S1-bridge
simonmi01,Miles Simon,1975-11-21,NBA,1999,1999,1,N,1750,name+dob,Miles Simon,1750,via-S1-bridge
simpkdi01,Dickey Simpkins,1972-04-06,NBA,1995,2002,9,N,54,name+dob,Dickey Simpkins,54,via-S1-bridge
simpskj01,KJ Simpson,2002-08-08,NBA,2025,2026,4,N,,no-S1-match,,1642354,name-+dob
simpsra01,Ralph Simpson,1949-08-10,ABA|NBA,1971,1980,8,N,78157,name+dob,Ralph Simpson,78157,via-S1-bridge
simpsza01,Zavier Simpson,1997-02-11,NBA,2022,2024,2,N,1630285,name+dob,Zavier Simpson,1630285,via-S1-bridge
simsal01,Alvin Sims,1974-10-18,NBA,1999,1999,1,N,1591,name+dob,Alvin Sims,1591,via-S1-bridge
simsbo01,Bob Sims,1938-10-09,ABA|NBA,1962,1968,3,N,78160,name+dob,Bob Sims,78160,via-S1-bridge
simsco01,Courtney Sims,1983-10-21,NBA,2008,2009,4,N,201235,name+dob,Courtney Sims,201235,via-S1-bridge
simsdo01,Doug Sims,1943-06-29,NBA,1969,1969,1,N,78159,name+dob,Doug Sims,78159,via-S1-bridge
simshe01,Henry Sims,1990-03-27,NBA,2013,2016,6,N,203156,name+dob,Henry Sims,203156,via-S1-bridge
simsja01,Jaylen Sims,1998-12-11,NBA,2025,2025,1,N,,no-S1-match,,1631301,name-+dob
simsje01,Jericho Sims,1998-10-20,NBA,2022,2026,7,N,1630579,name+dob,Jericho Sims,1630579,via-S1-bridge
simssc01,Scott Sims,1955-04-18,NBA,1978,1978,1,N,78161,name+dob,Scott Sims,78161,via-S1-bridge
singlch01,Chris Singleton,1989-11-21,NBA,2012,2014,3,N,202698,name+dob,Chris Singleton,202698,via-S1-bridge
singlja01,James Singleton,1981-07-20,NBA,2006,2012,7,N,101189,name+dob,James Singleton,101189,via-S1-bridge
singlky01,Kyle Singler,1988-05-04,NBA,2013,2018,8,N,202713,name+dob,Kyle Singler,202713,via-S1-bridge
singlmc01,McKinley Singleton,1961-10-29,NBA,1987,1987,1,N,78162,name+dob,Mckinley Singleton,78162,via-S1-bridge
singlse01,Sean Singletary,1985-09-06,NBA,2009,2009,3,N,201606,name+dob,Sean Singletary,201606,via-S1-bridge
sinicze01,Zeke Sinicola,1929-01-25,NBA,1952,1954,2,N,78163,name+dob,Zeke Sinicola,78163,via-S1-bridge
sirvyde01,Deividas Sirvydis,2000-06-10,NBA,2021,2022,2,N,1629686,name+dob,Deividas Sirvydis,1629686,via-S1-bridge
sittoch01,Charlie Sitton,1962-07-03,NBA,1985,1985,1,N,78164,name+dob,Charlie Sitton,78164,via-S1-bridge
sivape01,Peyton Siva,1990-10-24,NBA,2014,2014,1,N,203491,name+dob,Peyton Siva,203491,via-S1-bridge
skapidm01,Dmytro Skapintsev,1998-05-12,NBA,2024,2024,1,N,,no-S1-match,,1631376,name-+dob
skilesc01,Scott Skiles,1964-03-05,NBA,1987,1996,10,N,101,name+dob,Scott Skiles,101,via-S1-bridge
skinnal01,Al Skinner,1952-06-16,ABA|NBA,1975,1980,8,N,78167,name+dob,Al Skinner,78167,via-S1-bridge
skinnbr01,Brian Skinner,1976-05-19,NBA,1999,2012,18,N,1730,name+dob,Brian Skinner,1730,via-S1-bridge
skinnta01,Tal Skinner,1952-09-10,NBA,1975,1976,2,N,78168,lastname+dob,Talvin Skinner,78168,via-S1-bridge
skoogwh01,Whitey Skoog,1926-11-02,NBA,1952,1957,6,N,78169,name+dob,Whitey Skoog,78169,via-S1-bridge
sladeje01,Jeff Slade,1941-03-01,NBA,1963,1963,1,N,78170,name+dob,Jeff Slade,78170,via-S1-bridge
slatere01,Reggie Slater,1970-08-27,NBA,1995,2003,13,N,1073,name+dob,Reggie Slater,1073,via-S1-bridge
slaugji01,Jim Slaughter,1928-05-13,NBA,1952,1952,1,N,78171,name+dob,Jim Slaughter,78171,via-S1-bridge
slaugjo01,Jose Slaughter,1960-09-09,NBA,1983,1983,1,N,78172,name+dob,Jose Slaughter,78172,via-S1-bridge
slawsja01,Jalen Slawson,1999-10-22,NBA,2024,2026,2,N,,no-S1-match,,1641771,name-+dob
slayta01,Tamar Slay,1980-04-02,NBA,2003,2005,3,N,2447,name+dob,Tamar Slay,2447,via-S1-bridge
sloando01,Donald Sloan,1988-01-15,NBA,2012,2016,10,N,202388,name+dob,Donald Sloan,202388,via-S1-bridge
sloanje01,Jerry Sloan,1942-03-28,NBA,1966,1976,11,N,78173,name+dob,Jerry Sloan,78173,via-S1-bridge
slokaur01,Uroš Slokar,1983-05-14,NBA,2007,2007,1,N,101166,name+dob,Uros Slokar,101166,via-S1-bridge
slubyto01,Tom Sluby,1962-02-18,NBA,1985,1985,1,N,78174,name+dob,Tom Sluby,78174,via-S1-bridge
smailal01,Alen Smailagić,2000-08-18,NBA,2020,2021,2,N,1629346,name+dob,Alen Smailagic,1629346,via-S1-bridge
smallja01,Javon Small,2002-12-19,NBA,2026,2026,1,N,,no-S1-match,,1642914,name-+dob
smartja01,Javonte Smart,1999-06-03,NBA,2022,2024,4,N,1630606,name+dob,Javonte Smart,1630606,via-S1-bridge
smartke01,Keith Smart,1964-09-21,NBA,1989,1989,1,N,78175,name+dob,Keith Smart,78175,via-S1-bridge
smartma01,Marcus Smart,1994-03-06,NBA,2015,2026,14,N,203935,name+dob,Marcus Smart,203935,via-S1-bridge
smawlbe01,Belus Smawley,1918-03-20,BAA|NBA,1947,1952,8,N,78176,name+dob,Belus Smawley,78176,via-S1-bridge
smileja01,Jack Smiley,1922-12-22,BAA|NBA,1949,1950,4,N,78177,name+dob,Jack Smiley,78177,via-S1-bridge
smithad01,Adrian Smith,1936-10-05,ABA|NBA,1962,1972,12,N,78178,name+dob,Adrian Smith,78178,via-S1-bridge
smithbi01,Bill Smith,1939-04-26,NBA,1962,1962,1,N,78209,name+dob,Bill Smith,78209,via-S1-bridge
smithbi02,Bingo Smith,1946-02-26,NBA,1970,1980,13,N,78202,name+dob,Bingo Smith,78202,via-S1-bridge
smithbo01,Bobby Smith,1937-08-20,NBA,1960,1962,2,N,78203,name+dob,Bobby Smith,78203,via-S1-bridge
smithch01,Charles Smith,1965-07-16,NBA,1989,1997,11,N,293,name+dob,Charles Smith,293,via-S1-bridge
smithch02,Charles Smith,1967-11-29,NBA,1990,1996,3,N,78179,name+dob,Charles Smith,78179,via-S1-bridge
smithch03,Chris Smith,1970-05-17,NBA,1993,1995,3,N,1814,name+dob,Chris Smith,1814,via-S1-bridge
smithch04,Charles Smith,1975-08-22,NBA,1998,2006,9,N,1520,name+dob,Charles Smith,1520,via-S1-bridge
smithch05,Chris Smith,1987-10-13,NBA,2014,2014,1,N,203147,name+dob,Chris Smith,203147,via-S1-bridge
smithcl01,Clinton Smith,1964-01-19,NBA,1987,1991,2,N,78181,name+dob,Clinton Smith,78181,via-S1-bridge
smithcr01,Craig Smith,1983-11-10,NBA,2007,2012,6,N,200783,name+dob,Craig Smith,200783,via-S1-bridge
smithde01,Deb Smith,1920-01-07,BAA,1947,1947,1,N,78182,name+dob,Deb Smith,78182,via-S1-bridge
smithde02,Derek Smith,1961-11-01,NBA,1983,1991,11,N,78183,name+dob,Derek Smith,78183,via-S1-bridge
smithde03,Dennis Smith Jr.,1997-11-25,NBA,2018,2024,11,N,1628372,name+dob,Dennis Smith Jr.,1628372,via-S1-bridge
smithdo01,Don Smith,1920-07-27,BAA,1949,1949,1,N,78185,lastname+dob,Donald Smith,78185,via-S1-bridge
smithdo02,Don Smith,1951-10-10,NBA,1975,1975,1,N,78184,name+dob,Don Smith,78184,via-S1-bridge
smithdo03,Doug Smith,1969-09-17,NBA,1992,1996,5,N,475,name+dob,Doug Smith,475,via-S1-bridge
smithdo04,Donta Smith,1983-11-27,NBA,2005,2006,2,N,2764,name+dob,Donta Smith,2764,via-S1-bridge
smithdr01,Dru Smith,1997-12-30,NBA,2023,2026,6,N,1630696,name+dob,Dru Smith,1630696,via-S1-bridge
smithed01,Ed Smith,1929-07-05,NBA,1954,1954,1,N,78187,name+dob,Ed Smith,78187,via-S1-bridge
smithel01,Elmore Smith,1949-05-09,NBA,1972,1979,10,N,78188,name+dob,Elmore Smith,78188,via-S1-bridge
smithga01,Garfield Smith,1945-11-18,ABA|NBA,1971,1973,2,N,78189,name+dob,Garfield Smith,78189,via-S1-bridge
smithgr01,Greg Smith,1947-01-28,NBA,1969,1976,12,N,78190,name+dob,Greg Smith,78190,via-S1-bridge
smithgr02,Greg Smith,1991-01-08,NBA,2012,2016,5,N,202962,name+dob,Greg Smith,202962,via-S1-bridge
smithis01,Ish Smith,1988-07-05,NBA,2011,2024,26,N,202397,name+dob,Ish Smith,202397,via-S1-bridge
smithja01,Jabari Smith,1977-02-12,NBA,2001,2005,6,N,2074,name+dob,Jabari Smith,2074,via-S1-bridge
smithja02,Jason Smith,1986-03-02,NBA,2008,2019,14,N,201160,name+dob,Jason Smith,201160,via-S1-bridge
smithja04,Jalen Smith,2000-03-16,NBA,2021,2026,8,N,1630188,name+dob,Jalen Smith,1630188,via-S1-bridge
smithja05,Jabari Smith Jr.,2003-05-13,NBA,2023,2026,4,N,1631095,name+dob,Jabari Smith Jr.,1631095,via-S1-bridge
smithje01,Jerry Smith,1987-09-26,NBA,2012,2012,1,N,202536,name+dob,Jerry Smith,202536,via-S1-bridge
smithji01,Jim Smith,1958-04-12,NBA,1982,1983,2,N,78191,name+dob,Jim Smith,78191,via-S1-bridge
smithjo02,Joe Smith,1975-07-26,NBA,1996,2011,26,N,693,name+dob,Joe Smith,693,via-S1-bridge
smithjo03,Josh Smith,1985-12-05,NBA,2005,2018,17,N,2746,name+dob,Josh Smith,2746,via-S1-bridge
smithjr01,J.R. Smith,1985-09-09,NBA,2005,2020,18,N,2747,lastname+dob,JR Smith,2747,via-S1-bridge
smithke01,Kenny Smith,1965-03-08,NBA,1988,1997,15,N,181,name+dob,Kenny Smith,181,via-S1-bridge
smithke03,Keith Smith,1964-03-09,NBA,1987,1987,1,N,78192,name+dob,Keith Smith,78192,via-S1-bridge
smithla01,Larry Smith,1958-01-18,NBA,1981,1993,13,N,78195,name+dob,Larry Smith,78195,via-S1-bridge
smithla02,LaBradford Smith,1969-04-03,NBA,1992,1994,5,N,78194,name+dob,Labradford Smith,78194,via-S1-bridge
smithle01,Leon Smith,1980-11-02,NBA,2002,2004,2,N,1910,name+dob,Leon Smith,1910,via-S1-bridge
smithma02,Malachi Smith,1999-12-06,NBA,2026,2026,1,N,,no-S1-match,,,
smithmi01,Michael Smith,1965-05-19,NBA,1990,1995,3,N,78197,name+dob,Michael Smith,78197,via-S1-bridge
smithmi02,Michael Smith,1972-03-28,NBA,1995,2001,9,N,63,name+dob,Michael Smith,63,via-S1-bridge
smithmi03,Mike Smith,1976-04-15,NBA,2001,2001,1,N,2065,name+dob,Mike Smith,2065,via-S1-bridge
smithni01,Nick Smith Jr.,2004-04-18,NBA,2024,2026,3,N,,no-S1-match,,1641733,name-+dob
smithno01,Nolan Smith,1988-07-25,NBA,2012,2013,2,N,202701,name+dob,Nolan Smith,202701,via-S1-bridge
smithot01,Otis Smith,1964-01-30,NBA,1987,1992,8,N,78198,name+dob,Otis Smith,78198,via-S1-bridge
smithph01,Phil Smith,1952-04-22,NBA,1975,1983,11,N,78199,name+dob,Phil Smith,78199,via-S1-bridge
smithra01,Randy Smith,1948-12-12,NBA,1972,1983,14,N,78200,name+dob,Randy Smith,78200,via-S1-bridge
smithre01,Reggie Smith,1970-08-21,NBA,1993,1994,2,N,78201,name+dob,Reggie Smith,78201,via-S1-bridge
smithro01,Robert Smith,1955-03-10,NBA,1978,1985,11,N,78204,name+dob,Robert Smith,78204,via-S1-bridge
smithru01,Russ Smith,1991-04-19,NBA,2015,2016,4,N,203893,name+dob,Russ Smith,203893,via-S1-bridge
smithsa02,Sam Smith,1955-01-08,NBA,1979,1980,2,N,78205,lastname+dob,Sammy Smith,78205,via-S1-bridge
smithst01,Steve Smith,1969-03-31,NBA,1992,2005,18,N,120,lastname+dob,Steven Smith,120,via-S1-bridge
smithst02,Stevin Smith,1972-01-24,NBA,1997,1997,1,N,1478,name+dob,Stevin Smith,1478,via-S1-bridge
smithst03,Steven Smith,1983-04-12,NBA,2007,2007,1,N,200848,name+dob,Steven Smith,200848,via-S1-bridge
smithte01,Terquavion Smith,2002-12-31,NBA,2024,2024,1,N,,no-S1-match,,1631173,name-+dob
smithth01,Theron Smith,1980-10-03,NBA,2004,2005,2,N,2604,name+dob,Theron Smith,2604,via-S1-bridge
smithto02,Tony Smith,1968-06-14,NBA,1991,2001,11,N,380,name+dob,Tony Smith,380,via-S1-bridge
smithto05,Tolu Smith,2000-07-26,NBA,2025,2026,2,N,,no-S1-match,,1642449,name-+dob
smithty02,Tyler Smith,2004-11-02,NBA,2025,2026,2,N,,no-S1-match,,1641890,name-+dob
smithwi01,Bill Smith,1949-02-14,NBA,1972,1973,2,N,78207,name+dob,Bill Smith,78207,via-S1-bridge
smithwi02,Willie Smith,1953-10-26,NBA,1977,1980,4,N,78208,name+dob,Willie Smith,78208,via-S1-bridge
smithzh01,Zhaire Smith,1999-06-04,NBA,2019,2020,2,N,1629015,name+dob,Zhaire Smith,1629015,via-S1-bridge
smitsri01,Rik Smits,1966-08-23,NBA,1989,2000,12,N,22,name+dob,Rik Smits,22,via-S1-bridge
smrekmi01,Mike Smrek,1962-08-31,NBA,1986,1992,9,N,1091,name+dob,Mike Smrek,1091,via-S1-bridge
smythjo01,Joe Smyth,1929-05-22,NBA,1954,1954,3,N,78212,name+dob,Joe Smyth,78212,via-S1-bridge
sneedxa01,Xavier Sneed,1997-12-21,NBA,2022,2023,4,N,1630270,name+dob,Xavier Sneed,1630270,via-S1-bridge
snellto01,Tony Snell,1991-11-10,NBA,2014,2022,11,N,203503,name+dob,Tony Snell,203503,via-S1-bridge
snower01,Eric Snow,1973-04-24,NBA,1996,2008,15,N,727,name+dob,Eric Snow,727,via-S1-bridge
snydedi01,Dick Snyder,1944-02-01,NBA,1967,1979,15,N,78213,name+dob,Dick Snyder,78213,via-S1-bridge
snydeki01,Kirk Snyder,1983-06-05,NBA,2005,2008,6,N,2745,name+dob,Kirk Snyder,2745,via-S1-bridge
sobekch01,Chips Sobek,1920-02-10,NBA,1950,1950,1,N,78214,lastname+dob,George Sobek,78214,via-S1-bridge
soberri01,Ricky Sobers,1953-01-15,NBA,1976,1986,11,N,78215,name+dob,Ricky Sobers,78215,via-S1-bridge
sobiero01,Ron Sobie,1934-09-21,NBA,1957,1960,6,N,78216,name+dob,Ron Sobie,78216,via-S1-bridge
sochaje01,Jeremy Sochan,2003-05-20,NBA,2023,2026,6,N,1631110,name+dob,Jeremy Sochan,1631110,via-S1-bridge
sojoumi01,Mike Sojourner,1953-10-16,NBA,1975,1977,3,N,78217,name+dob,Mike Sojourner,78217,via-S1-bridge
solomwi01,Will Solomon,1978-07-20,NBA,2002,2009,4,N,2226,name+dob,Will Solomon,2226,via-S1-bridge
somerwi01,Willie Somerset,1942-03-17,ABA|NBA,1966,1969,1,N,78219,name+dob,Willie Somerset,78219,via-S1-bridge
songada01,Darius Songaila,1978-02-14,NBA,2004,2011,8,N,2443,name+dob,Darius Songaila,2443,via-S1-bridge
sorenda01,Dave Sorenson,1948-07-08,NBA,1971,1973,5,N,78220,name+dob,Dave Sorenson,78220,via-S1-bridge
southja01,James Southerland,1990-04-28,NBA,2014,2014,3,N,203480,name+dob,James Southerland,203480,via-S1-bridge
sovragi01,Gino Sovran,1924-12-17,BAA,1947,1947,1,N,78221,name+dob,Gino Sovran,78221,via-S1-bridge
sowpa01,Pape Sow,1981-11-22,NBA,2005,2007,3,N,2776,name+dob,Pape Sow,2776,via-S1-bridge
spaldra01,Ray Spalding,1997-03-11,NBA,2019,2021,4,N,1629034,name+dob,Ray Spalding,1629034,via-S1-bridge
spanaji01,Jim Spanarkel,1957-06-28,NBA,1980,1984,5,N,78222,name+dob,Jim Spanarkel,78222,via-S1-bridge
spanova01,Vassilis Spanoulis,1982-08-07,NBA,2007,2007,1,N,2779,DOB-conflict,Vassilis Spanoulis,2779,via-S1-bridge
sparrgu01,Guy Sparrow,1932-11-02,NBA,1958,1960,5,N,78223,name+dob,Guy Sparrow,78223,via-S1-bridge
sparrro01,Rory Sparrow,1958-06-12,NBA,1981,1992,18,N,600009,name+dob,Rory Sparrow,600009,via-S1-bridge
spearod01,Odie Spears,1924-06-17,BAA|NBA,1949,1957,10,N,78225,DOB-conflict,Odie Spears,78225,via-S1-bridge
spectar01,Art Spector,1918-10-17,BAA|NBA,1947,1950,4,N,78226,DOB-conflict,Art Spector,78226,via-S1-bridge
speigma01,Marreese Speights,1987-08-04,NBA,2009,2018,12,N,201578,name+dob,Marreese Speights,201578,via-S1-bridge
spellom01,Omari Spellman,1997-07-21,NBA,2019,2020,2,N,1629016,name+dob,Omari Spellman,1629016,via-S1-bridge
spencan01,Andre Spencer,1964-07-20,NBA,1993,1994,6,N,78227,name+dob,Andre Spencer,78227,via-S1-bridge
spencca01,Cam Spencer,2000-04-06,NBA,2025,2026,2,N,,no-S1-match,,1642285,name-+dob
spencel01,Elmore Spencer,1969-12-06,NBA,1993,1997,7,N,771,name+dob,Elmore Spencer,771,via-S1-bridge
spencfe01,Felton Spencer,1968-01-15,NBA,1991,2002,14,N,280,DOB-conflict,Felton Spencer,280,via-S1-bridge
spencpa01,Pat Spencer,1996-07-04,NBA,2024,2026,3,N,,no-S1-match,,1630311,name-+dob
spicelo01,Lou Spicer,1922-11-12,BAA,1947,1947,1,N,78230,name+dob,Lou Spicer,78230,via-S1-bridge
spitzcr01,Craig Spitzer,1945-12-18,NBA,1968,1968,1,N,78231,name+dob,Craig Spitzer,78231,via-S1-bridge
splitti01,Tiago Splitter,1985-01-01,NBA,2011,2017,7,N,201168,name+dob,Tiago Splitter,201168,via-S1-bridge
spoelar01,Art Spoelstra,1932-09-11,NBA,1955,1958,6,N,78232,name+dob,Art Spoelstra,78232,via-S1-bridge
sprewla01,Latrell Sprewell,1970-09-08,NBA,1993,2005,13,N,84,name+dob,Latrell Sprewell,84,via-S1-bridge
sprigla01,Larry Spriggs,1959-09-08,NBA,1982,1986,5,N,78233,name+dob,Larry Spriggs,78233,via-S1-bridge
sprinja01,Jaden Springer,2002-09-25,NBA,2022,2025,8,N,1630531,name+dob,Jaden Springer,1630531,via-S1-bridge
sprinji01,Jim Springer,1926-06-17,BAA,1949,1949,1,N,78234,name+dob,Jim Springer,78234,via-S1-bridge
spruiji01,Jim Spruill,1923-02-26,BAA,1949,1949,1,N,78235,name+dob,Jim Spruill,78235,via-S1-bridge
stackje01,Jerry Stackhouse,1974-11-05,NBA,1996,2013,20,N,711,name+dob,Jerry Stackhouse,711,via-S1-bridge
stackry01,Ryan Stack,1975-07-24,NBA,1999,2000,2,N,1756,name+dob,Ryan Stack,1756,via-S1-bridge
stacoke01,Kevin Stacom,1951-09-04,NBA,1975,1982,8,N,78237,name+dob,Kevin Stacom,78237,via-S1-bridge
stallbu01,Bud Stallworth,1950-01-18,NBA,1973,1977,5,N,78239,lastname+dob,Isaac Stallworth,78239,via-S1-bridge
stallda01,Dave Stallworth,1941-12-20,NBA,1966,1975,10,N,78238,name+dob,Dave Stallworth,78238,via-S1-bridge
stanced01,Ed Stanczak,1921-08-15,NBA,1950,1951,2,N,78240,name+dob,Ed Stanczak,78240,via-S1-bridge
stanlca01,Cassius Stanley,1999-08-18,NBA,2021,2022,2,N,1630199,name+dob,Cassius Stanley,1630199,via-S1-bridge
stanste01,Terence Stansbury,1961-02-27,NBA,1985,1987,3,N,78241,name+dob,Terence Stansbury,78241,via-S1-bridge
starkjo01,John Starks,1965-08-10,NBA,1989,2002,15,N,317,name+dob,John Starks,317,via-S1-bridge
starrke01,Keith Starr,1954-03-14,NBA,1977,1977,1,N,78243,name+dob,Keith Starr,78243,via-S1-bridge
stausni01,Nik Stauskas,1993-10-07,NBA,2015,2022,12,N,203917,name+dob,Nik Stauskas,203917,via-S1-bridge
stavela01,Larry Staverman,1936-10-11,NBA,1959,1964,8,N,78244,name+dob,Larry Staverman,78244,via-S1-bridge
steella01,Larry Steele,1949-05-05,NBA,1972,1980,9,N,78245,name+dob,Larry Steele,78245,via-S1-bridge
steigma01,Matt Steigenga,1970-03-27,NBA,1997,1997,1,N,1099,name+dob,Matt Steigenga,1099,via-S1-bridge
stepavl01,Vladimir Stepania,1976-05-08,NBA,1999,2004,6,N,1735,name+dob,Vladimir Stepania,1735,via-S1-bridge
stephal01,Alex Stepheson,1987-08-07,NBA,2016,2016,3,N,1627293,name+dob,Alex Stepheson,1627293,via-S1-bridge
stephdj01,D.J. Stephens,1990-12-19,NBA,2014,2019,2,N,203474,lastname+dob,DJ Stephens,203474,via-S1-bridge
stephev01,Everette Stephens,1966-10-21,NBA,1989,1991,2,N,78247,name+dob,Everette Stephens,78247,via-S1-bridge
stephja01,Jack Stephens,1933-05-18,NBA,1956,1956,1,N,78249,name+dob,Jack Stephens,78249,via-S1-bridge
stephjo01,Joe Stephens,1973-01-28,NBA,1997,2000,3,N,1086,name+dob,Joe Stephens,1086,via-S1-bridge
stephla01,Lance Stephenson,1990-09-05,NBA,2011,2022,17,N,202362,name+dob,Lance Stephenson,202362,via-S1-bridge
steppbr01,Brook Steppe,1959-11-07,NBA,1983,1989,5,N,78250,name+dob,Brook Steppe,78250,via-S1-bridge
steveba01,Barry Stevens,1963-01-17,NBA,1993,1993,1,N,78251,name+dob,Barry Stevens,78251,via-S1-bridge
stevede01,DeShawn Stevenson,1981-04-03,NBA,2001,2013,17,N,2052,name+dob,DeShawn Stevenson,2052,via-S1-bridge
steveis01,Isaiah Stevens,2000-11-01,NBA,2025,2026,2,N,,no-S1-match,,1641815,name-+dob
stevela01,Lamar Stevens,1997-07-09,NBA,2021,2025,7,N,1630205,name+dob,Lamar Stevens,1630205,via-S1-bridge
stevewa01,Wayne Stevens,1936-06-19,NBA,1960,1960,1,N,78252,name+dob,Wayne Stevens,78252,via-S1-bridge
stewade01,Dennis Stewart,1947-04-11,ABA|NBA,1971,1971,1,N,78253,name+dob,Dennis Stewart,78253,via-S1-bridge
stewais01,Isaiah Stewart,2001-05-22,NBA,2021,2026,6,N,1630191,name+dob,Isaiah Stewart,1630191,via-S1-bridge
stewake01,Kebu Stewart,1973-12-19,NBA,1998,1998,1,N,1529,name+dob,Kebu Stewart,1529,via-S1-bridge
stewala01,Larry Stewart,1968-09-21,NBA,1992,1997,5,N,1125,name+dob,Larry Stewart,1125,via-S1-bridge
stewami01,Michael Stewart,1975-04-25,NBA,1998,2005,10,N,1565,name+dob,Michael Stewart,1565,via-S1-bridge
stewano01,Norm Stewart,1935-01-20,NBA,1957,1957,1,N,78256,name+dob,Norm Stewart,78256,via-S1-bridge
stiemgr01,Greg Stiemsma,1985-09-26,NBA,2012,2015,4,N,201880,name+dob,Greg Stiemsma,201880,via-S1-bridge
stipast01,Steve Stipanovich,1960-11-17,NBA,1984,1988,5,N,78257,name+dob,Steve Stipanovich,78257,via-S1-bridge
stithbr01,Bryant Stith,1970-12-10,NBA,1993,2002,10,N,179,name+dob,Bryant Stith,179,via-S1-bridge
stithsa01,Sam Stith,1937-07-22,NBA,1962,1962,1,N,78259,name+dob,Sam Stith,78259,via-S1-bridge
stithto01,Tom Stith,1939-01-21,NBA,1963,1963,1,N,78260,name+dob,Tom Stith,78260,via-S1-bridge
stivral01,Alex Stivrins,1962-11-29,NBA,1986,1993,6,N,78261,name+dob,Alex Stivrins,78261,via-S1-bridge
stockda01,David Stockton,1991-06-24,NBA,2015,2018,2,N,204065,name+dob,David Stockton,204065,via-S1-bridge
stockjo01,John Stockton,1962-03-26,NBA,1985,2003,19,N,304,name+dob,John Stockton,304,via-S1-bridge
stojape01,Peja Stojaković,1977-06-09,NBA,1999,2011,18,N,978,name+dob,Peja Stojakovic,978,via-S1-bridge
stokeed01,Ed Stokes,1971-09-03,NBA,1998,1998,1,N,1055,name+dob,Ed Stokes,1055,via-S1-bridge
stokegr01,Greg Stokes,1963-08-05,NBA,1986,1990,2,N,78264,name+dob,Greg Stokes,78264,via-S1-bridge
stokeja01,Jarnell Stokes,1994-01-07,NBA,2015,2017,5,N,203950,name+dob,Jarnell Stokes,203950,via-S1-bridge
stokema01,Maurice Stokes,1933-06-17,NBA,1956,1958,3,N,600016,name+dob,Maurice Stokes,600016,via-S1-bridge
stolkar01,Art Stolkey,1920-10-23,BAA,1947,1947,1,N,78266,name+dob,Art Stolkey,78266,via-S1-bridge
stonedi01,Diamond Stone,1997-02-10,NBA,2017,2017,1,N,1627754,name+dob,Diamond Stone,1627754,via-S1-bridge
stoneju01,Julyan Stone,1988-12-07,NBA,2012,2018,4,N,202933,name+dob,Julyan Stone,202933,via-S1-bridge
storeaw01,Awvee Storey,1977-04-18,NBA,2005,2008,3,N,2852,name+dob,Awvee Storey,2852,via-S1-bridge
stoudam01,Amar'e Stoudemire,1982-11-16,NBA,2003,2016,16,N,2405,name+dob,Amar'e Stoudemire,2405,via-S1-bridge
stoudda01,Damon Stoudamire,1973-09-03,NBA,1996,2008,17,N,757,name+dob,Damon Stoudamire,757,via-S1-bridge
stoudsa01,Salim Stoudamire,1982-10-11,NBA,2006,2008,3,N,101136,name+dob,Salim Stoudamire,101136,via-S1-bridge
stovapa01,Paul Stovall,1948-08-16,ABA|NBA,1973,1974,1,N,78267,name+dob,Paul Stovall,78267,via-S1-bridge
strawdj01,D.J. Strawberry,1985-06-15,NBA,2008,2008,1,N,201199,lastname+dob,DJ Strawberry,201199,via-S1-bridge
strawjo01,Joe Strawder,1940-09-21,NBA,1966,1968,3,N,78268,name+dob,Joe Strawder,78268,via-S1-bridge
strawju01,Julian Strawther,2002-04-18,NBA,2024,2026,3,N,,no-S1-match,,1631124,name-+dob
stricbi01,Bill Stricker,1948-01-22,NBA,1971,1971,1,N,78269,name+dob,Bill Stricker,78269,via-S1-bridge
stricer01,Erick Strickland,1973-11-25,NBA,1997,2005,11,N,1065,name+dob,Erick Strickland,1065,via-S1-bridge
stricma01,Mark Strickland,1970-07-14,NBA,1995,2003,10,N,1110,name+dob,Mark Strickland,1110,via-S1-bridge
stricro01,Roger Strickland,1940-09-04,NBA,1964,1964,1,N,78270,name+dob,Roger Strickland,78270,via-S1-bridge
stricro02,Rod Strickland,1966-07-11,NBA,1989,2005,23,N,393,name+dob,Rod Strickland,393,via-S1-bridge
stroejo01,John Stroeder,1958-07-24,NBA,1988,1989,4,N,78271,name+dob,John Stroeder,78271,via-S1-bridge
stronde01,Derek Strong,1968-02-09,NBA,1992,2001,10,N,400,name+dob,Derek Strong,400,via-S1-bridge
strotla01,Lamont Strothers,1968-05-10,NBA,1992,1993,2,N,78273,name+dob,Lamont Strothers,78273,via-S1-bridge
stroujo01,John Stroud,1957-10-29,NBA,1981,1981,1,N,78274,name+dob,John Stroud,78274,via-S1-bridge
strusma01,Max Strus,1996-03-28,NBA,2020,2026,7,N,1629622,name+dob,Max Strus,1629622,via-S1-bridge
stuckro01,Rodney Stuckey,1986-04-21,NBA,2008,2017,10,N,201155,name+dob,Rodney Stuckey,201155,via-S1-bridge
stumpge01,Gene Stump,1925-08-09,BAA|NBA,1948,1950,5,N,78275,DOB-conflict,Gene Stump,78275,via-S1-bridge
stutzst01,Stan Stutz,1920-04-14,BAA,1947,1949,3,N,78276,name+dob,Stan Stutz,78276,via-S1-bridge
suggsja01,Jalen Suggs,2001-06-03,NBA,2022,2026,5,N,1630591,name+dob,Jalen Suggs,1630591,via-S1-bridge
suitega01,Gary Suiter,1945-01-18,NBA,1971,1971,1,N,78277,name+dob,Gary Suiter,78277,via-S1-bridge
sullija01,Jared Sullinger,1992-03-04,NBA,2013,2017,5,N,203096,name+dob,Jared Sullinger,203096,via-S1-bridge
summeda01,DaJuan Summers,1988-01-24,NBA,2010,2013,4,N,201969,name+dob,DaJuan Summers,201969,via-S1-bridge
sumneed01,Edmond Sumner,1995-12-31,NBA,2018,2023,5,N,1628410,name+dob,Edmond Sumner,1628410,via-S1-bridge
sumptba01,Barry Sumpter,1965-11-11,NBA,1989,1989,1,N,78654,name+dob,Barry Sumpter,78654,via-S1-bridge
sundedo01,Don Sunderlage,1929-12-20,NBA,1954,1955,2,N,78278,name+dob,Don Sunderlage,78278,via-S1-bridge
sundobr01,Bruno Šundov,1980-02-10,NBA,1999,2005,9,N,1743,name+dob,Bruno Sundov,1743,via-S1-bridge
sundvjo01,Jon Sundvold,1961-07-02,NBA,1984,1992,9,N,78279,name+dob,Jon Sundvold,78279,via-S1-bridge
surabo01,Bob Sura,1973-03-25,NBA,1996,2005,12,N,682,name+dob,Bob Sura,682,via-S1-bridge
surhodi01,Dick Surhoff,1929-11-16,NBA,1953,1954,2,N,78280,name+dob,Dick Surhoff,78280,via-S1-bridge
suttlda01,Dane Suttle,1961-08-09,NBA,1984,1985,2,N,78281,name+dob,Dane Suttle,78281,via-S1-bridge
suttogr01,Greg Sutton,1967-12-03,NBA,1992,1996,5,N,357,name+dob,Greg Sutton,357,via-S1-bridge
swainbe01,Bennie Swain,1933-12-16,NBA,1959,1959,1,N,78283,name+dob,Bennie Swain,78283,via-S1-bridge
swanica01,Caleb Swanigan,1997-04-18,NBA,2018,2020,7,N,1628403,name+dob,Caleb Swanigan,1628403,via-S1-bridge
swansno01,Norm Swanson,1930-10-04,NBA,1954,1954,1,N,78284,name+dob,Norm Swanson,78284,via-S1-bridge
swartda01,Dan Swartz,1934-12-23,NBA,1963,1963,1,N,78285,name+dob,Dan Swartz,78285,via-S1-bridge
sweetmi01,Mike Sweetney,1982-10-25,NBA,2004,2007,4,N,2552,lastname+dob,Michael Sweetney,2552,via-S1-bridge
swideco01,Cole Swider,1999-05-08,NBA,2023,2025,5,N,1631306,name+dob,Cole Swider,1631306,via-S1-bridge
swiftro01,Robert Swift,1985-12-03,NBA,2005,2009,4,N,2741,name+dob,Robert Swift,2741,via-S1-bridge
swiftst01,Stromile Swift,1979-11-21,NBA,2001,2009,13,N,2031,name+dob,Stromile Swift,2031,via-S1-bridge
swinsaa01,Aaron Swinson,1971-01-09,NBA,1995,1995,1,N,78286,DOB-conflict,Aaron Swinson,78286,via-S1-bridge
swordcr01,Craig Sword,1994-01-16,NBA,2022,2022,1,N,1628591,name+dob,Craig Sword,1628591,via-S1-bridge
sydnobu01,Buck Sydnor,1921-09-19,BAA,1947,1947,1,N,78287,lastname+dob,Wallace Sydnor,78287,via-S1-bridge
sykeske01,Keifer Sykes,1993-12-30,NBA,2022,2022,1,N,1626208,name+dob,Keifer Sykes,1626208,via-S1-bridge
sykesla01,Larry Sykes,1973-04-11,NBA,1996,1996,1,N,1132,name+dob,Larry Sykes,1132,via-S1-bridge
sypa01,Pape Sy,1988-04-05,NBA,2011,2011,1,N,202377,name+dob,Pape Sy,202377,via-S1-bridge
szabobr01,Brett Szabo,1968-02-01,NBA,1997,1997,1,N,1136,name+dob,Brett Szabo,1136,via-S1-bridge
szczewa02,Wally Szczerbiak,1977-03-05,NBA,2000,2009,14,N,1887,name+dob,Wally Szczerbiak,1887,via-S1-bridge
tabakza01,Žan Tabak,1970-06-15,NBA,1995,2001,8,N,440,name+dob,Zan Tabak,440,via-S1-bridge
tabusyu01,Yuta Tabuse,1980-10-05,NBA,2005,2005,1,N,2657,name+dob,Yuta Tabuse,2657,via-S1-bridge
taftch01,Chris Taft,1985-03-10,NBA,2006,2006,1,N,101147,name+dob,Chris Taft,101147,via-S1-bridge
tanensi01,Sid Tanenbaum,1925-10-08,BAA,1948,1949,4,N,78291,surname-fuzzy+dob-window,Sid Tannenbaum,78291,via-S1-bridge
tarladr01,Dragan Tarlać,1973-05-09,NBA,2001,2001,1,N,1434,name+dob,Dragan Tarlac,1434,via-S1-bridge
tarplro01,Roy Tarpley,1964-11-28,NBA,1987,1995,6,N,78293,name+dob,Roy Tarpley,78293,via-S1-bridge
tateja01,Jae'Sean Tate,1995-10-28,NBA,2021,2026,6,N,1630256,name+dob,Jae'Sean Tate,1630256,via-S1-bridge
tatumea01,Earl Tatum,1953-07-26,NBA,1977,1980,8,N,78294,name+dob,Earl Tatum,78294,via-S1-bridge
tatumja01,Jayson Tatum,1998-03-03,NBA,2018,2026,9,N,1628369,name+dob,Jayson Tatum,1628369,via-S1-bridge
tavarwa01,Edy Tavares,1992-03-22,NBA,2016,2017,4,N,204002,name+dob,Edy Tavares,204002,via-S1-bridge
tayloan01,Anthony Taylor,1965-11-30,NBA,1989,1989,1,N,78295,name+dob,Anthony Taylor,78295,via-S1-bridge
taylobr01,Brian Taylor,1951-06-09,ABA|NBA,1973,1982,6,N,78296,name+dob,Brian Taylor,78296,via-S1-bridge
taylodo01,Donell Taylor,1982-07-26,NBA,2006,2007,2,N,101182,name+dob,Donell Taylor,101182,via-S1-bridge
taylofa01,Fatty Taylor,1946-03-13,ABA|NBA,1970,1977,1,N,78302,lastname+dob,Roland Taylor,78302,via-S1-bridge
taylofr01,Fred Taylor,1948-02-05,NBA,1971,1972,4,N,78298,name+dob,Fred Taylor,78298,via-S1-bridge
taylois01,Isaiah Taylor,1994-07-11,NBA,2017,2018,2,N,1627819,name+dob,Isaiah Taylor,1627819,via-S1-bridge
tayloja01,Jay Taylor,1967-10-03,NBA,1990,1990,1,N,78297,name+dob,Jay Taylor,78297,via-S1-bridge
tayloje01,Jeff Taylor,1960-01-01,NBA,1983,1987,2,N,78299,name+dob,Jeff Taylor,78299,via-S1-bridge
tayloje02,Jermaine Taylor,1986-12-08,NBA,2010,2011,4,N,201966,name+dob,Jermaine Taylor,201966,via-S1-bridge
tayloje03,Jeff Taylor,1989-05-23,NBA,2013,2015,3,N,203106,lastname+dob,Jeffery Taylor,203106,via-S1-bridge
taylojo01,Johnny Taylor,1974-06-04,NBA,1998,2000,5,N,1511,name+dob,Johnny Taylor,1511,via-S1-bridge
taylole01,Leonard Taylor,1966-05-02,NBA,1990,1990,1,N,78301,name+dob,Leonard Taylor,78301,via-S1-bridge
tayloma01,Maurice Taylor,1976-10-30,NBA,1998,2007,11,N,1508,name+dob,Maurice Taylor,1508,via-S1-bridge
taylomi01,Mike Taylor,1986-01-21,NBA,2009,2009,1,N,201446,name+dob,Mike Taylor,201446,via-S1-bridge
taylote01,Terry Taylor,1999-09-23,NBA,2022,2025,6,N,1630678,name+dob,Terry Taylor,1630678,via-S1-bridge
tayloty01,Tyshawn Taylor,1990-04-12,NBA,2013,2014,2,N,203116,name+dob,Tyshawn Taylor,203116,via-S1-bridge
taylovi01,Vince Taylor,1960-09-11,NBA,1983,1983,1,N,78303,name+dob,Vince Taylor,78303,via-S1-bridge
teaglte01,Terry Teagle,1960-04-10,NBA,1983,1993,13,N,78304,name+dob,Terry Teagle,78304,via-S1-bridge
teaguje01,Jeff Teague,1988-06-10,NBA,2010,2021,16,N,201952,name+dob,Jeff Teague,201952,via-S1-bridge
teaguma01,Marquis Teague,1993-02-28,NBA,2013,2018,5,N,203104,name+dob,Marquis Teague,203104,via-S1-bridge
teletmi01,Mirza Teletović,1985-09-18,NBA,2013,2018,6,N,203141,DOB-conflict,Mirza Teletovic,203141,via-S1-bridge
telfase01,Sebastian Telfair,1985-06-09,NBA,2005,2015,14,N,2742,name+dob,Sebastian Telfair,2742,via-S1-bridge
telfoja01,Jahmyl Telfort,2001-04-30,NBA,2026,2026,1,N,,no-S1-match,,1643141,name-+dob
templga01,Garrett Temple,1986-05-08,NBA,2010,2026,24,N,202066,name+dob,Garrett Temple,202066,via-S1-bridge
teodomi01,Miloš Teodosić,1987-03-19,NBA,2018,2019,2,N,1628462,name+dob,Milos Teodosic,1628462,via-S1-bridge
terreir01,Ira Terrell,1954-06-19,NBA,1977,1979,4,N,78305,name+dob,Ira Terrell,78305,via-S1-bridge
terreja01,Jared Terrell,1995-02-10,NBA,2019,2019,1,N,1629123,name+dob,Jared Terrell,1629123,via-S1-bridge
terryca01,Carlos Terry,1956-06-22,NBA,1981,1983,3,N,78307,name+dob,Carlos Terry,78307,via-S1-bridge
terrych01,Chuck Terry,1950-09-27,ABA|NBA,1973,1977,3,N,78306,name+dob,Chuck Terry,78306,via-S1-bridge
terrycl01,Claude Terry,1950-01-12,ABA|NBA,1973,1978,4,N,78308,name+dob,Claude Terry,78308,via-S1-bridge
terryda01,Dalen Terry,2002-07-12,NBA,2023,2026,6,N,1631207,name+dob,Dalen Terry,1631207,via-S1-bridge
terryem01,Emanuel Terry,1996-08-21,NBA,2019,2022,4,N,1629150,name+dob,Emanuel Terry,1629150,via-S1-bridge
terryja01,Jason Terry,1977-09-15,NBA,2000,2018,19,N,1891,name+dob,Jason Terry,1891,via-S1-bridge
terryty01,Tyrell Terry,2000-09-28,NBA,2021,2022,2,N,1630179,name+dob,Tyrell Terry,1630179,via-S1-bridge
teskejo01,Jon Teske,1997-05-04,NBA,2022,2022,1,N,1630257,name+dob,Jon Teske,1630257,via-S1-bridge
thabeha01,Hasheem Thabeet,1987-02-16,NBA,2010,2014,9,N,201934,name+dob,Hasheem Thabeet,201934,via-S1-bridge
thackto01,Tom Thacker,1939-11-02,ABA|NBA,1964,1971,4,N,78309,name+dob,Tom Thacker,78309,via-S1-bridge
theisda01,Daniel Theis,1992-04-04,NBA,2018,2025,14,N,1628464,name+dob,Daniel Theis,1628464,via-S1-bridge
theusre01,Reggie Theus,1957-10-13,NBA,1979,1991,15,N,78310,name+dob,Reggie Theus,78310,via-S1-bridge
thibepe01,Peter Thibeaux,1961-10-03,NBA,1985,1986,2,N,78311,name+dob,Peter Thibeaux,78311,via-S1-bridge
thiebbi01,Bill Thieben,1935-03-28,NBA,1957,1958,2,N,78312,name+dob,Bill Thieben,78312,via-S1-bridge
thierad01,Adou Thiero,2004-05-08,NBA,2026,2026,1,N,,no-S1-match,,1642876,name-+dob
thigpju01,Justus Thigpen,1947-08-13,ABA|NBA,1970,1974,2,N,78313,name+dob,Justus Thigpen,78313,via-S1-bridge
thirdda01,David Thirdkill,1960-04-12,NBA,1983,1987,8,N,78314,name+dob,David Thirdkill,78314,via-S1-bridge
thomaad01,Adonis Thomas,1993-03-25,NBA,2014,2014,3,N,203519,name+dob,Adonis Thomas,203519,via-S1-bridge
thomabi01,Billy Thomas,1975-12-23,NBA,2005,2008,5,N,2873,name+dob,Billy Thomas,2873,via-S1-bridge
thomabr01,Brodric Thomas,1997-01-28,NBA,2021,2022,4,N,1630271,name+dob,Brodric Thomas,1630271,via-S1-bridge
thomaca01,Carl Thomas,1969-10-03,NBA,1992,1998,6,N,1063,name+dob,Carl Thomas,1063,via-S1-bridge
thomaca02,Cam Thomas,2001-10-13,NBA,2022,2026,7,N,1630560,name+dob,Cam Thomas,1630560,via-S1-bridge
thomach01,Charles Thomas,1969-10-03,NBA,1992,1992,1,N,78316,name+dob,Charles Thomas,78316,via-S1-bridge
thomaet01,Etan Thomas,1978-04-01,NBA,2002,2011,9,N,2041,name+dob,Etan Thomas,2041,via-S1-bridge
thomair01,Irving Thomas,1966-01-02,NBA,1991,1991,1,N,78317,name+dob,Irving Thomas,78317,via-S1-bridge
thomais01,Isiah Thomas,1961-04-30,NBA,1982,1994,13,N,78318,name+dob,Isiah Thomas,78318,via-S1-bridge
thomais02,Isaiah Thomas,1989-02-07,NBA,2012,2024,19,N,202738,name+dob,Isaiah Thomas,202738,via-S1-bridge
thomaja01,Jamel Thomas,1973-03-25,NBA,2000,2001,4,N,1975,DOB-conflict,Jamel Thomas,1975,via-S1-bridge
thomaja02,James Thomas,1980-11-22,NBA,2005,2006,6,N,2839,name+dob,James Thomas,2839,via-S1-bridge
thomaji01,Jim Thomas,1960-10-19,NBA,1984,1991,4,N,78320,name+dob,Jim Thomas,78320,via-S1-bridge
thomajo01,Joe Thomas,1948-03-09,NBA,1971,1971,1,N,78321,DOB-conflict,Joe Thomas,78321,via-S1-bridge
thomajo02,John Thomas,1975-09-08,NBA,1998,2006,10,N,1519,name+dob,John Thomas,1519,via-S1-bridge
thomake01,Kenny Thomas,1977-07-25,NBA,2000,2010,15,N,1903,name+dob,Kenny Thomas,1903,via-S1-bridge
thomakh01,Khyri Thomas,1996-05-08,NBA,2019,2021,3,N,1629017,name+dob,Khyri Thomas,1629017,via-S1-bridge
thomaku01,Kurt Thomas,1972-10-04,NBA,1996,2013,20,N,703,name+dob,Kurt Thomas,703,via-S1-bridge
thomala01,Lance Thomas,1988-04-24,NBA,2012,2020,11,N,202498,name+dob,Lance Thomas,202498,via-S1-bridge
thomama01,Malcolm Thomas,1988-11-08,NBA,2012,2015,8,N,202952,name+dob,Malcolm Thomas,202952,via-S1-bridge
thomama02,Matt Thomas,1994-08-04,NBA,2020,2022,5,N,1629744,name+dob,Matt Thomas,1629744,via-S1-bridge
thomate01,Terry Thomas,1953-08-20,NBA,1976,1976,1,N,78322,name+dob,Terry Thomas,78322,via-S1-bridge
thomati01,Tim Thomas,1977-02-26,NBA,1998,2010,22,N,1501,name+dob,Tim Thomas,1501,via-S1-bridge
thomaty01,Tyrus Thomas,1986-08-17,NBA,2007,2015,10,N,200748,name+dob,Tyrus Thomas,200748,via-S1-bridge
thompam01,Amen Thompson,2003-01-30,NBA,2024,2026,3,N,,no-S1-match,,1641708,name-+dob
thompau01,Ausar Thompson,2003-01-30,NBA,2024,2026,3,N,,no-S1-match,,1641709,name-+dob
thompbe01,Bernard Thompson,1962-08-30,NBA,1985,1989,5,N,78323,name+dob,Bernard Thompson,78323,via-S1-bridge
thompbi01,Billy Thompson,1963-12-01,NBA,1987,1992,6,N,1631,name+dob,Billy Thompson,1631,via-S1-bridge
thompbr01,Brooks Thompson,1970-07-19,NBA,1995,1998,8,N,240,name+dob,Brooks Thompson,240,via-S1-bridge
thompco01,Corny Thompson,1960-02-05,NBA,1983,1983,1,N,78325,name+dob,Corny Thompson,78325,via-S1-bridge
thompda01,David Thompson,1954-07-13,ABA|NBA,1976,1984,8,N,78326,name+dob,David Thompson,78326,via-S1-bridge
thompdi01,Dijon Thompson,1983-02-23,NBA,2006,2007,2,N,101159,DOB-conflict,Dijon Thompson,101159,via-S1-bridge
thompet01,Ethan Thompson,1999-05-04,NBA,2026,2026,1,N,,no-S1-match,,1630679,name-+dob
thompge01,George Thompson,1947-11-29,ABA|NBA,1970,1975,1,N,78327,name+dob,George Thompson,78327,via-S1-bridge
thompho01,Hollis Thompson,1991-04-03,NBA,2014,2017,6,N,203138,name+dob,Hollis Thompson,203138,via-S1-bridge
thompja02,Jason Thompson,1986-07-21,NBA,2009,2016,10,N,201574,name+dob,Jason Thompson,201574,via-S1-bridge
thompjo01,John Thompson,1941-09-02,NBA,1965,1966,2,N,78328,name+dob,John Thompson,78328,via-S1-bridge
thompke01,Kevin Thompson,1971-02-07,NBA,1994,1994,1,N,78329,name+dob,Kevin Thompson,78329,via-S1-bridge
thompkl01,Klay Thompson,1990-02-08,NBA,2012,2026,13,N,202691,name+dob,Klay Thompson,202691,via-S1-bridge
thompla01,LaSalle Thompson,1961-06-23,NBA,1983,1997,19,N,78,name+dob,LaSalle Thompson,78,via-S1-bridge
thompmy01,Mychal Thompson,1955-01-30,NBA,1979,1991,14,N,78331,name+dob,Mychal Thompson,78331,via-S1-bridge
thompmy02,Mychel Thompson,1988-06-01,NBA,2012,2012,1,N,202814,name+dob,Mychel Thompson,202814,via-S1-bridge
thomppa01,Paul Thompson,1961-05-25,NBA,1984,1986,5,N,78332,name+dob,Paul Thompson,78332,via-S1-bridge
thompst01,Stephen Thompson,1968-12-02,NBA,1992,1992,3,N,78333,name+dob,Stephen Thompson,78333,via-S1-bridge
thomptr01,Tristan Thompson,1991-03-13,NBA,2012,2025,16,N,202684,name+dob,Tristan Thompson,202684,via-S1-bridge
thomptr02,Trey Thompkins,1990-05-20,NBA,2012,2012,1,N,202717,DOB-conflict,Trey Thompkins,202717,via-S1-bridge
thorjt01,JT Thor,2002-08-26,NBA,2022,2025,6,N,1630550,name+dob,JT Thor,1630550,via-S1-bridge
thornal01,Al Thornton,1983-12-07,NBA,2008,2011,8,N,201154,name+dob,Al Thornton,201154,via-S1-bridge
thornbo01,Bob Thornton,1962-07-10,NBA,1986,1996,10,N,738,name+dob,Bob Thornton,738,via-S1-bridge
thornma01,Marcus Thornton,1987-06-05,NBA,2010,2017,16,N,201977,name+dob,Marcus Thornton,201977,via-S1-bridge
thornro01,Rod Thorn,1941-05-23,NBA,1964,1971,10,N,78335,name+dob,Rod Thorn,78335,via-S1-bridge
thornsi01,Sindarius Thornwell,1994-11-15,NBA,2018,2021,6,N,1628414,name+dob,Sindarius Thornwell,1628414,via-S1-bridge
thorpot01,Otis Thorpe,1962-08-05,NBA,1985,2001,21,N,901,name+dob,Otis Thorpe,901,via-S1-bridge
threase01,Sedale Threatt,1961-09-10,NBA,1984,1997,18,N,9,name+dob,Sedale Threatt,9,via-S1-bridge
thurmna01,Nate Thurmond,1941-07-25,NBA,1964,1977,16,N,600001,name+dob,Nate Thurmond,600001,via-S1-bridge
thursme01,Mel Thurston,1919-01-16,BAA,1948,1948,1,N,78340,name+dob,Mel Thurston,78340,via-S1-bridge
thybuma01,Matisse Thybulle,1997-03-04,NBA,2020,2026,9,N,1629680,name+dob,Matisse Thybulle,1629680,via-S1-bridge
tidriha01,Hal Tidrick,1915-04-04,BAA,1949,1949,3,N,78341,initial-surname+dob-window,Howard Tidrick,78341,via-S1-bridge
tiemada01,Dan Tieman,1940-11-30,NBA,1963,1963,1,N,78342,name+dob,Dan Tieman,78342,via-S1-bridge
tillida01,Darren Tillis,1960-02-23,NBA,1983,1984,4,N,78343,name+dob,Darren Tillis,78343,via-S1-bridge
tilliki02,Killian Tillie,1998-03-05,NBA,2021,2022,2,N,1629681,name+dob,Killian Tillie,1629681,via-S1-bridge
tillmxa01,Xavier Tillman Sr.,1999-01-12,NBA,2021,2026,10,N,1630214,name+dob,Xavier Tillman,1630214,via-S1-bridge
timmedr01,Drew Timme,2000-09-09,NBA,2025,2026,2,N,,no-S1-match,,1631166,name-+dob
tinglja01,Jack Tingle,1924-12-30,BAA,1948,1949,2,N,78344,name+dob,Jack Tingle,78344,via-S1-bridge
tinslja01,Jamaal Tinsley,1978-02-28,NBA,2002,2014,11,N,2224,name+dob,Jamaal Tinsley,2224,via-S1-bridge
tisdawa01,Wayman Tisdale,1964-06-09,NBA,1986,1997,14,N,47,name+dob,Wayman Tisdale,47,via-S1-bridge
tobeymi01,Mike Tobey,1994-10-10,NBA,2017,2017,1,N,1627861,name+dob,Mike Tobey,1627861,via-S1-bridge
toddis01,Isaiah Todd,2001-10-17,NBA,2022,2023,2,N,1630225,name+dob,Isaiah Todd,1630225,via-S1-bridge
todormi01,Mike Todorovich,1923-06-11,NBA,1950,1951,4,N,78346,lastname+dob,Marko Todorovich,78346,via-S1-bridge
tolbera01,Ray Tolbert,1958-09-10,NBA,1982,1989,11,N,78348,name+dob,Ray Tolbert,78348,via-S1-bridge
tolbeto01,Tom Tolbert,1965-10-16,NBA,1989,1995,7,N,78347,name+dob,Tom Tolbert,78347,via-S1-bridge
tollian01,Anthony Tolliver,1985-06-01,NBA,2009,2021,20,N,201229,name+dob,Anthony Tolliver,201229,via-S1-bridge
tolsode01,Dean Tolson,1951-11-25,NBA,1975,1978,3,N,78349,name+dob,Dean Tolson,78349,via-S1-bridge
tomjaru01,Rudy Tomjanovich,1948-11-24,NBA,1971,1981,11,N,78350,name+dob,Rudy Tomjanovich,78350,via-S1-bridge
tomlina01,Nae'Qwan Tomlin,2000-12-10,NBA,2025,2026,2,N,,no-S1-match,,1641772,name-DOB-conflict
toneyan01,Andrew Toney,1957-11-23,NBA,1981,1988,8,N,78351,name+dob,Andrew Toney,78351,via-S1-bridge
toneyse01,Sedric Toney,1962-04-13,NBA,1986,1994,9,N,78352,name+dob,Sedric Toney,78352,via-S1-bridge
tonjejo01,John Tonje,2001-04-23,NBA,2026,2026,1,N,,no-S1-match,,1642910,name-+dob
tonkoan01,Andy Tonkovich,1922-11-01,BAA,1949,1949,1,N,78353,name+dob,Andy Tonkovich,78353,via-S1-bridge
toolsan01,Andy Toolson,1966-01-19,NBA,1991,1996,2,N,342,name+dob,Andy Toolson,342,via-S1-bridge
toomaja01,Jack Toomay,1922-08-09,BAA|NBA,1948,1950,7,N,78355,name+dob,Jack Toomay,78355,via-S1-bridge
toonebe01,Bernard Toone,1956-07-14,NBA,1980,1980,1,N,78356,name+dob,Bernard Toone,78356,via-S1-bridge
topicni01,Nikola Topić,2005-08-10,NBA,2026,2026,1,N,,no-S1-match,,1642260,name-+dob
toppija01,Jacob Toppin,2000-05-08,NBA,2024,2026,5,N,,no-S1-match,,1631210,name-+dob
toppiob01,Obi Toppin,1998-03-04,NBA,2021,2026,6,N,1630167,name+dob,Obi Toppin,1630167,via-S1-bridge
torgoir01,Irv Torgoff,1917-03-06,BAA,1947,1949,5,N,78357,name+dob,Irv Torgoff,78357,via-S1-bridge
tormobu01,Gene Tormohlen,1937-05-12,NBA,1963,1970,6,N,78358,name+dob,Gene Tormohlen,78358,via-S1-bridge
torreos01,Óscar Torres,1976-12-18,NBA,2002,2003,2,N,2351,name+dob,Oscar Torres,2351,via-S1-bridge
toscaju01,Juan Toscano-Anderson,1993-04-10,NBA,2020,2024,7,N,1629308,name+dob,Juan Toscano-Anderson,1629308,via-S1-bridge
toshebi01,Bill Tosheff,1926-06-02,NBA,1952,1954,3,N,78359,name+dob,Bill Tosheff,78359,via-S1-bridge
toughbo01,Bob Tough,1920-08-28,BAA|NBA,1949,1950,4,N,78360,name+dob,Bob Tough,78360,via-S1-bridge
toupaax01,Axel Toupane,1992-07-23,NBA,2016,2021,5,N,1626253,name+dob,Axel Toupane,1626253,via-S1-bridge
towemo01,Monte Towe,1953-09-27,ABA|NBA,1976,1977,1,N,78361,name+dob,Monte Towe,78361,via-S1-bridge
towerbl01,Blackie Towery,1920-06-20,BAA|NBA,1949,1950,4,N,78363,lastname+dob,William Towery,78363,via-S1-bridge
towerke01,Keith Tower,1970-05-15,NBA,1994,1997,4,N,700,name+dob,Keith Tower,700,via-S1-bridge
towneli01,Linton Townes,1959-11-30,NBA,1983,1985,5,N,78364,name+dob,Linton Townes,78364,via-S1-bridge
townska01,Karl-Anthony Towns,1995-11-15,NBA,2016,2026,11,N,1626157,name+dob,Karl-Anthony Towns,1626157,via-S1-bridge
townsra01,Raymond Townsend,1955-12-20,NBA,1979,1982,3,N,78365,name+dob,Raymond Townsend,78365,via-S1-bridge
traorno01,Nolan Traoré,2006-05-28,NBA,2026,2026,1,N,,no-S1-match,,1642849,name-+dob
trappge01,George Trapp,1948-07-11,NBA,1972,1977,6,N,78366,name+dob,George Trapp,78366,via-S1-bridge
trappjo01,John Trapp,1945-10-02,ABA|NBA,1969,1973,7,N,78367,name+dob,John Trapp,78367,via-S1-bridge
travelu01,Luke Travers,2001-09-03,NBA,2025,2026,2,N,,no-S1-match,,1631247,name-+dob
traylro01,Robert Traylor,1977-02-01,NBA,1999,2005,7,N,1714,name+dob,Robert Traylor,1714,via-S1-bridge
trentga01,Gary Trent,1974-09-22,NBA,1996,2004,11,N,718,name+dob,Gary Trent,718,via-S1-bridge
trentga02,Gary Trent Jr.,1999-01-18,NBA,2019,2026,10,N,1629018,name+dob,Gary Trent Jr.,1629018,via-S1-bridge
trepaje01,Jeff Trepagnier,1979-07-11,NBA,2002,2004,3,N,2244,name+dob,Jeff Trepagnier,2244,via-S1-bridge
tresvjo01,John Tresvant,1939-11-06,NBA,1965,1973,19,N,78651,name+dob,John Tresvant,78651,via-S1-bridge
trieral01,Allonzo Trier,1996-01-17,NBA,2019,2020,2,N,1629019,name+dob,Allonzo Trier,1629019,via-S1-bridge
triptdi01,Dick Triptow,1922-11-03,BAA|NBA,1949,1950,2,N,78368,name+dob,Dick Triptow,78368,via-S1-bridge
tripuke01,Kelly Tripucka,1959-02-16,NBA,1982,1991,10,N,78369,name+dob,Kelly Tripucka,78369,via-S1-bridge
trybace01,Cezary Trybański,1979-09-22,NBA,2003,2004,4,N,2456,name+dob,Cezary Trybanski,2456,via-S1-bridge
tsakaja01,Jake Tsakalidis,1979-06-10,NBA,2001,2007,9,N,2054,name+dob,Jake Tsakalidis,2054,via-S1-bridge
tschojo01,John Tschogl,1950-04-25,NBA,1973,1975,3,N,78370,name+dob,John Tschogl,78370,via-S1-bridge
tshieos01,Oscar Tshiebwe,1999-11-27,NBA,2024,2026,3,N,,no-S1-match,,1631131,name-+dob
tsiorlo01,Lou Tsioropoulos,1930-08-31,NBA,1957,1959,3,N,78371,name+dob,Lou Tsioropoulos,78371,via-S1-bridge
tskitni01,Nikoloz Tskitishvili,1983-04-14,NBA,2003,2006,8,N,2401,name+dob,Nikoloz Tskitishvili,2401,via-S1-bridge
tuckeal01,Al Tucker,1943-02-24,ABA|NBA,1968,1972,8,N,78372,name+dob,Al Tucker,78372,via-S1-bridge
tuckeal02,Alando Tucker,1984-02-11,NBA,2008,2010,5,N,201169,name+dob,Alando Tucker,201169,via-S1-bridge
tuckean01,Anthony Tucker,1969-04-04,NBA,1995,1995,1,N,141,name+dob,Anthony Tucker,141,via-S1-bridge
tuckeji01,Jim Tucker,1932-12-11,NBA,1955,1957,3,N,78374,name+dob,Jim Tucker,78374,via-S1-bridge
tuckepj01,P.J. Tucker,1985-05-05,NBA,2007,2025,20,N,200782,name+dob,P.J. Tucker,200782,via-S1-bridge
tuckera01,Rayjon Tucker,1997-09-24,NBA,2020,2022,5,N,1629730,name+dob,Rayjon Tucker,1629730,via-S1-bridge
tucketr01,Trent Tucker,1959-12-20,NBA,1983,1993,11,N,78375,name+dob,Trent Tucker,78375,via-S1-bridge
turiaro01,Ronny Turiaf,1983-01-13,NBA,2006,2015,12,N,101142,name+dob,Ronny Turiaf,101142,via-S1-bridge
turkcmi01,Mirsad Türkcan,1976-06-07,NBA,2000,2000,3,N,1726,name+dob,Mirsad Turkcan,1726,via-S1-bridge
turkohe01,Hedo Türkoğlu,1979-03-19,NBA,2001,2015,17,N,2045,name+dob,Hedo Turkoglu,2045,via-S1-bridge
turnean01,Andre Turner,1964-12-13,NBA,1987,1992,8,N,78377,name+dob,Andre Turner,78377,via-S1-bridge
turnebi01,Bill Turner,1944-02-18,NBA,1968,1973,10,N,78385,name+dob,Bill Turner,78385,via-S1-bridge
turneel01,Elston Turner,1959-06-10,NBA,1982,1989,8,N,78378,name+dob,Elston Turner,78378,via-S1-bridge
turneev01,Evan Turner,1988-10-27,NBA,2011,2020,12,N,202323,name+dob,Evan Turner,202323,via-S1-bridge
turnehe02,Henry Turner,1966-08-18,NBA,1990,1995,2,N,78379,name+dob,Henry Turner,78379,via-S1-bridge
turneja01,Jack Turner,1930-06-29,NBA,1955,1955,1,N,78380,name+dob,Jack Turner,78380,via-S1-bridge
turneja02,Jack Turner,1939-06-05,NBA,1962,1962,1,N,78382,name+dob,Jack Turner,78382,via-S1-bridge
turneje01,Jeff Turner,1962-04-09,NBA,1985,1996,10,N,78381,name+dob,Jeff Turner,78381,via-S1-bridge
turnejo01,John Turner,1967-11-30,NBA,1992,1992,1,N,1819,name+dob,John Turner,1819,via-S1-bridge
turnemy01,Myles Turner,1996-03-24,NBA,2016,2026,11,N,1626167,name+dob,Myles Turner,1626167,via-S1-bridge
turnewa01,Wayne Turner,1976-03-22,NBA,2000,2000,1,N,1943,name+dob,Wayne Turner,1943,via-S1-bridge
turpime01,Melvin Turpin,1960-12-28,NBA,1985,1990,5,N,78386,lastname+dob,Mel Turpin,78386,via-S1-bridge
twardda01,Dave Twardzik,1950-09-20,ABA|NBA,1973,1980,4,N,78387,name+dob,Dave Twardzik,78387,via-S1-bridge
twymaja01,Jack Twyman,1934-05-11,NBA,1956,1966,11,N,78388,name+dob,Jack Twyman,78388,via-S1-bridge
tylerbj01,B.J. Tyler,1971-04-30,NBA,1995,1995,1,N,189,name+dob,B.J. Tyler,189,via-S1-bridge
tylerje01,Jeremy Tyler,1991-06-21,NBA,2012,2014,5,N,202719,name+dob,Jeremy Tyler,202719,via-S1-bridge
tylerte01,Terry Tyler,1956-10-30,NBA,1979,1989,11,N,78390,name+dob,Terry Tyler,78390,via-S1-bridge
tyrach01,Charlie Tyra,1935-08-16,NBA,1958,1962,5,N,78391,name+dob,Charlie Tyra,78391,via-S1-bridge
tysonhu01,Hunter Tyson,2000-06-13,NBA,2024,2026,3,N,,no-S1-match,,1641816,name-+dob
tysonja01,Jaylon Tyson,2002-12-02,NBA,2025,2026,2,N,,no-S1-match,,1642281,name-+dob
ubileed01,Edwin Ubiles,1986-11-26,NBA,2012,2012,1,N,202775,name+dob,Edwin Ubiles,202775,via-S1-bridge
udohek01,Ekpe Udoh,1987-05-20,NBA,2011,2019,9,N,202327,name+dob,Ekpe Udoh,202327,via-S1-bridge
udokaim01,Ime Udoka,1977-08-09,NBA,2004,2011,7,N,2137,name+dob,Ime Udoka,2137,via-S1-bridge
udrihbe01,Beno Udrih,1982-07-05,NBA,2005,2017,19,N,2757,name+dob,Beno Udrih,2757,via-S1-bridge
ukicro01,Roko Ukić,1984-05-12,NBA,2009,2010,2,N,101146,DOB-conflict,Roko Ukic,101146,via-S1-bridge
ulisty01,Tyler Ulis,1996-01-05,NBA,2017,2019,3,N,1627755,name+dob,Tyler Ulis,1627755,via-S1-bridge
umudest01,Stanley Umude,1999-04-12,NBA,2023,2026,4,N,1630649,name+dob,Stanley Umude,1630649,via-S1-bridge
unselwe01,Wes Unseld,1946-03-14,NBA,1969,1981,13,N,78392,name+dob,Wes Unseld,78392,via-S1-bridge
uplinha01,Hal Uplinger,1929-09-30,NBA,1954,1954,1,N,78393,name+dob,Hal Uplinger,78393,via-S1-bridge
upshake01,Kelvin Upshaw,1963-01-24,NBA,1989,1991,8,N,78394,name+dob,Kelvin Upshaw,78394,via-S1-bridge
uthofja01,Jarrod Uthoff,1993-05-19,NBA,2017,2020,4,N,1627784,name+dob,Jarrod Uthoff,1627784,via-S1-bridge
uzohbe01,Ben Uzoh,1988-03-19,NBA,2011,2012,4,N,202386,DOB-conflict,Ben Uzoh,202386,via-S1-bridge
valanjo01,Jonas Valančiūnas,1992-05-06,NBA,2013,2026,18,N,202685,name+dob,Jonas Valanciunas,202685,via-S1-bridge
valenda01,Darnell Valentine,1959-02-03,NBA,1982,1991,11,N,78395,name+dob,Darnell Valentine,78395,via-S1-bridge
valende01,Denzel Valentine,1993-11-16,NBA,2017,2022,7,N,1627756,name+dob,Denzel Valentine,1627756,via-S1-bridge
valenro01,Ronnie Valentine,1957-11-27,NBA,1981,1981,1,N,78396,lastname+dob,Ron Valentine,78396,via-S1-bridge
vallejo01,John Vallely,1948-10-03,NBA,1971,1972,4,N,78397,name+dob,John Vallely,78397,via-S1-bridge
vanardi01,Dick Van Arsdale,1943-02-22,NBA,1966,1977,12,N,78398,name+dob,Dick Van Arsdale,78398,via-S1-bridge
vanarto01,Tom Van Arsdale,1943-02-22,NBA,1966,1977,18,N,78399,name+dob,Tom Van Arsdale,78399,via-S1-bridge
vanbrbu01,Butch van Breda Kolff,1922-10-28,BAA|NBA,1947,1950,4,N,78401,name+dob,Butch Van Breda Kolff,78401,via-S1-bridge
vanbrja01,Jan van Breda Kolff,1951-12-16,ABA|NBA,1975,1983,7,N,78400,name+dob,Jan Van Breda Kolff,78400,via-S1-bridge
vancege01,Gene Vance,1923-02-25,BAA|NBA,1948,1952,5,N,78402,name+dob,Gene Vance,78402,via-S1-bridge
vandeer01,Ernie Vandeweghe,1928-09-12,NBA,1950,1956,6,N,78405,name+dob,Ernie Vandeweghe,78405,via-S1-bridge
vandeja01,Jarred Vanderbilt,1999-04-03,NBA,2019,2026,12,N,1629020,name+dob,Jarred Vanderbilt,1629020,via-S1-bridge
vandeki01,Kiki Vandeweghe,1958-08-01,NBA,1981,1993,15,N,78404,name+dob,Kiki Vandeweghe,78404,via-S1-bridge
vandelo01,Logan Vander Velden,1971-04-03,NBA,1996,1996,1,N,78403,lastname+dob,Log Vander Velden,78403,via-S1-bridge
vanexni01,Nick Van Exel,1971-11-27,NBA,1994,2006,15,N,89,name+dob,Nick Van Exel,89,via-S1-bridge
vanhoke01,Keith Van Horn,1975-10-23,NBA,1998,2006,13,N,1496,name+dob,Keith Van Horn,1496,via-S1-bridge
vanlino01,Norm Van Lier,1947-04-01,NBA,1970,1979,12,N,78406,name+dob,Norm Van Lier,78406,via-S1-bridge
vanosni01,Nick Vanos,1963-04-13,NBA,1986,1987,2,N,78407,name+dob,Nick Vanos,78407,via-S1-bridge
vanteda01,David Vanterpool,1973-03-31,NBA,2001,2001,1,N,2128,DOB-conflict,David Vanterpool,2128,via-S1-bridge
vanvlfr01,Fred VanVleet,1994-02-25,NBA,2017,2025,9,N,1627832,name+dob,Fred VanVleet,1627832,via-S1-bridge
vardara01,Ratko Varda,1979-05-06,NBA,2002,2002,1,N,2237,name+dob,Ratko Varda,2237,via-S1-bridge
varejan01,Anderson Varejão,1982-09-28,NBA,2005,2021,16,N,2760,name+dob,Anderson Varejao,2760,via-S1-bridge
varnaja01,Jarvis Varnado,1988-03-01,NBA,2013,2014,6,N,202363,name+dob,Jarvis Varnado,202363,via-S1-bridge
vasqugr01,Greivis Vásquez,1987-01-16,NBA,2011,2017,9,N,202349,name+dob,Greivis Vasquez,202349,via-S1-bridge
vassede01,Devin Vassell,2000-08-23,NBA,2021,2026,6,N,1630170,name+dob,Devin Vassell,1630170,via-S1-bridge
vaughch01,Chico Vaughn,1940-02-19,ABA|NBA,1963,1970,7,N,78409,lastname+dob,Charles Vaughn,78409,via-S1-bridge
vaughda02,David Vaughn,1973-03-23,NBA,1996,1999,7,N,710,name+dob,David Vaughn,710,via-S1-bridge
vaughja01,Jacque Vaughn,1975-02-11,NBA,1998,2009,12,N,1521,name+dob,Jacque Vaughn,1521,via-S1-bridge
vaughlo01,Loy Vaught,1968-02-27,NBA,1991,2001,13,N,919,name+dob,Loy Vaught,919,via-S1-bridge
vaughra01,Rashad Vaughn,1996-08-16,NBA,2016,2018,6,N,1626173,name+dob,Rashad Vaughn,1626173,via-S1-bridge
vaughvi01,Virgil Vaughn,1918-05-15,BAA,1947,1947,1,N,78411,name+dob,Virgil Vaughn,78411,via-S1-bridge
vergabo01,Bob Verga,1945-09-07,ABA|NBA,1968,1974,1,N,78413,name+dob,Bob Verga,78413,via-S1-bridge
verhope01,Pete Verhoeven,1959-02-15,NBA,1982,1987,6,N,78414,lastname+dob,Peter Verhoeven,78414,via-S1-bridge
veselja01,Jan Veselý,1990-04-24,NBA,2012,2014,5,N,202686,name+dob,Jan Vesely,202686,via-S1-bridge
vetragu01,Gundars Vētra,1967-05-22,NBA,1993,1993,1,N,78415,name+dob,Gundars Vetra,78415,via-S1-bridge
vezenal01,Sasha Vezenkov,1995-08-06,NBA,2024,2024,1,N,,no-S1-match,,1628426,name-+dob
viannjo01,João Vianna,1966-11-15,NBA,1992,1992,1,N,78416,name+dob,Joao Vianna,78416,via-S1-bridge
villach01,Charlie Villanueva,1984-08-24,NBA,2006,2016,11,N,101111,name+dob,Charlie Villanueva,101111,via-S1-bridge
vincega01,Gabe Vincent,1996-06-14,NBA,2020,2026,9,N,1629216,name+dob,Gabe Vincent,1629216,via-S1-bridge
vinceja01,Jay Vincent,1959-06-10,NBA,1982,1990,13,N,78418,name+dob,Jay Vincent,78418,via-S1-bridge
vincesa01,Sam Vincent,1963-05-18,NBA,1986,1992,9,N,78417,name+dob,Sam Vincent,78417,via-S1-bridge
vincima01,Marcus Vinicius,1984-05-31,NBA,2007,2008,2,N,200790,name+dob,Marcus Vinicius,200790,via-S1-bridge
vinsofr01,Fred Vinson,1971-01-28,NBA,1995,2000,2,N,1844,name+dob,Fred Vinson,1844,via-S1-bridge
vocega01,Gary Voce,1965-11-24,NBA,1990,1990,1,N,78419,name+dob,Gary Voce,78419,via-S1-bridge
volkefl01,Floyd Volker,1921-06-21,NBA,1950,1950,3,N,78420,name+dob,Floyd Volker,78420,via-S1-bridge
volkoal01,Alexander Volkov,1964-03-29,NBA,1990,1992,2,N,78421,name+dob,Alexander Volkov,78421,via-S1-bridge
vonleno01,Noah Vonleh,1995-08-24,NBA,2015,2023,12,N,203943,name+dob,Noah Vonleh,203943,via-S1-bridge
vonniwh01,Whitey Von Nieda,1922-06-19,NBA,1950,1950,3,N,78422,name+dob,Whitey Von Nieda,78422,via-S1-bridge
voskuja01,Jake Voskuhl,1977-11-01,NBA,2001,2009,9,N,2063,name+dob,Jake Voskuhl,2063,via-S1-bridge
vraneda01,Danny Vranes,1958-10-29,NBA,1982,1988,7,N,78423,name+dob,Danny Vranes,78423,via-S1-bridge
vranesl01,Slavko Vraneš,1983-01-30,NBA,2004,2004,1,N,2582,name+dob,Slavko Vranes,2582,via-S1-bridge
vrankst01,Stojko Vranković,1964-01-22,NBA,1991,1999,5,N,1037,name+dob,Stojko Vrankovic,1037,via-S1-bridge
vromabr01,Brett Vroman,1955-12-25,NBA,1981,1981,1,N,78425,name+dob,Brett Vroman,78425,via-S1-bridge
vromaja01,Jackson Vroman,1981-06-06,NBA,2005,2006,4,N,2761,name+dob,Jackson Vroman,2761,via-S1-bridge
vucevni01,Nikola Vučević,1990-10-24,NBA,2012,2026,19,N,202696,name+dob,Nikola Vucevic,202696,via-S1-bridge
vujacsa01,Sasha Vujačić,1984-03-08,NBA,2005,2017,12,N,2756,name+dob,Sasha Vujacic,2756,via-S1-bridge
vukcetr01,Tristan Vukcevic,2003-03-11,NBA,2024,2026,3,N,,no-S1-match,,1641774,name-+dob
wadede01,Dean Wade,1996-11-20,NBA,2020,2026,7,N,1629731,name+dob,Dean Wade,1629731,via-S1-bridge
wadedw01,Dwyane Wade,1982-01-17,NBA,2004,2019,18,N,2548,name+dob,Dwyane Wade,2548,via-S1-bridge
wadema01,Mark Wade,1965-10-15,NBA,1988,1990,2,N,78426,name+dob,Mark Wade,78426,via-S1-bridge
wafervo01,Von Wafer,1985-07-21,NBA,2006,2012,8,N,101144,name+dob,Von Wafer,101144,via-S1-bridge
wagercl01,Clint Wager,1920-01-20,NBA,1950,1950,1,N,78427,name+dob,Clint Wager,78427,via-S1-bridge
wagneda01,Danny Wagner,1922-08-01,NBA,1950,1950,1,N,78428,name+dob,Danny Wagner,78428,via-S1-bridge
wagneda02,Dajuan Wagner,1983-02-04,NBA,2003,2007,4,N,2402,name+dob,Dajuan Wagner,2402,via-S1-bridge
wagnefr01,Franz Wagner,2001-08-27,NBA,2022,2026,5,N,1630532,name+dob,Franz Wagner,1630532,via-S1-bridge
wagnemi01,Milt Wagner,1963-02-20,NBA,1988,1991,2,N,78429,name+dob,Milt Wagner,78429,via-S1-bridge
wagnemo01,Moritz Wagner,1997-04-26,NBA,2019,2026,11,N,1629021,name+dob,Moritz Wagner,1629021,via-S1-bridge
wainris01,Ish Wainright,1994-09-12,NBA,2022,2024,5,N,1630688,name+dob,Ish Wainright,1630688,via-S1-bridge
waitedi01,Dion Waiters,1991-12-10,NBA,2013,2020,12,N,203079,name+dob,Dion Waiters,203079,via-S1-bridge
waitegr01,Granville Waiters,1961-01-08,NBA,1984,1988,5,N,78430,name+dob,Granville Waiters,78430,via-S1-bridge
wakefan01,Andre Wakefield,1955-01-11,NBA,1979,1980,4,N,78431,name+dob,Andre Wakefield,78431,via-S1-bridge
walkean01,Andy Walker,1955-03-25,NBA,1977,1977,1,N,78433,name+dob,Andy Walker,78433,via-S1-bridge
walkean02,Antoine Walker,1976-08-12,NBA,1997,2008,14,N,952,name+dob,Antoine Walker,952,via-S1-bridge
walkebi01,Henry Walker,1987-10-09,NBA,2009,2015,7,N,201611,name+dob,Henry Walker,201611,via-S1-bridge
walkebr01,Brady Walker,1921-03-15,BAA|NBA,1949,1952,6,N,78434,name+dob,Brady Walker,78434,via-S1-bridge
walkech01,Chet Walker,1940-02-22,NBA,1963,1975,13,N,78435,name+dob,Chet Walker,78435,via-S1-bridge
walkeda01,Darrell Walker,1961-03-09,NBA,1984,1993,12,N,78437,name+dob,Darrell Walker,78437,via-S1-bridge
walkefo01,Foots Walker,1951-05-21,NBA,1975,1984,10,N,78436,name+dob,Foots Walker,78436,via-S1-bridge
walkeho01,Horace Walker,1937-04-17,NBA,1962,1962,1,N,78438,DOB-conflict,Horace Walker,78438,via-S1-bridge
walkeja01,Jabari Walker,2002-07-30,NBA,2023,2026,4,N,1631133,name+dob,Jabari Walker,1631133,via-S1-bridge
walkeja02,Jarace Walker,2003-09-04,NBA,2024,2026,3,N,,no-S1-match,,1641716,name-+dob
walkeji01,Jimmy Walker,1944-04-08,NBA,1968,1976,11,N,78439,name+dob,Jimmy Walker,78439,via-S1-bridge
walkeke01,Kenny Walker,1964-08-18,NBA,1987,1995,7,N,78440,name+dob,Kenny Walker,78440,via-S1-bridge
walkeke02,Kemba Walker,1990-05-08,NBA,2012,2023,12,N,202689,name+dob,Kemba Walker,202689,via-S1-bridge
walkelo01,Lonnie Walker IV,1998-12-14,NBA,2019,2025,7,N,1629022,name+dob,Lonnie Walker IV,1629022,via-S1-bridge
walkemj01,M.J. Walker,1998-03-28,NBA,2022,2022,1,N,1630640,lastname+dob,MJ Walker,1630640,via-S1-bridge
walkeph01,Phil Walker,1956-03-20,NBA,1978,1978,1,N,78441,name+dob,Phil Walker,78441,via-S1-bridge
walkesa01,Samaki Walker,1976-02-25,NBA,1997,2006,10,N,955,name+dob,Samaki Walker,955,via-S1-bridge
walkewa01,Wally Walker,1954-07-18,NBA,1977,1984,10,N,78442,name+dob,Wally Walker,78442,via-S1-bridge
walkne01,Neal Walk,1948-07-29,NBA,1970,1977,10,N,78432,name+dob,Neal Walk,78432,via-S1-bridge
wallabe01,Ben Wallace,1974-09-10,NBA,1997,2012,18,N,1112,name+dob,Ben Wallace,1112,via-S1-bridge
wallaca01,Cason Wallace,2003-11-07,NBA,2024,2026,3,N,,no-S1-match,,1641717,name-+dob
wallage01,Gerald Wallace,1982-07-23,NBA,2002,2015,18,N,2222,name+dob,Gerald Wallace,2222,via-S1-bridge
wallajo01,John Wallace,1974-02-09,NBA,1997,2004,7,N,961,name+dob,John Wallace,961,via-S1-bridge
wallake01,Keaton Wallace,1999-02-26,NBA,2025,2026,2,N,,no-S1-match,,1630811,name-+dob
wallara01,Rasheed Wallace,1974-09-17,NBA,1996,2013,19,N,739,name+dob,Rasheed Wallace,739,via-S1-bridge
wallare01,Red Wallace,1918-07-12,BAA,1947,1947,3,N,78443,lastname+dob,Michael Wallace,78443,via-S1-bridge
wallaty01,Tyrone Wallace,1994-06-10,NBA,2018,2022,4,N,1627820,name+dob,Tyrone Wallace,1627820,via-S1-bridge
walledw01,Dwight Waller,1945-10-05,ABA|NBA,1969,1972,1,N,78444,name+dob,Dwight Waller,78444,via-S1-bridge
walleja01,Jamie Waller,1964-11-20,NBA,1988,1988,1,N,78445,name+dob,Jamie Waller,78445,via-S1-bridge
walljo01,John Wall,1990-09-06,NBA,2011,2023,11,N,202322,name+dob,John Wall,202322,via-S1-bridge
walshji01,Jim Walsh,1930-08-29,NBA,1958,1958,1,N,78446,DOB-conflict,Jim Walsh,78446,via-S1-bridge
walshjo01,Jordan Walsh,2004-03-03,NBA,2024,2026,3,N,,no-S1-match,,1641775,name-+dob
walshma01,Matt Walsh,1982-12-02,NBA,2006,2006,1,N,101190,name+dob,Matt Walsh,101190,via-S1-bridge
walteja01,Ja'Kobe Walter,2004-09-04,NBA,2025,2026,2,N,,no-S1-match,,1642266,name-+dob
waltere01,Rex Walters,1970-03-12,NBA,1994,2000,11,N,777,name+dob,Rex Walters,777,via-S1-bridge
walthis01,Isaac Walthour,1930-08-25,NBA,1954,1954,1,N,,no-S1-match,,,
walthpa01,Paul Walther,1927-03-23,NBA,1950,1955,8,N,78447,name+dob,Paul Walther,78447,via-S1-bridge
waltobi01,Bill Walton,1952-11-05,NBA,1975,1987,10,N,78450,name+dob,Bill Walton,78450,via-S1-bridge
waltode01,Derrick Walton,1995-04-03,NBA,2018,2022,5,N,1628476,name+dob,Derrick Walton Jr.,1628476,via-S1-bridge
waltoll01,Lloyd Walton,1953-11-23,NBA,1977,1981,5,N,78449,name+dob,Lloyd Walton,78449,via-S1-bridge
waltolu01,Luke Walton,1980-03-28,NBA,2004,2013,12,N,2575,name+dob,Luke Walton,2575,via-S1-bridge
wanambr01,Brad Wanamaker,1989-07-25,NBA,2019,2022,8,N,202954,name+dob,Brad Wanamaker,202954,via-S1-bridge
wanzebo01,Bobby Wanzer,1921-06-04,BAA|NBA,1949,1957,9,N,78453,name+dob,Bobby Wanzer,78453,via-S1-bridge
warbipe01,Perry Warbington,1952-09-07,NBA,1975,1975,1,N,78454,name+dob,Perry Warbington,78454,via-S1-bridge
wardch01,Charlie Ward,1970-10-12,NBA,1995,2005,13,N,369,name+dob,Charlie Ward,369,via-S1-bridge
wardge01,Gerry Ward,1941-09-06,NBA,1964,1967,4,N,78455,name+dob,Gerry Ward,78455,via-S1-bridge
wardhe01,Henry Ward,1952-01-30,ABA|NBA,1976,1977,1,N,78456,name+dob,Henry Ward,78456,via-S1-bridge
wareca01,Casper Ware,1990-01-17,NBA,2014,2014,1,N,203810,name+dob,Casper Ware,203810,via-S1-bridge
wareji01,Jim Ware,1944-05-02,ABA|NBA,1967,1969,2,N,78457,name+dob,Jim Ware,78457,via-S1-bridge
wareke01,Kel'el Ware,2004-04-20,NBA,2025,2026,2,N,,no-S1-match,,1642276,name-+dob
warlebe01,Ben Warley,1936-09-04,ABA|NBA,1963,1970,7,N,78458,name+dob,Ben Warley,78458,via-S1-bridge
warlibo01,Bob Warlick,1941-03-20,ABA|NBA,1966,1970,6,N,78459,name+dob,Bob Warlick,78459,via-S1-bridge
warneco01,Cornell Warner,1948-08-12,NBA,1971,1977,11,N,78460,name+dob,Cornell Warner,78460,via-S1-bridge
warneja01,Jameel Warney,1994-01-31,NBA,2018,2018,1,N,1627866,name+dob,Jameel Warney,1627866,via-S1-bridge
warrejo01,John Warren,1947-07-07,NBA,1970,1974,5,N,78461,lastname+dob,Johnny Warren,78461,via-S1-bridge
warretj01,T.J. Warren,1993-09-05,NBA,2015,2024,11,N,203933,name+dob,T.J. Warren,203933,via-S1-bridge
warrewi01,Willie Warren,1989-10-22,NBA,2011,2011,1,N,202378,name+dob,Willie Warren,202378,via-S1-bridge
warribr01,Bryan Warrick,1959-07-22,NBA,1983,1986,6,N,78462,name+dob,Bryan Warrick,78462,via-S1-bridge
warriha01,Hakim Warrick,1982-07-08,NBA,2006,2013,12,N,101124,name+dob,Hakim Warrick,101124,via-S1-bridge
washbch01,Chris Washburn,1965-05-13,NBA,1987,1988,4,N,78463,name+dob,Chris Washburn,78463,via-S1-bridge
washbju01,Julian Washburn,1991-12-18,NBA,2019,2019,1,N,1627395,name+dob,Julian Washburn,1627395,via-S1-bridge
washibo01,Bobby Washington,1947-07-11,ABA|NBA,1970,1972,2,N,78469,name+dob,Bobby Washington,78469,via-S1-bridge
washida01,Darius Washington,1985-12-06,NBA,2008,2008,1,N,200827,name+dob,Darius Washington,200827,via-S1-bridge
washidu01,Duane Washington,1964-08-31,NBA,1988,1993,2,N,78464,name+dob,Duane Washington,78464,via-S1-bridge
washidu02,Duane Washington Jr.,2000-03-24,NBA,2022,2023,2,N,1630613,name+dob,Duane Washington Jr.,1630613,via-S1-bridge
washier01,Eric Washington,1974-03-23,NBA,1998,1999,2,N,1540,DOB-conflict,Eric Washington,1540,via-S1-bridge
washiji01,Jim Washington,1943-07-01,NBA,1966,1976,15,N,78466,name+dob,Jim Washington,78466,via-S1-bridge
washike01,Kermit Washington,1951-09-17,NBA,1974,1988,12,N,78467,name+dob,Kermit Washington,78467,via-S1-bridge
washipe01,Pearl Washington,1964-01-06,NBA,1987,1989,3,N,78465,lastname+dob,Dwayne Washington,78465,via-S1-bridge
washipj01,P.J. Washington,1998-08-23,NBA,2020,2026,9,N,1629023,name+dob,P.J. Washington,1629023,via-S1-bridge
washiri01,Richard Washington,1955-07-15,NBA,1977,1982,8,N,78468,name+dob,Richard Washington,78468,via-S1-bridge
washist01,Stan Washington,1952-01-23,NBA,1975,1975,1,N,78470,name+dob,Stan Washington,78470,via-S1-bridge
washity02,TyTy Washington Jr.,2001-11-15,NBA,2023,2026,4,N,1631102,name+dob,TyTy Washington Jr.,1631102,via-S1-bridge
washiwi01,Wilson Washington,1955-08-03,NBA,1978,1979,4,N,78471,name+dob,Wilson Washington,78471,via-S1-bridge
watanyu01,Yuta Watanabe,1994-10-13,NBA,2019,2024,8,N,1629139,name+dob,Yuta Watanabe,1629139,via-S1-bridge
waterli01,Lindy Waters III,1997-07-28,NBA,2022,2026,7,N,1630322,name+dob,Lindy Waters III,1630322,via-S1-bridge
watertr01,Tremont Waters,1998-01-10,NBA,2020,2022,5,N,1629682,name+dob,Tremont Waters,1629682,via-S1-bridge
watfotr01,Trendon Watford,2000-11-09,NBA,2022,2026,5,N,1630570,name+dob,Trendon Watford,1630570,via-S1-bridge
watkida01,Darryl Watkins,1984-11-08,NBA,2008,2012,2,N,201208,name+dob,Darryl Watkins,201208,via-S1-bridge
watkija01,Jamir Watkins,2001-07-06,NBA,2026,2026,1,N,,no-S1-match,,1642364,name-+dob
watsoan02,Anton Watson,2000-10-06,NBA,2025,2025,1,N,,no-S1-match,,1641817,name-+dob
watsobo01,Bobby Watson,1930-03-22,NBA,1955,1955,3,N,,no-S1-match,,,
watsocj01,C.J. Watson,1984-04-17,NBA,2008,2017,10,N,201228,name+dob,C.J. Watson,201228,via-S1-bridge
watsoea01,Earl Watson,1979-06-12,NBA,2002,2014,15,N,2248,name+dob,Earl Watson,2248,via-S1-bridge
watsoja01,Jamie Watson,1972-02-23,NBA,1995,1999,6,N,320,name+dob,Jamie Watson,320,via-S1-bridge
watsopa01,Paul Watson,1994-12-30,NBA,2020,2022,5,N,1628778,name+dob,Paul Watson,1628778,via-S1-bridge
watsope01,Peyton Watson,2002-09-11,NBA,2023,2026,4,N,1631212,name+dob,Peyton Watson,1631212,via-S1-bridge
wattsro01,Ron Watts,1943-05-21,NBA,1966,1967,2,N,78474,name+dob,Ron Watts,78474,via-S1-bridge
wattssl01,Slick Watts,1951-07-22,NBA,1974,1979,8,N,78473,name+dob,Slick Watts,78473,via-S1-bridge
waynsma01,Maalik Wayns,1991-05-02,NBA,2013,2014,4,N,203146,name+dob,Maalik Wayns,203146,via-S1-bridge
wearda01,David Wear,1990-09-21,NBA,2015,2015,1,N,204033,name+dob,David Wear,204033,via-S1-bridge
weartr01,Travis Wear,1990-09-21,NBA,2015,2018,2,N,204037,name+dob,Travis Wear,204037,via-S1-bridge
weathcl01,Clarence Weatherspoon,1970-09-08,NBA,1993,2005,17,N,221,lastname+dob,Clar. Weatherspoon,221,via-S1-bridge
weathni01,Nick Weatherspoon,1950-07-20,NBA,1974,1980,9,N,78475,name+dob,Nick Weatherspoon,78475,via-S1-bridge
weathqu01,Quinndary Weatherspoon,1996-09-10,NBA,2020,2022,3,N,1629683,name+dob,Quinndary Weatherspoon,1629683,via-S1-bridge
weaveky01,Kyle Weaver,1986-02-18,NBA,2009,2011,3,N,201602,name+dob,Kyle Weaver,201602,via-S1-bridge
webbech01,Chris Webber,1973-03-01,NBA,1994,2008,19,N,185,name+dob,Chris Webber,185,via-S1-bridge
webbja01,James Webb III,1993-08-19,NBA,2018,2018,1,N,1627821,name+dob,James Webb III,1627821,via-S1-bridge
webbje01,Jeff Webb,1948-07-06,NBA,1971,1972,4,N,78477,name+dob,Jeff Webb,78477,via-S1-bridge
webbma01,Marcus Webb,1970-05-09,NBA,1993,1993,1,N,78478,name+dob,Marcus Webb,78478,via-S1-bridge
webbsp01,Spud Webb,1963-07-13,NBA,1986,1998,14,N,892,name+dob,Spud Webb,892,via-S1-bridge
weberbr01,Briante Weber,1992-12-29,NBA,2016,2018,9,N,1627362,name+dob,Briante Weber,1627362,via-S1-bridge
weberja01,Jake Weber,1918-03-18,BAA,1947,1947,3,N,78479,lastname+dob,Forest Weber,78479,via-S1-bridge
webstje01,Jeff Webster,1971-02-19,NBA,1996,1996,1,N,1067,name+dob,Jeff Webster,1067,via-S1-bridge
webstma01,Marvin Webster,1952-04-13,ABA|NBA,1976,1987,9,N,78481,name+dob,Marvin Webster,78481,via-S1-bridge
webstma02,Martell Webster,1986-12-04,NBA,2006,2015,10,N,101110,name+dob,Martell Webster,101110,via-S1-bridge
wedmasc01,Scott Wedman,1952-07-29,NBA,1975,1987,15,N,78482,name+dob,Scott Wedman,78482,via-S1-bridge
weemsso01,Sonny Weems,1986-07-08,NBA,2009,2016,6,N,201603,name+dob,Sonny Weems,201603,via-S1-bridge
wehrdi01,Dick Wehr,1925-12-09,BAA,1949,1949,1,N,78483,name+dob,Dick Wehr,78483,via-S1-bridge
weidnbr01,Brant Weidner,1960-10-28,NBA,1984,1984,1,N,78484,name+dob,Brant Weidner,78484,via-S1-bridge
weissbo01,Bob Weiss,1942-05-07,NBA,1966,1977,14,N,78485,name+dob,Bob Weiss,78485,via-S1-bridge
weitzri01,Rick Weitzman,1946-04-30,NBA,1968,1968,1,N,78486,name+dob,Rick Weitzman,78486,via-S1-bridge
wellsbo01,Bonzi Wells,1976-09-28,NBA,1999,2008,14,N,1719,name+dob,Bonzi Wells,1719,via-S1-bridge
wellsbu01,Bubba Wells,1974-07-26,NBA,1998,1998,1,N,1528,name+dob,Bubba Wells,1528,via-S1-bridge
wellsja01,Jaylen Wells,2003-08-26,NBA,2025,2026,2,N,,no-S1-match,,1642377,name-+dob
wellsow01,Owen Wells,1950-12-09,NBA,1975,1975,1,N,78488,name+dob,Owen Wells,78488,via-S1-bridge
wellsra01,Ralph Wells,1940-09-03,NBA,1963,1963,1,N,78489,name+dob,Ralph Wells,78489,via-S1-bridge
welpch01,Chris Welp,1964-01-02,NBA,1988,1990,5,N,1846,name+dob,Chris Welp,1846,via-S1-bridge
welscji01,Jiří Welsch,1980-01-27,NBA,2003,2006,6,N,2412,name+dob,Jiri Welsch,2412,via-S1-bridge
welshth01,Thomas Welsh,1996-02-03,NBA,2019,2019,1,N,1629118,name+dob,Thomas Welsh,1629118,via-S1-bridge
wembavi01,Victor Wembanyama,2004-01-04,NBA,2024,2026,3,N,,no-S1-match,,1641705,name-+dob
wennibi01,Bill Wennington,1963-04-26,NBA,1986,2000,13,N,82,name+dob,Bill Wennington,82,via-S1-bridge
wenstma01,Matt Wenstrom,1970-11-04,NBA,1994,1994,1,N,78492,name+dob,Matt Wenstrom,78492,via-S1-bridge
werdaro01,Robert Werdann,1970-09-12,NBA,1993,1997,3,N,438,name+dob,Robert Werdann,438,via-S1-bridge
wertira01,Ray Wertis,1923-07-30,BAA,1947,1948,4,N,78494,DOB-conflict,Ray Wertis,78494,via-S1-bridge
weslebl01,Blake Wesley,2003-03-16,NBA,2023,2026,4,N,1631104,name+dob,Blake Wesley,1631104,via-S1-bridge
wesleda01,David Wesley,1970-11-14,NBA,1994,2007,16,N,133,name+dob,David Wesley,133,via-S1-bridge
weslewa01,Walt Wesley,1945-01-25,NBA,1967,1976,14,N,78495,name+dob,Walt Wesley,78495,via-S1-bridge
westbru01,Russell Westbrook,1988-11-12,NBA,2009,2026,20,N,201566,name+dob,Russell Westbrook,201566,via-S1-bridge
westda01,David West,1980-08-29,NBA,2004,2018,15,N,2561,name+dob,David West,2561,via-S1-bridge
westde01,Delonte West,1983-07-26,NBA,2005,2012,10,N,2753,name+dob,Delonte West,2753,via-S1-bridge
westdo01,Doug West,1967-05-27,NBA,1990,2001,12,N,28,name+dob,Doug West,28,via-S1-bridge
westje01,Jerry West,1938-05-28,NBA,1961,1974,14,N,78497,name+dob,Jerry West,78497,via-S1-bridge
westma01,Mark West,1960-11-05,NBA,1984,2000,21,N,770,name+dob,Mark West,770,via-S1-bridge
westma02,Mario West,1984-06-19,NBA,2008,2011,4,N,201238,name+dob,Mario West,201238,via-S1-bridge
westppa01,Paul Westphal,1950-11-30,NBA,1973,1984,12,N,78500,name+dob,Paul Westphal,78500,via-S1-bridge
westro01,Roland West,1944-06-06,NBA,1968,1968,1,N,78499,name+dob,Roland West,78499,via-S1-bridge
wetzejo01,John Wetzel,1944-10-22,NBA,1968,1976,7,N,78501,name+dob,John Wetzel,78501,via-S1-bridge
whalero01,Robert Whaley,1982-04-16,NBA,2006,2006,1,N,101156,name+dob,Robert Whaley,101156,via-S1-bridge
whatlen01,Ennis Whatley,1962-08-11,NBA,1984,1997,13,N,941,name+dob,Ennis Whatley,941,via-S1-bridge
wheatde01,DeJuan Wheat,1973-10-14,NBA,1998,1999,2,N,1545,name+dob,DeJuan Wheat,1545,via-S1-bridge
wheelcl01,Clinton Wheeler,1959-10-27,NBA,1988,1989,4,N,78504,name+dob,Clinton Wheeler,78504,via-S1-bridge
wheelph02,Phillip Wheeler,2002-04-23,NBA,2025,2025,1,N,,no-S1-match,,1630762,name-+dob
wheelty01,Tyson Wheeler,1975-10-08,NBA,1999,1999,1,N,1755,name+dob,Tyson Wheeler,1755,via-S1-bridge
whitask01,Skippy Whitaker,1930-08-29,NBA,1955,1955,1,N,78506,lastname+dob,Lucian Whitaker,78506,via-S1-bridge
whitean01,Andrew White,1993-06-16,NBA,2018,2018,1,N,1628510,name+dob,Andrew White III,1628510,via-S1-bridge
whiteco01,Coby White,2000-02-16,NBA,2020,2026,9,N,1629632,name+dob,Coby White,1629632,via-S1-bridge
whiteda01,Dariq Whitehead,2004-08-01,NBA,2024,2026,3,N,,no-S1-match,,1641727,name-+dob
whitede01,Derrick White,1994-07-02,NBA,2018,2026,11,N,1628401,name+dob,Derrick White,1628401,via-S1-bridge
whitedj01,D.J. White,1986-08-31,NBA,2009,2014,8,N,201591,lastname+dob,DJ White,201591,via-S1-bridge
whitedo01,Donald Whiteside,1969-04-25,NBA,1997,1998,2,N,1126,name+dob,Donald Whiteside,1126,via-S1-bridge
whiteer01,Eric White,1965-12-30,NBA,1988,1989,4,N,78507,name+dob,Eric White,78507,via-S1-bridge
whiteha01,Hassan Whiteside,1989-06-13,NBA,2011,2022,10,N,202355,name+dob,Hassan Whiteside,202355,via-S1-bridge
whitehe01,Herb White,1948-06-15,NBA,1971,1971,1,N,78508,name+dob,Herb White,78508,via-S1-bridge
whitehu01,Hubie White,1940-01-26,ABA|NBA,1963,1971,2,N,78509,name+dob,Hubie White,78509,via-S1-bridge
whiteis01,Isaiah Whitehead,1995-03-08,NBA,2017,2018,2,N,1627785,name+dob,Isaiah Whitehead,1627785,via-S1-bridge
whiteja01,Jahidi White,1976-02-19,NBA,1999,2005,9,N,1751,name+dob,Jahidi White,1751,via-S1-bridge
whiteja02,James White,1982-10-21,NBA,2007,2013,3,N,200778,name+dob,James White,200778,via-S1-bridge
whiteja03,Jack White,1997-08-05,NBA,2023,2024,2,N,1631298,name+dob,Jack White,1631298,via-S1-bridge
whiteje01,Jerome Whitehead,1956-09-30,NBA,1979,1989,18,N,78516,name+dob,Jerome Whitehead,78516,via-S1-bridge
whitejo01,Jo Jo White,1946-11-16,NBA,1970,1981,14,N,78510,lastname+dob,Jojo White,78510,via-S1-bridge
whiteok01,Okaro White,1992-08-13,NBA,2017,2019,3,N,1627855,name+dob,Okaro White,1627855,via-S1-bridge
whitera01,Randy White,1967-11-04,NBA,1990,1994,5,N,1839,name+dob,Randy White,1839,via-S1-bridge
whitero01,Rory White,1959-08-16,NBA,1983,1987,8,N,78512,name+dob,Rory White,78512,via-S1-bridge
whitero02,Rodney White,1980-06-28,NBA,2002,2005,6,N,2206,name+dob,Rodney White,2206,via-S1-bridge
whitero03,Royce White,1991-04-10,NBA,2014,2014,1,N,203091,name+dob,Royce White,203091,via-S1-bridge
whiteru01,Rudy White,1953-06-23,NBA,1976,1981,7,N,78513,name+dob,Rudy White,78513,via-S1-bridge
whiteto01,Tony White,1965-02-15,NBA,1988,1988,4,N,78514,name+dob,Tony White,78514,via-S1-bridge
whitewi01,Willie White,1962-08-20,NBA,1985,1986,2,N,78515,name+dob,Willie White,78515,via-S1-bridge
whitfdw01,Dwayne Whitfield,1972-08-21,NBA,1996,1996,1,N,730,name+dob,Dwayne Whitfield,730,via-S1-bridge
whitmca01,Cam Whitmore,2004-07-08,NBA,2024,2026,3,N,,no-S1-match,,1641715,name-+dob
whitnch01,Chris Whitney,1971-10-05,NBA,1994,2004,13,N,43,name+dob,Chris Whitney,43,via-S1-bridge
whitnha02,Hawkeye Whitney,1957-06-22,NBA,1981,1982,2,N,78519,lastname+dob,Charles Whitney,78519,via-S1-bridge
whittgr01,Greg Whittington,1993-02-07,NBA,2021,2021,1,N,204222,name+dob,Greg Whittington,204222,via-S1-bridge
whittsh01,Shayne Whittington,1991-03-27,NBA,2015,2016,2,N,203963,name+dob,Shayne Whittington,203963,via-S1-bridge
wickssi01,Sidney Wicks,1949-09-19,NBA,1972,1981,10,N,78520,name+dob,Sidney Wicks,78520,via-S1-bridge
wiermu01,Murray Wier,1926-12-12,NBA,1950,1950,1,N,78521,name+dob,Murray Wier,78521,via-S1-bridge
wiesebo01,Bob Wiesenhahn,1938-12-22,NBA,1962,1962,1,N,78522,name+dob,Bob Wiesenhahn,78522,via-S1-bridge
wieskjo01,Joe Wieskamp,1999-08-23,NBA,2022,2023,2,N,1630580,name+dob,Joe Wieskamp,1630580,via-S1-bridge
wiggiaa01,Aaron Wiggins,1999-01-02,NBA,2022,2026,5,N,1630598,name+dob,Aaron Wiggins,1630598,via-S1-bridge
wiggian01,Andrew Wiggins,1995-02-23,NBA,2015,2026,16,N,203952,name+dob,Andrew Wiggins,203952,via-S1-bridge
wiggili01,Lindell Wigginton,1998-03-28,NBA,2022,2024,3,N,1629623,name+dob,Lindell Wigginton,1629623,via-S1-bridge
wiggimi01,Mitchell Wiggins,1959-09-28,NBA,1984,1992,6,N,78523,name+dob,Mitchell Wiggins,78523,via-S1-bridge
wilbuke01,Ken Wilburn,1944-06-08,ABA|NBA,1968,1969,2,N,78524,name+dob,Ken Wilburn,78524,via-S1-bridge
wilcoch01,Chris Wilcox,1982-09-03,NBA,2003,2013,15,N,2404,name+dob,Chris Wilcox,2404,via-S1-bridge
wilcocj01,C.J. Wilcox,1990-12-30,NBA,2015,2017,3,N,203912,name+dob,C.J. Wilcox,203912,via-S1-bridge
wilcudc01,D.C. Wilcutt,1923-03-25,BAA|NBA,1949,1950,2,N,78525,name+dob,D.C. Wilcutt,78525,via-S1-bridge
wileyge01,Gene Wiley,1937-11-12,ABA|NBA,1963,1968,4,N,78526,name+dob,Gene Wiley,78526,via-S1-bridge
wileyja01,Jacob Wiley,1994-09-04,NBA,2018,2018,1,N,1628451,name+dob,Jacob Wiley,1628451,via-S1-bridge
wileymi01,Michael Wiley,1957-10-16,NBA,1981,1982,2,N,78527,name+dob,Michael Wiley,78527,via-S1-bridge
wileymo01,Morlon Wiley,1966-09-24,NBA,1989,1995,16,N,78528,name+dob,Morlon Wiley,78528,via-S1-bridge
wilfowi01,Win Wilfong,1933-03-18,NBA,1958,1961,4,N,78529,DOB-conflict,Win Wilfong,78529,via-S1-bridge
wilkebo01,Bob Wilkerson,1954-08-15,NBA,1977,1983,7,N,78531,name+dob,Bob Wilkerson,78531,via-S1-bridge
wilkeja01,Jamaal Wilkes,1953-05-02,NBA,1975,1986,12,N,78532,name+dob,Jamaal Wilkes,78532,via-S1-bridge
wilkeja02,James Wilkes,1958-04-01,NBA,1981,1983,3,N,78533,DOB-conflict,James Wilkes,78533,via-S1-bridge
wilkele01,Lenny Wilkens,1937-10-28,NBA,1961,1975,15,N,78530,name+dob,Lenny Wilkens,78530,via-S1-bridge
wilkida01,Dale Wilkinson,1960-03-18,NBA,1985,1985,3,N,78538,name+dob,Dale Wilkinson,78538,via-S1-bridge
wilkida02,Damien Wilkins,1980-01-11,NBA,2005,2018,10,N,2863,name+dob,Damien Wilkins,2863,via-S1-bridge
wilkido01,Dominique Wilkins,1960-01-12,NBA,1983,1999,17,N,1122,name+dob,Dominique Wilkins,1122,via-S1-bridge
wilkied01,Eddie Lee Wilkins,1962-05-07,NBA,1985,1993,6,N,78534,lastname+dob,Eddielee Wilkins,78534,via-S1-bridge
wilkige01,Gerald Wilkins,1963-09-11,NBA,1986,1999,13,N,786,name+dob,Gerald Wilkins,786,via-S1-bridge
wilkije01,Jeff Wilkins,1955-03-09,NBA,1981,1986,8,N,78537,name+dob,Jeff Wilkins,78537,via-S1-bridge
wilksmi01,Mike Wilks,1979-05-07,NBA,2003,2010,14,N,2366,name+dob,Mike Wilks,2366,via-S1-bridge
williaa01,Aaron Williams,1971-10-02,NBA,1994,2008,20,N,1425,name+dob,Aaron Williams,1425,via-S1-bridge
willial02,Alvin Williams,1974-08-06,NBA,1998,2007,11,N,1541,name+dob,Alvin Williams,1541,via-S1-bridge
willial03,Alan Williams,1993-01-28,NBA,2016,2019,4,N,1626210,name+dob,Alan Williams,1626210,via-S1-bridge
willial06,Alondes Williams,1999-06-19,NBA,2023,2026,4,N,1631214,name+dob,Alondes Williams,1631214,via-S1-bridge
william01,Amari Williams,2002-01-28,NBA,2026,2026,1,N,,no-S1-match,,1642873,name-+dob
williar01,Art Williams,1939-09-29,ABA|NBA,1968,1975,7,N,78539,lastname+dob,Arthur Williams,78539,via-S1-bridge
willibe01,Bernie Williams,1945-12-30,ABA|NBA,1970,1974,2,N,78540,name+dob,Bernie Williams,78540,via-S1-bridge
willibo01,Bob Williams,1931-05-12,NBA,1956,1957,2,N,78564,name+dob,Bob Williams,78564,via-S1-bridge
willibr01,Brandon Williams,1975-02-27,NBA,1998,2003,3,N,1585,name+dob,Brandon Williams,1585,via-S1-bridge
willibr03,Brandon Williams,1999-11-22,NBA,2022,2026,4,N,1630314,name+dob,Brandon Williams,1630314,via-S1-bridge
willibu01,Buck Williams,1960-03-08,NBA,1982,1998,17,N,433,name+dob,Buck Williams,433,via-S1-bridge
willich02,Chuck Williams,1946-06-06,ABA|NBA,1971,1978,4,N,78547,name+dob,Chuck Williams,78547,via-S1-bridge
willich03,Chuckie Williams,1953-12-31,NBA,1977,1977,1,N,78541,name+dob,Chuckie Williams,78541,via-S1-bridge
willicj01,C.J. Williams,1990-02-06,NBA,2018,2019,2,N,203710,name+dob,C.J. Williams,203710,via-S1-bridge
willicl01,Cliff Williams,1945-04-15,NBA,1969,1969,1,N,78543,name+dob,Cliff Williams,78543,via-S1-bridge
willico01,Corey Williams,1970-04-24,NBA,1993,1994,2,N,101258,DOB-conflict,Corey Williams,101258,via-S1-bridge
willico02,Corliss Williamson,1973-12-04,NBA,1996,2007,16,N,722,name+dob,Corliss Williamson,722,via-S1-bridge
willico04,Cody Williams,2004-11-20,NBA,2025,2026,2,N,,no-S1-match,,1642262,name-+dob
willide01,Deron Williams,1984-06-26,NBA,2006,2017,16,N,101114,name+dob,Deron Williams,101114,via-S1-bridge
willide02,Derrick Williams,1991-05-25,NBA,2012,2018,11,N,202682,name+dob,Derrick Williams,202682,via-S1-bridge
willido02,Donovan Williams,2001-09-06,NBA,2023,2023,1,N,1631495,name+dob,Donovan Williams,1631495,via-S1-bridge
willidu01,Duck Williams,1956-08-02,NBA,1980,1980,1,N,78545,lastname+dob,Don Williams,78545,via-S1-bridge
williea01,Earl Williams,1951-03-24,NBA,1975,1979,4,N,78546,name+dob,Earl Williams,78546,via-S1-bridge
williel01,Elliot Williams,1989-06-20,NBA,2012,2016,6,N,202343,name+dob,Elliot Williams,202343,via-S1-bridge
willier01,Eric Williams,1972-07-17,NBA,1996,2007,18,N,677,name+dob,Eric Williams,677,via-S1-bridge
willifr01,Freeman Williams,1956-05-15,NBA,1979,1986,8,N,78548,name+dob,Freeman Williams,78548,via-S1-bridge
willifr02,Frank Williams,1980-02-25,NBA,2003,2005,3,N,2421,name+dob,Frank Williams,2421,via-S1-bridge
willigr01,Grant Williams,1998-11-30,NBA,2020,2026,9,N,1629684,name+dob,Grant Williams,1629684,via-S1-bridge
willigu01,Gus Williams,1953-10-10,NBA,1976,1987,11,N,78549,name+dob,Gus Williams,78549,via-S1-bridge
willigu02,Guy Williams,1960-07-01,NBA,1985,1986,2,N,78550,name+dob,Guy Williams,78550,via-S1-bridge
willihe01,Herb Williams,1958-02-16,NBA,1982,1999,22,N,1006,name+dob,Herb Williams,1006,via-S1-bridge
williho01,Hot Rod Williams,1962-08-09,NBA,1987,1999,13,N,73,name+dob,Hot Rod Williams,73,via-S1-bridge
willija01,Jayson Williams,1968-02-22,NBA,1991,1999,9,N,420,name+dob,Jayson Williams,420,via-S1-bridge
willija02,Jason Williams,1975-11-18,NBA,1999,2011,14,N,1715,name+dob,Jason Williams,1715,via-S1-bridge
willija03,Jay Williams,1981-09-10,NBA,2003,2003,1,N,2398,name+dob,Jay Williams,2398,via-S1-bridge
willija04,Jawad Williams,1983-02-19,NBA,2009,2011,3,N,101214,name+dob,Jawad Williams,101214,via-S1-bridge
willija06,Jalen Williams,2001-04-14,NBA,2023,2026,4,N,1631114,name+dob,Jalen Williams,1631114,via-S1-bridge
willija07,Jaylin Williams,2002-06-29,NBA,2023,2026,4,N,1631119,name+dob,Jaylin Williams,1631119,via-S1-bridge
willije01,Jerome Williams,1973-05-10,NBA,1997,2005,13,N,966,name+dob,Jerome Williams,966,via-S1-bridge
willije02,Nate Williams,1999-02-12,NBA,2023,2026,4,N,1631466,name+dob,,1631466,via-S1-bridge
willijo01,John Williamson,1951-11-10,ABA|NBA,1974,1981,11,N,78575,name+dob,John Williamson,78575,via-S1-bridge
willijo02,John Williams,1966-10-26,NBA,1987,1995,8,N,78554,name+dob,John Williams,78554,via-S1-bridge
willijo03,Jordan Williams,1990-10-11,NBA,2012,2012,1,N,202716,name+dob,Jordan Williams,202716,via-S1-bridge
willijo04,Johnathan Williams,1995-05-22,NBA,2019,2020,2,N,1629140,name+dob,Johnathan Williams,1629140,via-S1-bridge
williju01,Justin Williams,1984-05-12,NBA,2007,2008,4,N,200818,name+dob,Justin Williams,200818,via-S1-bridge
willike01,Kevin Williams,1961-09-11,NBA,1984,1989,7,N,78556,name+dob,Kevin Williams,78556,via-S1-bridge
willike02,Kevin Willis,1962-09-06,NBA,1985,2007,27,N,788,name+dob,Kevin Willis,788,via-S1-bridge
willike03,Kenny Williams,1969-06-09,NBA,1991,1994,4,N,78555,name+dob,Kenny Williams,78555,via-S1-bridge
willike04,Kenrich Williams,1994-12-02,NBA,2019,2026,8,N,1629026,name+dob,Kenrich Williams,1629026,via-S1-bridge
willilo01,Lorenzo Williams,1969-07-15,NBA,1993,2000,13,N,31,name+dob,Lorenzo Williams,31,via-S1-bridge
willilo02,Lou Williams,1986-10-27,NBA,2006,2022,21,N,101150,name+dob,Lou Williams,101150,via-S1-bridge
willilu01,Lucas Williamson,1999-01-28,NBA,2026,2026,1,N,,no-S1-match,,,
willima01,Mo Williams,1982-12-19,NBA,2004,2016,17,N,2590,name+dob,Mo Williams,2590,via-S1-bridge
willima02,Marvin Williams,1986-06-19,NBA,2006,2020,17,N,101107,name+dob,Marvin Williams,101107,via-S1-bridge
willima03,Marcus Williams,1985-12-03,NBA,2007,2010,4,N,200766,name+dob,Marcus Williams,200766,via-S1-bridge
willima04,Marcus Williams,1986-11-18,NBA,2008,2009,4,N,201173,name+dob,Marcus Williams,201173,via-S1-bridge
willima05,Matt Williams,1993-10-14,NBA,2018,2018,1,N,1628475,name+dob,Matt Williams Jr.,1628475,via-S1-bridge
willima07,Mark Williams,2001-12-16,NBA,2023,2026,4,N,1631109,name+dob,Mark Williams,1631109,via-S1-bridge
willima11,Malik Williams,1998-08-26,NBA,2024,2024,1,N,,no-S1-match,,1642013,name-+dob
willimi01,Milt Williams,1945-11-22,ABA|NBA,1971,1975,3,N,78560,name+dob,Milt Williams,78560,via-S1-bridge
willimi02,Micheal Williams,1966-07-23,NBA,1989,1999,12,N,52,name+dob,Micheal Williams,52,via-S1-bridge
willimi03,Mike Williams,1963-08-14,NBA,1990,1990,3,N,78558,name+dob,Mike Williams,78558,via-S1-bridge
willimo01,Monty Williams,1971-10-08,NBA,1995,2003,11,N,42,name+dob,Monty Williams,42,via-S1-bridge
willina01,Nate Williams,1950-05-02,NBA,1972,1979,12,N,78561,name+dob,Nate Williams,78561,via-S1-bridge
willini01,Nigel Williams-Goss,1994-09-16,NBA,2020,2020,1,N,1628430,name+dob,Nigel Williams-Goss,1628430,via-S1-bridge
willipa01,Patrick Williams,2001-08-26,NBA,2021,2026,6,N,1630172,name+dob,Patrick Williams,1630172,via-S1-bridge
willipe01,Pete Williams,1965-03-10,NBA,1986,1987,2,N,78566,name+dob,Pete Williams,78566,via-S1-bridge
willira01,Ray Williams,1954-10-14,NBA,1978,1987,13,N,78571,name+dob,Ray Williams,78571,via-S1-bridge
willire01,Reggie Williams,1964-03-05,NBA,1988,1997,17,N,199,name+dob,Reggie Williams,199,via-S1-bridge
willire02,Reggie Williams,1986-09-14,NBA,2010,2017,7,N,202130,name+dob,Reggie Williams,202130,via-S1-bridge
williri01,Rickey Williams,1957-03-12,NBA,1983,1983,1,N,78563,name+dob,Rickey Williams,78563,via-S1-bridge
williro01,Ron Williams,1944-09-24,NBA,1969,1976,8,N,78567,name+dob,Ron Williams,78567,via-S1-bridge
williro02,Rob Williams,1961-05-05,NBA,1983,1984,2,N,78565,name+dob,Rob Williams,78565,via-S1-bridge
williro04,Robert Williams,1997-10-17,NBA,2019,2026,8,N,1629057,name+dob,Robert Williams III,1629057,via-S1-bridge
willisa01,Sam Williams,1945-01-22,NBA,1969,1970,2,N,78568,name+dob,Sam Williams,78568,via-S1-bridge
willisa02,Sam Williams,1959-03-07,NBA,1982,1985,6,N,78569,lastname+dob,Samuel Williams,78569,via-S1-bridge
willisc01,Scott Williams,1968-03-21,NBA,1991,2005,19,N,281,name+dob,Scott Williams,281,via-S1-bridge
willise01,Sean Williams,1986-09-13,NBA,2008,2012,6,N,201157,name+dob,Sean Williams,201157,via-S1-bridge
willish01,Shammond Williams,1975-04-05,NBA,1999,2007,11,N,1742,name+dob,Shammond Williams,1742,via-S1-bridge
willish02,Shelden Williams,1983-10-21,NBA,2007,2012,12,N,200749,name+dob,Shelden Williams,200749,via-S1-bridge
willish03,Shawne Williams,1986-02-16,NBA,2007,2015,9,N,200761,name+dob,Shawne Williams,200761,via-S1-bridge
willisl01,Sly Williams,1958-01-26,NBA,1980,1986,7,N,78570,name+dob,Sly Williams,78570,via-S1-bridge
willite01,Terrence Williams,1987-06-28,NBA,2010,2013,8,N,201944,name+dob,Terrence Williams,201944,via-S1-bridge
willitr01,Travis Williams,1969-05-27,NBA,1998,1999,2,N,1576,name+dob,Travis Williams,1576,via-S1-bridge
willitr02,Troy Williams,1994-12-30,NBA,2017,2019,7,N,1627786,name+dob,Troy Williams,1627786,via-S1-bridge
willivi01,Vince Williams Jr.,2000-08-30,NBA,2023,2026,6,N,1631246,name+dob,Vince Williams Jr.,1631246,via-S1-bridge
williwa01,Ward Williams,1923-06-26,BAA,1949,1949,1,N,78573,name+dob,Ward Williams,78573,via-S1-bridge
williwa02,Walt Williams,1970-04-16,NBA,1993,2003,15,N,1005,name+dob,Walt Williams,1005,via-S1-bridge
williwi01,Willie Williams,1946-07-28,NBA,1971,1971,3,N,78574,name+dob,Willie Williams,78574,via-S1-bridge
willizi01,Zion Williamson,2000-07-06,NBA,2020,2026,6,N,1629627,name+dob,Zion Williamson,1629627,via-S1-bridge
willizi02,Ziaire Williams,2001-09-12,NBA,2022,2026,5,N,1630533,name+dob,Ziaire Williams,1630533,via-S1-bridge
willobi01,Bill Willoughby,1957-05-20,NBA,1976,1984,10,N,78577,name+dob,Bill Willoughby,78577,via-S1-bridge
willode01,Dedric Willoughby,1974-05-27,NBA,2000,2000,1,N,2000,name+dob,Dedric Willoughby,2000,via-S1-bridge
wilsobo01,Bob Wilson,1926-03-08,NBA,1952,1952,1,N,78586,name+dob,Bob Wilson,78586,via-S1-bridge
wilsobo03,Bobby Wilson,1951-01-15,NBA,1975,1978,4,N,78585,name+dob,Bobby Wilson,78585,via-S1-bridge
wilsobu01,Bubba Wilson,1955-08-07,NBA,1980,1980,1,N,78587,lastname+dob,Thomas Wilson,78587,via-S1-bridge
wilsodj01,D.J. Wilson,1996-02-19,NBA,2018,2024,8,N,1628391,name+dob,D.J. Wilson,1628391,via-S1-bridge
wilsoge01,George Wilson,1942-05-09,NBA,1965,1971,11,N,78579,name+dob,George Wilson,78579,via-S1-bridge
wilsois01,Isaiah Wilson,1948-05-31,ABA|NBA,1972,1973,1,N,78580,name+dob,Isaiah Wilson,78580,via-S1-bridge
wilsoja02,Jamil Wilson,1990-11-21,NBA,2018,2018,1,N,203966,name+dob,Jamil Wilson,203966,via-S1-bridge
wilsoja03,Jalen Wilson,2000-11-04,NBA,2024,2026,3,N,,no-S1-match,,1630592,name-+dob
wilsomi01,Michael Wilson,1959-09-15,NBA,1984,1987,7,N,78581,lastname+dob,Mike Wilson,78581,via-S1-bridge
wilsoni01,Nikita Wilson,1964-02-25,NBA,1988,1988,1,N,78582,name+dob,Nikita Wilson,78582,via-S1-bridge
wilsoot01,Othell Wilson,1961-10-26,NBA,1985,1987,2,N,78578,name+dob,Othell Wilson,78578,via-S1-bridge
wilsori01,Rick Wilson,1956-02-07,NBA,1979,1980,2,N,78583,name+dob,Rick Wilson,78583,via-S1-bridge
wilsori02,Ricky Wilson,1964-07-16,NBA,1988,1988,3,N,78584,name+dob,Ricky Wilson,78584,via-S1-bridge
wilsotr01,Trevor Wilson,1968-03-16,NBA,1991,1996,6,N,1027,name+dob,Trevor Wilson,1027,via-S1-bridge
wiltjky01,Kyle Wiltjer,1992-10-20,NBA,2017,2017,1,N,1627787,name+dob,Kyle Wiltjer,1627787,via-S1-bridge
winchke01,Kennard Winchester,1966-09-03,NBA,1991,1993,5,N,78589,name+dob,Kennard Winchester,78589,via-S1-bridge
windito01,Tony Windis,1933-01-27,NBA,1960,1960,1,N,78590,name+dob,Tony Windis,78590,via-S1-bridge
windldy01,Dylan Windler,1996-09-22,NBA,2021,2024,7,N,1629685,name+dob,Dylan Windler,1629685,via-S1-bridge
windsjo01,John Windsor,1940-04-03,NBA,1964,1964,1,N,78591,name+dob,John Windsor,78591,via-S1-bridge
winfile01,Lee Winfield,1947-02-04,NBA,1970,1976,7,N,78592,name+dob,Lee Winfield,78592,via-S1-bridge
wingada01,David Wingate,1963-12-15,NBA,1987,2001,15,N,766,name+dob,David Wingate,766,via-S1-bridge
wingfdo01,Dontonio Wingfield,1974-06-23,NBA,1995,1998,4,N,112,name+dob,Dontonio Wingfield,112,via-S1-bridge
wingoha01,Harthorne Wingo,1947-09-09,NBA,1973,1976,4,N,78596,name+dob,Harthorne Wingo,78596,via-S1-bridge
winklma01,Marv Winkler,1948-02-18,ABA|NBA,1971,1972,1,N,78597,name+dob,Marv Winkler,78597,via-S1-bridge
winslju01,Justise Winslow,1996-03-26,NBA,2016,2023,10,N,1626159,name+dob,Justise Winslow,1626159,via-S1-bridge
winslri01,Rickie Winslow,1964-07-26,NBA,1988,1988,1,N,1984,name+dob,Rickie Winslow,1984,via-S1-bridge
winstca01,Cassius Winston,1998-02-28,NBA,2021,2022,2,N,1630216,name+dob,Cassius Winston,1630216,via-S1-bridge
wintebr01,Brian Winters,1952-03-01,NBA,1975,1983,9,N,78600,name+dob,Brian Winters,78600,via-S1-bridge
wintetr01,Trevor Winter,1974-01-07,NBA,1999,1999,1,N,1868,name+dob,Trevor Winter,1868,via-S1-bridge
wintevo01,Voise Winters,1962-10-12,NBA,1986,1986,1,N,78601,name+dob,Voise Winters,78601,via-S1-bridge
wisemja01,James Wiseman,2001-03-31,NBA,2021,2026,7,N,1630164,name+dob,James Wiseman,1630164,via-S1-bridge
wisewi01,Willie Wise,1947-03-03,ABA|NBA,1970,1978,2,N,78602,name+dob,Willie Wise,78602,via-S1-bridge
witheje01,Jeff Withey,1990-03-07,NBA,2014,2018,5,N,203481,name+dob,Jeff Withey,203481,via-S1-bridge
wittelu01,Luke Witte,1950-10-19,NBA,1974,1976,3,N,78603,name+dob,Luke Witte,78603,via-S1-bridge
wittmra01,Randy Wittman,1959-10-28,NBA,1984,1992,11,N,1456,name+dob,Randy Wittman,1456,via-S1-bridge
wittsga01,Garry Witts,1959-07-03,NBA,1982,1982,1,N,78605,name+dob,Garry Witts,78605,via-S1-bridge
wohlda01,Dave Wohl,1949-11-02,NBA,1972,1978,13,N,78606,name+dob,Dave Wohl,78606,via-S1-bridge
wolfda01,Danny Wolf,2004-05-05,NBA,2026,2026,1,N,,no-S1-match,,1642874,name-+dob
wolfjo01,Joe Wolf,1964-12-17,NBA,1988,1999,15,N,341,name+dob,Joe Wolf,341,via-S1-bridge
wolkoru01,Rubén Wolkowyski,1973-09-30,NBA,2001,2003,2,N,2106,name+dob,Ruben Wolkowyski,2106,via-S1-bridge
woltena01,Nate Wolters,1991-05-15,NBA,2014,2018,5,N,203489,name+dob,Nate Wolters,203489,via-S1-bridge
wongis01,Isaiah Wong,2001-01-28,NBA,2024,2025,2,N,,no-S1-match,,1631209,name-+dob
woodal01,Al Wood,1958-06-02,NBA,1982,1987,8,N,78610,name+dob,Al Wood,78610,via-S1-bridge
woodaro01,Robert Woodard II,1999-09-22,NBA,2021,2022,2,N,1630218,name+dob,Robert Woodard II,1630218,via-S1-bridge
woodbo01,Bob Wood,1921-10-07,NBA,1950,1950,1,N,78612,name+dob,Bob Wood,78612,via-S1-bridge
woodch01,Christian Wood,1995-09-27,NBA,2016,2024,10,N,1626174,name+dob,Christian Wood,1626174,via-S1-bridge
woodda01,David Wood,1964-11-30,NBA,1989,1997,10,N,116,name+dob,David Wood,116,via-S1-bridge
woodho01,Howard Wood,1959-05-20,NBA,1982,1982,1,N,78609,name+dob,Howard Wood,78609,via-S1-bridge
woodle01,Leon Wood,1962-03-25,NBA,1985,1991,10,N,78611,name+dob,Leon Wood,78611,via-S1-bridge
woodslo01,Loren Woods,1978-06-21,NBA,2002,2008,6,N,2254,name+dob,Loren Woods,2254,via-S1-bridge
woodsmi01,Mike Woodson,1958-03-24,NBA,1981,1991,15,N,78614,name+dob,Mike Woodson,78614,via-S1-bridge
woodsqy01,Qyntel Woods,1981-02-16,NBA,2003,2006,4,N,2417,name+dob,Qyntel Woods,2417,via-S1-bridge
woodsra01,Randy Woods,1970-09-23,NBA,1993,1996,4,N,1010,name+dob,Randy Woods,1010,via-S1-bridge
woolror01,Orlando Woolridge,1959-12-16,NBA,1982,1994,15,N,78615,name+dob,Orlando Woolridge,78615,via-S1-bridge
workmha01,Haywoode Workman,1966-01-23,NBA,1990,2000,10,N,906,name+dob,Haywoode Workman,906,via-S1-bridge
workmma01,Mark Workman,1930-03-10,NBA,1953,1954,4,N,78616,name+dob,Mark Workman,78616,via-S1-bridge
workmto01,Tom Workman,1944-11-14,ABA|NBA,1968,1971,5,N,78617,name+dob,Tom Workman,78617,via-S1-bridge
worthja01,James Worthy,1961-02-27,NBA,1983,1994,12,N,1460,name+dob,James Worthy,1460,via-S1-bridge
worthsa01,Sam Worthen,1958-01-17,NBA,1981,1982,2,N,78618,name+dob,Sam Worthen,78618,via-S1-bridge
wrighan01,Antoine Wright,1984-02-06,NBA,2006,2011,8,N,101120,name+dob,Antoine Wright,101120,via-S1-bridge
wrighbr01,Brad Wright,1962-03-26,NBA,1987,1988,2,N,78620,name+dob,Brad Wright,78620,via-S1-bridge
wrighbr02,Bracey Wright,1984-07-01,NBA,2006,2007,2,N,101152,name+dob,Bracey Wright,101152,via-S1-bridge
wrighbr03,Brandan Wright,1987-10-05,NBA,2008,2018,17,N,201148,name+dob,Brandan Wright,201148,via-S1-bridge
wrighch01,Chris Wright,1988-09-30,NBA,2012,2014,2,N,202874,name+dob,Chris Wright,202874,via-S1-bridge
wrighch02,Chris Wright,1989-11-04,NBA,2013,2013,1,N,203203,name+dob,Chris Wright,203203,via-S1-bridge
wrighde01,Delon Wright,1992-04-26,NBA,2016,2025,18,N,1626153,name+dob,Delon Wright,1626153,via-S1-bridge
wrighdo01,Dorell Wright,1985-12-02,NBA,2005,2015,11,N,2748,name+dob,Dorell Wright,2748,via-S1-bridge
wrighho02,Howard Wright,1967-12-20,NBA,1991,1993,5,N,78621,name+dob,Howard Wright,78621,via-S1-bridge
wrighjo01,Joby Wright,1950-09-05,ABA|NBA,1973,1976,1,N,78622,name+dob,Joby Wright,78622,via-S1-bridge
wrighju01,Julian Wright,1987-05-20,NBA,2008,2011,4,N,201153,name+dob,Julian Wright,201153,via-S1-bridge
wrighju02,Justin Wright-Foreman,1997-10-27,NBA,2020,2020,1,N,1629625,name+dob,Justin Wright-Foreman,1629625,via-S1-bridge
wrighla01,Larry Wright,1954-11-23,NBA,1977,1982,6,N,78623,name+dob,Larry Wright,78623,via-S1-bridge
wrighlo02,Lorenzen Wright,1975-11-04,NBA,1997,2009,15,N,953,name+dob,Lorenzen Wright,953,via-S1-bridge
wrighlu01,Luther Wright,1971-09-22,NBA,1994,1994,1,N,1007,name+dob,Luther Wright,1007,via-S1-bridge
wrighmc01,McKinley Wright IV,1998-10-25,NBA,2022,2023,2,N,1630593,name+dob,McKinley Wright IV,1630593,via-S1-bridge
wrighmo01,Moses Wright,1998-12-23,NBA,2022,2022,3,N,1630589,name+dob,Moses Wright,1630589,via-S1-bridge
wrighsh01,Sharone Wright,1973-01-30,NBA,1995,1998,6,N,412,name+dob,Sharone Wright,412,via-S1-bridge
wroteto01,Tony Wroten,1993-04-13,NBA,2013,2016,4,N,203100,name+dob,Tony Wroten,203100,via-S1-bridge
wyndeaj01,A.J. Wynder,1964-09-11,NBA,1991,1991,1,N,78627,name+dob,A.J. Wynder,78627,via-S1-bridge
yabusgu01,Guerschon Yabusele,1995-12-17,NBA,2018,2026,6,N,1627824,name+dob,Guerschon Yabusele,1627824,via-S1-bridge
yangha01,Yang Hansen,2005-06-26,NBA,2026,2026,1,N,,no-S1-match,,1642905,name-+dob
yarbrvi01,Vincent Yarbrough,1981-03-21,NBA,2003,2003,1,N,2428,name+dob,Vincent Yarbrough,2428,via-S1-bridge
yardlge01,George Yardley,1928-11-03,NBA,1954,1960,9,N,78628,name+dob,George Yardley,78628,via-S1-bridge
yatesba01,Barry Yates,1946-01-30,NBA,1972,1972,1,N,78629,name+dob,Barry Yates,78629,via-S1-bridge
yateswa01,Wayne Yates,1937-11-07,NBA,1962,1962,1,N,78630,name+dob,Wayne Yates,78630,via-S1-bridge
yelvech01,Charlie Yelverton,1948-12-05,NBA,1972,1972,1,N,78631,name+dob,Charlie Yelverton,78631,via-S1-bridge
yonakri01,Rich Yonakor,1958-10-03,NBA,1982,1982,1,N,78632,name+dob,Rich Yonakor,78632,via-S1-bridge
yorkga01,Gabe York,1993-08-02,NBA,2022,2023,2,N,1628221,name+dob,Gabe York,1628221,via-S1-bridge
youngch01,Chris Youngblood,2002-02-09,NBA,2026,2026,3,N,,no-S1-match,,1642959,name-+dob
youngda01,Danny Young,1962-07-26,NBA,1985,1995,12,N,78633,name+dob,Danny Young,78633,via-S1-bridge
youngja01,James Young,1995-08-16,NBA,2015,2018,4,N,203923,name+dob,James Young,203923,via-S1-bridge
youngja05,Jahmir Young,2000-10-07,NBA,2025,2026,2,N,,no-S1-match,,1642443,name-+dob
youngjo01,Joe Young,1992-06-27,NBA,2016,2018,3,N,1626202,name+dob,Joe Young,1626202,via-S1-bridge
youngko01,Korleone Young,1978-12-31,NBA,1999,1999,1,N,1748,name+dob,Korleone Young,1748,via-S1-bridge
youngmi01,Michael Young,1961-01-02,NBA,1985,1990,3,N,78634,name+dob,Michael Young,78634,via-S1-bridge
youngni01,Nick Young,1985-06-01,NBA,2008,2019,14,N,201156,name+dob,Nick Young,201156,via-S1-bridge
youngpe01,Perry Young,1963-08-04,NBA,1987,1987,3,N,78635,name+dob,Perry Young,78635,via-S1-bridge
youngsa01,Sam Young,1985-06-01,NBA,2010,2013,6,N,201970,name+dob,Sam Young,201970,via-S1-bridge
youngth01,Thaddeus Young,1988-06-21,NBA,2008,2024,23,N,201152,name+dob,Thaddeus Young,201152,via-S1-bridge
youngti01,Tim Young,1976-02-06,NBA,2000,2000,1,N,1937,name+dob,Tim Young,1937,via-S1-bridge
youngtr01,Trae Young,1998-09-19,NBA,2019,2026,10,N,1629027,name+dob,Trae Young,1629027,via-S1-bridge
yuesu01,Sun Yue,1985-11-06,NBA,2009,2009,1,N,201180,name+dob,Sun Yue,201180,via-S1-bridge
yurtsom01,Omer Yurtseven,1998-06-19,NBA,2022,2026,4,N,1630209,name+dob,Omer Yurtseven,1630209,via-S1-bridge
zasloma01,Max Zaslofsky,1925-12-07,BAA|NBA,1947,1956,13,N,78638,name+dob,Max Zaslofsky,78638,via-S1-bridge
zawolze01,Zeke Zawoluk,1930-10-13,NBA,1953,1955,3,N,78639,lastname+dob,Robert Zawoluk,78639,via-S1-bridge
zelleco01,Cody Zeller,1992-10-05,NBA,2014,2024,11,N,203469,name+dob,Cody Zeller,203469,via-S1-bridge
zelleda01,Dave Zeller,1939-06-08,NBA,1962,1962,1,N,78640,name+dob,Dave Zeller,78640,via-S1-bridge
zellega01,Gary Zeller,1947-11-20,ABA|NBA,1971,1972,2,N,78641,name+dob,Gary Zeller,78641,via-S1-bridge
zelleha01,Harry Zeller,1919-07-10,BAA,1947,1947,1,N,78642,initial-surname+dob-window,Hank Zeller,78642,via-S1-bridge
zellelu01,Luke Zeller,1987-04-07,NBA,2013,2013,1,N,202545,name+dob,Luke Zeller,202545,via-S1-bridge
zellety01,Tyler Zeller,1990-01-17,NBA,2013,2020,12,N,203092,name+dob,Tyler Zeller,203092,via-S1-bridge
zenoto01,Tony Zeno,1957-10-01,NBA,1980,1980,1,N,78643,name+dob,Tony Zeno,78643,via-S1-bridge
zevenph01,Phil Zevenbergen,1964-04-13,NBA,1988,1988,1,N,78644,name+dob,Phil Zevenbergen,78644,via-S1-bridge
zhizhwa01,Wang Zhizhi,1977-07-08,NBA,2001,2005,7,N,1917,name+dob,Wang Zhi-zhi,1917,via-S1-bridge
zidekge01,George Zídek,1973-08-02,NBA,1996,1998,7,N,678,name+dob,George Zidek,678,via-S1-bridge
zikarro01,Rocco Zikarsky,2006-07-11,NBA,2026,2026,1,N,,no-S1-match,,1642911,name-+dob
zimmede01,Derrick Zimmerman,1981-12-02,NBA,2006,2006,1,N,2583,name+dob,Derrick Zimmerman,2583,via-S1-bridge
zimmest01,Stephen Zimmerman,1996-09-09,NBA,2017,2017,1,N,1627757,name+dob,Stephen Zimmerman,1627757,via-S1-bridge
zipsepa01,Paul Zipser,1994-02-18,NBA,2017,2018,2,N,1627835,name+dob,Paul Zipser,1627835,via-S1-bridge
zizican01,Ante Žižić,1997-01-04,NBA,2018,2020,3,N,1627790,name+dob,Ante Zizic,1627790,via-S1-bridge
zoetji01,Jim Zoet,1953-12-20,NBA,1983,1983,1,N,78647,DOB-conflict,Jim Zoet,78647,via-S1-bridge
zopfbi01,Bill Zopf,1948-06-07,NBA,1971,1971,1,N,78648,name+dob,Bill Zopf,78648,via-S1-bridge
zubaciv01,Ivica Zubac,1997-03-18,NBA,2017,2026,14,N,1627826,name+dob,Ivica Zubac,1627826,via-S1-bridge
zunicma01,Matt Zunic,1919-12-19,BAA,1949,1949,1,N,78650,name+dob,Matt Zunic,78650,via-S1-bridge
