source,class,display_name,source_id,other_id,other_name,detail
S1,DOB-conflict,Bill Laimbeer,100263,laimbbi01,Bill Laimbeer,bill laimbeer
S1,DOB-conflict,Roko Ukic,101146,ukicro01,Roko Ukić,roko ukic
S1,DOB-conflict,Dijon Thompson,101159,thompdi01,Dijon Thompson,dijon thompson
S1,DOB-conflict,Luke Schenscher,101195,schenlu01,Luke Schenscher,luke schenscher
S1,DOB-conflict,Kevin Burleson,101207,burleke01,Kevin Burleson,kevin burleson
S1,DOB-conflict,Boniface Ndong,101238,ndongbo01,Boniface N'Dong,boniface ndong
S1,DOB-conflict,Corey Williams,101258,willico01,Corey Williams,corey williams
S1,DOB-conflict,Greg Dreiling,1068,dreilgr01,Greg Dreiling,greg dreiling
S1,DOB-conflict,Devin Gray,1070,grayde01,Devin Gray,devin gray
S1,DOB-conflict,Ray Owes,1077,owesra01,Ray Owes,ray owes
S1,DOB-conflict,Gaylon Nickerson,1093,nickega01,Gaylon Nickerson,gaylon nickerson
S1,DOB-conflict,James Scott,1109,scottja01,James Scott,james scott
S1,DOB-conflict,Dwayne Morton,132,mortodw01,Dwayne Morton,dwayne morton
S1,DOB-conflict,Marko Milic,1527,milicma01,Marko Milič,marko milic
S1,DOB-conflict,Eric Washington,1540,washier01,Eric Washington,eric washington
S1,DOB-conflict,Chris Garner,1612,garnech01,Chris Garner,chris garner
S1,DOB-conflict,Ike Anigbogu,1628387,anigbik01,Ike Anigbogu,ike anigbogu
S1,DOB-conflict,Didi Louzada,1629712,louzama01,Didi Louzada,didi louzada
S1,DOB-conflict,Matt Mooney,1629760,moonema01,Matt Mooney,matt mooney
S1,DOB-conflict,Malachi Flynn,1630201,flynnma01,Malachi Flynn,malachi flynn
S1,DOB-conflict,Jay Huff,1630643,huffja01,Jay Huff,jay huff
S1,DOB-conflict,Reggie Hanson,1682,hansore01,Reggie Hanson,reggie hanson
S1,DOB-conflict,Maceo Baston,1766,bastoma01,Maceo Baston,maceo baston
S1,DOB-conflict,Peter Aluma,1824,alumape01,Peter Aluma,peter aluma
S1,DOB-conflict,Jeff Sheppard,1852,sheppje01,Jeff Sheppard,jeff sheppard
S1,DOB-conflict,Negele Knight,1861,knighne01,Negele Knight,negele knight
S1,DOB-conflict,Randell Jackson,1872,jacksra02,Randell Jackson,randell jackson
S1,DOB-conflict,Tim James,1906,jamesti01,Tim James,tim james
S1,DOB-conflict,Andy Panko,1950,pankoan01,Andy Panko,andy panko
S1,DOB-conflict,Jamel Thomas,1975,thomaja01,Jamel Thomas,jamel thomas
S1,DOB-conflict,Zendon Hamilton,1985,hamilze01,Zendon Hamilton,zendon hamilton
S1,DOB-conflict,Hilton Armstrong,200756,armsthi01,Hilton Armstrong,hilton armstrong
S1,DOB-conflict,Rodney Carney,200760,carnero01,Rodney Carney,rodney carney
S1,DOB-conflict,Coby Karl,201207,karlco01,Coby Karl,coby karl
S1,DOB-conflict,Chris Hunter,201805,huntech01,Chris Hunter,chris hunter
S1,DOB-conflict,Ben Uzoh,202386,uzohbe01,Ben Uzoh,ben uzoh
S1,DOB-conflict,Trey Thompkins,202717,thomptr02,Trey Thompkins,trey thompkins
S1,DOB-conflict,Vernon Macklin,202731,macklve01,Vernon Macklin,vernon macklin
S1,DOB-conflict,Mirza Teletovic,203141,teletmi01,Mirza Teletović,mirza teletovic
S1,DOB-conflict,Omari Johnson,204179,johnsom01,Omari Johnson,omari johnson
S1,DOB-conflict,Dalibor Bagaric,2053,bagarda01,Dalibor Bagarić,dalibor bagaric
S1,DOB-conflict,Marko Jaric,2060,jaricma01,Marko Jarić,marko jaric
S1,DOB-conflict,David Vanterpool,2128,vanteda01,David Vanterpool,david vanterpool
S1,DOB-conflict,Samuel Dalembert,2223,dalemsa01,Samuel Dalembert,samuel dalembert
S1,DOB-conflict,Tito Maddox,2432,maddoti01,Tito Maddox,tito maddox
S1,DOB-conflict,Jason Kapono,2574,kaponja01,Jason Kapono,jason kapono
S1,DOB-conflict,Andreas Glyniadakis,2601,glynian01,Andreas Glyniadakis,andreas glyniadakis
S1,DOB-conflict,Hiram Fuller,2673,fullehi01,Hiram Fuller,hiram fuller
S1,DOB-conflict,Peter John Ramos,2762,ramospe01,Peter John Ramos,peter john ramos
S1,DOB-conflict,Vassilis Spanoulis,2779,spanova01,Vassilis Spanoulis,vassilis spanoulis
S1,DOB-conflict,Felton Spencer,280,spencfe01,Felton Spencer,felton spencer
S1,DOB-conflict,Stefano Rusconi,474,ruscost01,Stefano Rusconi,stefano rusconi
S1,DOB-conflict,Artis Gilmore,600014,gilmoar01,Artis Gilmore,artis gilmore
S1,DOB-conflict,Greg Minor,65,minorgr01,Greg Minor,greg minor
S1,DOB-conflict,Chet Aubuchon,76071,aubucch01,Chet Aubuchon,chet aubuchon
S1,DOB-conflict,Sergei Bazarevich,76128,bazarse01,Sergei Bazarevich,sergei bazarevich
S1,DOB-conflict,Don Bielke,76164,bielkdo01,Don Bielke,don bielke
S1,DOB-conflict,Bob Brannum,76238,brannbo01,Bob Brannum,bob brannum
S1,DOB-conflict,Ron Brewer,76249,brewero01,Ron Brewer,ron brewer
S1,DOB-conflict,Rick Calloway,76334,callori01,Rick Calloway,rick calloway
S1,DOB-conflict,Don Carlson,76344,carlsdo01,Don Carlson,don carlson
S1,DOB-conflict,George Carter,76357,cartege01,George Carter,george carter
S1,DOB-conflict,Cal Christensen,76394,chrisca01,Cal Christensen,cal christensen
S1,DOB-conflict,Ben Clyde,76409,clydebe01,Ben Clyde,ben clyde
S1,DOB-conflict,Joe Colone,76422,colonjo01,Joe Colone,joe colone
S1,DOB-conflict,Ken Corley,76451,corleke01,Ken Corley,ken corley
S1,DOB-conflict,Ray Corley,76452,corlera01,Ray Corley,ray corley
S1,DOB-conflict,Jack Cotton,76456,cottoja01,Jack Cotton,jack cotton
S1,DOB-conflict,Freddie Crawford,76466,crawffr01,Freddie Crawford,freddie crawford
S1,DOB-conflict,Ron Crevier,76469,creviro01,Ron Crevier,ron crevier
S1,DOB-conflict,Fran Curran,76492,currafr01,Fran Curran,fran curran
S1,DOB-conflict,Adrian Dantley,76504,dantlad01,Adrian Dantley,adrian dantley
S1,DOB-conflict,Bill Davis,76538,davisbi01,Bill Davis,bill davis
S1,DOB-conflict,Red Dehnert,76548,dehnere01,Red Dehnert,red dehnert
S1,DOB-conflict,Johnny Ezersky,76689,ezersjo01,Johnny Ezersky,johnny ezersky
S1,DOB-conflict,Joe Fabel,76690,fabeljo01,Joe Fabel,joe fabel
S1,DOB-conflict,George Feigenbaum,76702,feigege01,George Feigenbaum,george feigenbaum
S1,DOB-conflict,Danny Finn,76717,finnda01,Danny Finn,danny finn
S1,DOB-conflict,Jake Ford,76735,fordja01,Jake Ford,jake ford
S1,DOB-conflict,Will Frazier,76751,fraziwi01,Will Frazier,will frazier
S1,DOB-conflict,Elmer R. Gainer,76769,gaineel01,Elmer Gainer,elmer gainer
S1,DOB-conflict,Ed Gayda,76797,gaydaed01,Ed Gayda,ed gayda
S1,DOB-conflict,George Glamack,76820,glamage01,George Glamack,george glamack
S1,DOB-conflict,Steve Hamilton,76929,hamilst01,Steve Hamilton,steve hamilton
S1,DOB-conflict,Nate Hawthorne,76978,hawthna01,Nate Hawthorne,nate hawthorne
S1,DOB-conflict,Herm Hedderick,76986,heddehe01,Herm Hedderick,herm hedderick
S1,DOB-conflict,Alvin Heggs,76987,heggsal01,Alvin Heggs,alvin heggs
S1,DOB-conflict,Doug Holcomb,77039,holcodo01,Doug Holcomb,doug holcomb
S1,DOB-conflict,Mo Howard,77067,howarmo01,Mo Howard,mo howard
S1,DOB-conflict,Andy Johnson,77131,johnsan01,Andy Johnson,andy johnson
S1,DOB-conflict,Arnie Johnson,77132,johnsar01,Arnie Johnson,arnie johnson
S1,DOB-conflict,Gus Johnson,77150,johnsgu01,Gus Johnson,gus johnson
S1,DOB-conflict,Harold Johnson,77151,johnsha01,Harold Johnson,harold johnson
S1,DOB-conflict,Ken Keller,77234,kelleke01,Ken Keller,ken keller
S1,DOB-conflict,Bob Knight,77287,knighbo01,Bob Knight,bob knight
S1,DOB-conflict,Don Kojis,77295,kojisdo01,Don Kojis,don kojis
S1,DOB-conflict,George Lehmann,77369,lehmage01,George Lehmann,george lehmann
S1,DOB-conflict,Bill Ligon,77388,ligonbi01,Bill Ligon,bill ligon
S1,DOB-conflict,Don Lofgran,77402,lofgrdo01,Don Lofgran,don lofgran
S1,DOB-conflict,Al Lujack,77423,lujacal01,Al Lujack,al lujack
S1,DOB-conflict,Jack Maddox,77439,maddoja01,Jack Maddox,jack maddox
S1,DOB-conflict,Frank Mangiapane,77453,mangifr01,Frank Mangiapane,frank mangiapane
S1,DOB-conflict,Larue Martin,77475,martila01,LaRue Martin,larue martin
S1,DOB-conflict,Ken McBride,77499,mcbrike01,Ken McBride,ken mcbride
S1,DOB-conflict,Howie McCarty,77507,mccarho01,Howie McCarty,howie mccarty
S1,DOB-conflict,Ted 'Hound Dog' McClain,77510,mcclate01,Ted McClain,ted mcclain
S1,DOB-conflict,Chet McNabb,77557,mcnabch01,Chet McNabb,chet mcnabb
S1,DOB-conflict,Stan Miasek,77587,miasest01,Stan Miasek,stan miasek
S1,DOB-conflict,Walt Miller,77604,millewa01,Walt Miller,walt miller
S1,DOB-conflict,Jack Molinas,77624,molinja01,Jack Molinas,jack molinas
S1,DOB-conflict,Joe Mullaney,77659,mullajo01,Joe Mullaney,joe mullaney
S1,DOB-conflict,Paul Noel,77723,noelpa01,Paul Noel,paul noel
S1,DOB-conflict,Stan Noszka,77735,noszkst01,Stan Noszka,stan noszka
S1,DOB-conflict,Tommy O'Keefe,77753,okeefto01,Tommy O'Keefe,tommy okeefe
S1,DOB-conflict,Mike O'Neill,77767,oneilmi01,Mike O'Neill,mike oneill
S1,DOB-conflict,George A. Pastushok,77807,pastuge01,George Pastushok,george pastushok
S1,DOB-conflict,Myles Patrick,77808,patrimy01,Myles Patrick,myles patrick
S1,DOB-conflict,Warren Perkins,77834,perkiwa01,Warren Perkins,warren perkins
S1,DOB-conflict,Les Pugh,77888,pughle01,Les Pugh,les pugh
S1,DOB-conflict,Roy Pugh,77889,pughro01,Roy Pugh,roy pugh
S1,DOB-conflict,Sam Ranzino,77912,ranzisa01,Sam Ranzino,sam ranzino
S1,DOB-conflict,Connie Rea,77922,reaco01,Connie Rea,connie rea
S1,DOB-conflict,Frank Reddout,77925,reddofr01,Frank Reddout,frank reddout
S1,DOB-conflict,Bill Roberts,77979,roberbi01,Bill Roberts,bill roberts
S1,DOB-conflict,Dick Rosenthal,78020,rosendi01,Dick Rosenthal,dick rosenthal
S1,DOB-conflict,Ed Sadowski,78050,sadowed01,Ed Sadowski,ed sadowski
S1,DOB-conflict,Kenny Sailors,78051,sailoke01,Kenny Sailors,kenny sailors
S1,DOB-conflict,Herm Schaefer,78071,schaehe01,Herm Schaefer,herm schaefer
S1,DOB-conflict,Bob Schafer,78072,schafbo01,Bob Schafer,bob schafer
S1,DOB-conflict,Herb Scherer,78082,scherhe01,Herb Scherer,herb scherer
S1,DOB-conflict,Mike Silliman,78152,sillimi01,Mike Silliman,mike silliman
S1,DOB-conflict,Odie Spears,78225,spearod01,Odie Spears,odie spears
S1,DOB-conflict,Art Spector,78226,spectar01,Art Spector,art spector
S1,DOB-conflict,Gene Stump,78275,stumpge01,Gene Stump,gene stump
S1,DOB-conflict,Aaron Swinson,78286,swinsaa01,Aaron Swinson,aaron swinson
S1,DOB-conflict,Joe Thomas,78321,thomajo01,Joe Thomas,joe thomas
S1,DOB-conflict,Horace Walker,78438,walkeho01,Horace Walker,horace walker
S1,DOB-conflict,Jim Walsh,78446,walshji01,Jim Walsh,jim walsh
S1,DOB-conflict,Ray Wertis,78494,wertira01,Ray Wertis,ray wertis
S1,DOB-conflict,Win Wilfong,78529,wilfowi01,Win Wilfong,win wilfong
S1,DOB-conflict,James Wilkes,78533,wilkeja02,James Wilkes,james wilkes
S1,DOB-conflict,Jim Zoet,78647,zoetji01,Jim Zoet,jim zoet
S1,S1-official-appearance,Luca Vildoza,1630492,nba:1630492,Luca Vildoza,Official RS/PO appearance; no S2 identity or season row
S1,initial-surname+dob-window,Chris Johnson,202419,johnsch03,Chris Johnson,chris johnson
S1,initial-surname+dob-window,Norman Richardson,2369,richano01,Norm Richardson,norman richardson
S1,initial-surname+dob-window,Ibrahim Kutluay,2825,kutluib01,Ibo Kutluay,ibrahim kutluay
S1,initial-surname+dob-window,Walter Budko,76298,budkowa01,Walt Budko,walter budko
S1,initial-surname+dob-window,Double D Davis,76521,davisdw01,Dwight Davis,double d davis
S1,initial-surname+dob-window,Charles Kupec,77325,kupeccj01,C.J. Kupec,charles kupec
S1,initial-surname+dob-window,Howard Tidrick,78341,tidriha01,Hal Tidrick,howard tidrick
S1,initial-surname+dob-window,Hank Zeller,78642,zelleha01,Harry Zeller,hank zeller
S1,lastname+dob,CJ Miles,101139,milescj01,C.J. Miles,cj miles
S1,lastname+dob,Ike Austin,1134,austiis01,Isaac Austin,ike austin
S1,lastname+dob,Steven Smith,120,smithst01,Steve Smith,steven smith
S1,lastname+dob,RJ Hunter,1626154,hunterj01,R.J. Hunter,rj hunter
S1,lastname+dob,Vincent Hunter,1626205,huntevi01,Vince Hunter,vincent hunter
S1,lastname+dob,JJ O'Brien,1626266,obriejj01,J.J. O'Brien,jj obrien
S1,lastname+dob,AJ Hammons,1627773,hammoaj01,A.J. Hammons,aj hammons
S1,lastname+dob,Mitchell Creek,1628249,creekmi01,Mitch Creek,mitchell creek
S1,lastname+dob,Vincent Edwards,1629053,edwarvi01,Vince Edwards,vincent edwards
S1,lastname+dob,BJ Johnson,1629168,johnsbj01,B.J. Johnson,bj johnson
S1,lastname+dob,Cam Reynolds,1629244,reynoca01,Cameron Reynolds,cam reynolds
S1,lastname+dob,MJ Walker,1630640,walkemj01,M.J. Walker,mj walker
S1,lastname+dob,AJ Green,1631260,greenaj01,A.J. Green,aj green
S1,lastname+dob,Ike Fontaine,1829,fontais01,Isaac Fontaine,ike fontaine
S1,lastname+dob,Pooh Jeter,200817,jetereu01,Eugene Jeter,pooh jeter
S1,lastname+dob,DJ Strawberry,201199,strawdj01,D.J. Strawberry,dj strawberry
S1,lastname+dob,JJ Hickson,201581,hicksjj01,J.J. Hickson,jj hickson
S1,lastname+dob,DJ White,201591,whitedj01,D.J. White,dj white
S1,lastname+dob,AJ Price,201985,priceaj01,A.J. Price,aj price
S1,lastname+dob,Jeffery Taylor,203106,tayloje03,Jeff Taylor,jeffery taylor
S1,lastname+dob,DJ Stephens,203474,stephdj01,D.J. Stephens,dj stephens
S1,lastname+dob,PJ Hairston,203798,hairspj02,P.J. Hairston,pj hairston
S1,lastname+dob,KJ McDaniels,203909,mcdankj01,K.J. McDaniels,kj mcdaniels
S1,lastname+dob,Slava Medvedenko,2098,medvest01,Stanislav Medvedenko,slava medvedenko
S1,lastname+dob,Clar. Weatherspoon,221,weathcl01,Clarence Weatherspoon,clar weatherspoon
S1,lastname+dob,Flip Murray,2436,murraro01,Ronald Murray,flip murray
S1,lastname+dob,Michael Sweetney,2552,sweetmi01,Mike Sweetney,michael sweetney
S1,lastname+dob,JR Smith,2747,smithjr01,J.R. Smith,jr smith
S1,lastname+dob,DJ Mbenga,2788,mbengdj01,D.J. Mbenga,dj mbenga
S1,lastname+dob,Richard Manning,316,manniri01,Rich Manning,richard manning
S1,lastname+dob,Dan Schayes,7,schayda01,Danny Schayes,dan schayes
S1,lastname+dob,Donald Ackerman,76008,ackerdo01,Don Ackerman,donald ackerman
S1,lastname+dob,Charles Acton,76010,actonbu01,Bud Acton,charles acton
S1,lastname+dob,Daniel Anderson,76036,anderda02,Dan Anderson,daniel anderson
S1,lastname+dob,Mitchell Anderson,76043,anderjj01,J.J. Anderson,mitchell anderson
S1,lastname+dob,Nate Archibald,76054,architi01,Tiny Archibald,nate archibald
S1,lastname+dob,Paul Armstrong,76060,armstcu01,Curly Armstrong,paul armstrong
S1,lastname+dob,Richard Atha,76069,athadi01,Dick Atha,richard atha
S1,lastname+dob,Alvin Attles,76070,attleal01,Al Attles,alvin attles
S1,lastname+dob,John Austin,76073,austijo01,Johnny Austin,john austin
S1,lastname+dob,William Averitt,76076,averibi01,Bird Averitt,william averitt
S1,lastname+dob,Stephen Bardo,76097,bardost01,Steve Bardo,stephen bardo
S1,lastname+dob,Thomas Barr,76113,barrmo01,Moe Barr,thomas barr
S1,lastname+dob,Billyray Bates,76121,batesbi01,Billy Ray Bates,billyray bates
S1,lastname+dob,William Bell,76143,bellwh01,Whitey Bell,william bell
S1,lastname+dob,Arlen Bockhorn,76191,bockhbu01,Bucky Bockhorn,arlen bockhorn
S1,lastname+dob,Costic Borsavage,76209,borsaik01,Ike Borsavage,costic borsavage
S1,lastname+dob,Fred Boyd,76222,boydfr01,Freddie Boyd,fred boyd
S1,lastname+dob,Frank Brian,76250,brianfr01,Frankie Brian,frank brian
S1,lastname+dob,Audley Brindley,76255,brindau01,Aud Brindley,audley brindley
S1,lastname+dob,David Britton,76261,brittda01,Dave Britton,david britton
S1,lastname+dob,Darrell Brown,76270,brownda01,Darrel Brown,darrell brown
S1,lastname+dob,Emmette Bryant,76289,bryanem01,Em Bryant,emmette bryant
S1,lastname+dob,Luther Burden,76303,burdeti01,Ticky Burden,luther burden
S1,lastname+dob,Mike Bytzura,76323,bytzumi01,Michael Bytzura,mike bytzura
S1,lastname+dob,John Clemens,76403,clemeba01,Barry Clemens,john clemens
S1,lastname+dob,Marion Cluggish,76408,cluggbo01,Bob Cluggish,marion cluggish
S1,lastname+dob,John Cox,76463,coxch01,Chubby Cox,john cox
S1,lastname+dob,Jeffrey Crompton,76474,crompge01,Geoff Crompton,jeffrey crompton
S1,lastname+dob,Lou Dampier,76499,dampilo01,Louie Dampier,lou dampier
S1,lastname+dob,Henry Darcey,76506,darcepe01,Pete Darcey,henry darcey
S1,lastname+dob,Charlie Davis,76518,davisch02,Charles Davis,charlie davis
S1,lastname+dob,Edward Davis,76522,davismi02,Mickey Davis,edward davis
S1,lastname+dob,James Davis,76524,davisre01,Red Davis,james davis
S1,lastname+dob,Michael Davis,76530,davismi03,Mike Davis,michael davis
S1,lastname+dob,Walter Devlin,76561,devlico01,Corky Devlin,walter devlin
S1,lastname+dob,John Dillon,76571,dilloho01,Hook Dillon,john dillon
S1,lastname+dob,Lloyd Dove,76592,doveso01,Sonny Dove,lloyd dove
S1,lastname+dob,Thomas Eddleman,76636,eddledi01,Dike Eddleman,thomas eddleman
S1,lastname+dob,Kent Edelin,76637,edelike01,Kenton Edelin,kent edelin
S1,lastname+dob,Eddie Ehlers,76649,ehlerbu01,Bulbs Ehlers,eddie ehlers
S1,lastname+dob,Dick Eichhorst,76651,eichhdi01,Rich Eichhorst,dick eichhorst
S1,lastname+dob,Alexander Ellis,76658,ellisbo01,Boo Ellis,alexander ellis
S1,lastname+dob,Jojo English,76676,englijo01,Jo Jo English,jojo english
S1,lastname+dob,Bill Fenley,76706,fenlewa01,Warren Fenley,bill fenley
S1,lastname+dob,Billy Gabor,76768,gaborbi01,Bill Gabor,billy gabor
S1,lastname+dob,Eldo Garrett,76788,garredi01,Dick Garrett,eldo garrett
S1,lastname+dob,Ward Gibson,76811,gibsoho01,Hoot Gibson,ward gibson
S1,lastname+dob,Norman Glick,76823,glickno01,Normie Glick,norman glick
S1,lastname+dob,Wilfred Goodwin,76833,goodwpo01,Pop Goodwin,wilfred goodwin
S1,lastname+dob,Tommy Green,76879,greento01,Tommie Green,tommy green
S1,lastname+dob,David Greenwood,76881,greenda01,Dave Greenwood,david greenwood
S1,lastname+dob,George Grimshaw,76893,grimswo01,Woody Grimshaw,george grimshaw
S1,lastname+dob,Bob Hahn,76914,hahnro01,Robert Hahn,bob hahn
S1,lastname+dob,Chuck Halbert,76918,halbech01,Chick Halbert,chuck halbert
S1,lastname+dob,Harvey Halbrook,76919,halbrsw01,Swede Halbrook,harvey halbrook
S1,lastname+dob,Roylee Hamilton,76928,hamilro01,Roy Hamilton,roylee hamilton
S1,lastname+dob,Joey Hassett,76966,hassejo01,Joe Hassett,joey hassett
S1,lastname+dob,Robert Hawkins,76975,hawkiro01,Bubbles Hawkins,robert hawkins
S1,lastname+dob,Garfield Heard,76985,heardga01,Gar Heard,garfield heard
S1,lastname+dob,Clarence Hermsen,77007,hermskl01,Kleggie Hermsen,clarence hermsen
S1,lastname+dob,Sidney Hertzberg,77011,hertzso01,Sonny Hertzberg,sidney hertzberg
S1,lastname+dob,Matthew Hickey,77016,hickena01,Nat Hickey,matthew hickey
S1,lastname+dob,Alvin Holt,77046,holtaw01,A.W. Holt,alvin holt
S1,lastname+dob,Wilmer Hosket,77061,hoskebi01,Bill Hosket,wilmer hosket
S1,lastname+dob,Rod Hundley,77082,hundlho01,Hot Rod Hundley,rod hundley
S1,lastname+dob,Joel Ingram,77095,ingramc01,McCoy Ingram,joel ingram
S1,lastname+dob,Lucious Jackson,77103,jackslu01,Luke Jackson,lucious jackson
S1,lastname+dob,Winfred Jacobs,77112,jacobfr01,Fred Jacobs,winfred jacobs
S1,lastname+dob,Charlie Johnson,77133,johnsch01,Charles Johnson,charlie johnson
S1,lastname+dob,David Johnson,77139,johnsra01,Ralph Johnson,david johnson
S1,lastname+dob,Lynbert Johnson,77159,johnsch02,Cheese Johnson,lynbert johnson
S1,lastname+dob,Wallace Jones,77199,joneswa01,Wah Wah Jones,wallace jones
S1,lastname+dob,Willie Jones,77203,joneshu01,Hutch Jones,willie jones
S1,lastname+dob,Edwin Kachan,77217,kachawh01,Whitey Kachan,edwin kachan
S1,lastname+dob,Michael Kearns,77230,kearnmi01,Mike Kearns,michael kearns
S1,lastname+dob,Gerard Kelly,77237,kellyje01,Jerry Kelly,gerard kelly
S1,lastname+dob,Eugene Kennedy,77243,kennego01,Goo Kennedy,eugene kennedy
S1,lastname+dob,William Kennedy,77245,kennepi01,Pickles Kennedy,william kennedy
S1,lastname+dob,Bill Kenville,77247,kenvibi01,Billy Kenville,bill kenville
S1,lastname+dob,Ernie Killum,77257,killuea01,Earnie Killum,ernie killum
S1,lastname+dob,Maury King,77272,kingma01,Maurice King,maury king
S1,lastname+dob,Tom Kron,77313,kronto01,Tommy Kron,tom kron
S1,lastname+dob,Ed Lawrence,77348,lawreed01,Edmund Lawrence,ed lawrence
S1,lastname+dob,Dennis Layton,77350,laytomo01,Mo Layton,dennis layton
S1,lastname+dob,Emanuel Leaks,77351,leaksma01,Manny Leaks,emanuel leaks
S1,lastname+dob,Russell Lee,77365,leeru01,Russ Lee,russell lee
S1,lastname+dob,Bob Leonard,77371,leonasl01,Slick Leonard,bob leonard
S1,lastname+dob,Lafayette Lever,77376,leverfa01,Fat Lever,lafayette lever
S1,lastname+dob,Fred Lewis,77379,lewisfr01,Freddie Lewis,fred lewis
S1,lastname+dob,Robert Lock,77398,lockro01,Rob Lock,robert lock
S1,lastname+dob,Johnny Logan,77403,loganjo01,John Logan,johnny logan
S1,lastname+dob,Chuck Lowery,77416,lowerch01,Charlie Lowery,chuck lowery
S1,lastname+dob,Francis Mahoney,77444,mahonmo01,Mo Mahoney,francis mahoney
S1,lastname+dob,Eric Marsh,77465,marshri01,Ricky Marsh,eric marsh
S1,lastname+dob,Donald Martin,77471,martidi01,Dino Martin,donald martin
S1,lastname+dob,Mo Martin,77476,martima01,Maurice Martin,mo martin
S1,lastname+dob,Ronald Martin,77479,martiwh01,Whitey Martin,ronald martin
S1,lastname+dob,Paul McConnell,77514,mcconbu01,Bucky McConnell,paul mcconnell
S1,lastname+dob,Bill McGill,77531,mcgilbi01,Billy McGill,bill mcgill
S1,lastname+dob,Horace McKinney,77546,mckinbo01,Bones McKinney,horace mckinney
S1,lastname+dob,Don Meineke,77573,meinemo01,Monk Meineke,don meineke
S1,lastname+dob,Zigmund Mihalik,77589,mihalre01,Red Mihalik,zigmund mihalik
S1,lastname+dob,Elmo Morgenthaler,77642,morgeel01,Elmore Morgenthaler,elmo morgenthaler
S1,lastname+dob,Dwight Morrison,77648,morrire01,Red Morrison,dwight morrison
S1,lastname+dob,Fred Nagy,77684,nagyfr01,Fritz Nagy,fred nagy
S1,lastname+dob,Charles Nash,77687,nashco01,Cotton Nash,charles nash
S1,lastname+dob,John Niemiera,77717,niemiri01,Richie Niemiera,john niemiera
S1,lastname+dob,Robert Nordmann,77727,nordmbe01,Bevo Nordmann,robert nordmann
S1,lastname+dob,Carlos Ogden,77747,ogdenbu01,Bud Ogden,carlos ogden
S1,lastname+dob,Francis O'Grady,77750,ogradbu01,Buddy O'Grady,francis ogrady
S1,lastname+dob,Johnny Oldham,77758,oldhajo01,John Oldham,johnny oldham
S1,lastname+dob,Enoch Olsen,77765,olsenbu01,Bud Olsen,enoch olsen
S1,lastname+dob,James Owens,77783,owensre01,Red Owens,james owens
S1,lastname+dob,John Palmer,77793,palmebu01,Bud Palmer,john palmer
S1,lastname+dob,Estes Parham,77797,parhaea01,Easy Parham,estes parham
S1,lastname+dob,Medford Park,77799,parkme01,Med Park,medford park
S1,lastname+dob,Tommy Patterson,77813,patteto01,Tom Patterson,tommy patterson
S1,lastname+dob,Mike Phelps,77852,phelpmi01,Michael Phelps,mike phelps
S1,lastname+dob,Charlie Pittman,77864,pittmch01,Charles Pittman,charlie pittman
S1,lastname+dob,Luke Rackley,77894,rackllu01,Luther Rackley,luke rackley
S1,lastname+dob,Jamesearl Ray,77920,rayja01,James Ray,jamesearl ray
S1,lastname+dob,Joseph Reiser,77938,reisech01,Chick Reiser,joseph reiser
S1,lastname+dob,Rob Rensberger,77942,rensbro01,Bob Rensberger,rob rensberger
S1,lastname+dob,Micheal Ray Richardson,77952,richami01,Michael Ray Richardson,micheal ray richardson
S1,lastname+dob,Goebel Ritter,77968,rittete01,Tex Ritter,goebel ritter
S1,lastname+dob,Robert Rose,78016,rosero01,Rob Rose,robert rose
S1,lastname+dob,Alexander Rosenberg,78017,rosenpe01,Petey Rosenberg,alexander rosenberg
S1,lastname+dob,Thomas Sanders,78060,sandeto01,Tom Sanders,thomas sanders
S1,lastname+dob,Frank Saul,78063,saulpe01,Pep Saul,frank saul
S1,lastname+dob,Freddie Scolari,78094,scolafr01,Fred Scolari,freddie scolari
S1,lastname+dob,Ken Sears,78106,searske01,Kenny Sears,ken sears
S1,lastname+dob,Charlie Share,78125,sharech01,Chuck Share,charlie share
S1,lastname+dob,Edmund Sherod,78136,sheroed01,Ed Sherod,edmund sherod
S1,lastname+dob,Talvin Skinner,78168,skinnta01,Tal Skinner,talvin skinner
S1,lastname+dob,Donald Smith,78185,smithdo01,Don Smith,donald smith
S1,lastname+dob,Sammy Smith,78205,smithsa02,Sam Smith,sammy smith
S1,lastname+dob,George Sobek,78214,sobekch01,Chips Sobek,george sobek
S1,lastname+dob,Isaac Stallworth,78239,stallbu01,Bud Stallworth,isaac stallworth
S1,lastname+dob,Wallace Sydnor,78287,sydnobu01,Buck Sydnor,wallace sydnor
S1,lastname+dob,Roland Taylor,78302,taylofa01,Fatty Taylor,roland taylor
S1,lastname+dob,Marko Todorovich,78346,todormi01,Mike Todorovich,marko todorovich
S1,lastname+dob,William Towery,78363,towerbl01,Blackie Towery,william towery
S1,lastname+dob,Mel Turpin,78386,turpime01,Melvin Turpin,mel turpin
S1,lastname+dob,Ron Valentine,78396,valenro01,Ronnie Valentine,ron valentine
S1,lastname+dob,Log Vander Velden,78403,vandelo01,Logan Vander Velden,log vander velden
S1,lastname+dob,Charles Vaughn,78409,vaughch01,Chico Vaughn,charles vaughn
S1,lastname+dob,Peter Verhoeven,78414,verhope01,Pete Verhoeven,peter verhoeven
S1,lastname+dob,Michael Wallace,78443,wallare01,Red Wallace,michael wallace
S1,lastname+dob,Johnny Warren,78461,warrejo01,John Warren,johnny warren
S1,lastname+dob,Dwayne Washington,78465,washipe01,Pearl Washington,dwayne washington
S1,lastname+dob,Forest Weber,78479,weberja01,Jake Weber,forest weber
S1,lastname+dob,Lucian Whitaker,78506,whitask01,Skippy Whitaker,lucian whitaker
S1,lastname+dob,Jojo White,78510,whitejo01,Jo Jo White,jojo white
S1,lastname+dob,Charles Whitney,78519,whitnha02,Hawkeye Whitney,charles whitney
S1,lastname+dob,Eddielee Wilkins,78534,wilkied01,Eddie Lee Wilkins,eddielee wilkins
S1,lastname+dob,Arthur Williams,78539,williar01,Art Williams,arthur williams
S1,lastname+dob,Don Williams,78545,willidu01,Duck Williams,don williams
S1,lastname+dob,Samuel Williams,78569,willisa02,Sam Williams,samuel williams
S1,lastname+dob,Mike Wilson,78581,wilsomi01,Michael Wilson,mike wilson
S1,lastname+dob,Thomas Wilson,78587,wilsobu01,Bubba Wilson,thomas wilson
S1,lastname+dob,Robert Zawoluk,78639,zawolze01,Zeke Zawoluk,robert zawoluk
S1,lastname+dob,Charlie Shipp,78653,shippch01,Charley Shipp,charlie shipp
S1,lastname+dob,Ronnie Grandison,97,grandro01,Ron Grandison,ronnie grandison
S1,name+dob,Tim Legler,100,legleti01,Tim Legler,tim legler
S1,name+dob,Shandon Anderson,1000,andersh01,Shandon Anderson,shandon anderson
S1,name+dob,Reggie Geary,1002,gearyre01,Reggie Geary,reggie geary
S1,name+dob,Drew Barry,1003,barrydr01,Drew Barry,drew barry
S1,name+dob,Walt Williams,1005,williwa02,Walt Williams,walt williams
S1,name+dob,Herb Williams,1006,willihe01,Herb Williams,herb williams
S1,name+dob,Luther Wright,1007,wrighlu01,Luther Wright,luther wright
S1,name+dob,Johnny Dawkins,1008,dawkijo01,Johnny Dawkins,johnny dawkins
S1,name+dob,Scott Skiles,101,skilesc01,Scott Skiles,scott skiles
S1,name+dob,Randy Woods,1010,woodsra01,Randy Woods,randy woods
S1,name+dob,Andrew Bogut,101106,bogutan01,Andrew Bogut,andrew bogut
S1,name+dob,Marvin Williams,101107,willima02,Marvin Williams,marvin williams
S1,name+dob,Chris Paul,101108,paulch01,Chris Paul,chris paul
S1,name+dob,Raymond Felton,101109,feltora01,Raymond Felton,raymond felton
S1,name+dob,Martell Webster,101110,webstma02,Martell Webster,martell webster
S1,name+dob,Charlie Villanueva,101111,villach01,Charlie Villanueva,charlie villanueva
S1,name+dob,Channing Frye,101112,fryech01,Channing Frye,channing frye
S1,name+dob,Ike Diogu,101113,dioguik01,Ike Diogu,ike diogu
S1,name+dob,Deron Williams,101114,willide01,Deron Williams,deron williams
S1,name+dob,Andrew Bynum,101115,bynuman01,Andrew Bynum,andrew bynum
S1,name+dob,Yaroslav Korolev,101117,korolya01,Yaroslav Korolev,yaroslav korolev
S1,name+dob,Sean May,101118,mayse01,Sean May,sean may
S1,name+dob,Rashad McCants,101119,mccanra01,Rashad McCants,rashad mccants
S1,name+dob,Antoine Wright,101120,wrighan01,Antoine Wright,antoine wright
S1,name+dob,Joey Graham,101121,grahajo01,Joey Graham,joey graham
S1,name+dob,Danny Granger,101122,grangda01,Danny Granger,danny granger
S1,name+dob,Gerald Green,101123,greenge01,Gerald Green,gerald green
S1,name+dob,Hakim Warrick,101124,warriha01,Hakim Warrick,hakim warrick
S1,name+dob,Julius Hodge,101125,hodgeju01,Julius Hodge,julius hodge
S1,name+dob,Nate Robinson,101126,robinna01,Nate Robinson,nate robinson
S1,name+dob,Jarrett Jack,101127,jackja01,Jarrett Jack,jarrett jack
S1,name+dob,Francisco Garcia,101128,garcifr01,Francisco García,francisco garcia
S1,name+dob,Luther Head,101129,headlu01,Luther Head,luther head
S1,name+dob,Johan Petro,101130,petrojo01,Johan Petro,johan petro
S1,name+dob,Jason Maxiell,101131,maxieja01,Jason Maxiell,jason maxiell
S1,name+dob,Linas Kleiza,101132,kleizli01,Linas Kleiza,linas kleiza
S1,name+dob,Ian Mahinmi,101133,mahinia01,Ian Mahinmi,ian mahinmi
S1,name+dob,Wayne Simien,101134,simiewa01,Wayne Simien,wayne simien
S1,name+dob,David Lee,101135,leeda02,David Lee,david lee
S1,name+dob,Salim Stoudamire,101136,stoudsa01,Salim Stoudamire,salim stoudamire
S1,name+dob,Daniel Ewing,101137,ewingda01,Daniel Ewing,daniel ewing
S1,name+dob,Brandon Bass,101138,bassbr01,Brandon Bass,brandon bass
S1,name+dob,Ersan Ilyasova,101141,ilyaser01,Ersan İlyasova,ersan ilyasova
S1,name+dob,Ronny Turiaf,101142,turiaro01,Ronny Turiaf,ronny turiaf
S1,name+dob,Travis Diener,101143,dienetr01,Travis Diener,travis diener
S1,name+dob,Von Wafer,101144,wafervo01,Von Wafer,von wafer
S1,name+dob,Monta Ellis,101145,ellismo01,Monta Ellis,monta ellis
S1,name+dob,Chris Taft,101147,taftch01,Chris Taft,chris taft
S1,name+dob,Mile Ilic,101148,ilicmi01,Mile Ilić,mile ilic
S1,name+dob,Martynas Andriuskevicius,101149,andrima01,Martynas Andriuškevičius,martynas andriuskevicius
S1,name+dob,Lou Williams,101150,willilo02,Lou Williams,lou williams
S1,name+dob,Bracey Wright,101152,wrighbr02,Bracey Wright,bracey wright
S1,name+dob,Mickael Gelabale,101153,gelabmi01,Mickaël Gelabale,mickael gelabale
S1,name+dob,Andray Blatche,101154,blatcan01,Andray Blatche,andray blatche
S1,name+dob,Ryan Gomes,101155,gomesry01,Ryan Gomes,ryan gomes
S1,name+dob,Robert Whaley,101156,whalero01,Robert Whaley,robert whaley
S1,name+dob,Orien Greene,101158,greenor01,Orien Greene,orien greene
S1,name+dob,Lawrence Roberts,101160,roberla01,Lawrence Roberts,lawrence roberts
S1,name+dob,Amir Johnson,101161,johnsam01,Amir Johnson,amir johnson
S1,name+dob,Marcin Gortat,101162,gortama01,Marcin Gortat,marcin gortat
S1,name+dob,Alex Acker,101165,ackeral01,Alex Acker,alex acker
S1,name+dob,Uros Slokar,101166,slokaur01,Uroš Slokar,uros slokar
S1,name+dob,Fabricio Oberto,101177,obertfa01,Fabricio Oberto,fabricio oberto
S1,name+dob,Arvydas Macijauskas,101178,macijar01,Arvydas Macijauskas,arvydas macijauskas
S1,name+dob,Ronnie Price,101179,pricero01,Ronnie Price,ronnie price
S1,name+dob,Sarunas Jasikevicius,101180,jasiksa01,Šarūnas Jasikevičius,sarunas jasikevicius
S1,name+dob,Jose Calderon,101181,caldejo01,José Calderón,jose calderon
S1,name+dob,Donell Taylor,101182,taylodo01,Donell Taylor,donell taylor
S1,name+dob,Shavlik Randolph,101183,randosh01,Shavlik Randolph,shavlik randolph
S1,name+dob,Deng Gai,101184,gaide01,Deng Gai,deng gai
S1,name+dob,Rawle Marshall,101185,marshra01,Rawle Marshall,rawle marshall
S1,name+dob,Alan Anderson,101187,anderal01,Alan Anderson,alan anderson
S1,name+dob,Eddie Basden,101188,basdeed01,Eddie Basden,eddie basden
S1,name+dob,James Singleton,101189,singlja01,James Singleton,james singleton
S1,name+dob,Matt Walsh,101190,walshma01,Matt Walsh,matt walsh
S1,name+dob,Anthony Roberson,101194,roberan02,Anthony Roberson,anthony roberson
S1,name+dob,Will Bynum,101198,bynumwi01,Will Bynum,will bynum
S1,name+dob,Dwayne Jones,101204,jonesdw02,Dwayne Jones,dwayne jones
S1,name+dob,Devin Green,101209,greende01,Devin Green,devin green
S1,name+dob,Stephen Graham,101211,grahast01,Stephen Graham,stephen graham
S1,name+dob,Esteban Batista,101212,batises01,Esteban Batista,esteban batista
S1,name+dob,Sharrod Ford,101213,fordsh02,Sharrod Ford,sharrod ford
S1,name+dob,Jawad Williams,101214,willija04,Jawad Williams,jawad williams
S1,name+dob,Will Conroy,101215,conrowi01,Will Conroy,will conroy
S1,name+dob,Anthony Grundy,101219,grundan01,Anthony Grundy,anthony grundy
S1,name+dob,Aaron Miles,101223,milesaa01,Aaron Miles,aaron miles
S1,name+dob,Noel Felix,101230,felixno01,Noel Felix,noel felix
S1,name+dob,Roger Powell,101232,powelro01,Roger Powell,roger powell
S1,name+dob,Kelenna Azubuike,101235,azubuke01,Kelenna Azubuike,kelenna azubuike
S1,name+dob,Chuck Hayes,101236,hayesch01,Chuck Hayes,chuck hayes
S1,name+dob,Keith Langford,101247,langfke01,Keith Langford,keith langford
S1,name+dob,John Lucas III,101249,lucasjo02,John Lucas III,john lucas
S1,name+dob,Andre Owens,101261,owensan01,Andre Owens,andre owens
S1,name+dob,Julius Nwosu,1022,nwosuju01,Julius Nwosu,julius nwosu
S1,name+dob,Emanual Davis,1023,davisem01,Emanual Davis,emanual davis
S1,name+dob,Horacio Llamas,1024,llamaho01,Horacio Llamas,horacio llamas
S1,name+dob,Evric Gray,1026,grayev01,Evric Gray,evric gray
S1,name+dob,Trevor Wilson,1027,wilsotr01,Trevor Wilson,trevor wilson
S1,name+dob,Todd Day,103,dayto01,Todd Day,todd day
S1,name+dob,Duane Cooper,1030,coopedu01,Duane Cooper,duane cooper
S1,name+dob,Darvin Ham,1032,hamda01,Darvin Ham,darvin ham
S1,name+dob,LeRon Ellis,1034,ellisle02,LeRon Ellis,leron ellis
S1,name+dob,Shawnelle Scott,1035,scottsh01,Shawnelle Scott,shawnelle scott
S1,name+dob,Litterial Green,1036,greenli01,Litterial Green,litterial green
S1,name+dob,Stojko Vrankovic,1037,vrankst01,Stojko Vranković,stojko vrankovic
S1,name+dob,Juaquin Hawkins,1038,hawkiju01,Juaquin Hawkins,juaquin hawkins
S1,name+dob,Benoit Benjamin,104,benjabe01,Benoit Benjamin,benoit benjamin
S1,name+dob,Nate Driggers,1041,driggna01,Nate Driggers,nate driggers
S1,name+dob,Amal McCaskill,1043,mccasam01,Amal McCaskill,amal mccaskill
S1,name+dob,Shane Heal,1049,healsh01,Shane Heal,shane heal
S1,name+dob,Dan Majerle,105,majerda01,Dan Majerle,dan majerle
S1,name+dob,Dean Garrett,1051,garrede01,Dean Garrett,dean garrett
S1,name+dob,Ben Handlogten,1052,handlbe01,Ben Handlogten,ben handlogten
S1,name+dob,Jerrod Mustaf,1054,mustaje01,Jerrod Mustaf,jerrod mustaf
S1,name+dob,Ed Stokes,1055,stokeed01,Ed Stokes,ed stokes
S1,name+dob,Aleksandar Djordjevic,1059,djordal01,Aleksandar Djordjevic,aleksandar djordjevic
S1,name+dob,William Cunningham,1061,cunniwi01,William Cunningham,william cunningham
S1,name+dob,Carl Thomas,1063,thomaca01,Carl Thomas,carl thomas
S1,name+dob,Brent Scott,1064,scottbr01,Brent Scott,brent scott
S1,name+dob,Erick Strickland,1065,stricer01,Erick Strickland,erick strickland
S1,name+dob,Jeff Webster,1067,webstje01,Jeff Webster,jeff webster
S1,name+dob,Dale Ellis,107,ellisda01,Dale Ellis,dale ellis
S1,name+dob,Reggie Slater,1073,slatere01,Reggie Slater,reggie slater
S1,name+dob,Matt Maloney,1074,malonma01,Matt Maloney,matt maloney
S1,name+dob,Michael McDonald,1075,mcdonmi01,Michael McDonald,michael mcdonald
S1,name+dob,Henry James,1080,jameshe01,Henry James,henry james
S1,name+dob,Ira Bowman,1085,bowmair01,Ira Bowman,ira bowman
S1,name+dob,Joe Stephens,1086,stephjo01,Joe Stephens,joe stephens
S1,name+dob,Chucky Atkins,1088,atkinch01,Chucky Atkins,chucky atkins
S1,name+dob,Kevin Salvadori,1089,salvake01,Kevin Salvadori,kevin salvadori
S1,name+dob,Robert Horry,109,horryro01,Robert Horry,robert horry
S1,name+dob,Pat Durham,1090,durhapa01,Pat Durham,pat durham
S1,name+dob,Mike Smrek,1091,smrekmi01,Mike Smrek,mike smrek
S1,name+dob,Ivano Newbill,1096,newbiiv01,Ivano Newbill,ivano newbill
S1,name+dob,Zarko Paspalj,1097,paspaza01,Žarko Paspalj,zarko paspalj
S1,name+dob,Matt Steigenga,1099,steigma01,Matt Steigenga,matt steigenga
S1,name+dob,Ian Lockhart,1100,lockhia01,Ian Lockhart,ian lockhart
S1,name+dob,Rich King,1101,kingri01,Rich King,rich king
S1,name+dob,Donald Hodge,1106,hodgedo01,Donald Hodge,donald hodge
S1,name+dob,Tony Farmer,1108,farmeto01,Tony Farmer,tony farmer
S1,name+dob,LaPhonso Ellis,111,ellisla01,LaPhonso Ellis,laphonso ellis
S1,name+dob,Mark Strickland,1110,stricma01,Mark Strickland,mark strickland
S1,name+dob,Ben Wallace,1112,wallabe01,Ben Wallace,ben wallace
S1,name+dob,Jaren Jackson,1114,jacksja01,Jaren Jackson,jaren jackson
S1,name+dob,Melvin Newbern,1116,newbeme01,Melvin Newbern,melvin newbern
S1,name+dob,John Shasky,1117,shaskjo01,John Shasky,john shasky
S1,name+dob,Tim Kempton,1118,kemptti01,Tim Kempton,tim kempton
S1,name+dob,Dontonio Wingfield,112,wingfdo01,Dontonio Wingfield,dontonio wingfield
S1,name+dob,Elmer Bennett,1120,benneel01,Elmer Bennett,elmer bennett
S1,name+dob,Dexter Boney,1121,boneyde01,Dexter Boney,dexter boney
S1,name+dob,Dominique Wilkins,1122,wilkido01,Dominique Wilkins,dominique wilkins
S1,name+dob,Greg Kite,1123,kitegr01,Greg Kite,greg kite
S1,name+dob,Larry Stewart,1125,stewala01,Larry Stewart,larry stewart
S1,name+dob,Donald Whiteside,1126,whitedo01,Donald Whiteside,donald whiteside
S1,name+dob,Charles Claxton,1127,claxtch01,Charles Claxton,charles claxton
S1,name+dob,Stephen Howard,1128,howarst01,Stephen Howard,stephen howard
S1,name+dob,Ruben Nembhard,1129,nembhru01,Ruben Nembhard,ruben nembhard
S1,name+dob,Jimmy Carruth,1131,carruji01,Jimmy Carruth,jimmy carruth
S1,name+dob,Larry Sykes,1132,sykesla01,Larry Sykes,larry sykes
S1,name+dob,Corey Beck,1133,beckco01,Corey Beck,corey beck
S1,name+dob,Brett Szabo,1136,szabobr01,Brett Szabo,brett szabo
S1,name+dob,Chris Jent,1137,jentch01,Chris Jent,chris jent
S1,name+dob,Michael Hawkins,1138,hawkimi01,Michael Hawkins,michael hawkins
S1,name+dob,Harold Miner,114,minerha01,Harold Miner,harold miner
S1,name+dob,David Wood,116,woodda01,David Wood,david wood
S1,name+dob,Jeff Malone,117,malonje01,Jeff Malone,jeff malone
S1,name+dob,Chris King,12,kingch01,Chris King,chris king
S1,name+dob,Patrick Ewing,121,ewingpa01,Patrick Ewing,patrick ewing
S1,name+dob,Fred Roberts,122,roberfr01,Fred Roberts,fred roberts
S1,name+dob,Robert Pack,123,packro01,Robert Pack,robert pack
S1,name+dob,Vlade Divac,124,divacvl01,Vlade Divac,vlade divac
S1,name+dob,David Benoit,128,benoida01,David Benoit,david benoit
S1,name+dob,Dino Radja,129,radjadi01,Dino Radja,dino radja
S1,name+dob,David Wesley,133,wesleda01,David Wesley,david wesley
S1,name+dob,Kevin Johnson,134,johnske02,Kevin Johnson,kevin johnson
S1,name+dob,P.J. Brown,136,brownpj01,P.J. Brown,p brown
S1,name+dob,Mark Bradtke,1361,bradtma01,Mark Bradtke,mark bradtke
S1,name+dob,Xavier McDaniel,1365,mcdanxa01,Xavier McDaniel,xavier mcdaniel
S1,name+dob,Vernon Maxwell,137,maxweve01,Vernon Maxwell,vernon maxwell
S1,name+dob,Anthony Avent,138,aventan01,Anthony Avent,anthony avent
S1,name+dob,Lloyd Daniels,1380,daniell01,Lloyd Daniels,lloyd daniels
S1,name+dob,John Long,1381,longjo01,John Long,john long
S1,name+dob,Donald Royal,140,royaldo01,Donald Royal,donald royal
S1,name+dob,Anthony Tucker,141,tuckean01,Anthony Tucker,anthony tucker
S1,name+dob,Aaron Williams,1425,williaa01,Aaron Williams,aaron williams
S1,name+dob,Jimmy Oliver,1429,oliveji01,Jimmy Oliver,jimmy oliver
S1,name+dob,Terry Dehere,143,deherte01,Terry Dehere,terry dehere
S1,name+dob,Joe Courtney,1432,courtjo01,Joe Courtney,joe courtney
S1,name+dob,Dragan Tarlac,1434,tarladr01,Dragan Tarlać,dragan tarlac
S1,name+dob,Zeljko Rebraca,1442,rebraze01,Željko Rebrača,zeljko rebraca
S1,name+dob,Lawrence Funderburke,1444,fundela01,Lawrence Funderburke,lawrence funderburke
S1,name+dob,Larry Bird,1449,birdla01,Larry Bird,larry bird
S1,name+dob,Tracy Murray,145,murratr01,Tracy Murray,tracy murray
S1,name+dob,Kevin McHale,1450,mchalke01,Kevin McHale,kevin mchale
S1,name+dob,Walter Davis,1453,daviswa03,Walter Davis,walter davis
S1,name+dob,Randy Wittman,1456,wittmra01,Randy Wittman,randy wittman
S1,name+dob,Jud Buechler,146,buechju01,Jud Buechler,jud buechler
S1,name+dob,James Worthy,1460,worthja01,James Worthy,james worthy
S1,name+dob,Jalen Rose,147,roseja01,Jalen Rose,jalen rose
S1,name+dob,Tom Chambers,1472,chambto01,Tom Chambers,tom chambers
S1,name+dob,Larry Krystkowiak,1474,krystla01,Larry Krystkowiak,larry krystkowiak
S1,name+dob,Bruce Bowen,1477,bowenbr01,Bruce Bowen,bruce bowen
S1,name+dob,Stevin Smith,1478,smithst02,Stevin Smith,stevin smith
S1,name+dob,Mike Brown,1479,brownmi01,Mike Brown,mike brown
S1,name+dob,Lionel Simmons,1489,simmoli01,Lionel Simmons,lionel simmons
S1,name+dob,Michael Adams,149,adamsmi01,Michael Adams,michael adams
S1,name+dob,Tim Duncan,1495,duncati01,Tim Duncan,tim duncan
S1,name+dob,Keith Van Horn,1496,vanhoke01,Keith Van Horn,keith horn
S1,name+dob,Chauncey Billups,1497,billuch01,Chauncey Billups,chauncey billups
S1,name+dob,Antonio Daniels,1498,daniean01,Antonio Daniels,antonio daniels
S1,name+dob,Tony Battie,1499,battito01,Tony Battie,tony battie
S1,name+dob,Eric Piatkowski,15,piatker01,Eric Piatkowski,eric piatkowski
S1,name+dob,Ron Mercer,1500,mercero01,Ron Mercer,ron mercer
S1,name+dob,Tim Thomas,1501,thomati01,Tim Thomas,tim thomas
S1,name+dob,Adonal Foyle,1502,foylead01,Adonal Foyle,adonal foyle
S1,name+dob,Tracy McGrady,1503,mcgratr01,Tracy McGrady,tracy mcgrady
S1,name+dob,Danny Fortson,1504,fortsda01,Danny Fortson,danny fortson
S1,name+dob,Tariq Abdul-Wahad,1505,abdulta01,Tariq Abdul-Wahad,tariq abdulwahad
S1,name+dob,Austin Croshere,1506,croshau01,Austin Croshere,austin croshere
S1,name+dob,Derek Anderson,1507,anderde01,Derek Anderson,derek anderson
S1,name+dob,Maurice Taylor,1508,tayloma01,Maurice Taylor,maurice taylor
S1,name+dob,Kelvin Cato,1509,catoke01,Kelvin Cato,kelvin cato
S1,name+dob,Brevin Knight,1510,knighbr01,Brevin Knight,brevin knight
S1,name+dob,Johnny Taylor,1511,taylojo01,Johnny Taylor,johnny taylor
S1,name+dob,Chris Anstey,1512,anstech01,Chris Anstey,chris anstey
S1,name+dob,Scot Pollard,1513,pollasc01,Scot Pollard,scot pollard
S1,name+dob,Paul Grant,1514,grantpa01,Paul Grant,paul grant
S1,name+dob,Anthony Parker,1515,parkean01,Anthony Parker,anthony parker
S1,name+dob,Ed Gray,1516,grayed01,Ed Gray,ed gray
S1,name+dob,Bobby Jackson,1517,jacksbo01,Bobby Jackson,bobby jackson
S1,name+dob,Rodrick Rhodes,1518,rhodero01,Rodrick Rhodes,rodrick rhodes
S1,name+dob,John Thomas,1519,thomajo02,John Thomas,john thomas
S1,name+dob,Charles Smith,1520,smithch04,Charles Smith,charles smith
S1,name+dob,Jacque Vaughn,1521,vaughja01,Jacque Vaughn,jacque vaughn
S1,name+dob,Keith Booth,1522,boothke01,Keith Booth,keith booth
S1,name+dob,Charles O'Bannon,1525,obannch01,Charles O'Bannon,charles obannon
S1,name+dob,James Cotton,1526,cottoja02,James Cotton,james cotton
S1,name+dob,Bubba Wells,1528,wellsbu01,Bubba Wells,bubba wells
S1,name+dob,Kebu Stewart,1529,stewake01,Kebu Stewart,kebu stewart
S1,name+dob,James Collins,1530,collija01,James Collins,james collins
S1,name+dob,Marc Jackson,1531,jacksma02,Marc Jackson,marc jackson
S1,name+dob,Jerald Honeycutt,1532,honeyje01,Jerald Honeycutt,jerald honeycutt
S1,name+dob,Anthony Johnson,1533,johnsan02,Anthony Johnson,anthony johnson
S1,name+dob,Jason Lawson,1535,lawsoja01,Jason Lawson,jason lawson
S1,name+dob,Stephen Jackson,1536,jacksst02,Stephen Jackson,stephen jackson
S1,name+dob,Cedric Henderson,1538,hendece02,Cedric Henderson,cedric henderson
S1,name+dob,God Shammgod,1539,shammgo01,God Shammgod,god shammgod
S1,name+dob,Adrian Caldwell,154,caldwad01,Adrian Caldwell,adrian caldwell
S1,name+dob,Alvin Williams,1541,willial02,Alvin Williams,alvin williams
S1,name+dob,Predrag Drobnjak,1542,drobnpr01,Predrag Drobnjak,predrag drobnjak
S1,name+dob,Chris Crawford,1544,crawfch01,Chris Crawford,chris crawford
S1,name+dob,DeJuan Wheat,1545,wheatde01,DeJuan Wheat,dejuan wheat
S1,name+dob,Mark Blount,1548,blounma01,Mark Blount,mark blount
S1,name+dob,Jamal Robinson,1554,robinja03,Jamal Robinson,jamal robinson
S1,name+dob,Adrian Griffin,1559,griffad01,Adrian Griffin,adrian griffin
S1,name+dob,Antoine Carr,156,carran01,Antoine Carr,antoine carr
S1,name+dob,Gerard King,1562,kingge02,Gerard King,gerard king
S1,name+dob,Kevin Ollie,1563,ollieke01,Kevin Ollie,kevin ollie
S1,name+dob,Etdrick Bohannon,1564,bohanet01,Etdrick Bohannon,etdrick bohannon
S1,name+dob,Michael Stewart,1565,stewami01,Michael Stewart,michael stewart
S1,name+dob,Keith Closs,1569,closske01,Keith Closs,keith closs
S1,name+dob,Derek Harper,157,harpede01,Derek Harper,derek harper
S1,name+dob,Nate Huffman,1572,huffmna01,Nate Huffman,nate huffman
S1,name+dob,Derek Grimm,1575,grimmde01,Derek Grimm,derek grimm
S1,name+dob,Travis Williams,1576,willitr01,Travis Williams,travis williams
S1,name+dob,Darnell Mee,1577,meeda01,Darnell Mee,darnell mee
S1,name+dob,Shea Seals,1578,sealssh01,Shea Seals,shea seals
S1,name+dob,Brandon Williams,1585,willibr01,Brandon Williams,brandon williams
S1,name+dob,Alvin Sims,1591,simsal01,Alvin Sims,alvin sims
S1,name+dob,Charles Shackleford,1593,shackch01,Charles Shackleford,charles shackleford
S1,name+dob,Rick Brunson,1594,brunsri01,Rick Brunson,rick brunson
S1,name+dob,Tim Breaux,160,breauti01,Tim Breaux,tim breaux
S1,name+dob,Kornel David,1600,davidko01,Kornél Dávid,kornel david
S1,name+dob,Rusty LaRue,1601,larueru01,Rusty LaRue,rusty larue
S1,name+dob,Walter Bond,1603,bondwa01,Walter Bond,walter bond
S1,name+dob,Troy Hudson,1607,hudsotr01,Troy Hudson,troy hudson
S1,name+dob,Art Long,1609,longar01,Art Long,art long
S1,name+dob,Kiwane Garris,1619,garriki01,Kiwane Lemorris Garris,kiwane garris
S1,name+dob,Rodney McCray,1622,mccraro01,Rodney McCray,rodney mccray
S1,name+dob,Makhtar N'diaye,1626122,ndiayma01,Makhtar N'Diaye,makhtar ndiaye
S1,name+dob,Jahlil Okafor,1626143,okafoja01,Jahlil Okafor,jahlil okafor
S1,name+dob,Emmanuel Mudiay,1626144,mudiaem01,Emmanuel Mudiay,emmanuel mudiay
S1,name+dob,Tyus Jones,1626145,jonesty01,Tyus Jones,tyus jones
S1,name+dob,Cliff Alexander,1626146,alexacl01,Cliff Alexander,cliff alexander
S1,name+dob,Justin Anderson,1626147,anderju01,Justin Anderson,justin anderson
S1,name+dob,Anthony Brown,1626148,brownan02,Anthony Brown,anthony brown
S1,name+dob,Montrezl Harrell,1626149,harremo01,Montrezl Harrell,montrezl harrell
S1,name+dob,Andrew Harrison,1626150,harrian01,Andrew Harrison,andrew harrison
S1,name+dob,Aaron Harrison,1626151,harriaa01,Aaron Harrison,aaron harrison
S1,name+dob,Delon Wright,1626153,wrighde01,Delon Wright,delon wright
S1,name+dob,Sam Dekker,1626155,dekkesa01,Sam Dekker,sam dekker
S1,name+dob,D'Angelo Russell,1626156,russeda01,D'Angelo Russell,dangelo russell
S1,name+dob,Karl-Anthony Towns,1626157,townska01,Karl-Anthony Towns,karlanthony towns
S1,name+dob,Richaun Holmes,1626158,holmeri01,Richaun Holmes,richaun holmes
S1,name+dob,Justise Winslow,1626159,winslju01,Justise Winslow,justise winslow
S1,name+dob,Willie Cauley-Stein,1626161,caulewi01,Willie Cauley-Stein,willie cauleystein
S1,name+dob,Kelly Oubre Jr.,1626162,oubreke01,Kelly Oubre Jr.,kelly oubre
S1,name+dob,Frank Kaminsky,1626163,kaminfr01,Frank Kaminsky,frank kaminsky
S1,name+dob,Devin Booker,1626164,bookede01,Devin Booker,devin booker
S1,name+dob,Cameron Payne,1626166,payneca01,Cameron Payne,cameron payne
S1,name+dob,Myles Turner,1626167,turnemy01,Myles Turner,myles turner
S1,name+dob,Trey Lyles,1626168,lylestr01,Trey Lyles,trey lyles
S1,name+dob,Stanley Johnson,1626169,johnsst04,Stanley Johnson,stanley johnson
S1,name+dob,Jerian Grant,1626170,grantje02,Jerian Grant,jerian grant
S1,name+dob,Bobby Portis,1626171,portibo01,Bobby Portis,bobby portis
S1,name+dob,Kevon Looney,1626172,looneke01,Kevon Looney,kevon looney
S1,name+dob,Rashad Vaughn,1626173,vaughra01,Rashad Vaughn,rashad vaughn
S1,name+dob,Christian Wood,1626174,woodch01,Christian Wood,christian wood
S1,name+dob,Jordan Mickey,1626175,mickejo01,Jordan Mickey,jordan mickey
S1,name+dob,Rakeem Christmas,1626176,chrisra01,Rakeem Christmas,rakeem christmas
S1,name+dob,Dakari Johnson,1626177,johnsda04,Dakari Johnson,dakari johnson
S1,name+dob,Rondae Hollis-Jefferson,1626178,holliro01,Rondae Hollis-Jefferson,rondae hollisjefferson
S1,name+dob,Terry Rozier,1626179,roziete01,Terry Rozier,terry rozier
S1,name+dob,Norman Powell,1626181,powelno01,Norman Powell,norman powell
S1,name+dob,Branden Dawson,1626183,dawsobr01,Branden Dawson,branden dawson
S1,name+dob,Chasson Randle,1626184,randlch01,Chasson Randle,chasson randle
S1,name+dob,Jarell Martin,1626185,martija01,Jarell Martin,jarell martin
S1,name+dob,Michael Frazier II,1626187,frazimi01,Michael Frazier,michael frazier
S1,name+dob,Quinn Cook,1626188,cookqu01,Quinn Cook,quinn cook
S1,name+dob,Chris McCullough,1626191,mcculch01,Chris McCullough,chris mccullough
S1,name+dob,Pat Connaughton,1626192,connapa01,Pat Connaughton,pat connaughton
S1,name+dob,Willy Hernangomez,1626195,hernawi01,Willy Hernangómez,willy hernangomez
S1,name+dob,Josh Richardson,1626196,richajo01,Josh Richardson,josh richardson
S1,name+dob,Darrun Hilliard,1626199,hillida01,Darrun Hilliard,darrun hilliard
S1,name+dob,Joe Young,1626202,youngjo01,Joe Young,joe young
S1,name+dob,Treveon Graham,1626203,grahatr01,Treveon Graham,treveon graham
S1,name+dob,Larry Nance Jr.,1626204,nancela02,Larry Nance Jr.,larry nance
S1,name+dob,Keifer Sykes,1626208,sykeske01,Keifer Sykes,keifer sykes
S1,name+dob,Mario Hezonja,1626209,hezonma01,Mario Hezonja,mario hezonja
S1,name+dob,Alan Williams,1626210,willial03,Alan Williams,alan williams
S1,name+dob,Bryce Dejean-Jones,1626214,dejeabr01,Bryce Dejean-Jones,bryce dejeanjones
S1,name+dob,Royce O'Neale,1626220,onealro01,Royce O'Neale,royce oneale
S1,name+dob,Cedi Osman,1626224,osmande01,Cedi Osman,cedi osman
S1,name+dob,Luis Montero,1626242,montelu01,Luis Montero,luis montero
S1,name+dob,Cristiano Felicio,1626245,feliccr01,Cristiano Felício,cristiano felicio
S1,name+dob,Boban Marjanovic,1626246,marjabo01,Boban Marjanović,boban marjanovic
S1,name+dob,Duje Dukan,1626251,dukandu01,Duje Dukan,duje dukan
S1,name+dob,Axel Toupane,1626253,toupaax01,Axel Toupane,axel toupane
S1,name+dob,Maurice Ndour,1626254,ndourma01,Maurice Ndour,maurice ndour
S1,name+dob,Salah Mejri,1626257,mejrisa01,Salah Mejri,salah mejri
S1,name+dob,Malcolm Miller,1626259,millema01,Malcolm Miller,malcolm miller
S1,name+dob,Coty Clarke,1626262,clarkco01,Coty Clarke,coty clarke
S1,name+dob,Marcelo Huertas,1626273,huertma01,Marcelo Huertas,marcelo huertas
S1,name+dob,Jordan Sibert,1626296,siberjo01,Jordan Sibert,jordan sibert
S1,name+dob,Jacob Pullen,1626643,pulleja01,Jacob Pullen,jacob pullen
S1,name+dob,Jonathan Gibson,1626780,gibsojo01,Jonathan Gibson,jonathan gibson
S1,name+dob,Malcolm Delaney,1627098,delanma01,Malcolm Delaney,malcolm delaney
S1,name+dob,Walt Lemon Jr.,1627215,lemonwa01,Walt Lemon Jr.,walt lemon
S1,name+dob,Alex Stepheson,1627293,stephal01,Alex Stepheson,alex stepheson
S1,name+dob,Briante Weber,1627362,weberbr01,Briante Weber,briante weber
S1,name+dob,Julian Washburn,1627395,washbju01,Julian Washburn,julian washburn
S1,name+dob,Ben Simmons,1627732,simmobe01,Ben Simmons,ben simmons
S1,name+dob,Dragan Bender,1627733,bendedr01,Dragan Bender,dragan bender
S1,name+dob,Domantas Sabonis,1627734,sabondo01,Domantas Sabonis,domantas sabonis
S1,name+dob,Wade Baldwin IV,1627735,baldwwa01,Wade Baldwin,wade baldwin
S1,name+dob,Malik Beasley,1627736,beaslma01,Malik Beasley,malik beasley
S1,name+dob,Marquese Chriss,1627737,chrisma01,Marquese Chriss,marquese chriss
S1,name+dob,Deyonta Davis,1627738,davisde01,Deyonta Davis,deyonta davis
S1,name+dob,Kris Dunn,1627739,dunnkr01,Kris Dunn,kris dunn
S1,name+dob,Henry Ellenson,1627740,ellenhe01,Henry Ellenson,henry ellenson
S1,name+dob,Buddy Hield,1627741,hieldbu01,Buddy Hield,buddy hield
S1,name+dob,Brandon Ingram,1627742,ingrabr01,Brandon Ingram,brandon ingram
S1,name+dob,Demetrius Jackson,1627743,jacksde01,Demetrius Jackson,demetrius jackson
S1,name+dob,Brice Johnson,1627744,johnsbr02,Brice Johnson,brice johnson
S1,name+dob,Damian Jones,1627745,jonesda03,Damian Jones,damian jones
S1,name+dob,Skal Labissiere,1627746,labissk01,Skal Labissière,skal labissiere
S1,name+dob,Caris LeVert,1627747,leverca01,Caris LeVert,caris levert
S1,name+dob,Thon Maker,1627748,makerth01,Thon Maker,thon maker
S1,name+dob,Dejounte Murray,1627749,murrade01,Dejounte Murray,dejounte murray
S1,name+dob,Jamal Murray,1627750,murraja01,Jamal Murray,jamal murray
S1,name+dob,Jakob Poeltl,1627751,poeltja01,Jakob Poeltl,jakob poeltl
S1,name+dob,Taurean Prince,1627752,princta02,Taurean Prince,taurean prince
S1,name+dob,Zhou Qi,1627753,qizh01,Zhou Qi,zhou qi
S1,name+dob,Diamond Stone,1627754,stonedi01,Diamond Stone,diamond stone
S1,name+dob,Tyler Ulis,1627755,ulisty01,Tyler Ulis,tyler ulis
S1,name+dob,Denzel Valentine,1627756,valende01,Denzel Valentine,denzel valentine
S1,name+dob,Stephen Zimmerman,1627757,zimmest01,Stephen Zimmerman,stephen zimmerman
S1,name+dob,Ron Baker,1627758,bakerro01,Ron Baker,ron baker
S1,name+dob,Jaylen Brown,1627759,brownja02,Jaylen Brown,jaylen brown
S1,name+dob,Cat Barber,1627760,barbeca01,Cat Barber,cat barber
S1,name+dob,DeAndre' Bembry,1627761,bembrde01,DeAndre' Bembry,deandre bembry
S1,name+dob,Joel Bolomboy,1627762,bolomjo01,Joel Bolomboy,joel bolomboy
S1,name+dob,Malcolm Brogdon,1627763,brogdma01,Malcolm Brogdon,malcolm brogdon
S1,name+dob,Cheick Diallo,1627767,diallch01,Cheick Diallo,cheick diallo
S1,name+dob,Kay Felder,1627770,feldeka01,Kay Felder,kay felder
S1,name+dob,Michael Gbinije,1627771,gbinimi01,Michael Gbinije,michael gbinije
S1,name+dob,Daniel Hamilton,1627772,hamilda02,Daniel Hamilton,daniel hamilton
S1,name+dob,Jake Layman,1627774,laymaja01,Jake Layman,jake layman
S1,name+dob,Patrick McCaw,1627775,mccawpa01,Patrick McCaw,patrick mccaw
S1,name+dob,Georges Niang,1627777,niangge01,Georges Niang,georges niang
S1,name+dob,Chinanu Onuaku,1627778,onuakch01,Chinanu Onuaku,chinanu onuaku
S1,name+dob,Marcus Paige,1627779,paigema01,Marcus Paige,marcus paige
S1,name+dob,Gary Payton II,1627780,paytoga02,Gary Payton II,gary payton
S1,name+dob,Malachi Richardson,1627781,richama01,Malachi Richardson,malachi richardson
S1,name+dob,Wayne Selden,1627782,seldewa01,Wayne Selden,wayne selden
S1,name+dob,Pascal Siakam,1627783,siakapa01,Pascal Siakam,pascal siakam
S1,name+dob,Jarrod Uthoff,1627784,uthofja01,Jarrod Uthoff,jarrod uthoff
S1,name+dob,Isaiah Whitehead,1627785,whiteis01,Isaiah Whitehead,isaiah whitehead
S1,name+dob,Troy Williams,1627786,willitr02,Troy Williams,troy williams
S1,name+dob,Kyle Wiltjer,1627787,wiltjky01,Kyle Wiltjer,kyle wiltjer
S1,name+dob,Furkan Korkmaz,1627788,korkmfu01,Furkan Korkmaz,furkan korkmaz
S1,name+dob,Timothe Luwawu-Cabarrot,1627789,luwawti01,Timothé Luwawu-Cabarrot,timothe luwawucabarrot
S1,name+dob,Ante Zizic,1627790,zizican01,Ante Žižić,ante zizic
S1,name+dob,Ben Bentil,1627791,bentibe01,Ben Bentil,ben bentil
S1,name+dob,Yogi Ferrell,1627812,ferreyo01,Yogi Ferrell,yogi ferrell
S1,name+dob,Damion Lee,1627814,leeda03,Damion Lee,damion lee
S1,name+dob,Sheldon Mac,1627815,mcclesh01,Sheldon Mac,sheldon mac
S1,name+dob,Alex Poythress,1627816,poythal01,Alex Poythress,alex poythress
S1,name+dob,Tim Quarterman,1627817,quartti01,Tim Quarterman,tim quarterman
S1,name+dob,Isaiah Taylor,1627819,taylois01,Isaiah Taylor,isaiah taylor
S1,name+dob,Tyrone Wallace,1627820,wallaty01,Tyrone Wallace,tyrone wallace
S1,name+dob,James Webb III,1627821,webbja01,James Webb III,james webb
S1,name+dob,Petr Cornelie,1627822,cornepe01,Petr Cornelie,petr cornelie
S1,name+dob,Juancho Hernangomez,1627823,hernaju01,Juancho Hernangómez,juancho hernangomez
S1,name+dob,Guerschon Yabusele,1627824,yabusgu01,Guerschon Yabusele,guerschon yabusele
S1,name+dob,Ivica Zubac,1627826,zubaciv01,Ivica Zubac,ivica zubac
S1,name+dob,Dorian Finney-Smith,1627827,finnedo01,Dorian Finney-Smith,dorian finneysmith
S1,name+dob,Fred VanVleet,1627832,vanvlfr01,Fred VanVleet,fred vanvleet
S1,name+dob,Georgios Papagiannis,1627834,papagge01,Georgios Papagiannis,georgios papagiannis
S1,name+dob,Paul Zipser,1627835,zipsepa01,Paul Zipser,paul zipser
S1,name+dob,Abdel Nader,1627846,naderab01,Abdel Nader,abdel nader
S1,name+dob,Shawn Long,1627848,longsh01,Shawn Long,shawn long
S1,name+dob,Daniel Ochefu,1627849,ochefda01,Daniel Ochefu,daniel ochefu
S1,name+dob,Marshall Plumlee,1627850,plumlma02,Marshall Plumlee,marshall plumlee
S1,name+dob,Mindaugas Kuzminskas,1627851,kuzmimi01,Mindaugas Kuzminskas,mindaugas kuzminskas
S1,name+dob,Nicolas Brussino,1627852,brussni01,Nicolás Brussino,nicolas brussino
S1,name+dob,Ryan Arcidiacono,1627853,arcidry01,Ryan Arcidiacono,ryan arcidiacono
S1,name+dob,Bryn Forbes,1627854,forbebr01,Bryn Forbes,bryn forbes
S1,name+dob,Okaro White,1627855,whiteok01,Okaro White,okaro white
S1,name+dob,Matt Costello,1627856,costema01,Matt Costello,matt costello
S1,name+dob,Kyle Collinsworth,1627858,colliky01,Kyle Collinsworth,kyle collinsworth
S1,name+dob,Mike Tobey,1627861,tobeymi01,Mike Tobey,mike tobey
S1,name+dob,Danuel House Jr.,1627863,houseda01,Danuel House Jr.,danuel house
S1,name+dob,Jameel Warney,1627866,warneja01,Jameel Warney,jameel warney
S1,name+dob,Patricio Garino,1627868,garinpa01,Patricio Garino,patricio garino
S1,name+dob,Marcus Georges-Hunt,1627875,georgma01,Marcus Georges-Hunt,marcus georgeshunt
S1,name+dob,Nicolas Laprovittola,1627879,laproni01,Nicolás Laprovíttola,nicolas laprovittola
S1,name+dob,Jalen Jones,1627883,jonesja04,Jalen Jones,jalen jones
S1,name+dob,Derrick Jones Jr.,1627884,jonesde02,Derrick Jones Jr.,derrick jones
S1,name+dob,Shaquille Harrison,1627885,harrish01,Shaquille Harrison,shaquille harrison
S1,name+dob,Alex Caruso,1627936,carusal01,Alex Caruso,alex caruso
S1,name+dob,Josh Gray,1627982,grayjo01,Josh Gray,josh gray
S1,name+dob,Myke Henry,1627988,henrymy01,Myke Henry,myke henry
S1,name+dob,Alan Ogg,1628,oggal01,Alan Ogg,alan ogg
S1,name+dob,David Nwaba,1628021,nwabada01,David Nwaba,david nwaba
S1,name+dob,Alfonzo McKinnie,1628035,mckinal01,Alfonzo McKinnie,alfonzo mckinnie
S1,name+dob,Jordan Loyd,1628070,loydjo01,Jordan Loyd,jordan loyd
S1,name+dob,Gabe York,1628221,yorkga01,Gabe York,gabe york
S1,name+dob,Paris Bass,1628238,basspa01,Paris Bass,paris bass
S1,name+dob,Markelle Fultz,1628365,fultzma01,Markelle Fultz,markelle fultz
S1,name+dob,Lonzo Ball,1628366,balllo01,Lonzo Ball,lonzo ball
S1,name+dob,Josh Jackson,1628367,jacksjo02,Josh Jackson,josh jackson
S1,name+dob,De'Aaron Fox,1628368,foxde01,De'Aaron Fox,deaaron fox
S1,name+dob,Jayson Tatum,1628369,tatumja01,Jayson Tatum,jayson tatum
S1,name+dob,Malik Monk,1628370,monkma01,Malik Monk,malik monk
S1,name+dob,Jonathan Isaac,1628371,isaacjo01,Jonathan Isaac,jonathan isaac
S1,name+dob,Dennis Smith Jr.,1628372,smithde03,Dennis Smith Jr.,dennis smith
S1,name+dob,Frank Ntilikina,1628373,ntilila01,Frank Ntilikina,frank ntilikina
S1,name+dob,Lauri Markkanen,1628374,markkla01,Lauri Markkanen,lauri markkanen
S1,name+dob,Donovan Mitchell,1628378,mitchdo01,Donovan Mitchell,donovan mitchell
S1,name+dob,Luke Kennard,1628379,kennalu01,Luke Kennard,luke kennard
S1,name+dob,Zach Collins,1628380,colliza01,Zach Collins,zach collins
S1,name+dob,John Collins,1628381,collijo01,John Collins,john collins
S1,name+dob,Justin Jackson,1628382,jacksju01,Justin Jackson,justin jackson
S1,name+dob,Justin Patton,1628383,pattoju01,Justin Patton,justin patton
S1,name+dob,O.G. Anunoby,1628384,anunoog01,OG Anunoby,og anunoby
S1,name+dob,Harry Giles III,1628385,gilesha01,Harry Giles,harry giles
S1,name+dob,Jarrett Allen,1628386,allenja01,Jarrett Allen,jarrett allen
S1,name+dob,T.J. Leaf,1628388,leaftj01,T.J. Leaf,t j leaf
S1,name+dob,Bam Adebayo,1628389,adebaba01,Bam Adebayo,bam adebayo
S1,name+dob,Terrance Ferguson,1628390,fergute01,Terrance Ferguson,terrance ferguson
S1,name+dob,D.J. Wilson,1628391,wilsodj01,D.J. Wilson,d j wilson
S1,name+dob,Isaiah Hartenstein,1628392,harteis01,Isaiah Hartenstein,isaiah hartenstein
S1,name+dob,Jawun Evans,1628393,evansja01,Jawun Evans,jawun evans
S1,name+dob,Anzejs Pasecniks,1628394,pasecan01,Anžejs Pasečņiks,anzejs pasecniks
S1,name+dob,Jordan Bell,1628395,belljo01,Jordan Bell,jordan bell
S1,name+dob,Tony Bradley,1628396,bradlto01,Tony Bradley,tony bradley
S1,name+dob,Ivan Rabb,1628397,rabbiv01,Ivan Rabb,ivan rabb
S1,name+dob,Kyle Kuzma,1628398,kuzmaky01,Kyle Kuzma,kyle kuzma
S1,name+dob,Tyler Lydon,1628399,lydonty01,Tyler Lydon,tyler lydon
S1,name+dob,Semi Ojeleye,1628400,ojelese01,Semi Ojeleye,semi ojeleye
S1,name+dob,Derrick White,1628401,whitede01,Derrick White,derrick white
S1,name+dob,Frank Jackson,1628402,jacksfr01,Frank Jackson,frank jackson
S1,name+dob,Caleb Swanigan,1628403,swanica01,Caleb Swanigan,caleb swanigan
S1,name+dob,Josh Hart,1628404,hartjo01,Josh Hart,josh hart
S1,name+dob,Johnathan Motley,1628405,motlejo01,Johnathan Motley,johnathan motley
S1,name+dob,Dwayne Bacon,1628407,bacondw01,Dwayne Bacon,dwayne bacon
S1,name+dob,PJ Dozier,1628408,doziepj01,PJ Dozier,pj dozier
S1,name+dob,Alec Peters,1628409,peteral01,Alec Peters,alec peters
S1,name+dob,Edmond Sumner,1628410,sumneed01,Edmond Sumner,edmond sumner
S1,name+dob,Wes Iwundu,1628411,iwundwe01,Wes Iwundu,wes iwundu
S1,name+dob,Frank Mason III,1628412,masonfr01,Frank Mason III,frank mason
S1,name+dob,Jonah Bolden,1628413,boldejo01,Jonah Bolden,jonah bolden
S1,name+dob,Sindarius Thornwell,1628414,thornsi01,Sindarius Thornwell,sindarius thornwell
S1,name+dob,Dillon Brooks,1628415,brookdi01,Dillon Brooks,dillon brooks
S1,name+dob,Tyler Dorsey,1628416,dorsety01,Tyler Dorsey,tyler dorsey
S1,name+dob,Jaron Blossomgame,1628417,blossja01,Jaron Blossomgame,jaron blossomgame
S1,name+dob,Thomas Bryant,1628418,bryanth01,Thomas Bryant,thomas bryant
S1,name+dob,Cameron Oliver,1628419,oliveca01,Cameron Oliver,cameron oliver
S1,name+dob,Monte Morris,1628420,morrimo01,Monte Morris,monte morris
S1,name+dob,Devin Robinson,1628421,robinde01,Devin Robinson,devin robinson
S1,name+dob,Damyean Dotson,1628422,dotsoda01,Damyean Dotson,damyean dotson
S1,name+dob,Kobi Simmons,1628424,simmoko01,Kobi Simmons,kobi simmons
S1,name+dob,Sterling Brown,1628425,brownst02,Sterling Brown,sterling brown
S1,name+dob,Vlatko Cancar,1628427,cancavl01,Vlatko Čančar,vlatko cancar
S1,name+dob,Charles Cooke,1628429,cookech01,Charles Cooke,charles cooke
S1,name+dob,Nigel Williams-Goss,1628430,willini01,Nigel Williams-Goss,nigel williamsgoss
S1,name+dob,Davon Reed,1628432,reedda01,Davon Reed,davon reed
S1,name+dob,Chance Comanche,1628435,comanch01,Chance Comanche,chance comanche
S1,name+dob,Luke Kornet,1628436,kornelu01,Luke Kornet,luke kornet
S1,name+dob,Isaiah Hicks,1628439,hicksis01,Isaiah Hicks,isaiah hicks
S1,name+dob,Kadeem Allen,1628443,allenka01,Kadeem Allen,kadeem allen
S1,name+dob,Jabari Bird,1628444,birdja01,Jabari Bird,jabari bird
S1,name+dob,Chris Boucher,1628449,bouchch01,Chris Boucher,chris boucher
S1,name+dob,Eric Mika,1628450,mikaer01,Eric Mika,eric mika
S1,name+dob,Jacob Wiley,1628451,wileyja01,Jacob Wiley,jacob wiley
S1,name+dob,Mike James,1628455,jamesmi02,Mike James,mike james
S1,name+dob,Milos Teodosic,1628462,teodomi01,Miloš Teodosić,milos teodosic
S1,name+dob,Tyler Cavanaugh,1628463,cavanty01,Tyler Cavanaugh,tyler cavanaugh
S1,name+dob,Daniel Theis,1628464,theisda01,Daniel Theis,daniel theis
S1,name+dob,Maxi Kleber,1628467,klebima01,Maxi Kleber,maxi kleber
S1,name+dob,Antonio Blakeney,1628469,blakean01,Antonio Blakeney,antonio blakeney
S1,name+dob,Torrey Craig,1628470,craigto01,Torrey Craig,torrey craig
S1,name+dob,Matt Williams Jr.,1628475,willima05,Matt Williams,matt williams
S1,name+dob,Derrick Walton Jr.,1628476,waltode01,Derrick Walton,derrick walton
S1,name+dob,Gian Clavell,1628492,clavegi01,Gian Clavell,gian clavell
S1,name+dob,Mangok Mathiang,1628493,mathima01,Mangok Mathiang,mangok mathiang
S1,name+dob,Milton Doyle,1628495,doylemi01,Milton Doyle,milton doyle
S1,name+dob,Antonius Cleveland,1628499,clevean01,Antonius Cleveland,antonius cleveland
S1,name+dob,Ben Moore,1628500,moorebe01,Ben Moore,ben moore
S1,name+dob,Nigel Hayes,1628502,hayesni01,Nigel Hayes-Davis,nigel hayes
S1,name+dob,Jamel Artis,1628503,artisja01,Jamel Artis,jamel artis
S1,name+dob,Xavier Rathan-Mayes,1628504,rathaxa01,Xavier Rathan-Mayes,xavier rathanmayes
S1,name+dob,Troy Caupain,1628505,caupatr01,Troy Caupain,troy caupain
S1,name+dob,London Perrantes,1628506,perralo01,London Perrantes,london perrantes
S1,name+dob,Andrew White III,1628510,whitean01,Andrew White,andrew white
S1,name+dob,Naz Mitrou-Long,1628513,mitrona01,Naz Mitrou-Long,naz mitroulong
S1,name+dob,Isaiah Briscoe,1628515,briscis01,Isaiah Briscoe,isaiah briscoe
S1,name+dob,Amile Jefferson,1628518,jeffeam01,Amile Jefferson,amile jefferson
S1,name+dob,Jaylen Morris,1628537,morrija01,Jaylen Morris,jaylen morris
S1,name+dob,Mychal Mulder,1628539,muldemy01,Mychal Mulder,mychal mulder
S1,name+dob,Erik McCree,1628571,mccreer01,Erik McCree,erik mccree
S1,name+dob,Amida Brimah,1628578,brimaam01,Amida Brimah,amida brimah
S1,name+dob,Craig Sword,1628591,swordcr01,Craig Sword,craig sword
S1,name+dob,Dusty Hannahs,1628605,hannadu01,Dusty Hannahs,dusty hannahs
S1,name+dob,Billy Garrett,1628656,garrebi01,Billy Garrett,billy garrett
S1,name+dob,Rodney Purvis,1628681,purviro01,Rodney Purvis,rodney purvis
S1,name+dob,Tahjere McCall,1628769,mccalta01,Tahjere McCall,tahjere mccall
S1,name+dob,Paul Watson,1628778,watsopa01,Paul Watson,paul watson
S1,name+dob,Aaron Jackson,1628935,jacksaa01,Aaron Jackson,aaron jackson
S1,name+dob,Rawle Alkins,1628959,alkinra01,Rawle Alkins,rawle alkins
S1,name+dob,Grayson Allen,1628960,allengr01,Grayson Allen,grayson allen
S1,name+dob,Kostas Antetokounmpo,1628961,antetko01,Kostas Antetokounmpo,kostas antetokounmpo
S1,name+dob,Udoka Azubuike,1628962,azubuud01,Udoka Azubuike,udoka azubuike
S1,name+dob,Marvin Bagley III,1628963,baglema01,Marvin Bagley III,marvin bagley
S1,name+dob,Mo Bamba,1628964,bambamo01,Mo Bamba,mo bamba
S1,name+dob,Keita Bates-Diop,1628966,bateske01,Keita Bates-Diop,keita batesdiop
S1,name+dob,Brian Bowen II,1628968,bowenbr02,Brian Bowen,brian bowen
S1,name+dob,Mikal Bridges,1628969,bridgmi01,Mikal Bridges,mikal bridges
S1,name+dob,Miles Bridges,1628970,bridgmi02,Miles Bridges,miles bridges
S1,name+dob,Bruce Brown,1628971,brownbr01,Bruce Brown,bruce brown
S1,name+dob,Troy Brown Jr.,1628972,browntr01,Troy Brown Jr.,troy brown
S1,name+dob,Jalen Brunson,1628973,brunsja01,Jalen Brunson,jalen brunson
S1,name+dob,Jevon Carter,1628975,carteje01,Jevon Carter,jevon carter
S1,name+dob,Wendell Carter Jr.,1628976,cartewe01,Wendell Carter Jr.,wendell carter
S1,name+dob,Hamidou Diallo,1628977,diallha01,Hamidou Diallo,hamidou diallo
S1,name+dob,Donte DiVincenzo,1628978,divindo01,Donte DiVincenzo,donte divincenzo
S1,name+dob,Trevon Duval,1628979,duvaltr01,Trevon Duval,trevon duval
S1,name+dob,Jacob Evans,1628980,evansja02,Jacob Evans,jacob evans
S1,name+dob,Bruno Fernando,1628981,fernabr01,Bruno Fernando,bruno fernando
S1,name+dob,Melvin Frazier Jr.,1628982,frazime01,Melvin Frazier,melvin frazier
S1,name+dob,Shai Gilgeous-Alexander,1628983,gilgesh01,Shai Gilgeous-Alexander,shai gilgeousalexander
S1,name+dob,Devonte' Graham,1628984,grahade01,Devonte' Graham,devonte graham
S1,name+dob,Devon Hall,1628985,hallde01,Devon Hall,devon hall
S1,name+dob,Kevin Hervey,1628987,herveke01,Kevin Hervey,kevin hervey
S1,name+dob,Aaron Holiday,1628988,holidaa01,Aaron Holiday,aaron holiday
S1,name+dob,Kevin Huerter,1628989,huertke01,Kevin Huerter,kevin huerter
S1,name+dob,Chandler Hutchison,1628990,hutchch01,Chandler Hutchison,chandler hutchison
S1,name+dob,Jaren Jackson Jr.,1628991,jacksja02,Jaren Jackson Jr.,jaren jackson
S1,name+dob,Alize Johnson,1628993,johnsal02,Alize Johnson,alize johnson
S1,name+dob,George King,1628994,kingge03,George King,george king
S1,name+dob,Kevin Knox II,1628995,knoxke01,Kevin Knox,kevin knox
S1,name+dob,Caleb Martin,1628997,martica02,Caleb Martin,caleb martin
S1,name+dob,Cody Martin,1628998,martico01,Cody Martin,cody martin
S1,name+dob,Yante Maten,1628999,matenya01,Yante Maten,yante maten
S1,name+dob,De'Anthony Melton,1629001,meltode01,De'Anthony Melton,deanthony melton
S1,name+dob,Chimezie Metu,1629002,metuch01,Chimezie Metu,chimezie metu
S1,name+dob,Shake Milton,1629003,miltosh01,Shake Milton,shake milton
S1,name+dob,Svi Mykhailiuk,1629004,mykhasv01,Svi Mykhailiuk,svi mykhailiuk
S1,name+dob,Malik Newman,1629005,newmama01,Malik Newman,malik newman
S1,name+dob,Josh Okogie,1629006,okogijo01,Josh Okogie,josh okogie
S1,name+dob,Jontay Porter,1629007,portejo01,Jontay Porter,jontay porter
S1,name+dob,Michael Porter Jr.,1629008,portemi01,Michael Porter Jr.,michael porter
S1,name+dob,Jerome Robinson,1629010,robinje01,Jerome Robinson,jerome robinson
S1,name+dob,Mitchell Robinson,1629011,robinmi01,Mitchell Robinson,mitchell robinson
S1,name+dob,Collin Sexton,1629012,sextoco01,Collin Sexton,collin sexton
S1,name+dob,Landry Shamet,1629013,shamela01,Landry Shamet,landry shamet
S1,name+dob,Anfernee Simons,1629014,simonan01,Anfernee Simons,anfernee simons
S1,name+dob,Zhaire Smith,1629015,smithzh01,Zhaire Smith,zhaire smith
S1,name+dob,Omari Spellman,1629016,spellom01,Omari Spellman,omari spellman
S1,name+dob,Khyri Thomas,1629017,thomakh01,Khyri Thomas,khyri thomas
S1,name+dob,Gary Trent Jr.,1629018,trentga02,Gary Trent Jr.,gary trent
S1,name+dob,Allonzo Trier,1629019,trieral01,Allonzo Trier,allonzo trier
S1,name+dob,Jarred Vanderbilt,1629020,vandeja01,Jarred Vanderbilt,jarred vanderbilt
S1,name+dob,Moritz Wagner,1629021,wagnemo01,Moritz Wagner,moritz wagner
S1,name+dob,Lonnie Walker IV,1629022,walkelo01,Lonnie Walker IV,lonnie walker
S1,name+dob,P.J. Washington,1629023,washipj01,P.J. Washington,p j washington
S1,name+dob,Kenrich Williams,1629026,willike04,Kenrich Williams,kenrich williams
S1,name+dob,Trae Young,1629027,youngtr01,Trae Young,trae young
S1,name+dob,Deandre Ayton,1629028,aytonde01,Deandre Ayton,deandre ayton
S1,name+dob,Luka Doncic,1629029,doncilu01,Luka Dončić,luka doncic
S1,name+dob,Theo Pinson,1629033,pinsoth01,Theo Pinson,theo pinson
S1,name+dob,Ray Spalding,1629034,spaldra01,Ray Spalding,ray spalding
S1,name+dob,Carsen Edwards,1629035,edwarca01,Carsen Edwards,carsen edwards
S1,name+dob,Shamorie Ponds,1629044,pondssh01,Shamorie Ponds,shamorie ponds
S1,name+dob,Bonzie Colson,1629045,colsobo01,Bonzie Colson,bonzie colson
S1,name+dob,Goga Bitadze,1629048,bitadgo01,Goga Bitadze,goga bitadze
S1,name+dob,Oshae Brissett,1629052,brissos01,Oshae Brissett,oshae brissett
S1,name+dob,Donte Grantham,1629055,grantdo01,Donte Grantham,donte grantham
S1,name+dob,Terence Davis,1629056,daviste02,Terence Davis,terence davis
S1,name+dob,Robert Williams III,1629057,williro04,Robert Williams,robert williams
S1,name+dob,Dzanan Musa,1629058,musadz01,Džanan Musa,dzanan musa
S1,name+dob,Elie Okobo,1629059,okoboel01,Elie Okobo,elie okobo
S1,name+dob,Rui Hachimura,1629060,hachiru01,Rui Hachimura,rui hachimura
S1,name+dob,Deng Adel,1629061,adelde01,Deng Adel,deng adel
S1,name+dob,Ky Bowman,1629065,bowmaky01,Ky Bowman,ky bowman
S1,name+dob,Rodions Kurucs,1629066,kurucro01,Rodions Kurucs,rodions kurucs
S1,name+dob,Isaac Bonga,1629067,bongais01,Isaac Bonga,isaac bonga
S1,name+dob,Tyler Cook,1629076,cookty01,Tyler Cook,tyler cook
S1,name+dob,Arnoldas Kulboka,1629083,kulboar01,Arnoldas Kulboka,arnoldas kulboka
S1,name+dob,Elijah Bryant,1629091,bryanel01,Elijah Bryant,elijah bryant
S1,name+dob,Tyler Davis,1629093,davisty01,Tyler Davis,tyler davis
S1,name+dob,Marcus Derrickson,1629094,derrima01,Marcus Derrickson,marcus derrickson
S1,name+dob,Brandon Sampson,1629102,sampsbr01,Brandon Sampson,brandon sampson
S1,name+dob,Kelan Martin,1629103,martike03,Kelan Martin,kelan martin
S1,name+dob,Gary Clark,1629109,clarkga01,Gary Clark,gary clark
S1,name+dob,Jock Landale,1629111,landajo01,Jock Landale,jock landale
S1,name+dob,Angel Delgado,1629116,delgaan01,Ángel Delgado,angel delgado
S1,name+dob,Wenyen Gabriel,1629117,gabriwe01,Wenyen Gabriel,wenyen gabriel
S1,name+dob,Thomas Welsh,1629118,welshth01,Thomas Welsh,thomas welsh
S1,name+dob,Jaylen Adams,1629121,adamsja01,Jaylen Adams,jaylen adams
S1,name+dob,J.P. Macura,1629122,macurjp01,J.P. Macura,j macura
S1,name+dob,Jared Terrell,1629123,terreja01,Jared Terrell,jared terrell
S1,name+dob,Deonte Burton,1629126,burtode02,Deonte Burton,deonte burton
S1,name+dob,Duncan Robinson,1629130,robindu01,Duncan Robinson,duncan robinson
S1,name+dob,Daryl Macon,1629133,maconda01,Daryl Macon,daryl macon
S1,name+dob,Kendrick Nunn,1629134,nunnke01,Kendrick Nunn,kendrick nunn
S1,name+dob,Yuta Watanabe,1629139,watanyu01,Yuta Watanabe,yuta watanabe
S1,name+dob,Johnathan Williams,1629140,willijo04,Johnathan Williams,johnathan williams
S1,name+dob,Joe Chealey,1629147,chealjo01,Joe Chealey,joe chealey
S1,name+dob,Emanuel Terry,1629150,terryem01,Emanuel Terry,emanuel terry
S1,name+dob,Ryan Broekhoff,1629151,broekry01,Ryan Broekhoff,ryan broekhoff
S1,name+dob,DeVaughn Akoon-Purcell,1629152,akoonde01,DeVaughn Akoon-Purcell,devaughn akoonpurcell
S1,name+dob,Zach Lofton,1629155,loftoza01,Zach Lofton,zach lofton
S1,name+dob,Jordan McLaughlin,1629162,mclaujo01,Jordan McLaughlin,jordan mclaughlin
S1,name+dob,Brandon Goodwin,1629164,goodwbr01,Brandon Goodwin,brandon goodwin
S1,name+dob,Chris Chiozza,1629185,chiozch01,Chris Chiozza,chris chiozza
S1,name+dob,Jemerrio Jones,1629203,jonesje01,Jemerrio Jones,jemerrio jones
S1,name+dob,Gabe Vincent,1629216,vincega01,Gabe Vincent,gabe vincent
S1,name+dob,Drew Eubanks,1629234,eubandr01,Drew Eubanks,drew eubanks
S1,name+dob,Juan Toscano-Anderson,1629308,toscaju01,Juan Toscano-Anderson,juan toscanoanderson
S1,name+dob,Trayvon Palmer,1629309,palmetr01,Trayvon Palmer,trayvon palmer
S1,name+dob,Haywood Highsmith,1629312,highsha01,Haywood Highsmith,haywood highsmith
S1,name+dob,Alen Smailagic,1629346,smailal01,Alen Smailagić,alen smailagic
S1,name+dob,Isaac Humphries,1629353,humphis01,Isaac Humphries,isaac humphries
S1,name+dob,Dairis Bertans,1629541,bertada02,Dairis Bertāns,dairis bertans
S1,name+dob,Zylan Cheatham,1629597,cheatzy01,Zylan Cheatham,zylan cheatham
S1,name+dob,Chris Clemons,1629598,clemoch01,Chris Clemons,chris clemons
S1,name+dob,Amir Coffey,1629599,coffeam01,Amir Coffey,amir coffey
S1,name+dob,Jarron Cumberland,1629600,cumbeja01,Jarron Cumberland,jarron cumberland
S1,name+dob,Javin DeLaurier,1629602,delauja01,Javin DeLaurier,javin delaurier
S1,name+dob,Mamadi Diakite,1629603,diakima01,Mamadi Diakite,mamadi diakite
S1,name+dob,CJ Elleby,1629604,ellebcj01,CJ Elleby,cj elleby
S1,name+dob,Tacko Fall,1629605,fallta01,Tacko Fall,tacko fall
S1,name+dob,Robert Franks,1629606,frankro01,Robert Franks,robert franks
S1,name+dob,Jared Harper,1629607,harpeja01,Jared Harper,jared harper
S1,name+dob,Dewan Hernandez,1629608,hernade01,Dewan Hernandez,dewan hernandez
S1,name+dob,DaQuan Jeffries,1629610,jeffrda01,DaQuan Jeffries,daquan jeffries
S1,name+dob,Terance Mann,1629611,mannte01,Terance Mann,terance mann
S1,name+dob,Andrew Nembhard,1629614,nembhan01,Andrew Nembhard,andrew nembhard
S1,name+dob,Reggie Perry,1629617,perryre01,Reggie Perry,reggie perry
S1,name+dob,Myles Powell,1629619,powelmy01,Myles Powell,myles powell
S1,name+dob,Justin Robinson,1629620,robinju01,Justin Robinson,justin robinson
S1,name+dob,Marial Shayok,1629621,shayoma01,Marial Shayok,marial shayok
S1,name+dob,Max Strus,1629622,strusma01,Max Strus,max strus
S1,name+dob,Lindell Wigginton,1629623,wiggili01,Lindell Wigginton,lindell wigginton
S1,name+dob,Justin Wright-Foreman,1629625,wrighju02,Justin Wright-Foreman,justin wrightforeman
S1,name+dob,Bol Bol,1629626,bolbo01,Bol Bol,bol bol
S1,name+dob,Zion Williamson,1629627,willizi01,Zion Williamson,zion williamson
S1,name+dob,RJ Barrett,1629628,barrerj01,RJ Barrett,rj barrett
S1,name+dob,Cam Reddish,1629629,reddica01,Cam Reddish,cam reddish
S1,name+dob,Ja Morant,1629630,moranja01,Ja Morant,ja morant
S1,name+dob,De'Andre Hunter,1629631,huntede01,De'Andre Hunter,deandre hunter
S1,name+dob,Coby White,1629632,whiteco01,Coby White,coby white
S1,name+dob,Jarrett Culver,1629633,culveja01,Jarrett Culver,jarrett culver
S1,name+dob,Brandon Clarke,1629634,clarkbr01,Brandon Clarke,brandon clarke
S1,name+dob,Sekou Doumbouya,1629635,doumbse01,Sekou Doumbouya,sekou doumbouya
S1,name+dob,Darius Garland,1629636,garlada01,Darius Garland,darius garland
S1,name+dob,Jaxson Hayes,1629637,hayesja02,Jaxson Hayes,jaxson hayes
S1,name+dob,Nickeil Alexander-Walker,1629638,alexani01,Nickeil Alexander-Walker,nickeil alexanderwalker
S1,name+dob,Tyler Herro,1629639,herroty01,Tyler Herro,tyler herro
S1,name+dob,Keldon Johnson,1629640,johnske04,Keldon Johnson,keldon johnson
S1,name+dob,Romeo Langford,1629641,langfro01,Romeo Langford,romeo langford
S1,name+dob,Nassir Little,1629642,littlna01,Nassir Little,nassir little
S1,name+dob,Chuma Okeke,1629643,okekech01,Chuma Okeke,chuma okeke
S1,name+dob,KZ Okpala,1629644,okpalkz01,KZ Okpala,kz okpala
S1,name+dob,Kevin Porter Jr.,1629645,porteke02,Kevin Porter Jr.,kevin porter
S1,name+dob,Charles Bassey,1629646,bassech01,Charles Bassey,charles bassey
S1,name+dob,Darius Bazley,1629647,bazleda01,Darius Bazley,darius bazley
S1,name+dob,Jordan Bone,1629648,bonejo01,Jordan Bone,jordan bone
S1,name+dob,Ignas Brazdeikis,1629649,brazdig01,Ignas Brazdeikis,ignas brazdeikis
S1,name+dob,Moses Brown,1629650,brownmo01,Moses Brown,moses brown
S1,name+dob,Nic Claxton,1629651,claxtni01,Nic Claxton,nic claxton
S1,name+dob,Luguentz Dort,1629652,dortlu01,Luguentz Dort,luguentz dort
S1,name+dob,Devon Dotson,1629653,dotsode01,Devon Dotson,devon dotson
S1,name+dob,Daniel Gafford,1629655,gaffoda01,Daniel Gafford,daniel gafford
S1,name+dob,Quentin Grimes,1629656,grimequ01,Quentin Grimes,quentin grimes
S1,name+dob,Kyle Guy,1629657,guyky01,Kyle Guy,kyle guy
S1,name+dob,Jaylen Hoard,1629658,hoardja01,Jaylen Hoard,jaylen hoard
S1,name+dob,Talen Horton-Tucker,1629659,hortota01,Talen Horton-Tucker,talen hortontucker
S1,name+dob,Ty Jerome,1629660,jeromty01,Ty Jerome,ty jerome
S1,name+dob,Cameron Johnson,1629661,johnsca02,Cameron Johnson,cameron johnson
S1,name+dob,Mfiondu Kabengele,1629662,kabenmf01,Mfiondu Kabengele,mfiondu kabengele
S1,name+dob,Louis King,1629663,kinglo02,Louis King,louis king
S1,name+dob,Jalen Lecque,1629665,lecquja01,Jalen Lecque,jalen lecque
S1,name+dob,Jalen McDaniels,1629667,mcdanja01,Jalen McDaniels,jalen mcdaniels
S1,name+dob,Zach Norvell Jr.,1629668,norveza01,Zach Norvell,zach norvell
S1,name+dob,Jaylen Nowell,1629669,nowelja01,Jaylen Nowell,jaylen nowell
S1,name+dob,Jordan Nwora,1629670,nworajo01,Jordan Nwora,jordan nwora
S1,name+dob,Miye Oni,1629671,onimi01,Miye Oni,miye oni
S1,name+dob,Eric Paschall,1629672,pascher01,Eric Paschall,eric paschall
S1,name+dob,Jordan Poole,1629673,poolejo01,Jordan Poole,jordan poole
S1,name+dob,Neemias Queta,1629674,quetane01,Neemias Queta,neemias queta
S1,name+dob,Naz Reid,1629675,reidna01,Naz Reid,naz reid
S1,name+dob,Isaiah Roby,1629676,robyis01,Isaiah Roby,isaiah roby
S1,name+dob,Luka Samanic,1629677,samanlu01,Luka Šamanić,luka samanic
S1,name+dob,Admiral Schofield,1629678,schofad01,Admiral Schofield,admiral schofield
S1,name+dob,Matisse Thybulle,1629680,thybuma01,Matisse Thybulle,matisse thybulle
S1,name+dob,Killian Tillie,1629681,tilliki02,Killian Tillie,killian tillie
S1,name+dob,Tremont Waters,1629682,watertr01,Tremont Waters,tremont waters
S1,name+dob,Quinndary Weatherspoon,1629683,weathqu01,Quinndary Weatherspoon,quinndary weatherspoon
S1,name+dob,Grant Williams,1629684,willigr01,Grant Williams,grant williams
S1,name+dob,Dylan Windler,1629685,windldy01,Dylan Windler,dylan windler
S1,name+dob,Deividas Sirvydis,1629686,sirvyde01,Deividas Sirvydis,deividas sirvydis
S1,name+dob,Adam Mokoka,1629690,mokokad01,Adam Mokoka,adam mokoka
S1,name+dob,Justin James,1629713,jamesju01,Justin James,justin james
S1,name+dob,Jarrell Brantley,1629714,brantja01,Jarrell Brantley,jarrell brantley
S1,name+dob,Marques Bolden,1629716,boldema01,Marques Bolden,marques bolden
S1,name+dob,Armoni Brooks,1629717,brookar01,Armoni Brooks,armoni brooks
S1,name+dob,Charlie Brown Jr.,1629718,brownch02,Charlie Brown Jr.,charlie brown
S1,name+dob,Devontae Cacok,1629719,cacokde01,Devontae Cacok,devontae cacok
S1,name+dob,John Konchar,1629723,konchjo01,John Konchar,john konchar
S1,name+dob,Vic Law,1629724,lawvi01,Vic Law,vic law
S1,name+dob,Jeremiah Martin,1629725,martije02,Jeremiah Martin,jeremiah martin
S1,name+dob,Garrison Mathews,1629726,mathega01,Garrison Mathews,garrison mathews
S1,name+dob,Josh Reaves,1629729,reavejo02,Josh Reaves,josh reaves
S1,name+dob,Rayjon Tucker,1629730,tuckera01,Rayjon Tucker,rayjon tucker
S1,name+dob,Dean Wade,1629731,wadede01,Dean Wade,dean wade
S1,name+dob,Kyle Alexander,1629734,alexaky01,Kyle Alexander,kyle alexander
S1,name+dob,Chris Silva,1629735,silvach01,Chris Silva,chris silva
S1,name+dob,Vincent Poirier,1629738,poirivi01,Vincent Poirier,vincent poirier
S1,name+dob,William Howard,1629739,howarwi01,William Howard,william howard
S1,name+dob,Nicolo Melli,1629740,mellini01,Nicolò Melli,nicolo melli
S1,name+dob,Marko Guduric,1629741,gudurma01,Marko Gudurić,marko guduric
S1,name+dob,Stanton Kidd,1629742,kiddst01,Stanton Kidd,stanton kidd
S1,name+dob,Donta Hall,1629743,halldo01,Donta Hall,donta hall
S1,name+dob,Matt Thomas,1629744,thomama02,Matt Thomas,matt thomas
S1,name+dob,Tariq Owens,1629745,owensta01,Tariq Owens,tariq owens
S1,name+dob,Javonte Green,1629750,greenja02,Javonte Green,javonte green
S1,name+dob,Dakota Mathias,1629751,mathida01,Dakota Mathias,dakota mathias
S1,name+dob,Juwan Morgan,1629752,morgaju01,Juwan Morgan,juwan morgan
S1,name+dob,Hassani Gravett,1629755,graveha01,Hassani Gravett,hassani gravett
S1,name+dob,Shaq Buchanan,1629783,buchash01,Shaq Buchanan,shaq buchanan
S1,name+dob,Tyler Hall,1629788,hallty01,Tyler Hall,tyler hall
S1,name+dob,Keljin Blevins,1629833,blevike01,Keljin Blevins,keljin blevins
S1,name+dob,Jaysean Paige,1629873,paigeja01,Jaysean Paige,jaysean paige
S1,name+dob,Xavier Moon,1629875,moonxa01,Xavier Moon,xavier moon
S1,name+dob,Ahmad Caver,1629958,caverah01,Ahmad Caver,ahmad caver
S1,name+dob,Devin Cannady,1629962,cannade01,Devin Cannady,devin cannady
S1,name+dob,Mikki Moore,1630,mooremi01,Mikki Moore,mikki moore
S1,name+dob,Anthony Edwards,1630162,edwaran01,Anthony Edwards,anthony edwards
S1,name+dob,LaMelo Ball,1630163,ballla01,LaMelo Ball,lamelo ball
S1,name+dob,James Wiseman,1630164,wisemja01,James Wiseman,james wiseman
S1,name+dob,Killian Hayes,1630165,hayeski01,Killian Hayes,killian hayes
S1,name+dob,Deni Avdija,1630166,avdijde01,Deni Avdija,deni avdija
S1,name+dob,Obi Toppin,1630167,toppiob01,Obi Toppin,obi toppin
S1,name+dob,Onyeka Okongwu,1630168,okongon01,Onyeka Okongwu,onyeka okongwu
S1,name+dob,Tyrese Haliburton,1630169,halibty01,Tyrese Haliburton,tyrese haliburton
S1,name+dob,Devin Vassell,1630170,vassede01,Devin Vassell,devin vassell
S1,name+dob,Isaac Okoro,1630171,okorois01,Isaac Okoro,isaac okoro
S1,name+dob,Patrick Williams,1630172,willipa01,Patrick Williams,patrick williams
S1,name+dob,Precious Achiuwa,1630173,achiupr01,Precious Achiuwa,precious achiuwa
S1,name+dob,Aaron Nesmith,1630174,nesmiaa01,Aaron Nesmith,aaron nesmith
S1,name+dob,Cole Anthony,1630175,anthoco01,Cole Anthony,cole anthony
S1,name+dob,Vernon Carey Jr.,1630176,careyve01,Vernon Carey Jr.,vernon carey
S1,name+dob,Theo Maledon,1630177,maledth01,Théo Maledon,theo maledon
S1,name+dob,Tyrese Maxey,1630178,maxeyty01,Tyrese Maxey,tyrese maxey
S1,name+dob,Tyrell Terry,1630179,terryty01,Tyrell Terry,tyrell terry
S1,name+dob,Saddiq Bey,1630180,beysa01,Saddiq Bey,saddiq bey
S1,name+dob,R.J. Hampton,1630181,hamptrj01,R.J. Hampton,r hampton
S1,name+dob,Josh Green,1630182,greenjo02,Josh Green,josh green
S1,name+dob,Jaden McDaniels,1630183,mcdanja02,Jaden McDaniels,jaden mcdaniels
S1,name+dob,Kira Lewis Jr.,1630184,lewiski01,Kira Lewis Jr.,kira lewis
S1,name+dob,Nico Mannion,1630185,mannini01,Nico Mannion,nico mannion
S1,name+dob,Jahmi'us Ramsey,1630186,ramseja01,Jahmi'us Ramsey,jahmius ramsey
S1,name+dob,Daniel Oturu,1630187,oturuda01,Daniel Oturu,daniel oturu
S1,name+dob,Jalen Smith,1630188,smithja04,Jalen Smith,jalen smith
S1,name+dob,Tyler Bey,1630189,beyty01,Tyler Bey,tyler bey
S1,name+dob,Elijah Hughes,1630190,hugheel01,Elijah Hughes,elijah hughes
S1,name+dob,Isaiah Stewart,1630191,stewais01,Isaiah Stewart,isaiah stewart
S1,name+dob,Zeke Nnaji,1630192,nnajize01,Zeke Nnaji,zeke nnaji
S1,name+dob,Immanuel Quickley,1630193,quickim01,Immanuel Quickley,immanuel quickley
S1,name+dob,Paul Reed,1630194,reedpa01,Paul Reed,paul reed
S1,name+dob,Leandro Bolmaro,1630195,bolmale01,Leandro Bolmaro,leandro bolmaro
S1,name+dob,Aleksej Pokusevski,1630197,pokusal01,Aleksej Pokusevski,aleksej pokusevski
S1,name+dob,Isaiah Joe,1630198,joeis01,Isaiah Joe,isaiah joe
S1,name+dob,Cassius Stanley,1630199,stanlca01,Cassius Stanley,cassius stanley
S1,name+dob,Tre Jones,1630200,jonestr01,Tre Jones,tre jones
S1,name+dob,Payton Pritchard,1630202,pritcpa01,Payton Pritchard,payton pritchard
S1,name+dob,Grant Riller,1630203,rillegr01,Grant Riller,grant riller
S1,name+dob,Ashton Hagans,1630204,haganas01,Ashton Hagans,ashton hagans
S1,name+dob,Lamar Stevens,1630205,stevela01,Lamar Stevens,lamar stevens
S1,name+dob,Jay Scrubb,1630206,scrubja01,Jay Scrubb,jay scrubb
S1,name+dob,Nate Hinton,1630207,hintona01,Nate Hinton,nate hinton
S1,name+dob,Nick Richards,1630208,richani01,Nick Richards,nick richards
S1,name+dob,Omer Yurtseven,1630209,yurtsom01,Omer Yurtseven,omer yurtseven
S1,name+dob,Markus Howard,1630210,howarma02,Markus Howard,markus howard
S1,name+dob,Karim Mane,1630211,maneka01,Karim Mané,karim mane
S1,name+dob,Xavier Tillman,1630214,tillmxa01,Xavier Tillman Sr.,xavier tillman
S1,name+dob,Jared Butler,1630215,butleja02,Jared Butler,jared butler
S1,name+dob,Cassius Winston,1630216,winstca01,Cassius Winston,cassius winston
S1,name+dob,Desmond Bane,1630217,banede01,Desmond Bane,desmond bane
S1,name+dob,Robert Woodard II,1630218,woodaro01,Robert Woodard II,robert woodard
S1,name+dob,Skylar Mays,1630219,mayssk01,Skylar Mays,skylar mays
S1,name+dob,Josh Hall,1630221,halljo01,Josh Hall,josh hall
S1,name+dob,Mason Jones,1630222,jonesma05,Mason Jones,mason jones
S1,name+dob,Jalen Harris,1630223,harrija01,Jalen Harris,jalen harris
S1,name+dob,Jalen Green,1630224,greenja05,Jalen Green,jalen green
S1,name+dob,Isaiah Todd,1630225,toddis01,Isaiah Todd,isaiah todd
S1,name+dob,Daishen Nix,1630227,nixda01,Daishen Nix,daishen nix
S1,name+dob,Jonathan Kuminga,1630228,kuminjo01,Jonathan Kuminga,jonathan kuminga
S1,name+dob,Naji Marshall,1630230,marshna01,Naji Marshall,naji marshall
S1,name+dob,Kenyon Martin Jr.,1630231,martike04,KJ Martin,kj martin
S1,name+dob,Nathan Knight,1630233,knighna01,Nathan Knight,nathan knight
S1,name+dob,Ty-Shon Alexander,1630234,alexaty01,Ty-Shon Alexander,tyshon alexander
S1,name+dob,Trent Forrest,1630235,forretr01,Trent Forrest,trent forrest
S1,name+dob,Anthony Lamb,1630237,lamban01,Anthony Lamb,anthony lamb
S1,name+dob,Malik Fitts,1630238,fittsma01,Malik Fitts,malik fitts
S1,name+dob,Saben Lee,1630240,leesa01,Saben Lee,saben lee
S1,name+dob,Sam Merrill,1630241,merrisa01,Sam Merrill,sam merrill
S1,name+dob,Trevelin Queen,1630243,queentr01,Trevelin Queen,trevelin queen
S1,name+dob,Ayo Dosunmu,1630245,dosunay01,Ayo Dosunmu,ayo dosunmu
S1,name+dob,Vit Krejci,1630249,krejcvi01,Vít Krejčí,vit krejci
S1,name+dob,Marko Simonovic,1630250,simonma01,Marko Simonovic,marko simonovic
S1,name+dob,Sean McDermott,1630253,mcderse01,Sean McDermott,sean mcdermott
S1,name+dob,Jae'Sean Tate,1630256,tateja01,Jae'Sean Tate,jaesean tate
S1,name+dob,Jon Teske,1630257,teskejo01,Jon Teske,jon teske
S1,name+dob,Anthony Gill,1630264,gillan01,Anthony Gill,anthony gill
S1,name+dob,Will Magnay,1630266,magnawi01,Will Magnay,will magnay
S1,name+dob,Facundo Campazzo,1630267,campafa01,Facundo Campazzo,facundo campazzo
S1,name+dob,Nate Darling,1630268,darlina01,Nate Darling,nate darling
S1,name+dob,Xavier Sneed,1630270,sneedxa01,Xavier Sneed,xavier sneed
S1,name+dob,Brodric Thomas,1630271,thomabr01,Brodric Thomas,brodric thomas
S1,name+dob,Freddie Gillespie,1630273,gillefr01,Freddie Gillespie,freddie gillespie
S1,name+dob,Ade Murkey,1630278,murkead01,Ade Murkey,ade murkey
S1,name+dob,Kevon Harris,1630284,harrike01,Kevon Harris,kevon harris
S1,name+dob,Zavier Simpson,1630285,simpsza01,Zavier Simpson,zavier simpson
S1,name+dob,Trevon Scott,1630286,scotttr01,Tre Scott,tre scott
S1,name+dob,Jeff Dowtin Jr.,1630288,dowtije01,Jeff Dowtin Jr.,jeff dowtin
S1,name+dob,Braxton Key,1630296,keybr01,Braxton Key,braxton key
S1,name+dob,Rob Edwards,1630306,edwarro01,Rob Edwards,rob edwards
S1,name+dob,Brandon Williams,1630314,willibr03,Brandon Williams,brandon williams
S1,name+dob,Lindy Waters III,1630322,waterli01,Lindy Waters III,lindy waters
S1,name+dob,Matt Ryan,1630346,ryanma01,Matt Ryan,matt ryan
S1,name+dob,Gabriel Deck,1630466,deckga01,Gabriel Deck,gabriel deck
S1,name+dob,David Johnson,1630525,johnsda08,David Johnson,david johnson
S1,name+dob,Jeremiah Robinson-Earl,1630526,robinje02,Jeremiah Robinson-Earl,jeremiah robinsonearl
S1,name+dob,Brandon Boston Jr.,1630527,bostobr01,Brandon Boston Jr.,brandon boston
S1,name+dob,Josh Christopher,1630528,chrisjo01,Josh Christopher,josh christopher
S1,name+dob,Herbert Jones,1630529,joneshe01,Herbert Jones,herbert jones
S1,name+dob,Trey Murphy III,1630530,murphtr02,Trey Murphy III,trey murphy
S1,name+dob,Jaden Springer,1630531,sprinja01,Jaden Springer,jaden springer
S1,name+dob,Franz Wagner,1630532,wagnefr01,Franz Wagner,franz wagner
S1,name+dob,Ziaire Williams,1630533,willizi02,Ziaire Williams,ziaire williams
S1,name+dob,Ochai Agbaji,1630534,agbajoc01,Ochai Agbaji,ochai agbaji
S1,name+dob,Greg Brown III,1630535,browngr01,Greg Brown III,greg brown
S1,name+dob,Sharife Cooper,1630536,coopesh01,Sharife Cooper,sharife cooper
S1,name+dob,Chris Duarte,1630537,duartch01,Chris Duarte,chris duarte
S1,name+dob,Bones Hyland,1630538,hylanbo01,Bones Hyland,bones hyland
S1,name+dob,Kai Jones,1630539,joneska01,Kai Jones,kai jones
S1,name+dob,Miles McBride,1630540,mcbrimi01,Miles McBride,miles mcbride
S1,name+dob,Moses Moody,1630541,moodymo01,Moses Moody,moses moody
S1,name+dob,Isaiah Jackson,1630543,jacksis01,Isaiah Jackson,isaiah jackson
S1,name+dob,Tre Mann,1630544,manntr01,Tre Mann,tre mann
S1,name+dob,James Bouknight,1630547,bouknja01,James Bouknight,james bouknight
S1,name+dob,Johnny Juzang,1630548,juzanjo01,Johnny Juzang,johnny juzang
S1,name+dob,Day'Ron Sharpe,1630549,sharpda01,Day'Ron Sharpe,dayron sharpe
S1,name+dob,JT Thor,1630550,thorjt01,JT Thor,jt thor
S1,name+dob,Justin Champagnie,1630551,champju01,Justin Champagnie,justin champagnie
S1,name+dob,Jalen Johnson,1630552,johnsja05,Jalen Johnson,jalen johnson
S1,name+dob,Keon Johnson,1630553,johnske07,Keon Johnson,keon johnson
S1,name+dob,Jason Preston,1630554,prestja01,Jason Preston,jason preston
S1,name+dob,Joel Ayayi,1630555,ayayijo01,Joel Ayayi,joel ayayi
S1,name+dob,Kessler Edwards,1630556,edwarke02,Kessler Edwards,kessler edwards
S1,name+dob,Corey Kispert,1630557,kispeco01,Corey Kispert,corey kispert
S1,name+dob,Davion Mitchell,1630558,mitchda01,Davion Mitchell,davion mitchell
S1,name+dob,Austin Reaves,1630559,reaveau01,Austin Reaves,austin reaves
S1,name+dob,Cam Thomas,1630560,thomaca02,Cam Thomas,cam thomas
S1,name+dob,David Duke Jr.,1630561,dukeda01,David Duke Jr.,david duke
S1,name+dob,Joshua Primo,1630563,primojo01,Joshua Primo,joshua primo
S1,name+dob,Aaron Henry,1630565,henryaa01,Aaron Henry,aaron henry
S1,name+dob,Scottie Barnes,1630567,barnesc01,Scottie Barnes,scottie barnes
S1,name+dob,Luka Garza,1630568,garzalu01,Luka Garza,luka garza
S1,name+dob,Trendon Watford,1630570,watfotr01,Trendon Watford,trendon watford
S1,name+dob,Sandro Mamukelashvili,1630572,mamuksa01,Sandro Mamukelashvili,sandro mamukelashvili
S1,name+dob,Sam Hauser,1630573,hausesa01,Sam Hauser,sam hauser
S1,name+dob,Scottie Lewis,1630575,lewissc01,Scottie Lewis,scottie lewis
S1,name+dob,Julian Champagnie,1630577,champju02,Julian Champagnie,julian champagnie
S1,name+dob,Alperen Sengun,1630578,sengual01,Alperen Şengün,alperen sengun
S1,name+dob,Jericho Sims,1630579,simsje01,Jericho Sims,jericho sims
S1,name+dob,Joe Wieskamp,1630580,wieskjo01,Joe Wieskamp,joe wieskamp
S1,name+dob,Josh Giddey,1630581,giddejo01,Josh Giddey,josh giddey
S1,name+dob,Yves Pons,1630582,ponsyv01,Yves Pons,yves pons
S1,name+dob,Santi Aldama,1630583,aldamsa01,Santi Aldama,santi aldama
S1,name+dob,Marcus Garrett,1630585,garrema01,Marcus Garrett,marcus garrett
S1,name+dob,Usman Garuba,1630586,garubus01,Usman Garuba,usman garuba
S1,name+dob,Isaiah Livers,1630587,liveris01,Isaiah Livers,isaiah livers
S1,name+dob,Moses Wright,1630589,wrighmo01,Moses Wright,moses wright
S1,name+dob,Scotty Pippen Jr.,1630590,pippesc02,Scotty Pippen Jr.,scotty pippen
S1,name+dob,Jalen Suggs,1630591,suggsja01,Jalen Suggs,jalen suggs
S1,name+dob,McKinley Wright IV,1630593,wrighmc01,McKinley Wright IV,mckinley wright
S1,name+dob,Cade Cunningham,1630595,cunnica01,Cade Cunningham,cade cunningham
S1,name+dob,Evan Mobley,1630596,mobleev01,Evan Mobley,evan mobley
S1,name+dob,Aaron Wiggins,1630598,wiggiaa01,Aaron Wiggins,aaron wiggins
S1,name+dob,Isaiah Mobley,1630600,mobleis01,Isaiah Mobley,isaiah mobley
S1,name+dob,Chaundee Brown Jr.,1630602,brownch05,Chaundee Brown Jr.,chaundee brown
S1,name+dob,E.J. Liddell,1630604,liddeej01,E.J. Liddell,e j liddell
S1,name+dob,JaQuori McLaughlin,1630605,mclauja01,JaQuori McLaughlin,jaquori mclaughlin
S1,name+dob,Javonte Smart,1630606,smartja01,Javonte Smart,javonte smart
S1,name+dob,DeJon Jarreau,1630610,jarrede01,DeJon Jarreau,dejon jarreau
S1,name+dob,RJ Nembhard Jr.,1630612,nembhrj01,RJ Nembhard Jr.,rj nembhard
S1,name+dob,Duane Washington Jr.,1630613,washidu02,Duane Washington Jr.,duane washington
S1,name+dob,Darius Days,1630620,daysda01,Darius Days,darius days
S1,name+dob,Feron Hunt,1630624,huntfe01,Feron Hunt,feron hunt
S1,name+dob,Dalano Banton,1630625,bantoda01,Dalano Banton,dalano banton
S1,name+dob,Jose Alvarado,1630631,alvarjo01,Jose Alvarado,jose alvarado
S1,name+dob,Carlik Jones,1630637,jonesca03,Carlik Jones,carlik jones
S1,name+dob,A.J. Lawson,1630639,lawsoaj01,A.J. Lawson,a j lawson
S1,name+dob,Ibou Badji,1630641,badjiib01,Ibou Badji,ibou badji
S1,name+dob,Mac McClung,1630644,mccluma01,Mac McClung,mac mcclung
S1,name+dob,Eugene Omoruyi,1630647,omorueu01,Eugene Omoruyi,eugene omoruyi
S1,name+dob,Jordan Schakel,1630648,schakjo01,Jordan Schakel,jordan schakel
S1,name+dob,Stanley Umude,1630649,umudest01,Stanley Umude,stanley umude
S1,name+dob,Terry Taylor,1630678,taylote01,Terry Taylor,terry taylor
S1,name+dob,Georgios Kalaitzakis,1630686,kalaige01,Georgios Kalaitzakis,georgios kalaitzakis
S1,name+dob,Ish Wainright,1630688,wainris01,Ish Wainright,ish wainright
S1,name+dob,Jamorko Pickett,1630691,pickeja01,Jamorko Pickett,jamorko pickett
S1,name+dob,Jordan Goodwin,1630692,goodwjo01,Jordan Goodwin,jordan goodwin
S1,name+dob,Jaime Echenique,1630693,echenja01,Jaime Echenique,jaime echenique
S1,name+dob,Micah Potter,1630695,pottemi01,Micah Potter,micah potter
S1,name+dob,Dru Smith,1630696,smithdr01,Dru Smith,dru smith
S1,name+dob,Kevin Pangos,1630698,pangoke01,Kevin Pangos,kevin pangos
S1,name+dob,MarJon Beauchamp,1630699,beaucma01,MarJon Beauchamp,marjon beauchamp
S1,name+dob,Dyson Daniels,1630700,daniedy01,Dyson Daniels,dyson daniels
S1,name+dob,Michael Foster Jr.,1630701,fostemi02,Michael Foster Jr.,michael foster
S1,name+dob,Jaden Hardy,1630702,hardyja02,Jaden Hardy,jaden hardy
S1,name+dob,Aleem Ford,1630758,fordal03,Aleem Ford,aleem ford
S1,name+dob,Cameron McGriff,1630787,mcgrica01,Cameron McGriff,cameron mcgriff
S1,name+dob,Malcolm Hill,1630792,hillma01,Malcolm Hill,malcolm hill
S1,name+dob,Olivier Sarr,1630846,sarrol01,Olivier Sarr,olivier sarr
S1,name+dob,Gabriel Lundberg,1630994,lundbga01,Gabriel Lundberg,gabriel lundberg
S1,name+dob,Billy Thompson,1631,thompbi01,Billy Thompson,billy thompson
S1,name+dob,Jaden Ivey,1631093,iveyja01,Jaden Ivey,jaden ivey
S1,name+dob,Paolo Banchero,1631094,banchpa01,Paolo Banchero,paolo banchero
S1,name+dob,Jabari Smith Jr.,1631095,smithja05,Jabari Smith Jr.,jabari smith
S1,name+dob,Chet Holmgren,1631096,holmgch01,Chet Holmgren,chet holmgren
S1,name+dob,Bennedict Mathurin,1631097,mathube01,Bennedict Mathurin,bennedict mathurin
S1,name+dob,Johnny Davis,1631098,davisjo06,Johnny Davis,johnny davis
S1,name+dob,Keegan Murray,1631099,murrake02,Keegan Murray,keegan murray
S1,name+dob,AJ Griffin,1631100,griffaj01,AJ Griffin,aj griffin
S1,name+dob,Shaedon Sharpe,1631101,sharpsh01,Shaedon Sharpe,shaedon sharpe
S1,name+dob,TyTy Washington Jr.,1631102,washity02,TyTy Washington Jr.,tyty washington
S1,name+dob,Malaki Branham,1631103,branhma01,Malaki Branham,malaki branham
S1,name+dob,Blake Wesley,1631104,weslebl01,Blake Wesley,blake wesley
S1,name+dob,Jalen Duren,1631105,durenja01,Jalen Duren,jalen duren
S1,name+dob,Tari Eason,1631106,easonta01,Tari Eason,tari eason
S1,name+dob,Nikola Jovic,1631107,jovicni01,Nikola Jović,nikola jovic
S1,name+dob,Max Christie,1631108,chrisma02,Max Christie,max christie
S1,name+dob,Mark Williams,1631109,willima07,Mark Williams,mark williams
S1,name+dob,Jeremy Sochan,1631110,sochaje01,Jeremy Sochan,jeremy sochan
S1,name+dob,Wendell Moore Jr.,1631111,moorewe01,Wendell Moore Jr.,wendell moore
S1,name+dob,Kendall Brown,1631112,brownke03,Kendall Brown,kendall brown
S1,name+dob,Kennedy Chandler,1631113,chandke01,Kennedy Chandler,kennedy chandler
S1,name+dob,Jalen Williams,1631114,willija06,Jalen Williams,jalen williams
S1,name+dob,Orlando Robinson,1631115,robinor01,Orlando Robinson,orlando robinson
S1,name+dob,Patrick Baldwin Jr.,1631116,baldwpa01,Patrick Baldwin Jr.,patrick baldwin
S1,name+dob,Walker Kessler,1631117,kesslwa01,Walker Kessler,walker kessler
S1,name+dob,Jaylin Williams,1631119,willija07,Jaylin Williams,jaylin williams
S1,name+dob,JD Davison,1631120,davisjd01,JD Davison,jd davison
S1,name+dob,Bryce McGowens,1631121,mcgowbr01,Bryce McGowens,bryce mcgowens
S1,name+dob,Jamaree Bouyea,1631123,bouyeja01,Jamaree Bouyea,jamaree bouyea
S1,name+dob,Christian Braun,1631128,braunch01,Christian Braun,christian braun
S1,name+dob,Christian Koloko,1631132,kolokch01,Christian Koloko,christian koloko
S1,name+dob,Jabari Walker,1631133,walkeja01,Jabari Walker,jabari walker
S1,name+dob,Ryan Rollins,1631157,rolliry01,Ryan Rollins,ryan rollins
S1,name+dob,Jordan Hall,1631160,halljo02,Jordan Hall,jordan hall
S1,name+dob,Keon Ellis,1631165,elliske01,Keon Ellis,keon ellis
S1,name+dob,Josh Minott,1631169,minotjo01,Josh Minott,josh minott
S1,name+dob,Ousmane Dieng,1631172,diengou01,Ousmane Dieng,ousmane dieng
S1,name+dob,Jared Rhoden,1631197,rhodeja01,Jared Rhoden,jared rhoden
S1,name+dob,Ron Harper Jr.,1631199,harpero02,Ron Harper Jr.,ron harper
S1,name+dob,Buddy Boeheim,1631205,boehebu01,Buddy Boeheim,buddy boeheim
S1,name+dob,Dalen Terry,1631207,terryda01,Dalen Terry,dalen terry
S1,name+dob,Trevor Keels,1631211,keelstr01,Trevor Keels,trevor keels
S1,name+dob,Peyton Watson,1631212,watsope01,Peyton Watson,peyton watson
S1,name+dob,Tyrese Martin,1631213,martity01,Tyrese Martin,tyrese martin
S1,name+dob,Alondes Williams,1631214,willial06,Alondes Williams,alondes williams
S1,name+dob,Caleb Houstan,1631216,houstca01,Caleb Houstan,caleb houstan
S1,name+dob,Moussa Diabate,1631217,diabamo01,Moussa Diabaté,moussa diabate
S1,name+dob,John Butler Jr.,1631219,butlejo01,John Butler,john butler
S1,name+dob,Dereon Seabron,1631220,seabrde01,Dereon Seabron,dereon seabron
S1,name+dob,Collin Gillespie,1631221,gilleco01,Collin Gillespie,collin gillespie
S1,name+dob,Jake LaRavia,1631222,laravja01,Jake LaRavia,jake laravia
S1,name+dob,David Roddy,1631223,roddyda01,David Roddy,david roddy
S1,name+dob,Dominick Barlow,1631230,barlodo01,Dominick Barlow,dominick barlow
S1,name+dob,Quenton Jackson,1631245,jacksqu01,Quenton Jackson,quenton jackson
S1,name+dob,Vince Williams Jr.,1631246,willivi01,Vince Williams Jr.,vince williams
S1,name+dob,Kenneth Lofton Jr.,1631254,loftoke01,Kenneth Lofton Jr.,kenneth lofton
S1,name+dob,Jamal Cain,1631288,cainja01,Jamal Cain,jamal cain
S1,name+dob,Jack White,1631298,whiteja03,Jack White,jack white
S1,name+dob,Justin Minaya,1631303,minayju01,Justin Minaya,justin minaya
S1,name+dob,Cole Swider,1631306,swideco01,Cole Swider,cole swider
S1,name+dob,Trevor Hudgins,1631309,hudgitr01,Trevor Hudgins,trevor hudgins
S1,name+dob,Lester Quinones,1631311,quinole01,Lester Quiñones,lester quinones
S1,name+dob,Chima Moneke,1631320,monekch01,Chima Moneke,chima moneke
S1,name+dob,Simone Fontecchio,1631323,fontesi01,Simone Fontecchio,simone fontecchio
S1,name+dob,Jacob Gilyard,1631367,gilyaja01,Jacob Gilyard,jacob gilyard
S1,name+dob,Jeenathan Williams,1631466,willije02,Nate Williams,jeenathan williams
S1,name+dob,Donovan Williams,1631495,willido02,Donovan Williams,donovan williams
S1,name+dob,Malcolm Mackey,1635,mackema01,Malcolm Mackey,malcolm mackey
S1,name+dob,Chris Childs,164,childch01,Chris Childs,chris childs
S1,name+dob,Xavier Cooks,1641645,cooksxa01,Xavier Cooks,xavier cooks
S1,name+dob,Hakeem Olajuwon,165,olajuha01,Hakeem Olajuwon,hakeem olajuwon
S1,name+dob,Ron Harper,166,harpero01,Ron Harper,ron harper
S1,name+dob,Gerald Madkins,1666,madkige01,Gerald Madkins,gerald madkins
S1,name+dob,Steve Henson,1667,hensost01,Steve Henson,steve henson
S1,name+dob,Harold Ellis,1677,ellisha01,Harold Ellis,harold ellis
S1,name+dob,Chris Mills,168,millsch01,Chris Mills,chris mills
S1,name+dob,Brian Oliver,1680,olivebr01,Brian Oliver,brian oliver
S1,name+dob,Larry Robinson,1683,robinla01,Larry Robinson,larry robinson
S1,name+dob,Clyde Drexler,17,drexlcl01,Clyde Drexler,clyde drexler
S1,name+dob,Joe Kleine,170,kleinjo01,Joe Kleine,joe kleine
S1,name+dob,Michael Olowokandi,1709,olowomi01,Michael Olowokandi,michael olowokandi
S1,name+dob,Mike Bibby,1710,bibbymi01,Mike Bibby,mike bibby
S1,name+dob,Raef LaFrentz,1711,lafrera01,Raef LaFrentz,raef lafrentz
S1,name+dob,Antawn Jamison,1712,jamisan01,Antawn Jamison,antawn jamison
S1,name+dob,Vince Carter,1713,cartevi01,Vince Carter,vince carter
S1,name+dob,Robert Traylor,1714,traylro01,Robert Traylor,robert traylor
S1,name+dob,Jason Williams,1715,willija02,Jason Williams,jason williams
S1,name+dob,Larry Hughes,1716,hughela01,Larry Hughes,larry hughes
S1,name+dob,Dirk Nowitzki,1717,nowitdi01,Dirk Nowitzki,dirk nowitzki
S1,name+dob,Paul Pierce,1718,piercpa01,Paul Pierce,paul pierce
S1,name+dob,Bonzi Wells,1719,wellsbo01,Bonzi Wells,bonzi wells
S1,name+dob,Michael Doleac,1720,doleami01,Michael Doleac,michael doleac
S1,name+dob,Keon Clark,1721,clarkke01,Keon Clark,keon clark
S1,name+dob,Michael Dickerson,1722,dickemi01,Michael Dickerson,michael dickerson
S1,name+dob,Matt Harpring,1723,harprma01,Matt Harpring,matt harpring
S1,name+dob,Bryce Drew,1724,drewbr01,Bryce Drew,bryce drew
S1,name+dob,Rasho Nesterovic,1725,nestera01,Rasho Nesterović,rasho nesterovic
S1,name+dob,Mirsad Turkcan,1726,turkcmi01,Mirsad Türkcan,mirsad turkcan
S1,name+dob,Pat Garrity,1727,garripa01,Pat Garrity,pat garrity
S1,name+dob,Roshown McLeod,1728,mcleoro01,Roshown McLeod,roshown mcleod
S1,name+dob,Ricky Davis,1729,davisri01,Ricky Davis,ricky davis
S1,name+dob,Keith Askins,173,askinke01,Keith Askins,keith askins
S1,name+dob,Brian Skinner,1730,skinnbr01,Brian Skinner,brian skinner
S1,name+dob,Tyronn Lue,1731,luety01,Tyronn Lue,tyronn lue
S1,name+dob,Felipe Lopez,1732,lopezfe01,Felipe López,felipe lopez
S1,name+dob,Al Harrington,1733,harrial01,Al Harrington,al harrington
S1,name+dob,Sam Jacobson,1734,jacobsa01,Sam Jacobson,sam jacobson
S1,name+dob,Vladimir Stepania,1735,stepavl01,Vladimir Stepania,vladimir stepania
S1,name+dob,Corey Benjamin,1736,benjaco01,Corey Benjamin,corey benjamin
S1,name+dob,Nazr Mohammed,1737,mohamna01,Nazr Mohammed,nazr mohammed
S1,name+dob,Ansu Sesay,1738,sesayan01,Ansu Sesay,ansu sesay
S1,name+dob,Ruben Patterson,1739,patteru01,Ruben Patterson,ruben patterson
S1,name+dob,John Battle,174,battljo01,John Battle,john battle
S1,name+dob,Rashard Lewis,1740,lewisra02,Rashard Lewis,rashard lewis
S1,name+dob,Jelani McCoy,1741,mccoyje01,Jelani McCoy,jelani mccoy
S1,name+dob,Shammond Williams,1742,willish01,Shammond Williams,shammond williams
S1,name+dob,Bruno Sundov,1743,sundobr01,Bruno Šundov,bruno sundov
S1,name+dob,Jerome James,1744,jamesje01,Jerome James,jerome james
S1,name+dob,Casey Shaw,1745,shawca01,Casey Shaw,casey shaw
S1,name+dob,DeMarco Johnson,1746,johnsde02,DeMarco Johnson,demarco johnson
S1,name+dob,Rafer Alston,1747,alstora01,Rafer Alston,rafer alston
S1,name+dob,Korleone Young,1748,youngko01,Korleone Young,korleone young
S1,name+dob,Cuttino Mobley,1749,moblecu01,Cuttino Mobley,cuttino mobley
S1,name+dob,Alton Lister,175,listeal01,Alton Lister,alton lister
S1,name+dob,Miles Simon,1750,simonmi01,Miles Simon,miles simon
S1,name+dob,Jahidi White,1751,whiteja01,Jahidi White,jahidi white
S1,name+dob,Sean Marks,1752,marksse01,Sean Marks,sean marks
S1,name+dob,Toby Bailey,1753,baileto01,Toby Bailey,toby bailey
S1,name+dob,Andrae Patterson,1754,pattean01,Andrae Patterson,andrae patterson
S1,name+dob,Tyson Wheeler,1755,wheelty01,Tyson Wheeler,tyson wheeler
S1,name+dob,Ryan Stack,1756,stackry01,Ryan Stack,ryan stack
S1,name+dob,Cory Carr,1757,carrco01,Cory Carr,cory carr
S1,name+dob,Antonio Harvey,176,harvean01,Antonio Harvey,antonio harvey
S1,name+dob,Derrick Dial,1760,dialde01,Derrick Dial,derrick dial
S1,name+dob,Greg Buckner,1761,buckngr01,Greg Buckner,greg buckner
S1,name+dob,Tremaine Fowlkes,1762,fowlktr01,Tremaine Fowlkes,tremaine fowlkes
S1,name+dob,Ryan Bowen,1763,bowenry01,Ryan Bowen,ryan bowen
S1,name+dob,J.R. Henderson,1764,hendejr01,J.R. Henderson,j henderson
S1,name+dob,Torraye Braggs,1765,braggto01,Torraye Braggs,torraye braggs
S1,name+dob,Muggsy Bogues,177,boguemu01,Muggsy Bogues,muggsy bogues
S1,name+dob,Olden Polynice,178,polynol01,Olden Polynice,olden polynice
S1,name+dob,Bryant Stith,179,stithbr01,Bryant Stith,bryant stith
S1,name+dob,John Crotty,180,crottjo01,John Crotty,john crotty
S1,name+dob,Damon Jones,1800,jonesda01,Damon Jones,damon jones
S1,name+dob,Jonathan Kerner,1801,kernejo01,Jonathan Kerner,jonathan kerner
S1,name+dob,Brad Miller,1802,millebr01,Brad Miller,brad miller
S1,name+dob,James Blackwell,1806,blackja01,James Blackwell,james blackwell
S1,name+dob,Kenny Smith,181,smithke01,Kenny Smith,kenny smith
S1,name+dob,Chris Smith,1814,smithch03,Chris Smith,chris smith
S1,name+dob,Adonis Jordan,1817,jordaad01,Adonis Jordan,adonis jordan
S1,name+dob,John Turner,1819,turnejo01,John Turner,john turner
S1,name+dob,Billy Owens,182,owensbi01,Billy Owens,billy owens
S1,name+dob,Kelly McCarty,1820,mccarke01,Kelly McCarty,kelly mccarty
S1,name+dob,Mark Randall,1821,randama01,Mark Randall,mark randall
S1,name+dob,Makhtar N'diaye,1823,ndiayma01,Makhtar N'Diaye,makhtar ndiaye
S1,name+dob,Bison Dele,183,delebi01,Bison Dele,bison dele
S1,name+dob,Marlon Garnett,1831,garnema01,Marlon Garnett,marlon garnett
S1,name+dob,Tyrone Nesby,1838,nesbyty01,Tyrone Nesby,tyrone nesby
S1,name+dob,Randy White,1839,whitera01,Randy White,randy white
S1,name+dob,Bobby Phills,184,phillbo01,Bobby Phills,bobby phills
S1,name+dob,Fred Vinson,1844,vinsofr01,Fred Vinson,fred vinson
S1,name+dob,Andrew Gaze,1845,gazean01,Andrew Gaze,andrew gaze
S1,name+dob,Chris Welp,1846,welpch01,Chris Welp,chris welp
S1,name+dob,Thurl Bailey,1847,baileth01,Thurl Bailey,thurl bailey
S1,name+dob,Mike Higgins,1848,higgimi01,Mike Higgins,mike higgins
S1,name+dob,Chris Webber,185,webbech01,Chris Webber,chris webber
S1,name+dob,Anthony Carter,1853,cartean01,Anthony Carter,anthony carter
S1,name+dob,Mark Macon,1855,maconma01,Mark Macon,mark macon
S1,name+dob,Mark Baker,1858,bakerla01,Mark Baker,mark baker
S1,name+dob,Earl Boykins,1863,boykiea01,Earl Boykins,earl boykins
S1,name+dob,Steve Goodrich,1864,goodrst01,Steve Goodrich,steve goodrich
S1,name+dob,Trevor Winter,1868,wintetr01,Trevor Winter,trevor winter
S1,name+dob,Charles R. Jones,1869,jonesch03,Charles Jones,charles jones
S1,name+dob,Terry Cummings,187,cummite01,Terry Cummings,terry cummings
S1,name+dob,Gerald Brown,1871,brownge02,Gerald Brown,gerald brown
S1,name+dob,Jeff Sanders,1874,sandeje01,Jeff Sanders,jeff sanders
S1,name+dob,Elton Brand,1882,brandel01,Elton Brand,elton brand
S1,name+dob,Steve Francis,1883,francst01,Steve Francis,steve francis
S1,name+dob,Baron Davis,1884,davisba01,Baron Davis,baron davis
S1,name+dob,Lamar Odom,1885,odomla01,Lamar Odom,lamar odom
S1,name+dob,Jonathan Bender,1886,bendejo01,Jonathan Bender,jonathan bender
S1,name+dob,Wally Szczerbiak,1887,szczewa02,Wally Szczerbiak,wally szczerbiak
S1,name+dob,Richard Hamilton,1888,hamilri01,Richard Hamilton,richard hamilton
S1,name+dob,Andre Miller,1889,millean02,Andre Miller,andre miller
S1,name+dob,B.J. Tyler,189,tylerbj01,B.J. Tyler,b j tyler
S1,name+dob,Shawn Marion,1890,mariosh01,Shawn Marion,shawn marion
S1,name+dob,Jason Terry,1891,terryja01,Jason Terry,jason terry
S1,name+dob,Trajan Langdon,1892,langdtr01,Trajan Langdon,trajan langdon
S1,name+dob,Aleksandar Radojevic,1893,radojal01,Aleksandar Radojević,aleksandar radojevic
S1,name+dob,Corey Maggette,1894,maggeco01,Corey Maggette,corey maggette
S1,name+dob,William Avery,1895,averywi01,William Avery,william avery
S1,name+dob,Metta World Peace,1897,artesro01,Metta World Peace,metta peace
S1,name+dob,Cal Bowdler,1898,bowdlca01,Cal Bowdler,cal bowdler
S1,name+dob,James Posey,1899,poseyja01,James Posey,james posey
S1,name+dob,Duane Causwell,190,causwdu01,Duane Causwell,duane causwell
S1,name+dob,Quincy Lewis,1900,lewisqu01,Quincy Lewis,quincy lewis
S1,name+dob,Dion Glover,1901,glovedi01,Dion Glover,dion glover
S1,name+dob,Jeff Foster,1902,fosteje01,Jeff Foster,jeff foster
S1,name+dob,Kenny Thomas,1903,thomake01,Kenny Thomas,kenny thomas
S1,name+dob,Devean George,1904,georgde01,Devean George,devean george
S1,name+dob,Andrei Kirilenko,1905,kirilan01,Andrei Kirilenko,andrei kirilenko
S1,name+dob,Vonteego Cummings,1907,cummivo01,Vonteego Cummings,vonteego cummings
S1,name+dob,Jumaine Jones,1908,jonesju01,Jumaine Jones,jumaine jones
S1,name+dob,Scott Padgett,1909,padgesc01,Scott Padgett,scott padgett
S1,name+dob,Leon Smith,1910,smithle01,Leon Smith,leon smith
S1,name+dob,John Celestand,1911,celesjo01,John Celestand,john celestand
S1,name+dob,Michael Ruffin,1913,ruffimi01,Michael Ruffin,michael ruffin
S1,name+dob,Chris Herren,1914,herrech01,Chris Herren,chris herren
S1,name+dob,Evan Eschmeyer,1915,eschmev01,Evan Eschmeyer,evan eschmeyer
S1,name+dob,Calvin Booth,1916,boothca01,Calvin Booth,calvin booth
S1,name+dob,Wang Zhi-zhi,1917,zhizhwa01,Wang Zhizhi,wang zhizhi
S1,name+dob,Obinna Ekezie,1918,ekeziob01,Obinna Ekezie,obinna ekezie
S1,name+dob,Laron Profit,1919,profila01,Laron Profit,laron profit
S1,name+dob,Dennis Scott,192,scottde01,Dennis Scott,dennis scott
S1,name+dob,A.J. Bramlett,1920,bramlaj01,A.J. Bramlett,a bramlett
S1,name+dob,Gordan Giricek,1921,giricgo01,Gordan Giriček,gordan giricek
S1,name+dob,Francisco Elson,1922,elsonfr01,Francisco Elson,francisco elson
S1,name+dob,Lee Nailon,1924,nailole01,Lee Nailon,lee nailon
S1,name+dob,Ryan Robertson,1926,roberry01,Ryan Robertson,ryan robertson
S1,name+dob,Todd MacCulloch,1928,maccuto01,Todd MacCulloch,todd macculloch
S1,name+dob,Anthony Mason,193,masonan01,Anthony Mason,anthony mason
S1,name+dob,Lari Ketner,1930,ketnela01,Lari Ketner,lari ketner
S1,name+dob,Rodney Buford,1934,buforro01,Rodney Buford,rodney buford
S1,name+dob,Tim Young,1937,youngti01,Tim Young,tim young
S1,name+dob,Manu Ginobili,1938,ginobma01,Manu Ginóbili,manu ginobili
S1,name+dob,Anthony Bowie,194,bowiean01,Anthony Bowie,anthony bowie
S1,name+dob,Harold Jamison,1942,jamisha01,Harold Jamison,harold jamison
S1,name+dob,Wayne Turner,1943,turnewa01,Wayne Turner,wayne turner
S1,name+dob,Eddie Robinson,1944,robined01,Eddie Robinson,eddie robinson
S1,name+dob,Lee Mayberry,195,maybele01,Lee Mayberry,lee mayberry
S1,name+dob,Raja Bell,1952,bellra01,Raja Bell,raja bell
S1,name+dob,Lazaro Borrell,1953,borrela01,Lazaro Borrell,lazaro borrell
S1,name+dob,Jason Miskiri,1954,miskija01,Jason Miskiri,jason miskiri
S1,name+dob,Ira Newble,1956,newblir01,Ira Newble,ira newble
S1,name+dob,Milt Palacio,1960,palacmi01,Milt Palacio,milt palacio
S1,name+dob,Rick Hughes,1965,hugheri02,Rick Hughes,rick hughes
S1,name+dob,Derek Hood,1967,hoodde01,Derek Hood,derek hood
S1,name+dob,Scott Burrell,197,burresc01,Scott Burrell,scott burrell
S1,name+dob,John Morton,1972,mortojo01,John Morton,john morton
S1,name+dob,Danny Ferry,198,ferryda01,Danny Ferry,danny ferry
S1,name+dob,Jermaine Jackson,1983,jacksje01,Jermaine Jackson,jermaine jackson
S1,name+dob,Rickie Winslow,1984,winslri01,Rickie Winslow,rickie winslow
S1,name+dob,Reggie Williams,199,willire01,Reggie Williams,reggie williams
S1,name+dob,Byron Scott,2,scottby01,Byron Scott,byron scott
S1,name+dob,Dedric Willoughby,2000,willode01,Dedric Willoughby,dedric willoughby
S1,name+dob,Jamario Moon,200081,moonja01,Jamario Moon,jamario moon
S1,name+dob,Andrea Bargnani,200745,bargnan01,Andrea Bargnani,andrea bargnani
S1,name+dob,LaMarcus Aldridge,200746,aldrila01,LaMarcus Aldridge,lamarcus aldridge
S1,name+dob,Adam Morrison,200747,morriad01,Adam Morrison,adam morrison
S1,name+dob,Tyrus Thomas,200748,thomaty01,Tyrus Thomas,tyrus thomas
S1,name+dob,Shelden Williams,200749,willish02,Shelden Williams,shelden williams
S1,name+dob,Brandon Roy,200750,roybr01,Brandon Roy,brandon roy
S1,name+dob,Randy Foye,200751,foyera01,Randy Foye,randy foye
S1,name+dob,Rudy Gay,200752,gayru01,Rudy Gay,rudy gay
S1,name+dob,Patrick O'Bryant,200753,obryapa01,Patrick O'Bryant,patrick obryant
S1,name+dob,Mouhamed Sene,200754,senesa01,Mouhamed Sene,mouhamed sene
S1,name+dob,JJ Redick,200755,redicjj01,JJ Redick,jj redick
S1,name+dob,Thabo Sefolosha,200757,sefolth01,Thabo Sefolosha,thabo sefolosha
S1,name+dob,Ronnie Brewer,200758,brewero02,Ronnie Brewer,ronnie brewer
S1,name+dob,Cedric Simmons,200759,simmoce01,Cedric Simmons,cedric simmons
S1,name+dob,Shawne Williams,200761,willish03,Shawne Williams,shawne williams
S1,name+dob,Oleksiy Pecherov,200762,pecheol01,Oleksiy Pecherov,oleksiy pecherov
S1,name+dob,Quincy Douby,200763,doubyqu01,Quincy Douby,quincy douby
S1,name+dob,Renaldo Balkman,200764,balkmre01,Renaldo Balkman,renaldo balkman
S1,name+dob,Rajon Rondo,200765,rondora01,Rajon Rondo,rajon rondo
S1,name+dob,Marcus Williams,200766,willima03,Marcus Williams,marcus williams
S1,name+dob,Josh Boone,200767,boonejo01,Josh Boone,josh boone
S1,name+dob,Kyle Lowry,200768,lowryky01,Kyle Lowry,kyle lowry
S1,name+dob,Shannon Brown,200769,brownsh01,Shannon Brown,shannon brown
S1,name+dob,Jordan Farmar,200770,farmajo01,Jordan Farmar,jordan farmar
S1,name+dob,Sergio Rodriguez,200771,rodrise01,Sergio Rodríguez,sergio rodriguez
S1,name+dob,Maurice Ager,200772,agerma01,Maurice Ager,maurice ager
S1,name+dob,Mardy Collins,200776,collima01,Mardy Collins,mardy collins
S1,name+dob,Joel Freeland,200777,freeljo01,Joel Freeland,joel freeland
S1,name+dob,James White,200778,whiteja02,James White,james white
S1,name+dob,Steve Novak,200779,novakst01,Steve Novak,steve novak
S1,name+dob,Solomon Jones,200780,jonesso01,Solomon Jones,solomon jones
S1,name+dob,Paul Davis,200781,davispa01,Paul Davis,paul davis
S1,name+dob,P.J. Tucker,200782,tuckepj01,P.J. Tucker,p j tucker
S1,name+dob,Craig Smith,200783,smithcr01,Craig Smith,craig smith
S1,name+dob,Bobby Jones,200784,jonesbo02,Bobby Jones,bobby jones
S1,name+dob,Kosta Perovic,200785,perovko01,Kosta Perović,kosta perovic
S1,name+dob,David Noel,200786,noelda01,David Noel,david noel
S1,name+dob,James Augustine,200788,augusja01,James Augustine,james augustine
S1,name+dob,Daniel Gibson,200789,gibsoda01,Daniel Gibson,daniel gibson
S1,name+dob,Marcus Vinicius,200790,vincima01,Marcus Vinicius,marcus vinicius
S1,name+dob,Alexander Johnson,200792,johnsal01,Alexander Johnson,alexander johnson
S1,name+dob,Dee Brown,200793,brownde03,Dee Brown,dee brown
S1,name+dob,Paul Millsap,200794,millspa01,Paul Millsap,paul millsap
S1,name+dob,Leon Powe,200796,powele01,Leon Powe,leon powe
S1,name+dob,Ryan Hollins,200797,holliry01,Ryan Hollins,ryan hollins
S1,name+dob,Cheikh Samb,200798,sambch01,Cheikh Samb,cheikh samb
S1,name+dob,Guillermo Diaz,200799,diazgu01,Guillermo Díaz,guillermo diaz
S1,name+dob,Hassan Adams,200801,adamsha01,Hassan Adams,hassan adams
S1,name+dob,Damir Markota,200806,markoda01,Damir Markota,damir markota
S1,name+dob,Will Blalock,200807,blalowi01,Will Blalock,will blalock
S1,name+dob,Chris Quinn,200809,quinnch01,Chris Quinn,chris quinn
S1,name+dob,Allan Ray,200810,rayal01,Allan Ray,allan ray
S1,name+dob,Lou Amundson,200811,amundlo01,Lou Amundson,lou amundson
S1,name+dob,Tarence Kinsey,200814,kinseta01,Tarence Kinsey,tarence kinsey
S1,name+dob,Jorge Garbajosa,200816,garbajo01,Jorge Garbajosa,jorge garbajosa
S1,name+dob,Justin Williams,200818,williju01,Justin Williams,justin williams
S1,name+dob,Yakhouba Diawara,200821,diawaya01,Yakhouba Diawara,yakhouba diawara
S1,name+dob,Pops Mensah-Bonsu,200822,mensapo01,Pops Mensah-Bonsu,pops mensahbonsu
S1,name+dob,Robert Hite,200823,hitero01,Robert Hite,robert hite
S1,name+dob,J.J. Barea,200826,bareajo01,J.J. Barea,j barea
S1,name+dob,Darius Washington,200827,washida01,Darius Washington,darius washington
S1,name+dob,Ivan McFarlin,200829,mcfariv01,Ivan McFarlin,ivan mcfarlin
S1,name+dob,Walter Herrmann,200835,herrmwa01,Walter Herrmann,walter herrmann
S1,name+dob,Mike Hall,200837,hallmi01,Mike Hall,mike hall
S1,name+dob,Kevinn Pinkney,200838,pinknke01,Kevinn Pinkney,kevinn pinkney
S1,name+dob,Mike Harris,200839,harrimi01,Mike Harris,mike harris
S1,name+dob,Chris McCray,200840,mccrach01,Chris McCray,chris mccray
S1,name+dob,Cedric Bozeman,200841,bozemce01,Cedric Bozeman,cedric bozeman
S1,name+dob,Steven Smith,200848,smithst03,Steven Smith,steven smith
S1,name+dob,Renaldo Major,200970,majorre01,Renaldo Major,renaldo major
S1,name+dob,Dontell Jefferson,200971,jeffedo01,Dontell Jefferson,dontell jefferson
S1,name+dob,Jeremy Richardson,200978,richaje01,Jeremy Richardson,jeremy richardson
S1,name+dob,Lance Allred,200984,allrela01,Lance Allred,lance allred
S1,name+dob,Chris Dudley,201,dudlech02,Chris Dudley,chris dudley
S1,name+dob,Walker Russell,201041,russewa02,Walker Russell,walker russell
S1,name+dob,Randolph Morris,201043,morrira01,Randolph Morris,randolph morris
S1,name+dob,Greg Oden,201141,odengr01,Greg Oden,greg oden
S1,name+dob,Kevin Durant,201142,duranke01,Kevin Durant,kevin durant
S1,name+dob,Al Horford,201143,horfoal01,Al Horford,al horford
S1,name+dob,Mike Conley,201144,conlemi01,Mike Conley,mike conley
S1,name+dob,Jeff Green,201145,greenje02,Jeff Green,jeff green
S1,name+dob,Yi Jianlian,201146,jianlyi01,Yi Jianlian,yi jianlian
S1,name+dob,Corey Brewer,201147,breweco01,Corey Brewer,corey brewer
S1,name+dob,Brandan Wright,201148,wrighbr03,Brandan Wright,brandan wright
S1,name+dob,Joakim Noah,201149,noahjo01,Joakim Noah,joakim noah
S1,name+dob,Spencer Hawes,201150,hawessp01,Spencer Hawes,spencer hawes
S1,name+dob,Acie Law,201151,lawac01,Acie Law,acie law
S1,name+dob,Thaddeus Young,201152,youngth01,Thaddeus Young,thaddeus young
S1,name+dob,Julian Wright,201153,wrighju01,Julian Wright,julian wright
S1,name+dob,Al Thornton,201154,thornal01,Al Thornton,al thornton
S1,name+dob,Rodney Stuckey,201155,stuckro01,Rodney Stuckey,rodney stuckey
S1,name+dob,Nick Young,201156,youngni01,Nick Young,nick young
S1,name+dob,Sean Williams,201157,willise01,Sean Williams,sean williams
S1,name+dob,Marco Belinelli,201158,belinma01,Marco Belinelli,marco belinelli
S1,name+dob,Javaris Crittenton,201159,crittja01,Javaris Crittenton,javaris crittenton
S1,name+dob,Jason Smith,201160,smithja02,Jason Smith,jason smith
S1,name+dob,Daequan Cook,201161,cookda02,Daequan Cook,daequan cook
S1,name+dob,Jared Dudley,201162,dudleja01,Jared Dudley,jared dudley
S1,name+dob,Wilson Chandler,201163,chandwi01,Wilson Chandler,wilson chandler
S1,name+dob,Rudy Fernandez,201164,fernaru01,Rudy Fernández,rudy fernandez
S1,name+dob,Morris Almond,201165,almonmo01,Morris Almond,morris almond
S1,name+dob,Aaron Brooks,201166,brookaa01,Aaron Brooks,aaron brooks
S1,name+dob,Arron Afflalo,201167,afflaar01,Arron Afflalo,arron afflalo
S1,name+dob,Tiago Splitter,201168,splitti01,Tiago Splitter,tiago splitter
S1,name+dob,Alando Tucker,201169,tuckeal02,Alando Tucker,alando tucker
S1,name+dob,Carl Landry,201171,landrca01,Carl Landry,carl landry
S1,name+dob,Gabe Pruitt,201172,pruitga01,Gabe Pruitt,gabe pruitt
S1,name+dob,Marcus Williams,201173,willima04,Marcus Williams,marcus williams
S1,name+dob,Nick Fazekas,201174,fazekni01,Nick Fazekas,nick fazekas
S1,name+dob,Glen Davis,201175,davisgl01,Glen Davis,glen davis
S1,name+dob,Jermareo Davidson,201176,davidje01,Jermareo Davidson,jermareo davidson
S1,name+dob,Josh McRoberts,201177,mcrobjo01,Josh McRoberts,josh mcroberts
S1,name+dob,Kyrylo Fesenko,201178,fesenky01,Kyrylo Fesenko,kyrylo fesenko
S1,name+dob,Sun Yue,201180,yuesu01,Sun Yue,sun yue
S1,name+dob,Chris Richard,201181,richach01,Chris Richard,chris richard
S1,name+dob,Derrick Byars,201182,byarsde01,Derrick Byars,derrick byars
S1,name+dob,Stephane Lasme,201186,lasmest01,Stéphane Lasme,stephane lasme
S1,name+dob,Dominic McGuire,201187,mcguido01,Dominic McGuire,dominic mcguire
S1,name+dob,Marc Gasol,201188,gasolma01,Marc Gasol,marc gasol
S1,name+dob,Aaron Gray,201189,grayaa01,Aaron Gray,aaron gray
S1,name+dob,JamesOn Curry,201191,curryja01,JamesOn Curry,jameson curry
S1,name+dob,Taurean Green,201192,greenta01,Taurean Green,taurean green
S1,name+dob,Demetris Nichols,201193,nichode01,Demetris Nichols,demetris nichols
S1,name+dob,Ramon Sessions,201196,sessira01,Ramon Sessions,ramon sessions
S1,name+dob,Joel Anthony,201202,anthojo01,Joel Anthony,joel anthony
S1,name+dob,Mustafa Shakur,201203,shakumu01,Mustafa Shakur,mustafa shakur
S1,name+dob,Darryl Watkins,201208,watkida01,Darryl Watkins,darryl watkins
S1,name+dob,C.J. Watson,201228,watsocj01,C.J. Watson,c j watson
S1,name+dob,Anthony Tolliver,201229,tollian01,Anthony Tolliver,anthony tolliver
S1,name+dob,Trey Johnson,201234,johnstr01,Trey Johnson,trey johnson
S1,name+dob,Courtney Sims,201235,simsco01,Courtney Sims,courtney sims
S1,name+dob,Mario West,201238,westma02,Mario West,mario west
S1,name+dob,Thomas Gardner,201242,gardnth01,Thomas Gardner,thomas gardner
S1,name+dob,Ivan Johnson,201274,johnsiv01,Ivan Johnson,ivan johnson
S1,name+dob,Andre Ingram,201281,ingraan01,Andre Ingram,andre ingram
S1,name+dob,Eric Dawson,201286,dawsoer01,Eric Dawson,eric dawson
S1,name+dob,Carldell Johnson,201291,johnsca01,Carldell Johnson,carldell johnson
S1,name+dob,Blake Ahearn,201336,ahearbl01,Blake Ahearn,blake ahearn
S1,name+dob,Mike Taylor,201446,taylomi01,Mike Taylor,mike taylor
S1,name+dob,Michael Beasley,201563,beaslmi01,Michael Beasley,michael beasley
S1,name+dob,O.J. Mayo,201564,mayooj01,O.J. Mayo,o j mayo
S1,name+dob,Derrick Rose,201565,rosede01,Derrick Rose,derrick rose
S1,name+dob,Russell Westbrook,201566,westbru01,Russell Westbrook,russell westbrook
S1,name+dob,Kevin Love,201567,loveke01,Kevin Love,kevin love
S1,name+dob,Danilo Gallinari,201568,gallida01,Danilo Gallinari,danilo gallinari
S1,name+dob,Eric Gordon,201569,gordoer01,Eric Gordon,eric gordon
S1,name+dob,Joe Alexander,201570,alexajo01,Joe Alexander,joe alexander
S1,name+dob,D.J. Augustin,201571,augusdj01,D.J. Augustin,d augustin
S1,name+dob,Brook Lopez,201572,lopezbr01,Brook Lopez,brook lopez
S1,name+dob,Jerryd Bayless,201573,bayleje01,Jerryd Bayless,jerryd bayless
S1,name+dob,Jason Thompson,201574,thompja02,Jason Thompson,jason thompson
S1,name+dob,Brandon Rush,201575,rushbr01,Brandon Rush,brandon rush
S1,name+dob,Anthony Randolph,201576,randoan01,Anthony Randolph,anthony randolph
S1,name+dob,Robin Lopez,201577,lopezro01,Robin Lopez,robin lopez
S1,name+dob,Marreese Speights,201578,speigma01,Marreese Speights,marreese speights
S1,name+dob,Roy Hibbert,201579,hibbero01,Roy Hibbert,roy hibbert
S1,name+dob,JaVale McGee,201580,mcgeeja01,JaVale McGee,javale mcgee
S1,name+dob,Alexis Ajinca,201582,ajincal01,Alexis Ajinça,alexis ajinca
S1,name+dob,Ryan Anderson,201583,anderry01,Ryan Anderson,ryan anderson
S1,name+dob,Courtney Lee,201584,leeco01,Courtney Lee,courtney lee
S1,name+dob,Kosta Koufos,201585,koufoko01,Kosta Koufos,kosta koufos
S1,name+dob,Serge Ibaka,201586,ibakase01,Serge Ibaka,serge ibaka
S1,name+dob,Nicolas Batum,201587,batumni01,Nicolas Batum,nicolas batum
S1,name+dob,George Hill,201588,hillge01,George Hill,george hill
S1,name+dob,Darrell Arthur,201589,arthuda01,Darrell Arthur,darrell arthur
S1,name+dob,Donte Greene,201590,greendo01,Donté Greene,donte greene
S1,name+dob,J.R. Giddens,201592,giddejr01,J.R. Giddens,j giddens
S1,name+dob,Nikola Pekovic,201593,pekovni01,Nikola Peković,nikola pekovic
S1,name+dob,Walter Sharpe,201594,sharpwa01,Walter Sharpe,walter sharpe
S1,name+dob,Joey Dorsey,201595,dorsejo01,Joey Dorsey,joey dorsey
S1,name+dob,Mario Chalmers,201596,chalmma01,Mario Chalmers,mario chalmers
S1,name+dob,DeAndre Jordan,201599,jordade01,DeAndre Jordan,deandre jordan
S1,name+dob,Omer Asik,201600,asikom01,Ömer Aşık,omer asik
S1,name+dob,Luc Mbah a Moute,201601,mbahalu01,Luc Mbah a Moute,luc mbah a moute
S1,name+dob,Kyle Weaver,201602,weaveky01,Kyle Weaver,kyle weaver
S1,name+dob,Sonny Weems,201603,weemsso01,Sonny Weems,sonny weems
S1,name+dob,Chris Douglas-Roberts,201604,douglch01,Chris Douglas-Roberts,chris douglasroberts
S1,name+dob,Nathan Jawai,201605,jawaina01,Nathan Jawai,nathan jawai
S1,name+dob,Sean Singletary,201606,singlse01,Sean Singletary,sean singletary
S1,name+dob,Patrick Ewing,201607,ewingpa02,Patrick Ewing,patrick ewing
S1,name+dob,Goran Dragic,201609,dragigo01,Goran Dragić,goran dragic
S1,name+dob,Henry Walker,201611,walkebi01,Henry Walker,henry walker
S1,name+dob,Malik Hairston,201612,hairsma01,Malik Hairston,malik hairston
S1,name+dob,Darnell Jackson,201616,jacksda01,Darnell Jackson,darnell jackson
S1,name+dob,Sasha Kaun,201619,kaunsa01,Sasha Kaun,sasha kaun
S1,name+dob,Joe Crawford,201621,crawfjo01,Joe Crawford,joe crawford
S1,name+dob,Semih Erden,201623,erdense01,Semih Erden,semih erden
S1,name+dob,Anthony Morrow,201627,morroan01,Anthony Morrow,anthony morrow
S1,name+dob,Bobby Brown,201628,brownbo02,Bobby Brown,bobby brown
S1,name+dob,Othello Hunter,201629,hunteot01,Othello Hunter,othello hunter
S1,name+dob,Steven Hill,201631,hillst01,Steven Hill,steven hill
S1,name+dob,Hamed Haddadi,201632,haddaha01,Hamed Haddadi,hamed haddadi
S1,name+dob,Rob Kurz,201633,kurzro01,Rob Kurz,rob kurz
S1,name+dob,DeMarcus Nelson,201634,nelsode01,DeMarcus Nelson,demarcus nelson
S1,name+dob,Othyus Jeffers,201785,jeffeot01,Othyus Jeffers,othyus jeffers
S1,name+dob,Oliver Lafayette,201802,lafayol01,Oliver Lafayette,oliver lafayette
S1,name+dob,Gary Forbes,201814,forbega01,Gary Forbes,gary forbes
S1,name+dob,Trey Gilder,201821,gildetr01,Trey Gilder,trey gilder
S1,name+dob,Cartier Martin,201858,martica01,Cartier Martin,cartier martin
S1,name+dob,Greg Stiemsma,201880,stiemgr01,Greg Stiemsma,greg stiemsma
S1,name+dob,Blake Griffin,201933,griffbl01,Blake Griffin,blake griffin
S1,name+dob,Hasheem Thabeet,201934,thabeha01,Hasheem Thabeet,hasheem thabeet
S1,name+dob,James Harden,201935,hardeja01,James Harden,james harden
S1,name+dob,Tyreke Evans,201936,evansty01,Tyreke Evans,tyreke evans
S1,name+dob,Ricky Rubio,201937,rubiori01,Ricky Rubio,ricky rubio
S1,name+dob,Jonny Flynn,201938,flynnjo01,Jonny Flynn,jonny flynn
S1,name+dob,Stephen Curry,201939,curryst01,Stephen Curry,stephen curry
S1,name+dob,Jordan Hill,201941,hilljo01,Jordan Hill,jordan hill
S1,name+dob,DeMar DeRozan,201942,derozde01,DeMar DeRozan,demar derozan
S1,name+dob,Brandon Jennings,201943,jennibr01,Brandon Jennings,brandon jennings
S1,name+dob,Terrence Williams,201944,willite01,Terrence Williams,terrence williams
S1,name+dob,Gerald Henderson,201945,hendege02,Gerald Henderson,gerald henderson
S1,name+dob,Tyler Hansbrough,201946,hansbty01,Tyler Hansbrough,tyler hansbrough
S1,name+dob,Earl Clark,201947,clarkea01,Earl Clark,earl clark
S1,name+dob,Austin Daye,201948,dayeau01,Austin Daye,austin daye
S1,name+dob,James Johnson,201949,johnsja01,James Johnson,james johnson
S1,name+dob,Jrue Holiday,201950,holidjr01,Jrue Holiday,jrue holiday
S1,name+dob,Ty Lawson,201951,lawsoty01,Ty Lawson,ty lawson
S1,name+dob,Jeff Teague,201952,teaguje01,Jeff Teague,jeff teague
S1,name+dob,Eric Maynor,201953,maynoer01,Eric Maynor,eric maynor
S1,name+dob,Darren Collison,201954,collida01,Darren Collison,darren collison
S1,name+dob,Omri Casspi,201956,casspom01,Omri Casspi,omri casspi
S1,name+dob,Byron Mullens,201957,mulleby01,Byron Mullens,byron mullens
S1,name+dob,Rodrigue Beaubois,201958,beaubro01,Rodrigue Beaubois,rodrigue beaubois
S1,name+dob,Taj Gibson,201959,gibsota01,Taj Gibson,taj gibson
S1,name+dob,DeMarre Carroll,201960,carrode01,DeMarre Carroll,demarre carroll
S1,name+dob,Wayne Ellington,201961,ellinwa01,Wayne Ellington,wayne ellington
S1,name+dob,Toney Douglas,201962,douglto01,Toney Douglas,toney douglas
S1,name+dob,Christian Eyenga,201963,eyengch01,Christian Eyenga,christian eyenga
S1,name+dob,Victor Claver,201964,clavevi01,Victor Claver,victor claver
S1,name+dob,Jeff Ayres,201965,pendeje02,Jeff Ayres,jeff ayres
S1,name+dob,Jermaine Taylor,201966,tayloje02,Jermaine Taylor,jermaine taylor
S1,name+dob,Dante Cunningham,201967,cunnida01,Dante Cunningham,dante cunningham
S1,name+dob,DaJuan Summers,201969,summeda01,DaJuan Summers,dajuan summers
S1,name+dob,Sam Young,201970,youngsa01,Sam Young,sam young
S1,name+dob,DeJuan Blair,201971,blairde01,DeJuan Blair,dejuan blair
S1,name+dob,Jon Brockman,201972,brockjo01,Jon Brockman,jon brockman
S1,name+dob,Jonas Jerebko,201973,jerebjo01,Jonas Jerebko,jonas jerebko
S1,name+dob,Derrick Brown,201974,brownde04,Derrick Brown,derrick brown
S1,name+dob,Jodie Meeks,201975,meeksjo01,Jodie Meeks,jodie meeks
S1,name+dob,Patrick Beverley,201976,beverpa01,Patrick Beverley,patrick beverley
S1,name+dob,Marcus Thornton,201977,thornma01,Marcus Thornton,marcus thornton
S1,name+dob,Chase Budinger,201978,budinch01,Chase Budinger,chase budinger
S1,name+dob,Nick Calathes,201979,calatni01,Nick Calathes,nick calathes
S1,name+dob,Danny Green,201980,greenda02,Danny Green,danny green
S1,name+dob,Taylor Griffin,201981,griffta01,Taylor Griffin,taylor griffin
S1,name+dob,Nando De Colo,201986,decolna01,Nando De Colo,nando colo
S1,name+dob,Patty Mills,201988,millspa02,Patty Mills,patty mills
S1,name+dob,Lester Hudson,201991,hudsole01,Lester Hudson,lester hudson
S1,name+dob,Gary Grant,202,grantga01,Gary Grant,gary grant
S1,name+dob,Garrett Temple,202066,templga01,Garrett Temple,garrett temple
S1,name+dob,Marcus Landry,202068,landrma01,Marcus Landry,marcus landry
S1,name+dob,Jerel McNeal,202077,mcneaje01,Jerel McNeal,jerel mcneal
S1,name+dob,Antonio Anderson,202079,anderan02,Antonio Anderson,antonio anderson
S1,name+dob,Garret Siler,202081,silerga01,Garret Siler,garret siler
S1,name+dob,Larry Owens,202082,owensla01,Larry Owens,larry owens
S1,name+dob,Wesley Matthews,202083,matthwe02,Wesley Matthews,wesley matthews
S1,name+dob,Alonzo Gee,202087,geeal01,Alonzo Gee,alonzo gee
S1,name+dob,Dionte Christmas,202091,chrisdi01,Dionte Christmas,dionte christmas
S1,name+dob,Reggie Williams,202130,willire02,Reggie Williams,reggie williams
S1,name+dob,Cedric Jackson,202132,jacksce01,Cedric Jackson,cedric jackson
S1,name+dob,Mickell Gladness,202148,gladnmi01,Mickell Gladness,mickell gladness
S1,name+dob,Sundiata Gaines,202178,gainesu01,Sundiata Gaines,sundiata gaines
S1,name+dob,Shane Edwards,202197,edwarsh01,Shane Edwards,shane edwards
S1,name+dob,Zabian Dowdell,202220,dowdeza01,Zabian Dowdell,zabian dowdell
S1,name+dob,Terrel Harris,202227,harrite01,Terrel Harris,terrel harris
S1,name+dob,John Wall,202322,walljo01,John Wall,john wall
S1,name+dob,Evan Turner,202323,turneev01,Evan Turner,evan turner
S1,name+dob,Derrick Favors,202324,favorde01,Derrick Favors,derrick favors
S1,name+dob,Wesley Johnson,202325,johnswe01,Wesley Johnson,wesley johnson
S1,name+dob,DeMarcus Cousins,202326,couside01,DeMarcus Cousins,demarcus cousins
S1,name+dob,Ekpe Udoh,202327,udohek01,Ekpe Udoh,ekpe udoh
S1,name+dob,Greg Monroe,202328,monrogr01,Greg Monroe,greg monroe
S1,name+dob,Al-Farouq Aminu,202329,aminual01,Al-Farouq Aminu,alfarouq aminu
S1,name+dob,Gordon Hayward,202330,haywago01,Gordon Hayward,gordon hayward
S1,name+dob,Paul George,202331,georgpa01,Paul George,paul george
S1,name+dob,Cole Aldrich,202332,aldrico01,Cole Aldrich,cole aldrich
S1,name+dob,Xavier Henry,202333,henryxa01,Xavier Henry,xavier henry
S1,name+dob,Ed Davis,202334,davised01,Ed Davis,ed davis
S1,name+dob,Patrick Patterson,202335,pattepa01,Patrick Patterson,patrick patterson
S1,name+dob,Larry Sanders,202336,sandela01,Larry Sanders,larry sanders
S1,name+dob,Luke Babbitt,202337,babbilu01,Luke Babbitt,luke babbitt
S1,name+dob,Kevin Seraphin,202338,serapke01,Kevin Séraphin,kevin seraphin
S1,name+dob,Eric Bledsoe,202339,bledser01,Eric Bledsoe,eric bledsoe
S1,name+dob,Avery Bradley,202340,bradlav01,Avery Bradley,avery bradley
S1,name+dob,James Anderson,202341,anderja01,James Anderson,james anderson
S1,name+dob,Craig Brackins,202342,brackcr01,Craig Brackins,craig brackins
S1,name+dob,Elliot Williams,202343,williel01,Elliot Williams,elliot williams
S1,name+dob,Trevor Booker,202344,booketr01,Trevor Booker,trevor booker
S1,name+dob,Damion James,202345,jamesda01,Damion James,damion james
S1,name+dob,Dominique Jones,202346,jonesdo02,Dominique Jones,dominique jones
S1,name+dob,Quincy Pondexter,202347,pondequ01,Quincy Pondexter,quincy pondexter
S1,name+dob,Jordan Crawford,202348,crawfjo02,Jordan Crawford,jordan crawford
S1,name+dob,Greivis Vasquez,202349,vasqugr01,Greivis Vásquez,greivis vasquez
S1,name+dob,Daniel Orton,202350,ortonda01,Daniel Orton,daniel orton
S1,name+dob,Lazar Hayward,202351,haywala01,Lazar Hayward,lazar hayward
S1,name+dob,Tibor Pleiss,202353,pleisti01,Tibor Pleiß,tibor pleiss
S1,name+dob,Dexter Pittman,202354,pittmde01,Dexter Pittman,dexter pittman
S1,name+dob,Hassan Whiteside,202355,whiteha01,Hassan Whiteside,hassan whiteside
S1,name+dob,Armon Johnson,202356,johnsar02,Armon Johnson,armon johnson
S1,name+dob,Nemanja Bjelica,202357,bjeline01,Nemanja Bjelica,nemanja bjelica
S1,name+dob,Darington Hobson,202359,hobsoda01,Darington Hobson,darington hobson
S1,name+dob,Andy Rautins,202360,rautian01,Andy Rautins,andy rautins
S1,name+dob,Landry Fields,202361,fieldla01,Landry Fields,landry fields
S1,name+dob,Lance Stephenson,202362,stephla01,Lance Stephenson,lance stephenson
S1,name+dob,Jarvis Varnado,202363,varnaja01,Jarvis Varnado,jarvis varnado
S1,name+dob,Devin Ebanks,202365,ebankde01,Devin Ebanks,devin ebanks
S1,name+dob,Jerome Jordan,202366,jordaje01,Jerome Jordan,jerome jordan
S1,name+dob,Gani Lawal,202371,lawalga01,Gani Lawal,gani lawal
S1,name+dob,Solomon Alabi,202374,alabiso01,Solomon Alabi,solomon alabi
S1,name+dob,Luke Harangody,202376,haranlu01,Luke Harangody,luke harangody
S1,name+dob,Pape Sy,202377,sypa01,Pape Sy,pape sy
S1,name+dob,Willie Warren,202378,warrewi01,Willie Warren,willie warren
S1,name+dob,Jeremy Evans,202379,evansje01,Jeremy Evans,jeremy evans
S1,name+dob,Hamady Ndiaye,202380,ndiayha01,Hamady N'Diaye,hamady ndiaye
S1,name+dob,Derrick Caracter,202382,caracde01,Derrick Caracter,derrick caracter
S1,name+dob,Ryan Reid,202385,reidry01,Ryan Reid,ryan reid
S1,name+dob,Donald Sloan,202388,sloando01,Donald Sloan,donald sloan
S1,name+dob,Timofey Mozgov,202389,mozgoti01,Timofey Mozgov,timofey mozgov
S1,name+dob,Gary Neal,202390,nealga01,Gary Neal,gary neal
S1,name+dob,Jeremy Lin,202391,linje01,Jeremy Lin,jeremy lin
S1,name+dob,Sherron Collins,202395,collish01,Sherron Collins,sherron collins
S1,name+dob,Samardo Samuels,202396,samuesa01,Samardo Samuels,samardo samuels
S1,name+dob,Ish Smith,202397,smithis01,Ish Smith,ish smith
S1,name+dob,Jeff Adrien,202399,adrieje01,Jeff Adrien,jeff adrien
S1,name+dob,Jerome Dyson,202406,dysonje01,Jerome Dyson,jerome dyson
S1,name+dob,Elijah Millsap,202407,millsel01,Elijah Millsap,elijah millsap
S1,name+dob,Marcus Cousin,202408,cousima01,Marcus Cousin,marcus cousin
S1,name+dob,Manny Harris,202412,harrima01,Manny Harris,manny harris
S1,name+dob,Justin Dentmon,202458,dentmju01,Justin Dentmon,justin dentmon
S1,name+dob,Lance Thomas,202498,thomala01,Lance Thomas,lance thomas
S1,name+dob,Jerry Smith,202536,smithje01,Jerry Smith,jerry smith
S1,name+dob,Luke Zeller,202545,zellelu01,Luke Zeller,luke zeller
S1,name+dob,Arinze Onuaku,202620,onuakar01,Arinze Onuaku,arinze onuaku
S1,name+dob,Courtney Fortson,202622,fortsco01,Courtney Fortson,courtney fortson
S1,name+dob,Kyrie Irving,202681,irvinky01,Kyrie Irving,kyrie irving
S1,name+dob,Derrick Williams,202682,willide02,Derrick Williams,derrick williams
S1,name+dob,Enes Freedom,202683,kanteen01,Enes Freedom,enes freedom
S1,name+dob,Tristan Thompson,202684,thomptr01,Tristan Thompson,tristan thompson
S1,name+dob,Jonas Valanciunas,202685,valanjo01,Jonas Valančiūnas,jonas valanciunas
S1,name+dob,Jan Vesely,202686,veselja01,Jan Veselý,jan vesely
S1,name+dob,Bismack Biyombo,202687,biyombi01,Bismack Biyombo,bismack biyombo
S1,name+dob,Brandon Knight,202688,knighbr03,Brandon Knight,brandon knight
S1,name+dob,Kemba Walker,202689,walkeke02,Kemba Walker,kemba walker
S1,name+dob,Jimmer Fredette,202690,fredeji01,Jimmer Fredette,jimmer fredette
S1,name+dob,Klay Thompson,202691,thompkl01,Klay Thompson,klay thompson
S1,name+dob,Alec Burks,202692,burksal01,Alec Burks,alec burks
S1,name+dob,Markieff Morris,202693,morrima02,Markieff Morris,markieff morris
S1,name+dob,Marcus Morris Sr.,202694,morrima03,Marcus Morris,marcus morris
S1,name+dob,Kawhi Leonard,202695,leonaka01,Kawhi Leonard,kawhi leonard
S1,name+dob,Nikola Vucevic,202696,vucevni01,Nikola Vučević,nikola vucevic
S1,name+dob,Iman Shumpert,202697,shumpim01,Iman Shumpert,iman shumpert
S1,name+dob,Chris Singleton,202698,singlch01,Chris Singleton,chris singleton
S1,name+dob,Tobias Harris,202699,harrito02,Tobias Harris,tobias harris
S1,name+dob,Donatas Motiejunas,202700,motiedo01,Donatas Motiejūnas,donatas motiejunas
S1,name+dob,Nolan Smith,202701,smithno01,Nolan Smith,nolan smith
S1,name+dob,Kenneth Faried,202702,farieke01,Kenneth Faried,kenneth faried
S1,name+dob,Nikola Mirotic,202703,mirotni01,Nikola Mirotić,nikola mirotic
S1,name+dob,Reggie Jackson,202704,jacksre01,Reggie Jackson,reggie jackson
S1,name+dob,MarShon Brooks,202705,brookma01,MarShon Brooks,marshon brooks
S1,name+dob,Jordan Hamilton,202706,hamiljo02,Jordan Hamilton,jordan hamilton
S1,name+dob,JaJuan Johnson,202707,johnsja02,JaJuan Johnson,jajuan johnson
S1,name+dob,Norris Cole,202708,coleno01,Norris Cole,norris cole
S1,name+dob,Cory Joseph,202709,josepco01,Cory Joseph,cory joseph
S1,name+dob,Jimmy Butler,202710,butleji01,Jimmy Butler,jimmy butler
S1,name+dob,Bojan Bogdanovic,202711,bogdabo02,Bojan Bogdanović,bojan bogdanovic
S1,name+dob,Justin Harper,202712,harpeju01,Justin Harper,justin harper
S1,name+dob,Kyle Singler,202713,singlky01,Kyle Singler,kyle singler
S1,name+dob,Shelvin Mack,202714,macksh01,Shelvin Mack,shelvin mack
S1,name+dob,Tyler Honeycutt,202715,honeyty01,Tyler Honeycutt,tyler honeycutt
S1,name+dob,Jordan Williams,202716,willijo03,Jordan Williams,jordan williams
S1,name+dob,Chandler Parsons,202718,parsoch01,Chandler Parsons,chandler parsons
S1,name+dob,Jeremy Tyler,202719,tylerje01,Jeremy Tyler,jeremy tyler
S1,name+dob,Jon Leuer,202720,leuerjo01,Jon Leuer,jon leuer
S1,name+dob,Darius Morris,202721,morrida01,Darius Morris,darius morris
S1,name+dob,Davis Bertans,202722,bertada01,Dāvis Bertāns,davis bertans
S1,name+dob,Malcolm Lee,202723,leema01,Malcolm Lee,malcolm lee
S1,name+dob,Charles Jenkins,202724,jenkich01,Charles Jenkins,charles jenkins
S1,name+dob,Josh Harrellson,202725,harrejo01,Josh Harrellson,josh harrellson
S1,name+dob,Andrew Goudelock,202726,goudean01,Andrew Goudelock,andrew goudelock
S1,name+dob,Travis Leslie,202727,leslitr01,Travis Leslie,travis leslie
S1,name+dob,Keith Benson,202728,bensoke02,Keith Benson,keith benson
S1,name+dob,Josh Selby,202729,selbyjo01,Josh Selby,josh selby
S1,name+dob,Lavoy Allen,202730,allenla01,Lavoy Allen,lavoy allen
S1,name+dob,DeAndre Liggins,202732,liggide01,DeAndre Liggins,deandre liggins
S1,name+dob,E'Twaun Moore,202734,mooreet01,E'Twaun Moore,etwaun moore
S1,name+dob,Isaiah Thomas,202738,thomais02,Isaiah Thomas,isaiah thomas
S1,name+dob,Edwin Ubiles,202775,ubileed01,Edwin Ubiles,edwin ubiles
S1,name+dob,Dwight Buycks,202779,buyckdw01,Dwight Buycks,dwight buycks
S1,name+dob,Cory Higgins,202809,higgico01,Cory Higgins,cory higgins
S1,name+dob,D.J. Kennedy,202810,kennedj01,D.J. Kennedy,d j kennedy
S1,name+dob,Mychel Thompson,202814,thompmy02,Mychel Thompson,mychel thompson
S1,name+dob,Dennis Horner,202862,hornede01,Dennis Horner,dennis horner
S1,name+dob,Chris Wright,202874,wrighch01,Chris Wright,chris wright
S1,name+dob,Jeff Foote,202880,footeje01,Jeff Foote,jeff foote
S1,name+dob,Xavier Silas,202918,silasxa01,Xavier Silas,xavier silas
S1,name+dob,Julyan Stone,202933,stoneju01,Julyan Stone,julyan stone
S1,name+dob,Jeremy Pargo,202951,pargoje01,Jeremy Pargo,jeremy pargo
S1,name+dob,Malcolm Thomas,202952,thomama01,Malcolm Thomas,malcolm thomas
S1,name+dob,Brad Wanamaker,202954,wanambr01,Brad Wanamaker,brad wanamaker
S1,name+dob,Greg Smith,202962,smithgr02,Greg Smith,greg smith
S1,name+dob,Gustavo Ayon,202970,ayongu01,Gustavo Ayón,gustavo ayon
S1,name+dob,Nate McMillan,203,mcmilna01,Nate McMillan,nate mcmillan
S1,name+dob,Kenyon Martin,2030,martike01,Kenyon Martin,kenyon martin
S1,name+dob,Josh Akognon,203006,akognjo01,Josh Akognon,josh akognon
S1,name+dob,Anthony Davis,203076,davisan02,Anthony Davis,anthony davis
S1,name+dob,Michael Kidd-Gilchrist,203077,kiddgmi01,Michael Kidd-Gilchrist,michael kiddgilchrist
S1,name+dob,Bradley Beal,203078,bealbr01,Bradley Beal,bradley beal
S1,name+dob,Dion Waiters,203079,waitedi01,Dion Waiters,dion waiters
S1,name+dob,Thomas Robinson,203080,robinth01,Thomas Robinson,thomas robinson
S1,name+dob,Damian Lillard,203081,lillada01,Damian Lillard,damian lillard
S1,name+dob,Terrence Ross,203082,rosste01,Terrence Ross,terrence ross
S1,name+dob,Andre Drummond,203083,drumman01,Andre Drummond,andre drummond
S1,name+dob,Harrison Barnes,203084,barneha02,Harrison Barnes,harrison barnes
S1,name+dob,Austin Rivers,203085,riverau01,Austin Rivers,austin rivers
S1,name+dob,Meyers Leonard,203086,leoname01,Meyers Leonard,meyers leonard
S1,name+dob,Jeremy Lamb,203087,lambje01,Jeremy Lamb,jeremy lamb
S1,name+dob,Kendall Marshall,203088,marshke01,Kendall Marshall,kendall marshall
S1,name+dob,John Henson,203089,hensojo01,John Henson,john henson
S1,name+dob,Maurice Harkless,203090,harklma01,Maurice Harkless,maurice harkless
S1,name+dob,Royce White,203091,whitero03,Royce White,royce white
S1,name+dob,Tyler Zeller,203092,zellety01,Tyler Zeller,tyler zeller
S1,name+dob,Terrence Jones,203093,joneste01,Terrence Jones,terrence jones
S1,name+dob,Andrew Nicholson,203094,nichoan01,Andrew Nicholson,andrew nicholson
S1,name+dob,Evan Fournier,203095,fournev01,Evan Fournier,evan fournier
S1,name+dob,Jared Sullinger,203096,sullija01,Jared Sullinger,jared sullinger
S1,name+dob,Fab Melo,203097,melofa01,Fab Melo,fab melo
S1,name+dob,John Jenkins,203098,jenkijo01,John Jenkins,john jenkins
S1,name+dob,Jared Cunningham,203099,cunnija01,Jared Cunningham,jared cunningham
S1,name+dob,Stromile Swift,2031,swiftst01,Stromile Swift,stromile swift
S1,name+dob,Tony Wroten,203100,wroteto01,Tony Wroten,tony wroten
S1,name+dob,Miles Plumlee,203101,plumlmi01,Miles Plumlee,miles plumlee
S1,name+dob,Arnett Moultrie,203102,moultar01,Arnett Moultrie,arnett moultrie
S1,name+dob,Perry Jones III,203103,jonespe01,Perry Jones,perry jones
S1,name+dob,Marquis Teague,203104,teaguma01,Marquis Teague,marquis teague
S1,name+dob,Festus Ezeli,203105,ezelife01,Festus Ezeli,festus ezeli
S1,name+dob,Tomas Satoransky,203107,satorto01,Tomáš Satoranský,tomas satoransky
S1,name+dob,Bernard James,203108,jamesbe01,Bernard James,bernard james
S1,name+dob,Jae Crowder,203109,crowdja01,Jae Crowder,jae crowder
S1,name+dob,Draymond Green,203110,greendr01,Draymond Green,draymond green
S1,name+dob,Orlando Johnson,203111,johnsor01,Orlando Johnson,orlando johnson
S1,name+dob,Quincy Acy,203112,acyqu01,Quincy Acy,quincy acy
S1,name+dob,Quincy Miller,203113,millequ01,Quincy Miller,quincy miller
S1,name+dob,Khris Middleton,203114,middlkh01,Khris Middleton,khris middleton
S1,name+dob,Will Barton,203115,bartowi01,Will Barton,will barton
S1,name+dob,Tyshawn Taylor,203116,tayloty01,Tyshawn Taylor,tyshawn taylor
S1,name+dob,Doron Lamb,203117,lambdo01,Doron Lamb,doron lamb
S1,name+dob,Mike Scott,203118,scottmi01,Mike Scott,mike scott
S1,name+dob,Kim English,203119,engliki01,Kim English,kim english
S1,name+dob,Justin Hamilton,203120,hamilju01,Justin Hamilton,justin hamilton
S1,name+dob,Darius Miller,203121,milleda01,Darius Miller,darius miller
S1,name+dob,Kevin Murphy,203122,murphke01,Kevin Murphy,kevin murphy
S1,name+dob,Kostas Papanikolaou,203123,papanko01,Kostas Papanikolaou,kostas papanikolaou
S1,name+dob,Kyle O'Quinn,203124,oquinky01,Kyle O'Quinn,kyle oquinn
S1,name+dob,Kris Joseph,203126,josepkr01,Kris Joseph,kris joseph
S1,name+dob,Furkan Aldemir,203128,aldemfu01,Furkan Aldemir,furkan aldemir
S1,name+dob,Tornike Shengelia,203129,shengto01,Tornike Shengelia,tornike shengelia
S1,name+dob,Darius Johnson-Odom,203130,johnsda03,Darius Johnson-Odom,darius johnsonodom
S1,name+dob,Robbie Hummel,203133,hummero01,Robbie Hummel,robbie hummel
S1,name+dob,Robert Sacre,203135,sacrero01,Robert Sacre,robert sacre
S1,name+dob,Ognjen Kuzmic,203136,kuzmiog01,Ognjen Kuzmić,ognjen kuzmic
S1,name+dob,Hollis Thompson,203138,thompho01,Hollis Thompson,hollis thompson
S1,name+dob,Viacheslav Kravtsov,203139,kravtvi01,Viacheslav Kravtsov,viacheslav kravtsov
S1,name+dob,Chris Copeland,203142,copelch01,Chris Copeland,chris copeland
S1,name+dob,Pablo Prigioni,203143,prigipa01,Pablo Prigioni,pablo prigioni
S1,name+dob,Alexey Shved,203144,shvedal01,Alexey Shved,alexey shved
S1,name+dob,Kent Bazemore,203145,bazemke01,Kent Bazemore,kent bazemore
S1,name+dob,Maalik Wayns,203146,waynsma01,Maalik Wayns,maalik wayns
S1,name+dob,Chris Smith,203147,smithch05,Chris Smith,chris smith
S1,name+dob,Brian Roberts,203148,roberbr01,Brian Roberts,brian roberts
S1,name+dob,Henry Sims,203156,simshe01,Henry Sims,henry sims
S1,name+dob,Kevin Jones,203158,joneske01,Kevin Jones,kevin jones
S1,name+dob,Scott Machado,203159,machasc01,Scott Machado,scott machado
S1,name+dob,Ben Hansbrough,203162,hansbbe01,Ben Hansbrough,ben hansbrough
S1,name+dob,Tony Mitchell,203183,mitchto03,Tony Mitchell,tony mitchell
S1,name+dob,Willie Reed,203186,reedwi02,Willie Reed,willie reed
S1,name+dob,Chris Johnson,203187,johnsch04,Chris Johnson,chris johnson
S1,name+dob,Diante Garrett,203197,garredi02,Diante Garrett,diante garrett
S1,name+dob,DeQuan Jones,203199,jonesde01,DeQuan Jones,dequan jones
S1,name+dob,Darius Miles,2032,milesda01,Darius Miles,darius miles
S1,name+dob,Justin Holiday,203200,holidju01,Justin Holiday,justin holiday
S1,name+dob,Chris Wright,203203,wrighch02,Chris Wright,chris wright
S1,name+dob,JaMychal Green,203210,greenja01,JaMychal Green,jamychal green
S1,name+dob,James Nunnally,203263,nunnaja01,James Nunnally,james nunnally
S1,name+dob,Jorge Gutierrez,203268,gutiejo01,Jorge Gutiérrez,jorge gutierrez
S1,name+dob,Marcus Fizer,2033,fizerma01,Marcus Fizer,marcus fizer
S1,name+dob,Toure' Murry,203315,murryto01,Toure' Murry,toure murry
S1,name+dob,Tim Ohlbrecht,203317,ohlbrti01,Tim Ohlbrecht,tim ohlbrecht
S1,name+dob,Glen Rice,203318,ricegl02,Glen Rice Jr.,glen rice
S1,name+dob,Aron Baynes,203382,baynear01,Aron Baynes,aron baynes
S1,name+dob,Mike Miller,2034,millemi01,Mike Miller,mike miller
S1,name+dob,Nerlens Noel,203457,noelne01,Nerlens Noel,nerlens noel
S1,name+dob,Alex Len,203458,lenal01,Alex Len,alex len
S1,name+dob,Allen Crabbe,203459,crabbal01,Allen Crabbe,allen crabbe
S1,name+dob,Andre Roberson,203460,roberan03,Andre Roberson,andre roberson
S1,name+dob,Anthony Bennett,203461,bennean01,Anthony Bennett,anthony bennett
S1,name+dob,Archie Goodwin,203462,goodwar01,Archie Goodwin,archie goodwin
S1,name+dob,Ben McLemore,203463,mclembe01,Ben McLemore,ben mclemore
S1,name+dob,Brandon Paul,203464,paulbr01,Brandon Paul,brandon paul
S1,name+dob,Carrick Felix,203467,felixca01,Carrick Felix,carrick felix
S1,name+dob,CJ McCollum,203468,mccolcj01,CJ McCollum,cj mccollum
S1,name+dob,Cody Zeller,203469,zelleco01,Cody Zeller,cody zeller
S1,name+dob,Dennis Schroder,203471,schrode01,Dennis Schröder,dennis schroder
S1,name+dob,Dewayne Dedmon,203473,dedmode01,Dewayne Dedmon,dewayne dedmon
S1,name+dob,Erick Green,203475,greener01,Erick Green,erick green
S1,name+dob,Gorgui Dieng,203476,dienggo01,Gorgui Dieng,gorgui dieng
S1,name+dob,Isaiah Canaan,203477,canaais01,Isaiah Canaan,isaiah canaan
S1,name+dob,Jamaal Franklin,203479,frankja01,Jamaal Franklin,jamaal franklin
S1,name+dob,James Southerland,203480,southja01,James Southerland,james southerland
S1,name+dob,Jeff Withey,203481,witheje01,Jeff Withey,jeff withey
S1,name+dob,Kelly Olynyk,203482,olynyke01,Kelly Olynyk,kelly olynyk
S1,name+dob,Kentavious Caldwell-Pope,203484,caldwke01,Kentavious Caldwell-Pope,kentavious caldwellpope
S1,name+dob,Lorenzo Brown,203485,brownlo01,Lorenzo Brown,lorenzo brown
S1,name+dob,Mason Plumlee,203486,plumlma01,Mason Plumlee,mason plumlee
S1,name+dob,Michael Carter-Williams,203487,cartemi01,Michael Carter-Williams,michael carterwilliams
S1,name+dob,Mike Muscala,203488,muscami01,Mike Muscala,mike muscala
S1,name+dob,Nate Wolters,203489,woltena01,Nate Wolters,nate wolters
S1,name+dob,Otto Porter Jr.,203490,porteot01,Otto Porter Jr.,otto porter
S1,name+dob,Peyton Siva,203491,sivape01,Peyton Siva,peyton siva
S1,name+dob,Ray McCallum,203492,mccalra01,Ray McCallum,ray mccallum
S1,name+dob,Reggie Bullock,203493,bullore01,Reggie Bullock,reggie bullock
S1,name+dob,Ricky Ledo,203495,ledori01,Ricky Ledo,ricky ledo
S1,name+dob,Robert Covington,203496,covinro01,Robert Covington,robert covington
S1,name+dob,Rudy Gobert,203497,goberru01,Rudy Gobert,rudy gobert
S1,name+dob,Shabazz Muhammad,203498,muhamsh01,Shabazz Muhammad,shabazz muhammad
S1,name+dob,Shane Larkin,203499,larkish01,Shane Larkin,shane larkin
S1,name+dob,DerMarr Johnson,2035,johnsde03,DerMarr Johnson,dermarr johnson
S1,name+dob,Steven Adams,203500,adamsst01,Steven Adams,steven adams
S1,name+dob,Tim Hardaway Jr.,203501,hardati02,Tim Hardaway Jr.,tim hardaway
S1,name+dob,Tony Mitchell,203502,mitchto02,Tony Mitchell,tony mitchell
S1,name+dob,Tony Snell,203503,snellto01,Tony Snell,tony snell
S1,name+dob,Trey Burke,203504,burketr01,Trey Burke,trey burke
S1,name+dob,Vander Blue,203505,blueva01,Vander Blue,vander blue
S1,name+dob,Victor Oladipo,203506,oladivi01,Victor Oladipo,victor oladipo
S1,name+dob,Giannis Antetokounmpo,203507,antetgi01,Giannis Antetokounmpo,giannis antetokounmpo
S1,name+dob,Sergey Karasev,203508,karasse01,Sergey Karasev,sergey karasev
S1,name+dob,Pierre Jackson,203510,jackspi01,Pierre Jackson,pierre jackson
S1,name+dob,Grant Jerrett,203511,jerregr01,Grant Jerrett,grant jerrett
S1,name+dob,Lucas Nogueira,203512,noguelu01,Lucas Nogueira,lucas nogueira
S1,name+dob,Erik Murphy,203513,murpher01,Erik Murphy,erik murphy
S1,name+dob,Phil Pressey,203515,pressph01,Phil Pressey,phil pressey
S1,name+dob,James Ennis III,203516,ennisja01,James Ennis III,james ennis
S1,name+dob,Nemanja Nedovic,203517,nedovne01,Nemanja Nedović,nemanja nedovic
S1,name+dob,Alex Abrines,203518,abrinal01,Álex Abrines,alex abrines
S1,name+dob,Adonis Thomas,203519,thomaad01,Adonis Thomas,adonis thomas
S1,name+dob,Matthew Dellavedova,203521,dellama01,Matthew Dellavedova,matthew dellavedova
S1,name+dob,Solomon Hill,203524,hillso01,Solomon Hill,solomon hill
S1,name+dob,Raul Neto,203526,netora01,Raul Neto,raul neto
S1,name+dob,Ryan Kelly,203527,kellyry01,Ryan Kelly,ryan kelly
S1,name+dob,Joffrey Lauvergne,203530,lauvejo01,Joffrey Lauvergne,joffrey lauvergne
S1,name+dob,Gal Mekel,203539,mekelga01,Gal Mekel,gal mekel
S1,name+dob,Gigi Datome,203540,datomlu01,Gigi Datome,gigi datome
S1,name+dob,Vitor Faverani,203543,favervi01,Vítor Luiz Faverani,vitor faverani
S1,name+dob,Pero Antic,203544,anticpe01,Pero Antić,pero antic
S1,name+dob,Miroslav Raduljica,203545,radulmi01,Miroslav Raduljica,miroslav raduljica
S1,name+dob,Ian Clark,203546,clarkia01,Ian Clark,ian clark
S1,name+dob,Elias Harris,203548,harriel01,Elias Harris,elias harris
S1,name+dob,Seth Curry,203552,curryse01,Seth Curry,seth curry
S1,name+dob,Brandon Davies,203561,daviebr01,Brandon Davies,brandon davies
S1,name+dob,Kalin Lucas,203564,lucaska01,Kalin Lucas,kalin lucas
S1,name+dob,Patrick Christopher,203565,chrispa01,Patrick Christopher,patrick christopher
S1,name+dob,Chris Babb,203569,babbch01,Chris Babb,chris babb
S1,name+dob,Larry Drew II,203580,drewla02,Larry Drew II,larry drew
S1,name+dob,Troy Daniels,203584,danietr01,Troy Daniels,troy daniels
S1,name+dob,Rodney McGruder,203585,mcgruro01,Rodney McGruder,rodney mcgruder
S1,name+dob,Trey McKinney-Jones,203590,mckintr01,Trey McKinney-Jones,trey mckinneyjones
S1,name+dob,Chris Mihm,2036,mihmch01,Chris Mihm,chris mihm
S1,name+dob,Jonathon Simmons,203613,simmojo02,Jonathon Simmons,jonathon simmons
S1,name+dob,Thanasis Antetokounmpo,203648,antetth01,Thanasis Antetokounmpo,thanasis antetokounmpo
S1,name+dob,Norvel Pelle,203658,pelleno01,Norvel Pelle,norvel pelle
S1,name+dob,Reggie Hearn,203687,hearnre01,Reggie Hearn,reggie hearn
S1,name+dob,Jamal Crawford,2037,crawfja01,Jamal Crawford,jamal crawford
S1,name+dob,Josh Magette,203705,magetjo01,Josh Magette,josh magette
S1,name+dob,C.J. Williams,203710,willicj01,C.J. Williams,c j williams
S1,name+dob,Joel Przybilla,2038,przybjo01,Joel Przybilla,joel przybilla
S1,name+dob,Will Cherry,203805,cherrwi01,Will Cherry,will cherry
S1,name+dob,Casper Ware,203810,wareca01,Casper Ware,casper ware
S1,name+dob,Scotty Hopson,203816,hopsosc01,Scotty Hopson,scotty hopson
S1,name+dob,Russ Smith,203893,smithru01,Russ Smith,russ smith
S1,name+dob,Shabazz Napier,203894,napiesh01,Shabazz Napier,shabazz napier
S1,name+dob,Jordan McRae,203895,mcraejo01,Jordan McRae,jordan mcrae
S1,name+dob,Zach LaVine,203897,lavinza01,Zach LaVine,zach lavine
S1,name+dob,Tyler Ennis,203898,ennisty01,Tyler Ennis,tyler ennis
S1,name+dob,Keyon Dooling,2039,doolike01,Keyon Dooling,keyon dooling
S1,name+dob,Markel Brown,203900,brownma02,Markel Brown,markel brown
S1,name+dob,Elfrid Payton,203901,paytoel01,Elfrid Payton,elfrid payton
S1,name+dob,Semaj Christon,203902,chrisse01,Semaj Christon,semaj christon
S1,name+dob,Jordan Clarkson,203903,clarkjo01,Jordan Clarkson,jordan clarkson
S1,name+dob,Devyn Marble,203906,marblde01,Devyn Marble,devyn marble
S1,name+dob,Nick Johnson,203910,johnsni01,Nick Johnson,nick johnson
S1,name+dob,C.J. Wilcox,203912,wilcocj01,C.J. Wilcox,c j wilcox
S1,name+dob,Jabari Brown,203913,brownja01,Jabari Brown,jabari brown
S1,name+dob,Gary Harris,203914,harriga01,Gary Harris,gary harris
S1,name+dob,Spencer Dinwiddie,203915,dinwisp01,Spencer Dinwiddie,spencer dinwiddie
S1,name+dob,Nik Stauskas,203917,stausni01,Nik Stauskas,nik stauskas
S1,name+dob,Rodney Hood,203918,hoodro01,Rodney Hood,rodney hood
S1,name+dob,Jordan Adams,203919,adamsjo01,Jordan Adams,jordan adams
S1,name+dob,Khem Birch,203920,birchkh01,Khem Birch,khem birch
S1,name+dob,Cleanthony Early,203921,earlycl01,Cleanthony Early,cleanthony early
S1,name+dob,Glenn Robinson III,203922,robingl02,Glenn Robinson III,glenn robinson
S1,name+dob,James Young,203923,youngja01,James Young,james young
S1,name+dob,Jerami Grant,203924,grantje01,Jerami Grant,jerami grant
S1,name+dob,Joe Harris,203925,harrijo01,Joe Harris,joe harris
S1,name+dob,Doug McDermott,203926,mcderdo01,Doug McDermott,doug mcdermott
S1,name+dob,Cory Jefferson,203928,jeffeco01,Cory Jefferson,cory jefferson
S1,name+dob,Sean Kilpatrick,203930,kilpase01,Sean Kilpatrick,sean kilpatrick
S1,name+dob,Aaron Gordon,203932,gordoaa01,Aaron Gordon,aaron gordon
S1,name+dob,T.J. Warren,203933,warretj01,T.J. Warren,t j warren
S1,name+dob,Lamar Patterson,203934,pattela01,Lamar Patterson,lamar patterson
S1,name+dob,Marcus Smart,203935,smartma01,Marcus Smart,marcus smart
S1,name+dob,Kyle Anderson,203937,anderky01,Kyle Anderson,kyle anderson
S1,name+dob,Dwight Powell,203939,poweldw01,Dwight Powell,dwight powell
S1,name+dob,Adreian Payne,203940,paynead01,Adreian Payne,adreian payne
S1,name+dob,Noah Vonleh,203943,vonleno01,Noah Vonleh,noah vonleh
S1,name+dob,Julius Randle,203944,randlju01,Julius Randle,julius randle
S1,name+dob,Alex Kirk,203945,kirkal01,Alex Kirk,alex kirk
S1,name+dob,Cameron Bairstow,203946,bairsca01,Cameron Bairstow,cameron bairstow
S1,name+dob,Johnny O'Bryant III,203948,obryajo01,Johnny O'Bryant,johnny obryant
S1,name+dob,James Michael McAdoo,203949,mcadoja01,James Michael McAdoo,james mcadoo
S1,name+dob,Jarnell Stokes,203950,stokeja01,Jarnell Stokes,jarnell stokes
S1,name+dob,Keith Appling,203951,applike01,Keith Appling,keith appling
S1,name+dob,Andrew Wiggins,203952,wiggian01,Andrew Wiggins,andrew wiggins
S1,name+dob,Jabari Parker,203953,parkeja01,Jabari Parker,jabari parker
S1,name+dob,Joel Embiid,203954,embiijo01,Joel Embiid,joel embiid
S1,name+dob,Bryce Cotton,203955,cottobr01,Bryce Cotton,bryce cotton
S1,name+dob,Mitch McGary,203956,mcgarmi01,Mitch McGary,mitch mcgary
S1,name+dob,Dante Exum,203957,exumda01,Danté Exum,dante exum
S1,name+dob,Andre Dawkins,203958,dawkian01,Andre Dawkins,andre dawkins
S1,name+dob,JaKarr Sampson,203960,sampsja02,JaKarr Sampson,jakarr sampson
S1,name+dob,Eric Moreland,203961,moreler01,Eric Moreland,eric moreland
S1,name+dob,Josh Huestis,203962,huestjo01,Josh Huestis,josh huestis
S1,name+dob,Shayne Whittington,203963,whittsh01,Shayne Whittington,shayne whittington
S1,name+dob,Jamil Wilson,203966,wilsoja02,Jamil Wilson,jamil wilson
S1,name+dob,Dario Saric,203967,saricda01,Dario Šarić,dario saric
S1,name+dob,Jerrelle Benimon,203968,benimje01,Jerrelle Benimon,jerrelle benimon
S1,name+dob,Clint Capela,203991,capelca01,Clint Capela,clint capela
S1,name+dob,Bogdan Bogdanovic,203992,bogdabo01,Bogdan Bogdanović,bogdan bogdanovic
S1,name+dob,Jusuf Nurkic,203994,nurkiju01,Jusuf Nurkić,jusuf nurkic
S1,name+dob,Damien Inglis,203996,inglida01,Damien Inglis,damien inglis
S1,name+dob,Bruno Caboclo,203998,cabocbr01,Bruno Caboclo,bruno caboclo
S1,name+dob,Nikola Jokic,203999,jokicni01,Nikola Jokić,nikola jokic
S1,name+dob,Jeff Hornacek,204,hornaje01,Jeff Hornacek,jeff hornacek
S1,name+dob,Jerome Moiso,2040,moisoje01,Jérôme Moïso,jerome moiso
S1,name+dob,Kristaps Porzingis,204001,porzikr01,Kristaps Porziņģis,kristaps porzingis
S1,name+dob,Edy Tavares,204002,tavarwa01,Edy Tavares,edy tavares
S1,name+dob,Damjan Rudez,204014,rudezda01,Damjan Rudež,damjan rudez
S1,name+dob,Tyler Johnson,204020,johnsty01,Tyler Johnson,tyler johnson
S1,name+dob,Sim Bhullar,204021,bhullsi01,Sim Bhullar,sim bhullar
S1,name+dob,Jack Cooley,204022,cooleja01,Jack Cooley,jack cooley
S1,name+dob,Tim Frazier,204025,fraziti01,Tim Frazier,tim frazier
S1,name+dob,Tarik Black,204028,blackta01,Tarik Black,tarik black
S1,name+dob,David Wear,204033,wearda01,David Wear,david wear
S1,name+dob,Travis Wear,204037,weartr01,Travis Wear,travis wear
S1,name+dob,Langston Galloway,204038,gallola01,Langston Galloway,langston galloway
S1,name+dob,Zoran Dragic,204054,dragizo01,Zoran Dragić,zoran dragic
S1,name+dob,Joe Ingles,204060,inglejo01,Joe Ingles,joe ingles
S1,name+dob,David Stockton,204065,stockda01,David Stockton,david stockton
S1,name+dob,John Holland,204066,hollajo02,John Holland,john holland
S1,name+dob,Jarell Eddie,204067,eddieja01,Jarell Eddie,jarell eddie
S1,name+dob,Drew Gordon,204079,gordodr01,Drew Gordon,drew gordon
S1,name+dob,Xavier Munford,204098,munfoxa02,Xavier Munford,xavier munford
S1,name+dob,Etan Thomas,2041,thomaet01,Etan Thomas,etan thomas
S1,name+dob,Courtney Alexander,2042,alexaco02,Courtney Alexander,courtney alexander
S1,name+dob,Greg Whittington,204222,whittgr01,Greg Whittington,greg whittington
S1,name+dob,Mateen Cleaves,2043,cleavma01,Mateen Cleaves,mateen cleaves
S1,name+dob,Jason Collier,2044,collija02,Jason Collier,jason collier
S1,name+dob,T.J. McConnell,204456,mccontj01,T.J. McConnell,t j mcconnell
S1,name+dob,Hedo Turkoglu,2045,turkohe01,Hedo Türkoğlu,hedo turkoglu
S1,name+dob,Desmond Mason,2046,masonde01,Desmond Mason,desmond mason
S1,name+dob,Quentin Richardson,2047,richaqu01,Quentin Richardson,quentin richardson
S1,name+dob,Jamaal Magloire,2048,magloja01,Jamaal Magloire,jamaal magloire
S1,name+dob,Speedy Claxton,2049,claxtsp01,Speedy Claxton,speedy claxton
S1,name+dob,Morris Peterson,2050,petermo01,Morris Peterson,morris peterson
S1,name+dob,Donnell Harvey,2051,harvedo01,Donnell Harvey,donnell harvey
S1,name+dob,DeShawn Stevenson,2052,stevede01,DeShawn Stevenson,deshawn stevenson
S1,name+dob,Jake Tsakalidis,2054,tsakaja01,Jake Tsakalidis,jake tsakalidis
S1,name+dob,Mamadou N'diaye,2055,ndiayma02,Mamadou N'Diaye,mamadou ndiaye
S1,name+dob,Primoz Brezec,2056,brezepr01,Primož Brezec,primoz brezec
S1,name+dob,Erick Barkley,2057,barkler01,Erick Barkley,erick barkley
S1,name+dob,Mark Madsen,2058,madsema01,Mark Madsen,mark madsen
S1,name+dob,Eduardo Najera,2059,najered01,Eduardo Nájera,eduardo najera
S1,name+dob,Dan Langhi,2061,langhda01,Dan Langhi,dan langhi
S1,name+dob,A.J. Guyton,2062,guytoaj01,A.J. Guyton,a guyton
S1,name+dob,Jake Voskuhl,2063,voskuja01,Jake Voskuhl,jake voskuhl
S1,name+dob,Khalid El-Amin,2064,elamikh01,Khalid El-Amin,khalid elamin
S1,name+dob,Mike Smith,2065,smithmi03,Mike Smith,mike smith
S1,name+dob,Soumaila Samake,2066,samakso01,Soumaila Samake,soumaila samake
S1,name+dob,Eddie House,2067,houseed01,Eddie House,eddie house
S1,name+dob,Lavor Postell,2068,postela01,Lavor Postell,lavor postell
S1,name+dob,Hanno Mottola,2069,mottoha01,Hanno Möttölä,hanno mottola
S1,name+dob,Olumide Oyedeji,2071,oyedeol01,Olumide Oyedeji,olumide oyedeji
S1,name+dob,Michael Redd,2072,reddmi01,Michael Redd,michael redd
S1,name+dob,Brian Cardinal,2073,cardibr01,Brian Cardinal,brian cardinal
S1,name+dob,Jabari Smith,2074,smithja01,Jabari Smith,jabari smith
S1,name+dob,Jason Hart,2078,hartja01,Jason Hart,jason hart
S1,name+dob,Kaniel Dickens,2079,dickeka01,Kaniel Dickens,kaniel dickens
S1,name+dob,Sam Cassell,208,cassesa01,Sam Cassell,sam cassell
S1,name+dob,Igor Rakocevic,2080,rakocig01,Igor Rakočević,igor rakocevic
S1,name+dob,Ernest Brown,2081,browner01,Ernest Brown,ernest brown
S1,name+dob,Dan McClintock,2082,mcclida01,Dan McClintock,dan mcclintock
S1,name+dob,Chris Porter,2084,portech01,Chris Porter,chris porter
S1,name+dob,Dell Curry,209,curryde01,Dell Curry,dell curry
S1,name+dob,Daniel Santiago,2091,santida01,Daniel Santiago,daniel santiago
S1,name+dob,Ruben Garces,2092,garceru01,Rubén Garcés,ruben garces
S1,name+dob,Greg Anthony,21,anthogr01,Greg Anthony,greg anthony
S1,name+dob,Terrell Brandon,210,brandte01,Terrell Brandon,terrell brandon
S1,name+dob,Paul McPherson,2101,mcphepa01,Paul McPherson,paul mcpherson
S1,name+dob,Ruben Wolkowyski,2106,wolkoru01,Rubén Wolkowyski,ruben wolkowyski
S1,name+dob,Eddie Gill,2109,gilled01,Eddie Gill,eddie gill
S1,name+dob,Eric Mobley,211,mobleer01,Eric Mobley,eric mobley
S1,name+dob,Yinka Dare,212,dareyi01,Yinka Dare,yinka dare
S1,name+dob,Terrance Roberson,2121,roberte01,Terrance Roberson,terrance roberson
S1,name+dob,Garth Joseph,2123,josepga01,Garth Joseph,garth joseph
S1,name+dob,Malik Allen,2124,allenma01,Malik Allen,malik allen
S1,name+dob,Antonio Davis,213,davisan01,Antonio Davis,antonio davis
S1,name+dob,Mike Penberthy,2130,penbemi01,Mike Penberthy,mike penberthy
S1,name+dob,Ime Udoka,2137,udokaim01,Ime Udoka,ime udoka
S1,name+dob,Pepe Sanchez,2143,sanchpe01,Pepe Sánchez,pepe sanchez
S1,name+dob,Brian Shaw,216,shawbr01,Brian Shaw,brian shaw
S1,name+dob,Sean Colson,2173,colsose01,Sean Colson,sean colson
S1,name+dob,Vinny Del Negro,219,delnevi01,Vinny Del Negro,vinny del negro
S1,name+dob,Kwame Brown,2198,brownkw01,Kwame Brown,kwame brown
S1,name+dob,Tyson Chandler,2199,chandty01,Tyson Chandler,tyson chandler
S1,name+dob,Rik Smits,22,smitsri01,Rik Smits,rik smits
S1,name+dob,Pau Gasol,2200,gasolpa01,Pau Gasol,pau gasol
S1,name+dob,Eddy Curry,2201,curryed01,Eddy Curry,eddy curry
S1,name+dob,Jason Richardson,2202,richaja01,Jason Richardson,jason richardson
S1,name+dob,Shane Battier,2203,battish01,Shane Battier,shane battier
S1,name+dob,Eddie Griffin,2204,griffed01,Eddie Griffin,eddie griffin
S1,name+dob,DeSagana Diop,2205,diopde01,DeSagana Diop,desagana diop
S1,name+dob,Rodney White,2206,whitero02,Rodney White,rodney white
S1,name+dob,Joe Johnson,2207,johnsjo02,Joe Johnson,joe johnson
S1,name+dob,Kedrick Brown,2208,brownke01,Kedrick Brown,kedrick brown
S1,name+dob,Vladimir Radmanovic,2209,radmavl01,Vladimir Radmanović,vladimir radmanovic
S1,name+dob,Richard Jefferson,2210,jefferi01,Richard Jefferson,richard jefferson
S1,name+dob,Troy Murphy,2211,murphtr01,Troy Murphy,troy murphy
S1,name+dob,Steven Hunter,2212,huntest01,Steven Hunter,steven hunter
S1,name+dob,Kirk Haston,2213,hastoki01,Kirk Haston,kirk haston
S1,name+dob,Michael Bradley,2214,bradlmi01,Michael Bradley,michael bradley
S1,name+dob,Jason Collins,2215,collija04,Jason Collins,jason collins
S1,name+dob,Zach Randolph,2216,randoza01,Zach Randolph,zach randolph
S1,name+dob,Brendan Haywood,2217,haywobr01,Brendan Haywood,brendan haywood
S1,name+dob,Joseph Forte,2218,fortejo01,Joseph Forte,joseph forte
S1,name+dob,Jeryl Sasser,2219,sasseje01,Jeryl Sasser,jeryl sasser
S1,name+dob,Brandon Armstrong,2220,armstbr01,Brandon Armstrong,brandon armstrong
S1,name+dob,Raul Lopez,2221,lopezra01,Raül López,raul lopez
S1,name+dob,Gerald Wallace,2222,wallage01,Gerald Wallace,gerald wallace
S1,name+dob,Jamaal Tinsley,2224,tinslja01,Jamaal Tinsley,jamaal tinsley
S1,name+dob,Tony Parker,2225,parketo01,Tony Parker,tony parker
S1,name+dob,Will Solomon,2226,solomwi01,Will Solomon,will solomon
S1,name+dob,Alton Ford,2228,fordal02,Alton Ford,alton ford
S1,name+dob,Mike James,2229,jamesmi01,Mike James,mike james
S1,name+dob,Bill Curley,223,curlebi01,Bill Curley,bill curley
S1,name+dob,Maurice Evans,2230,evansma01,Maurice Evans,maurice evans
S1,name+dob,Ratko Varda,2237,vardara01,Ratko Varda,ratko varda
S1,name+dob,Antonis Fotsis,2238,fotsian01,Antonis Fotsis,antonis fotsis
S1,name+dob,Trenton Hassell,2239,hassetr01,Trenton Hassell,trenton hassell
S1,name+dob,Eddie Jones,224,jonesed02,Eddie Jones,eddie jones
S1,name+dob,Gilbert Arenas,2240,arenagi01,Gilbert Arenas,gilbert arenas
S1,name+dob,Omar Cook,2241,cookom01,Omar Cook,omar cook
S1,name+dob,Terence Morris,2242,morrite01,Terence Morris,terence morris
S1,name+dob,Brian Scalabrine,2243,scalabr01,Brian Scalabrine,brian scalabrine
S1,name+dob,Jeff Trepagnier,2244,trepaje01,Jeff Trepagnier,jeff trepagnier
S1,name+dob,Damone Brown,2245,brownda02,Damone Brown,damone brown
S1,name+dob,Mehmet Okur,2246,okurme01,Mehmet Okur,mehmet okur
S1,name+dob,Earl Watson,2248,watsoea01,Earl Watson,earl watson
S1,name+dob,Jamison Brewer,2249,breweja01,Jamison Brewer,jamison brewer
S1,name+dob,Bobby Simmons,2250,simmobo01,Bobby Simmons,bobby simmons
S1,name+dob,Sean Lampley,2253,lamplse01,Sean Lampley,sean lampley
S1,name+dob,Loren Woods,2254,woodslo01,Loren Woods,loren woods
S1,name+dob,Ken Johnson,2256,johnske03,Ken Johnson,ken johnson
S1,name+dob,Ruben Boumtje-Boumtje,2257,boumtru01,Ruben Boumtje-Boumtje,ruben boumtjeboumtje
S1,name+dob,Antonio Lang,226,langan02,Antonio Lang,antonio lang
S1,name+dob,Jarron Collins,2260,collija03,Jarron Collins,jarron collins
S1,name+dob,Kenny Satterfield,2261,satteke01,Kenny Satterfield,kenny satterfield
S1,name+dob,Alvin Jones,2264,jonesal01,Alvin Jones,alvin jones
S1,name+dob,Adam Keefe,228,keefead01,Adam Keefe,adam keefe
S1,name+dob,James Edwards,229,edwarja01,James Edwards,james edwards
S1,name+dob,Charlie Bell,2294,bellch01,Charlie Bell,charlie bell
S1,name+dob,Dennis Rodman,23,rodmade01,Dennis Rodman,dennis rodman
S1,name+dob,Carlos Arroyo,2306,arroyca01,Carlos Arroyo,carlos arroyo
S1,name+dob,Paul Shirley,2321,shirlpa01,Paul Shirley,paul shirley
S1,name+dob,Khalid Reeves,234,reevekh01,Khalid Reeves,khalid reeves
S1,name+dob,Joe Crispin,2343,crispjo01,Joe Crispin,joe crispin
S1,name+dob,Tang Hamilton,2347,hamilta01,Tang Hamilton,tang hamilton
S1,name+dob,Victor Alexander,2349,alexavi01,Victor Alexander,victor alexander
S1,name+dob,Oscar Torres,2351,torreos01,Óscar Torres,oscar torres
S1,name+dob,Dean Oliver,2352,olivede01,Dean Oliver,dean oliver
S1,name+dob,Tierre Brown,2357,brownti01,Tierre Brown,tierre brown
S1,name+dob,Kevin Edwards,236,edwarke01,Kevin Edwards,kevin edwards
S1,name+dob,Chris Andersen,2365,anderch01,Chris Andersen,chris andersen
S1,name+dob,Mike Wilks,2366,wilksmi01,Mike Wilks,mike wilks
S1,name+dob,Geno Carlisle,2367,carlige01,Geno Carlisle,geno carlisle
S1,name+dob,Mengke Bateer,2370,bateeme01,Mengke Bateer,mengke bateer
S1,name+dob,Tyrone Hill,238,hillty01,Tyrone Hill,tyrone hill
S1,name+dob,Darrick Martin,239,martida01,Darrick Martin,darrick martin
S1,name+dob,Yao Ming,2397,mingya01,Yao Ming,yao ming
S1,name+dob,Jay Williams,2398,willija03,Jay Williams,jay williams
S1,name+dob,Mike Dunleavy,2399,dunlemi02,Mike Dunleavy,mike dunleavy
S1,name+dob,Keith Jennings,24,jennike01,Keith Jennings,keith jennings
S1,name+dob,Brooks Thompson,240,thompbr01,Brooks Thompson,brooks thompson
S1,name+dob,Drew Gooden,2400,goodedr01,Drew Gooden,drew gooden
S1,name+dob,Nikoloz Tskitishvili,2401,tskitni01,Nikoloz Tskitishvili,nikoloz tskitishvili
S1,name+dob,Dajuan Wagner,2402,wagneda02,Dajuan Wagner,dajuan wagner
S1,name+dob,Nene,2403,hilarne01,Nenê,nene
S1,name+dob,Chris Wilcox,2404,wilcoch01,Chris Wilcox,chris wilcox
S1,name+dob,Amar'e Stoudemire,2405,stoudam01,Amar'e Stoudemire,amare stoudemire
S1,name+dob,Caron Butler,2406,butleca01,Caron Butler,caron butler
S1,name+dob,Jared Jeffries,2407,jeffrja01,Jared Jeffries,jared jeffries
S1,name+dob,Melvin Ely,2408,elyme01,Melvin Ely,melvin ely
S1,name+dob,Marcus Haislip,2409,haislma01,Marcus Haislip,marcus haislip
S1,name+dob,Darrin Hancock,241,hancoda01,Darrin Hancock,darrin hancock
S1,name+dob,Fred Jones,2410,jonesfr01,Fred Jones,fred jones
S1,name+dob,Bostjan Nachbar,2411,nachbbo01,Boštjan Nachbar,bostjan nachbar
S1,name+dob,Jiri Welsch,2412,welscji01,Jiří Welsch,jiri welsch
S1,name+dob,Juan Dixon,2413,dixonju01,Juan Dixon,juan dixon
S1,name+dob,Curtis Borchardt,2414,borchcu01,Curtis Borchardt,curtis borchardt
S1,name+dob,Ryan Humphrey,2415,humphry01,Ryan Humphrey,ryan humphrey
S1,name+dob,Kareem Rush,2416,rushka01,Kareem Rush,kareem rush
S1,name+dob,Qyntel Woods,2417,woodsqy01,Qyntel Woods,qyntel woods
S1,name+dob,Casey Jacobsen,2418,jacobca01,Casey Jacobsen,casey jacobsen
S1,name+dob,Tayshaun Prince,2419,princta01,Tayshaun Prince,tayshaun prince
S1,name+dob,Nenad Krstic,2420,krstine01,Nenad Krstić,nenad krstic
S1,name+dob,Frank Williams,2421,willifr02,Frank Williams,frank williams
S1,name+dob,John Salmons,2422,salmojo01,John Salmons,john salmons
S1,name+dob,Chris Jefferies,2423,jeffech01,Chris Jefferies,chris jefferies
S1,name+dob,Dan Dickau,2424,dickada01,Dan Dickau,dan dickau
S1,name+dob,Robert Archibald,2425,archiro01,Robert Archibald,robert archibald
S1,name+dob,Roger Mason Jr.,2427,masonro01,Roger Mason,roger mason
S1,name+dob,Vincent Yarbrough,2428,yarbrvi01,Vincent Yarbrough,vincent yarbrough
S1,name+dob,Dan Gadzuric,2429,gadzuda01,Dan Gadzuric,dan gadzuric
S1,name+dob,Aaron McKie,243,mckieaa01,Aaron McKie,aaron mckie
S1,name+dob,Carlos Boozer,2430,boozeca01,Carlos Boozer,carlos boozer
S1,name+dob,David Andersen,2431,anderda03,David Andersen,david andersen
S1,name+dob,Juan Carlos Navarro,2434,navarju01,Juan Carlos Navarro,juan carlos navarro
S1,name+dob,Mario Kasun,2435,kasunma01,Mario Kasun,mario kasun
S1,name+dob,Lonny Baxter,2437,baxtelo01,Lonny Baxter,lonny baxter
S1,name+dob,Dee Brown,244,brownde01,Dee Brown,dee brown
S1,name+dob,Matt Barnes,2440,barnema02,Matt Barnes,matt barnes
S1,name+dob,Jamal Sampson,2441,sampsja01,Jamal Sampson,jamal sampson
S1,name+dob,Chris Owens,2442,owensch01,Chris Owens,chris owens
S1,name+dob,Darius Songaila,2443,songada01,Darius Songaila,darius songaila
S1,name+dob,Rasual Butler,2446,butlera01,Rasual Butler,rasual butler
S1,name+dob,Tamar Slay,2447,slayta01,Tamar Slay,tamar slay
S1,name+dob,Luis Scola,2449,scolalu01,Luis Scola,luis scola
S1,name+dob,Randy Holcomb,2450,holcora01,Randy Holcomb,randy holcomb
S1,name+dob,Corsley Edwards,2451,edwarco01,Corsley Edwards,corsley edwards
S1,name+dob,J.R. Bremer,2452,bremejr01,J.R. Bremer,j bremer
S1,name+dob,Predrag Savovic,2453,savovpr01,Predrag Savović,predrag savovic
S1,name+dob,Junior Harrington,2454,harriju01,Junior Harrington,junior harrington
S1,name+dob,Cezary Trybanski,2456,trybace01,Cezary Trybański,cezary trybanski
S1,name+dob,Jannero Pargo,2457,pargoja01,Jannero Pargo,jannero pargo
S1,name+dob,Greg Anderson,246,andergr01,Greg Anderson,greg anderson
S1,name+dob,Guy Rucker,2462,ruckegu01,Guy Rucker,guy rucker
S1,name+dob,Maurice Carter,2466,cartema01,Maurice Carter,maurice carter
S1,name+dob,Pat Burke,2469,burkepa01,Pat Burke,pat burke
S1,name+dob,Joe Dumars,247,dumarjo01,Joe Dumars,joe dumars
S1,name+dob,Smush Parker,2470,parkesm01,Smush Parker,smush parker
S1,name+dob,Mike Batiste,2471,batismi01,Mike Batiste,mike batiste
S1,name+dob,George Lynch,248,lynchge01,George Lynch,george lynch
S1,name+dob,Devin Brown,2484,brownde02,Devin Brown,devin brown
S1,name+dob,Maurice Baker,2486,bakerma01,Maurice Baker,maurice baker
S1,name+dob,Adam Harrington,2492,harriad01,Adam Harrington,adam harrington
S1,name+dob,Richie Frahm,2499,frahmri01,Richie Frahm,richie frahm
S1,name+dob,Reggie Evans,2501,evansre01,Reggie Evans,reggie evans
S1,name+dob,Sean Elliott,251,elliose01,Sean Elliott,sean elliott
S1,name+dob,Karl Malone,252,malonka01,Karl Malone,karl malone
S1,name+dob,Antoine Rigaudeau,2541,rigauan01,Antoine Rigaudeau,antoine rigaudeau
S1,name+dob,LeBron James,2544,jamesle01,LeBron James,lebron james
S1,name+dob,Darko Milicic,2545,milicda01,Darko Miličić,darko milicic
S1,name+dob,Carmelo Anthony,2546,anthoca01,Carmelo Anthony,carmelo anthony
S1,name+dob,Chris Bosh,2547,boshch01,Chris Bosh,chris bosh
S1,name+dob,Dwyane Wade,2548,wadedw01,Dwyane Wade,dwyane wade
S1,name+dob,Chris Kaman,2549,kamanch01,Chris Kaman,chris kaman
S1,name+dob,Grant Hill,255,hillgr01,Grant Hill,grant hill
S1,name+dob,Kirk Hinrich,2550,hinriki01,Kirk Hinrich,kirk hinrich
S1,name+dob,T.J. Ford,2551,fordtj01,T.J. Ford,t ford
S1,name+dob,Jarvis Hayes,2553,hayesja01,Jarvis Hayes,jarvis hayes
S1,name+dob,Mickael Pietrus,2554,pietrmi01,Mickaël Piétrus,mickael pietrus
S1,name+dob,Nick Collison,2555,collini01,Nick Collison,nick collison
S1,name+dob,Marcus Banks,2556,banksma01,Marcus Banks,marcus banks
S1,name+dob,Luke Ridnour,2557,ridnolu01,Luke Ridnour,luke ridnour
S1,name+dob,Reece Gaines,2558,gainere01,Reece Gaines,reece gaines
S1,name+dob,Troy Bell,2559,belltr01,Troy Bell,troy bell
S1,name+dob,Zarko Cabarkapa,2560,cabarza01,Žarko Čabarkapa,zarko cabarkapa
S1,name+dob,David West,2561,westda01,David West,david west
S1,name+dob,Sasha Pavlovic,2562,pavloal01,Sasha Pavlović,sasha pavlovic
S1,name+dob,Dahntay Jones,2563,jonesda02,Dahntay Jones,dahntay jones
S1,name+dob,Boris Diaw,2564,diawbo01,Boris Diaw,boris diaw
S1,name+dob,Zoran Planinic,2565,planizo01,Zoran Planinić,zoran planinic
S1,name+dob,Travis Outlaw,2566,outlatr01,Travis Outlaw,travis outlaw
S1,name+dob,Brian Cook,2567,cookbr01,Brian Cook,brian cook
S1,name+dob,Carlos Delfino,2568,delfica01,Carlos Delfino,carlos delfino
S1,name+dob,Ndudi Ebi,2569,ebind01,Ndudi Ebi,ndudi ebi
S1,name+dob,Kendrick Perkins,2570,perkike01,Kendrick Perkins,kendrick perkins
S1,name+dob,Leandro Barbosa,2571,barbole01,Leandro Barbosa,leandro barbosa
S1,name+dob,Josh Howard,2572,howarjo01,Josh Howard,josh howard
S1,name+dob,Maciej Lampe,2573,lampema01,Maciej Lampe,maciej lampe
S1,name+dob,Luke Walton,2575,waltolu01,Luke Walton,luke walton
S1,name+dob,Brian Grant,258,grantbr01,Brian Grant,brian grant
S1,name+dob,Travis Hansen,2580,hansetr01,Travis Hansen,travis hansen
S1,name+dob,Steve Blake,2581,blakest01,Steve Blake,steve blake
S1,name+dob,Slavko Vranes,2582,vranesl01,Slavko Vraneš,slavko vranes
S1,name+dob,Derrick Zimmerman,2583,zimmede01,Derrick Zimmerman,derrick zimmerman
S1,name+dob,Willie Green,2584,greenwi01,Willie Green,willie green
S1,name+dob,Zaza Pachulia,2585,pachuza01,Zaza Pachulia,zaza pachulia
S1,name+dob,Keith Bogans,2586,boganke01,Keith Bogans,keith bogans
S1,name+dob,Matt Bonner,2588,bonnema01,Matt Bonner,matt bonner
S1,name+dob,Mo Williams,2590,willima01,Mo Williams,mo williams
S1,name+dob,James Lang,2591,langja01,James Lang,james lang
S1,name+dob,James Jones,2592,jonesja02,James Jones,james jones
S1,name+dob,Kyle Korver,2594,korveky01,Kyle Korver,kyle korver
S1,name+dob,Brandon Hunter,2599,huntebr01,Brandon Hunter,brandon hunter
S1,name+dob,Luc Longley,26,longllu01,Luc Longley,luc longley
S1,name+dob,Jerome Beasley,2602,beaslje01,Jerome Beasley,jerome beasley
S1,name+dob,Theron Smith,2604,smithth01,Theron Smith,theron smith
S1,name+dob,Marquis Daniels,2605,daniema01,Marquis Daniels,marquis daniels
S1,name+dob,Udonis Haslem,2617,hasleud01,Udonis Haslem,udonis haslem
S1,name+dob,Michael Cage,262,cagemi01,Michael Cage,michael cage
S1,name+dob,Quinton Ross,2624,rossqu01,Quinton Ross,quinton ross
S1,name+dob,Kirk Penney,2632,penneki01,Kirk Penney,kirk penney
S1,name+dob,Alex Scales,2637,scaleal01,Alex Scales,alex scales
S1,name+dob,Britton Johnsen,2639,johnsbr01,Britton Johnsen,britton johnsen
S1,name+dob,Ronald Dupree,2648,duprero01,Ronald Dupree,ronald dupree
S1,name+dob,Harvey Grant,265,grantha01,Harvey Grant,harvey grant
S1,name+dob,Shelton Jones,2652,jonessh01,Shelton Jones,shelton jones
S1,name+dob,Yuta Tabuse,2657,tabusyu01,Yuta Tabuse,yuta tabuse
S1,name+dob,Desmond Penigar,2667,penigde01,Desmond Penigar,desmond penigar
S1,name+dob,Josh Davis,2668,davisjo02,Josh Davis,josh davis
S1,name+dob,Linton Johnson,2669,johnsli01,Linton Johnson,linton johnson
S1,name+dob,Matt Carroll,2679,carroma01,Matt Carroll,matt carroll
S1,name+dob,Alex Garcia,2682,garcial01,Alex Garcia,alex garcia
S1,name+dob,Melvin Sanders,2684,sandeme01,Melvin Sanders,melvin sanders
S1,name+dob,Brandin Knight,2688,knighbr02,Brandin Knight,brandin knight
S1,name+dob,Keith McLeod,2693,mcleoke01,Keith McLeod,keith mcleod
S1,name+dob,Josh Powell,2694,poweljo01,Josh Powell,josh powell
S1,name+dob,Lynn Greer,2696,greerly01,Lynn Greer,lynn greer
S1,name+dob,Horace Grant,270,grantho01,Horace Grant,horace grant
S1,name+dob,Johnny Newman,271,newmajo01,Johnny Newman,johnny newman
S1,name+dob,Desmond Ferguson,2724,fergude01,Desmond Ferguson,desmond ferguson
S1,name+dob,Duane Ferrell,273,ferredu01,Duane Ferrell,duane ferrell
S1,name+dob,Dwight Howard,2730,howardw01,Dwight Howard,dwight howard
S1,name+dob,Emeka Okafor,2731,okafoem01,Emeka Okafor,emeka okafor
S1,name+dob,Ben Gordon,2732,gordobe01,Ben Gordon,ben gordon
S1,name+dob,Shaun Livingston,2733,livinsh01,Shaun Livingston,shaun livingston
S1,name+dob,Devin Harris,2734,harride01,Devin Harris,devin harris
S1,name+dob,Josh Childress,2735,childjo01,Josh Childress,josh childress
S1,name+dob,Luol Deng,2736,denglu01,Luol Deng,luol deng
S1,name+dob,Rafael Araujo,2737,araujra01,Rafael Araújo,rafael araujo
S1,name+dob,Andre Iguodala,2738,iguodan01,Andre Iguodala,andre iguodala
S1,name+dob,Luke Jackson,2739,jackslu02,Luke Jackson,luke jackson
S1,name+dob,Andris Biedrins,2740,biedran01,Andris Biedriņš,andris biedrins
S1,name+dob,Robert Swift,2741,swiftro01,Robert Swift,robert swift
S1,name+dob,Sebastian Telfair,2742,telfase01,Sebastian Telfair,sebastian telfair
S1,name+dob,Kris Humphries,2743,humphkr01,Kris Humphries,kris humphries
S1,name+dob,Al Jefferson,2744,jeffeal01,Al Jefferson,al jefferson
S1,name+dob,Kirk Snyder,2745,snydeki01,Kirk Snyder,kirk snyder
S1,name+dob,Josh Smith,2746,smithjo03,Josh Smith,josh smith
S1,name+dob,Dorell Wright,2748,wrighdo01,Dorell Wright,dorell wright
S1,name+dob,Jameer Nelson,2749,nelsoja01,Jameer Nelson,jameer nelson
S1,name+dob,Allan Houston,275,houstal01,Allan Houston,allan houston
S1,name+dob,Pavel Podkolzin,2750,podkopa01,Pavel Podkolzin,pavel podkolzin
S1,name+dob,Viktor Khryapa,2751,khryavi01,Viktor Khryapa,viktor khryapa
S1,name+dob,Sergei Monia,2752,moniase01,Sergei Monia,sergei monia
S1,name+dob,Delonte West,2753,westde01,Delonte West,delonte west
S1,name+dob,Tony Allen,2754,allento01,Tony Allen,tony allen
S1,name+dob,Kevin Martin,2755,martike02,Kevin Martin,kevin martin
S1,name+dob,Sasha Vujacic,2756,vujacsa01,Sasha Vujačić,sasha vujacic
S1,name+dob,Beno Udrih,2757,udrihbe01,Beno Udrih,beno udrih
S1,name+dob,David Harrison,2758,harrida01,David Harrison,david harrison
S1,name+dob,Anderson Varejao,2760,varejan01,Anderson Varejão,anderson varejao
S1,name+dob,Jackson Vroman,2761,vromaja01,Jackson Vroman,jackson vroman
S1,name+dob,Lionel Chalmers,2763,chalmli01,Lionel Chalmers,lionel chalmers
S1,name+dob,Donta Smith,2764,smithdo04,Donta Smith,donta smith
S1,name+dob,Andre Emmett,2765,emmetan01,Andre Emmett,andre emmett
S1,name+dob,Antonio Burks,2766,burksan01,Antonio Burks,antonio burks
S1,name+dob,Royal Ivey,2767,iveyro01,Royal Ivey,royal ivey
S1,name+dob,Chris Duhon,2768,duhonch01,Chris Duhon,chris duhon
S1,name+dob,Justin Reed,2770,reedju01,Justin Reed,justin reed
S1,name+dob,Trevor Ariza,2772,arizatr01,Trevor Ariza,trevor ariza
S1,name+dob,Bernard Robinson,2774,robinbe01,Bernard Robinson,bernard robinson
S1,name+dob,Ha Seung-jin,2775,seungha01,Ha Seung-Jin,ha seungjin
S1,name+dob,Pape Sow,2776,sowpa01,Pape Sow,pape sow
S1,name+dob,Stacey Augmon,278,augmost01,Stacey Augmon,stacey augmon
S1,name+dob,Matt Freije,2782,freijma01,Matt Freije,matt freije
S1,name+dob,Luis Flores,2784,florelu01,Luis Flores,luis flores
S1,name+dob,Charles Jones,279,jonesch01,Charles Jones,charles jones
S1,name+dob,Horace Jenkins,2798,jenkiho01,Horace Jenkins,horace jenkins
S1,name+dob,Doug West,28,westdo01,Doug West,doug west
S1,name+dob,Tony Bobbitt,2800,bobbito01,Tony Bobbitt,tony bobbitt
S1,name+dob,Andres Nocioni,2804,nocioan01,Andrés Nocioni,andres nocioni
S1,name+dob,Gerald Fitch,2809,fitchge01,Gerald Fitch,gerald fitch
S1,name+dob,Scott Williams,281,willisc01,Scott Williams,scott williams
S1,name+dob,Andre Brown,2810,brownan01,Andre Brown,andre brown
S1,name+dob,John Edwards,2823,edwarjo01,John Edwards,john edwards
S1,name+dob,Desmon Farmer,2824,farmede01,Desmon Farmer,desmon farmer
S1,name+dob,Lindsey Hunter,283,hunteli01,Lindsey Hunter,lindsey hunter
S1,name+dob,James Thomas,2839,thomaja02,James Thomas,james thomas
S1,name+dob,Erik Daniels,2845,danieer01,Erik Daniels,erik daniels
S1,name+dob,Greg Grant,285,grantgr01,Greg Grant,greg grant
S1,name+dob,Awvee Storey,2852,storeaw01,Awvee Storey,awvee storey
S1,name+dob,Earl Barron,2853,barroea01,Earl Barron,earl barron
S1,name+dob,Andre Barrett,2857,barrean01,Andre Barrett,andre barrett
S1,name+dob,Damien Wilkins,2863,wilkida02,Damien Wilkins,damien wilkins
S1,name+dob,Jackie Butler,2866,butleja01,Jackie Butler,jackie butler
S1,name+dob,Kasib Powell,2867,powelka01,Kasib Powell,kasib powell
S1,name+dob,Eric Leckner,287,leckner01,Eric Leckner,eric leckner
S1,name+dob,Billy Thomas,2873,thomabi01,Billy Thomas,billy thomas
S1,name+dob,Jared Reiner,2876,reineja01,Jared Reiner,jared reiner
S1,name+dob,Armen Gilliam,288,gilliar01,Armen Gilliam,armen gilliam
S1,name+dob,Ledell Eackles,289,eacklle01,Ledell Eackles,ledell eackles
S1,name+dob,Mark Jones,2891,jonesma03,Mark Jones,mark jones
S1,name+dob,Jim McIlvaine,29,mcilvji01,Jim McIlvaine,jim mcilvaine
S1,name+dob,Ed Pinckney,291,pincked01,Ed Pinckney,ed pinckney
S1,name+dob,Anthony Miller,292,millean01,Anthony Miller,anthony miller
S1,name+dob,Charles Smith,293,smithch01,Charles Smith,charles smith
S1,name+dob,Rick Fox,296,foxri01,Rick Fox,rick fox
S1,name+dob,Alonzo Mourning,297,mournal01,Alonzo Mourning,alonzo mourning
S1,name+dob,Glenn Robinson,299,robingl01,Glenn Robinson,glenn robinson
S1,name+dob,Grant Long,3,longgr01,Grant Long,grant long
S1,name+dob,Richard Dumas,30,dumasri02,Richard Dumas,richard dumas
S1,name+dob,Mookie Blaylock,302,blaylmo01,Mookie Blaylock,mookie blaylock
S1,name+dob,John Stockton,304,stockjo01,John Stockton,john stockton
S1,name+dob,Robert Parish,305,parisro01,Robert Parish,robert parish
S1,name+dob,Steve Colter,306,coltest01,Steve Colter,steve colter
S1,name+dob,Derrick Alston,308,alstode01,Derrick Alston,derrick alston
S1,name+dob,Lorenzo Williams,31,willilo01,Lorenzo Williams,lorenzo williams
S1,name+dob,Bobby Hurley,310,hurlebo01,Bobby Hurley,bobby hurley
S1,name+dob,Vern Fleming,313,flemive01,Vern Fleming,vern fleming
S1,name+dob,John Starks,317,starkjo01,John Starks,john starks
S1,name+dob,Clifford Rozier,32,roziecl01,Clifford Rozier,clifford rozier
S1,name+dob,Jamie Watson,320,watsoja01,Jamie Watson,jamie watson
S1,name+dob,Scott Haskin,321,haskisc01,Scott Haskin,scott haskin
S1,name+dob,Greg Foster,323,fostegr01,Greg Foster,greg foster
S1,name+dob,Anthony Peeler,324,peelean01,Anthony Peeler,anthony peeler
S1,name+dob,Rick Mahorn,328,mahorri01,Rick Mahorn,rick mahorn
S1,name+dob,Danny Manning,330,mannida01,Danny Manning,danny manning
S1,name+dob,Kevin Gamble,333,gamblke01,Kevin Gamble,kevin gamble
S1,name+dob,Willie Anderson,335,anderwi01,Willie Anderson,willie anderson
S1,name+dob,Tom Gugliotta,339,guglito01,Tom Gugliotta,tom gugliotta
S1,name+dob,Kevin Pritchard,340,pritcke01,Kevin Pritchard,kevin pritchard
S1,name+dob,Joe Wolf,341,wolfjo01,Joe Wolf,joe wolf
S1,name+dob,Andy Toolson,342,toolsan01,Andy Toolson,andy toolson
S1,name+dob,Dana Barros,344,barroda01,Dana Barros,dana barros
S1,name+dob,Terry Porter,345,portete01,Terry Porter,terry porter
S1,name+dob,Doug Edwards,346,edwardo01,Doug Edwards,doug edwards
S1,name+dob,Mitchell Butler,348,butlemi02,Mitchell Butler,mitchell butler
S1,name+dob,Mark Jackson,349,jacksma01,Mark Jackson,mark jackson
S1,name+dob,Eric Riley,35,rileyer01,Eric Riley,eric riley
S1,name+dob,Stacey King,351,kingst01,Stacey King,stacey king
S1,name+dob,Darrell Armstrong,353,armstda01,Darrell Armstrong,darrell armstrong
S1,name+dob,Vincent Askew,355,askewvi01,Vincent Askew,vincent askew
S1,name+dob,Chris Morris,356,morrich01,Chris Morris,chris morris
S1,name+dob,Greg Sutton,357,suttogr01,Greg Sutton,greg sutton
S1,name+dob,Anfernee Hardaway,358,hardaan01,Anfernee Hardaway,anfernee hardaway
S1,name+dob,Chucky Brown,359,brownch01,Chucky Brown,chucky brown
S1,name+dob,Sarunas Marciulionis,36,marcisa01,Šarūnas Marčiulionis,sarunas marciulionis
S1,name+dob,Clifford Robinson,361,robincl02,Clifford Robinson,clifford robinson
S1,name+dob,Christian Laettner,363,laettch01,Christian Laettner,christian laettner
S1,name+dob,Rex Chapman,364,chapmre01,Rex Chapman,rex chapman
S1,name+dob,Derrick McKey,365,mckeyde01,Derrick McKey,derrick mckey
S1,name+dob,Dwayne Schintzius,368,schindw01,Dwayne Schintzius,dwayne schintzius
S1,name+dob,Charlie Ward,369,wardch01,Charlie Ward,charlie ward
S1,name+dob,Greg Graham,37,grahagr01,Greg Graham,greg graham
S1,name+dob,Terry Mills,371,millste01,Terry Mills,terry mills
S1,name+dob,Isaiah Rider,375,rideris01,Isaiah Rider,isaiah rider
S1,name+dob,Eric Montross,376,montrer01,Eric Montross,eric montross
S1,name+dob,Craig Ehlo,378,ehlocr01,Craig Ehlo,craig ehlo
S1,name+dob,Brad Lohaus,38,lohaubr01,Brad Lohaus,brad lohaus
S1,name+dob,Tony Smith,380,smithto02,Tony Smith,tony smith
S1,name+dob,James Robinson,381,robinja02,James Robinson,james robinson
S1,name+dob,Kendall Gill,383,gillke01,Kendall Gill,kendall gill
S1,name+dob,Calbert Cheaney,384,cheanca01,Calbert Cheaney,calbert cheaney
S1,name+dob,Elliot Perry,386,perryel01,Elliot Perry,elliot perry
S1,name+dob,Toni Kukoc,389,kukocto01,Toni Kukoč,toni kukoc
S1,name+dob,Sasha Danilovic,390,danilsa01,Sasha Danilović,sasha danilovic
S1,name+dob,Rod Strickland,393,stricro02,Rod Strickland,rod strickland
S1,name+dob,Reggie Miller,397,millere01,Reggie Miller,reggie miller
S1,name+dob,Sean Rooks,399,rooksse01,Sean Rooks,sean rooks
S1,name+dob,Derek Strong,400,stronde01,Derek Strong,derek strong
S1,name+dob,Jon Koncak,402,koncajo01,Jon Koncak,jon koncak
S1,name+dob,Kevin Duckworth,404,duckwke01,Kevin Duckworth,kevin duckworth
S1,name+dob,Shaquille O'Neal,406,onealsh01,Shaquille O'Neal,shaquille oneal
S1,name+dob,Anthony Bonner,41,bonnean01,Anthony Bonner,anthony bonner
S1,name+dob,Sharone Wright,412,wrighsh01,Sharone Wright,sharone wright
S1,name+dob,Willie Burton,416,burtowi01,Willie Burton,willie burton
S1,name+dob,Sam Mitchell,417,mitchsa01,Sam Mitchell,sam mitchell
S1,name+dob,Scott Brooks,418,brooksc01,Scott Brooks,scott brooks
S1,name+dob,Monty Williams,42,willimo01,Monty Williams,monty williams
S1,name+dob,Jayson Williams,420,willija01,Jayson Williams,jayson williams
S1,name+dob,Avery Johnson,422,johnsav01,Avery Johnson,avery johnson
S1,name+dob,Chris Gatling,423,gatlich01,Chris Gatling,chris gatling
S1,name+dob,Terry Davis,426,daviste01,Terry Davis,terry davis
S1,name+dob,Sherman Douglas,428,douglsh01,Sherman Douglas,sherman douglas
S1,name+dob,Chris Whitney,43,whitnch01,Chris Whitney,chris whitney
S1,name+dob,Shawn Kemp,431,kempsh01,Shawn Kemp,shawn kemp
S1,name+dob,Pete Chilcutt,432,chilcpe01,Pete Chilcutt,pete chilcutt
S1,name+dob,Buck Williams,433,willibu01,Buck Williams,buck williams
S1,name+dob,Tony Dumas,434,dumasto01,Tony Dumas,tony dumas
S1,name+dob,Carlos Rogers,435,rogerca01,Carlos Rogers,carlos rogers
S1,name+dob,Juwan Howard,436,howarju01,Juwan Howard,juwan howard
S1,name+dob,Robert Werdann,438,werdaro01,Robert Werdann,robert werdann
S1,name+dob,Zan Tabak,440,tabakza01,Žan Tabak,zan tabak
S1,name+dob,Lamond Murray,441,murrala01,Lamond Murray,lamond murray
S1,name+dob,Pervis Ellison,442,ellispe01,Pervis Ellison,pervis ellison
S1,name+dob,Wesley Person,445,persowe01,Wesley Person,wesley person
S1,name+dob,Lucious Harris,446,harrilu01,Lucious Harris,lucious harris
S1,name+dob,Bo Outlaw,448,outlabo01,Bo Outlaw,bo outlaw
S1,name+dob,George McCloud,45,mccloge01,George McCloud,george mccloud
S1,name+dob,Vin Baker,452,bakervi01,Vin Baker,vin baker
S1,name+dob,Chuck Person,456,persoch01,Chuck Person,chuck person
S1,name+dob,Andrew Lang,457,langan01,Andrew Lang,andrew lang
S1,name+dob,Howard Eisley,458,eisleho01,Howard Eisley,howard eisley
S1,name+dob,Mike Peplowski,46,peplomi01,Mike Peplowski,mike peplowski
S1,name+dob,Trevor Ruffin,460,ruffitr01,Trevor Ruffin,trevor ruffin
S1,name+dob,Popeye Jones,461,jonespo01,Popeye Jones,popeye jones
S1,name+dob,J.R. Reid,462,reidjr01,J.R. Reid,j r reid
S1,name+dob,Jason Kidd,467,kiddja01,Jason Kidd,jason kidd
S1,name+dob,Jon Barry,468,barryjo01,Jon Barry,jon barry
S1,name+dob,Jamal Mashburn,469,mashbja01,Jamal Mashburn,jamal mashburn
S1,name+dob,Wayman Tisdale,47,tisdawa01,Wayman Tisdale,wayman tisdale
S1,name+dob,Doc Rivers,470,riverdo01,Doc Rivers,doc rivers
S1,name+dob,Doug Smith,475,smithdo03,Doug Smith,doug smith
S1,name+dob,Gheorghe Muresan,49,muresgh01,Gheorghe Mureșan,gheorghe muresan
S1,name+dob,Mahmoud Abdul-Rauf,51,abdulma02,Mahmoud Abdul-Rauf,mahmoud abdulrauf
S1,name+dob,Melvin Booker,511,bookeme01,Melvin Booker,melvin booker
S1,name+dob,Micheal Williams,52,willimi02,Micheal Williams,micheal williams
S1,name+dob,Mario Elie,53,eliema01,Mario Elie,mario elie
S1,name+dob,Dickey Simpkins,54,simpkdi01,Dickey Simpkins,dickey simpkins
S1,name+dob,Marty Conlon,55,conloma01,Marty Conlon,marty conlon
S1,name+dob,Gary Payton,56,paytoga01,Gary Payton,gary payton
S1,name+dob,Doug Christie,57,chrisdo01,Doug Christie,doug christie
S1,name+dob,Nate Thurmond,600001,thurmna01,Nate Thurmond,nate thurmond
S1,name+dob,Bob Cousy,600003,cousybo01,Bob Cousy,bob cousy
S1,name+dob,Bob Lanier,600005,laniebo01,Bob Lanier,bob lanier
S1,name+dob,Earl Monroe,600006,monroea01,Earl Monroe,earl monroe
S1,name+dob,Rory Sparrow,600009,sparrro01,Rory Sparrow,rory sparrow
S1,name+dob,Len Elmore,600010,elmorle01,Len Elmore,len elmore
S1,name+dob,Lamar Green,600011,greenla01,Lamar Green,lamar green
S1,name+dob,George Mikan,600012,mikange01,George Mikan,george mikan
S1,name+dob,Rick Barry,600013,barryri01,Rick Barry,rick barry
S1,name+dob,Oscar Robertson,600015,roberos01,Oscar Robertson,oscar robertson
S1,name+dob,Maurice Stokes,600016,stokema01,Maurice Stokes,maurice stokes
S1,name+dob,Carl Herrera,61,herreca01,Carl Herrera,carl herrera
S1,name+dob,Michael Smith,63,smithmi02,Michael Smith,michael smith
S1,name+dob,Sam Perkins,64,perkisa01,Sam Perkins,sam perkins
S1,name+dob,Marques Bragg,66,braggma01,Marques Bragg,marques bragg
S1,name+dob,Tom Hammonds,67,hammoto01,Tom Hammonds,tom hammonds
S1,name+dob,Donnie Boyce,671,boycedo01,Donnie Boyce,donnie boyce
S1,name+dob,Matt Bullard,672,bullama01,Matt Bullard,matt bullard
S1,name+dob,Alan Henderson,673,hendeal01,Alan Henderson,alan henderson
S1,name+dob,Reggie Jordan,674,jordare01,Reggie Jordan,reggie jordan
S1,name+dob,Junior Burrough,675,burroju01,Junior Burrough,junior burrough
S1,name+dob,Thomas Hamilton,676,hamilth01,Thomas Hamilton,thomas hamilton
S1,name+dob,Eric Williams,677,willier01,Eric Williams,eric williams
S1,name+dob,George Zidek,678,zidekge01,George Zídek,george zidek
S1,name+dob,Jason Caffey,679,caffeja01,Jason Caffey,jason caffey
S1,name+dob,John Amaechi,680,amaecjo01,John Amaechi,john amaechi
S1,name+dob,Donny Marshall,681,marshdo02,Donny Marshall,donny marshall
S1,name+dob,Bob Sura,682,surabo01,Bob Sura,bob sura
S1,name+dob,Darryl Johnson,683,johnsda02,Darryl Johnson,darryl johnson
S1,name+dob,Loren Meyer,684,meyerlo01,Loren Meyer,loren meyer
S1,name+dob,Cherokee Parks,685,parksch02,Cherokee Parks,cherokee parks
S1,name+dob,Antonio McDyess,686,mcdyean01,Antonio McDyess,antonio mcdyess
S1,name+dob,Rastko Cvetkovic,687,cvetkra01,Rastko Cvetković,rastko cvetkovic
S1,name+dob,Michael Curry,688,currymi01,Michael Curry,michael curry
S1,name+dob,Theo Ratliff,689,ratlith01,Theo Ratliff,theo ratliff
S1,name+dob,Don Reid,690,reiddo01,Don Reid,don reid
S1,name+dob,Lou Roe,691,roelo01,Lou Roe,lou roe
S1,name+dob,Andrew DeClercq,692,declean01,Andrew DeClercq,andrew declercq
S1,name+dob,Joe Smith,693,smithjo02,Joe Smith,joe smith
S1,name+dob,Sam Mack,694,macksa01,Sam Mack,sam mack
S1,name+dob,Eldridge Recasner,695,recasel01,Eldridge Recasner,eldridge recasner
S1,name+dob,Travis Best,696,besttr01,Travis Best,travis best
S1,name+dob,Fred Hoiberg,697,hoibefr01,Fred Hoiberg,fred hoiberg
S1,name+dob,Eddie Johnson,698,johnsed03,Eddie Johnson,eddie johnson
S1,name+dob,Brent Barry,699,barrybr01,Brent Barry,brent barry
S1,name+dob,Steve Kerr,70,kerrst01,Steve Kerr,steve kerr
S1,name+dob,Keith Tower,700,towerke01,Keith Tower,keith tower
S1,name+dob,Frankie King,701,kingfr01,Frankie King,frankie king
S1,name+dob,Voshon Lenard,702,lenarvo01,Voshon Lenard,voshon lenard
S1,name+dob,Kurt Thomas,703,thomaku01,Kurt Thomas,kurt thomas
S1,name+dob,Shawn Respert,704,respesh01,Shawn Respert,shawn respert
S1,name+dob,Randolph Keys,705,keysra01,Randolph Keys,randolph keys
S1,name+dob,Jerome Allen,706,allenje01,Jerome Allen,jerome allen
S1,name+dob,Mark Davis,707,davisma02,Mark Davis,mark davis
S1,name+dob,Kevin Garnett,708,garneke01,Kevin Garnett,kevin garnett
S1,name+dob,Ed O'Bannon,709,obanned01,Ed O'Bannon,ed obannon
S1,name+dob,Pooh Richardson,71,richapo01,Pooh Richardson,pooh richardson
S1,name+dob,David Vaughn,710,vaughda02,David Vaughn,david vaughn
S1,name+dob,Jerry Stackhouse,711,stackje01,Jerry Stackhouse,jerry stackhouse
S1,name+dob,Mario Bennett,712,bennema01,Mario Bennett,mario bennett
S1,name+dob,Chris Carr,713,carrch01,Chris Carr,chris carr
S1,name+dob,Michael Finley,714,finlemi01,Michael Finley,michael finley
S1,name+dob,John Coker,715,cokerjo01,John Coker,john coker
S1,name+dob,Rumeal Robinson,716,robinru01,Rumeal Robinson,rumeal robinson
S1,name+dob,Arvydas Sabonis,717,sabonar01,Arvydas Sabonis,arvydas sabonis
S1,name+dob,Gary Trent,718,trentga01,Gary Trent,gary trent
S1,name+dob,Randolph Childress,719,childra01,Randolph Childress,randolph childress
S1,name+dob,Kenny Anderson,72,anderke01,Kenny Anderson,kenny anderson
S1,name+dob,Terrence Rencher,720,renchte01,Terrence Rencher,terrence rencher
S1,name+dob,Tyus Edney,721,edneyty01,Tyus Edney,tyus edney
S1,name+dob,Corliss Williamson,722,willico02,Corliss Williamson,corliss williamson
S1,name+dob,Clint McDaniel,723,mcdancl01,Clint McDaniel,clint mcdaniel
S1,name+dob,Cory Alexander,724,alexaco01,Cory Alexander,cory alexander
S1,name+dob,Dell Demps,725,dempsde01,Dell Demps,dell demps
S1,name+dob,Sherell Ford,726,fordsh01,Sherell Ford,sherell ford
S1,name+dob,Eric Snow,727,snower01,Eric Snow,eric snow
S1,name+dob,Jimmy King,728,kingji02,Jimmy King,jimmy king
S1,name+dob,Martin Lewis,729,lewisma01,Martin Lewis,martin lewis
S1,name+dob,Hot Rod Williams,73,williho01,Hot Rod Williams,hot rod williams
S1,name+dob,Dwayne Whitfield,730,whitfdw01,Dwayne Whitfield,dwayne whitfield
S1,name+dob,Greg Ostertag,731,ostergr01,Greg Ostertag,greg ostertag
S1,name+dob,Ashraf Amaya,732,amayaas01,Ashraf Amaya,ashraf amaya
S1,name+dob,Cuonzo Martin,733,marticu01,Cuonzo Martin,cuonzo martin
S1,name+dob,Lawrence Moten,734,motenla01,Lawrence Moten,lawrence moten
S1,name+dob,Bryant Reeves,735,reevebr01,Bryant Reeves,bryant reeves
S1,name+dob,Cedric Lewis,736,lewisce01,Cedric Lewis,cedric lewis
S1,name+dob,Bob McCann,737,mccanbo01,Bob McCann,bob mccann
S1,name+dob,Bob Thornton,738,thornbo01,Bob Thornton,bob thornton
S1,name+dob,Rasheed Wallace,739,wallara01,Rasheed Wallace,rasheed wallace
S1,name+dob,Derrick Phelps,74,phelpde01,Derrick Phelps,derrick phelps
S1,name+dob,Randy Brown,753,brownra02,Randy Brown,randy brown
S1,name+dob,Jim Jackson,754,jacksji01,Jim Jackson,jim jackson
S1,name+dob,Damon Stoudamire,757,stoudda01,Damon Stoudamire,damon stoudamire
S1,name+dob,Cedric Ceballos,76,cebalce01,Cedric Ceballos,cedric ceballos
S1,name+dob,Jerome Kersey,760,kerseje01,Jerome Kersey,jerome kersey
S1,name+dob,Alaa Abdelnaby,76001,abdelal01,Alaa Abdelnaby,alaa abdelnaby
S1,name+dob,Zaid Abdul-Aziz,76002,abdulza01,Zaid Abdul-Aziz,zaid abdulaziz
S1,name+dob,Kareem Abdul-Jabbar,76003,abdulka01,Kareem Abdul-Jabbar,kareem abduljabbar
S1,name+dob,Tom Abernethy,76005,abernto01,Tom Abernethy,tom abernethy
S1,name+dob,Forest Able,76006,ablefo01,Forest Able,forest able
S1,name+dob,John Abramovic,76007,abramjo01,John Abramovic,john abramovic
S1,name+dob,Mark Acres,76009,acresma01,Mark Acres,mark acres
S1,name+dob,Alvan Adams,76011,adamsal01,Alvan Adams,alvan adams
S1,name+dob,Don Adams,76012,adamsdo01,Don Adams,don adams
S1,name+dob,Rick Adelman,76015,adelmri01,Rick Adelman,rick adelman
S1,name+dob,Mark Aguirre,76016,aguirma01,Mark Aguirre,mark aguirre
S1,name+dob,Danny Ainge,76017,aingeda01,Danny Ainge,danny ainge
S1,name+dob,Henry Akin,76018,akinhe01,Henry Akin,henry akin
S1,name+dob,Mark Alarie,76019,alarima01,Mark Alarie,mark alarie
S1,name+dob,Gary Alcorn,76020,alcorga01,Gary Alcorn,gary alcorn
S1,name+dob,Chuck Aleksinas,76021,aleksch01,Chuck Aleksinas,chuck aleksinas
S1,name+dob,Gary Alexander,76022,alexaga01,Gary Alexander,gary alexander
S1,name+dob,Steve Alford,76024,alforst01,Steve Alford,steve alford
S1,name+dob,Randy Allen,76025,allenra01,Randy Allen,randy allen
S1,name+dob,Lucius Allen,76027,allenlu01,Lucius Allen,lucius allen
S1,name+dob,Bob Allen,76028,allenbo01,Bob Allen,bob allen
S1,name+dob,Odis Allison,76029,allisod01,Odis Allison,odis allison
S1,name+dob,Darrell Allums,76030,allumda01,Darrell Allums,darrell allums
S1,name+dob,Bob Anderegg,76034,anderbo01,Bob Anderegg,bob anderegg
S1,name+dob,Cliff Anderson,76035,andercl01,Cliff Anderson,cliff anderson
S1,name+dob,Dwight Anderson,76037,anderdw01,Dwight Anderson,dwight anderson
S1,name+dob,Jerome Anderson,76040,anderje01,Jerome Anderson,jerome anderson
S1,name+dob,Kim Anderson,76041,anderki01,Kim Anderson,kim anderson
S1,name+dob,Michael Anderson,76042,andermi01,Michael Anderson,michael anderson
S1,name+dob,Richard Anderson,76045,anderri01,Richard Anderson,richard anderson
S1,name+dob,Ron Anderson,76046,anderro01,Ron Anderson,ron anderson
S1,name+dob,Wally Anderzunas,76048,anderwa01,Wally Anderzunas,wally anderzunas
S1,name+dob,Don Anielak,76049,anieldo01,Don Anielak,don anielak
S1,name+dob,Michael Ansley,76050,anslemi01,Michael Ansley,michael ansley
S1,name+dob,Stacey Arceneaux,76053,arcenst01,Stacey Arceneaux,stacey arceneaux
S1,name+dob,Jim Ard,76055,ardji01,Jim Ard,jim ard
S1,name+dob,Paul Arizin,76056,arizipa01,Paul Arizin,paul arizin
S1,name+dob,Joe Arlauckas,76057,arlaujo01,Joe Arlauckas,joe arlauckas
S1,name+dob,Tate Armstrong,76059,armstta01,Tate Armstrong,tate armstrong
S1,name+dob,Bob Armstrong,76061,armstbo01,Bob Armstrong,bob armstrong
S1,name+dob,Jesse Arnelle,76062,arnelje01,Jesse Arnelle,jesse arnelle
S1,name+dob,Jay Arnette,76063,arnetja01,Jay Arnette,jay arnette
S1,name+dob,Bob Arnzen,76064,arnzebo01,Bob Arnzen,bob arnzen
S1,name+dob,John Arthurs,76065,arthujo01,John Arthurs,john arthurs
S1,name+dob,Don Asmonga,76068,asmondo01,Don Asmonga,don asmonga
S1,name+dob,Ken Austin,76074,austike01,Ken Austin,ken austin
S1,name+dob,Dennis Awtrey,76078,awtrede01,Dennis Awtrey,dennis awtrey
S1,name+dob,Milos Babic,76079,babicmi01,Miloš Babić,milos babic
S1,name+dob,Johnny Bach,76080,bachjo01,Johnny Bach,johnny bach
S1,name+dob,Jim Baechtold,76081,baechji01,Jim Baechtold,jim baechtold
S1,name+dob,John Bagley,76082,baglejo01,John Bagley,john bagley
S1,name+dob,Gus Bailey,76083,bailegu01,Gus Bailey,gus bailey
S1,name+dob,Carl Bailey,76084,baileca01,Carl Bailey,carl bailey
S1,name+dob,James Bailey,76085,baileja01,James Bailey,james bailey
S1,name+dob,Norm Baker,76089,bakerno01,Norm Baker,norm baker
S1,name+dob,Cedric Ball,76090,ballce01,Cedric Ball,cedric ball
S1,name+dob,Greg Ballard,76091,ballagr01,Greg Ballard,greg ballard
S1,name+dob,Herschel Baltimore,76092,baltihe01,Herschel Baltimore,herschel baltimore
S1,name+dob,Gene Banks,76093,banksge01,Gene Banks,gene banks
S1,name+dob,Ken Bannister,76094,bannike01,Ken Bannister,ken bannister
S1,name+dob,Mike Bantom,76095,bantomi01,Mike Bantom,mike bantom
S1,name+dob,John Barber,76096,barbejo01,John Barber,john barber
S1,name+dob,Cliff Barker,76098,barkecl01,Cliff Barker,cliff barker
S1,name+dob,Tom Barker,76099,barketo01,Tom Barker,tom barker
S1,name+dob,Matt Geiger,761,geigema01,Matt Geiger,matt geiger
S1,name+dob,Don Barksdale,76102,barksdo01,Don Barksdale,don barksdale
S1,name+dob,Harry Barnes,76103,barneha01,Harry Barnes,harry barnes
S1,name+dob,Marvin Barnes,76104,barnema01,Marvin Barnes,marvin barnes
S1,name+dob,Jim Barnes,76105,barneji01,Jim Barnes,jim barnes
S1,name+dob,Jim Barnett,76106,barneji02,Jim Barnett,jim barnett
S1,name+dob,Dick Barnett,76107,barnedi01,Dick Barnett,dick barnett
S1,name+dob,John Barnhill,76108,barnhjo01,John Barnhill,john barnhill
S1,name+dob,Norton Barnhill,76109,barnhno01,Norton Barnhill,norton barnhill
S1,name+dob,Leo Barnhorst,76110,barnhle01,Leo Barnhorst,leo barnhorst
S1,name+dob,John Barr,76111,barrjo01,John Barr,john barr
S1,name+dob,Mike Barr,76112,barrmi01,Mike Barr,mike barr
S1,name+dob,Ernie Barrett,76114,barreer01,Ernie Barrett,ernie barrett
S1,name+dob,Ed Bartels,76117,barteed01,Ed Bartels,ed bartels
S1,name+dob,Vic Bartolome,76118,bartovi01,Vic Bartolome,vic bartolome
S1,name+dob,Jerry Baskerville,76119,baskeje01,Jerry Baskerville,jerry baskerville
S1,name+dob,Tim Bassett,76120,basseti01,Tim Bassett,tim bassett
S1,name+dob,Kenny Battle,76123,battlke01,Kenny Battle,kenny battle
S1,name+dob,Dave Batton,76124,battoda01,Dave Batton,dave batton
S1,name+dob,Johnny Baum,76125,baumjo01,Johnny Baum,johnny baum
S1,name+dob,Frankie Baumholtz,76126,baumhfr01,Frankie Baumholtz,frankie baumholtz
S1,name+dob,Elgin Baylor,76127,bayloel01,Elgin Baylor,elgin baylor
S1,name+dob,Ed Beach,76129,beached01,Ed Beach,ed beach
S1,name+dob,Butch Beard,76130,beardbu01,Butch Beard,butch beard
S1,name+dob,Ralph Beard,76131,beardra01,Ralph Beard,ralph beard
S1,name+dob,Zelmo Beaty,76133,beatyze01,Zelmo Beaty,zelmo beaty
S1,name+dob,Byron Beck,76134,beckby01,Byron Beck,byron beck
S1,name+dob,Ernie Beck,76136,becker01,Ernie Beck,ernie beck
S1,name+dob,Moe Becker,76137,beckemo01,Moe Becker,moe becker
S1,name+dob,William Bedford,76138,bedfowi01,William Bedford,william bedford
S1,name+dob,Hank Beenders,76139,beendha01,Hank Beenders,hank beenders
S1,name+dob,Ron Behagen,76140,behagro01,Ron Behagen,ron behagen
S1,name+dob,Elmer Behnke,76141,behnkel01,Elmer Behnke,elmer behnke
S1,name+dob,Dennis Bell,76142,bellde01,Dennis Bell,dennis bell
S1,name+dob,Walt Bellamy,76144,bellawa01,Walt Bellamy,walt bellamy
S1,name+dob,Irv Bemoras,76145,bemorir01,Irv Bemoras,irv bemoras
S1,name+dob,Leon Benbow,76146,benbole01,Leon Benbow,leon benbow
S1,name+dob,Tony Bennett,76148,benneto01,Tony Bennett,tony bennett
S1,name+dob,Mel Bennett,76151,benneme01,Mel Bennett,mel bennett
S1,name+dob,Winston Bennett,76152,bennewi01,Winston Bennett,winston bennett
S1,name+dob,Kent Benson,76154,bensoke01,Kent Benson,kent benson
S1,name+dob,Gene Berce,76155,bercege01,Gene Berce,gene berce
S1,name+dob,Gary Bergen,76156,bergega01,Gary Bergen,gary bergen
S1,name+dob,Ricky Berry,76157,berryri01,Ricky Berry,ricky berry
S1,name+dob,Walter Berry,76158,berrywa01,Walter Berry,walter berry
S1,name+dob,Del Beshore,76159,beshode01,Del Beshore,del beshore
S1,name+dob,Al Bianchi,76160,biancal01,Al Bianchi,al bianchi
S1,name+dob,Hank Biasatti,76161,biasaha01,Hank Biasatti,hank biasatti
S1,name+dob,Henry Bibby,76162,bibbyhe01,Henry Bibby,henry bibby
S1,name+dob,Ed Biedenbach,76163,biedeed01,Ed Biedenbach,ed biedenbach
S1,name+dob,Bob Bigelow,76165,bigelbo01,Bob Bigelow,bob bigelow
S1,name+dob,Dave Bing,76166,bingda01,Dave Bing,dave bing
S1,name+dob,Joe Binion,76167,biniojo01,Joe Binion,joe binion
S1,name+dob,Jerry Bird,76168,birdje01,Jerry Bird,jerry bird
S1,name+dob,Otis Birdsong,76170,birdsot01,Otis Birdsong,otis birdsong
S1,name+dob,Gale Bishop,76171,bishoga01,Gale Bishop,gale bishop
S1,name+dob,Uwe Blab,76172,blabuw01,Uwe Blab,uwe blab
S1,name+dob,Charlie Black,76173,blackch01,Charlie Black,charlie black
S1,name+dob,Norman Black,76174,blackno01,Norman Black,norman black
S1,name+dob,Tom Black,76175,blackto01,Tom Black,tom black
S1,name+dob,Rolando Blackman,76176,blackro01,Rolando Blackman,rolando blackman
S1,name+dob,Cory Blackwell,76177,blackco01,Cory Blackwell,cory blackwell
S1,name+dob,Nate Blackwell,76179,blackna01,Nate Blackwell,nate blackwell
S1,name+dob,Alex Blackwell,76180,blackal01,Alex Blackwell,alex blackwell
S1,name+dob,George Blaney,76182,blanege01,George Blaney,george blaney
S1,name+dob,Lance Blanks,76183,blankla01,Lance Blanks,lance blanks
S1,name+dob,Ricky Blanton,76184,blantri01,Ricky Blanton,ricky blanton
S1,name+dob,Leon Blevins,76186,blevile01,Leon Blevins,leon blevins
S1,name+dob,John Block,76187,blockjo01,John Block,john block
S1,name+dob,Mike Bloom,76188,bloommi01,Mike Bloom,mike bloom
S1,name+dob,Ray Blume,76189,blumera01,Ray Blume,ray blume
S1,name+dob,Nelson Bobb,76190,bobbne01,Nelson Bobb,nelson bobb
S1,name+dob,Tom Boerwinkle,76192,boerwto01,Tom Boerwinkle,tom boerwinkle
S1,name+dob,Manute Bol,76195,bolma01,Manute Bol,manute bol
S1,name+dob,Bill Bolger,76196,bolgebi01,Bill Bolger,bill bolger
S1,name+dob,Doug Bolstorff,76197,bolstdo01,Doug Bolstorff,doug bolstorff
S1,name+dob,Phil Bond,76198,bondph01,Phil Bond,phil bond
S1,name+dob,Shawn Bradley,762,bradlsh01,Shawn Bradley,shawn bradley
S1,name+dob,Ron Bonham,76201,bonharo01,Ron Bonham,ron bonham
S1,name+dob,George H. Bon Salle,76203,bonsage01,George Bon Salle,george bon salle
S1,name+dob,Ron Boone,76204,boonero01,Ron Boone,ron boone
S1,name+dob,Bob Boozer,76206,boozebo01,Bob Boozer,bob boozer
S1,name+dob,Jake Bornheimer,76207,bornhja01,Jake Bornheimer,jake bornheimer
S1,name+dob,Vince Boryla,76210,borylvi01,Vince Boryla,vince boryla
S1,name+dob,Jim Bostic,76211,bostiji01,Jim Bostic,jim bostic
S1,name+dob,Lawrence Boston,76212,bostola01,Lawrence Boston,lawrence boston
S1,name+dob,Tom Boswell,76213,bosweto01,Tom Boswell,tom boswell
S1,name+dob,Don Boven,76214,bovendo01,Don Boven,don boven
S1,name+dob,Sam Bowie,76217,bowiesa01,Sam Bowie,sam bowie
S1,name+dob,Nate Bowman,76219,bowmana01,Nate Bowman,nate bowman
S1,name+dob,Dennis Boyd,76221,boydde01,Dennis Boyd,dennis boyd
S1,name+dob,Ken Boyd,76223,boydke01,Ken Boyd,ken boyd
S1,name+dob,Harry Boykoff,76224,boykoha01,Harry Boykoff,harry boykoff
S1,name+dob,Winford Boynes,76225,boynewi01,Winford Boynes,winford boynes
S1,name+dob,Steve Bracey,76226,bracest01,Steve Bracey,steve bracey
S1,name+dob,Gary Bradds,76227,braddga01,Gary Bradds,gary bradds
S1,name+dob,Alex Bradley,76228,bradlal02,Alex Bradley,alex bradley
S1,name+dob,Alonzo Bradley,76229,bradlal01,Alonzo Bradley,alonzo bradley
S1,name+dob,Charles Bradley,76230,bradlch01,Charles Bradley,charles bradley
S1,name+dob,Dudley Bradley,76231,bradldu01,Dudley Bradley,dudley bradley
S1,name+dob,Joe Bradley,76232,bradljo01,Joe Bradley,joe bradley
S1,name+dob,Bill Bradley,76233,bradlbi01,Bill Bradley,bill bradley
S1,name+dob,Adrian Branch,76237,brancad01,Adrian Branch,adrian branch
S1,name+dob,Brad Branson,76239,bransbr01,Brad Branson,brad branson
S1,name+dob,Jesse Branson,76240,bransje01,Jesse Branson,jesse branson
S1,name+dob,Jim Brasco,76241,brascji01,Jim Brasco,jim brasco
S1,name+dob,Mike Bratz,76242,bratzmi01,Mike Bratz,mike bratz
S1,name+dob,Carl Braun,76243,braunca01,Carl Braun,carl braun
S1,name+dob,Pete Brennan,76245,brennpe01,Pete Brennan,pete brennan
S1,name+dob,Tom Brennan,76246,brennto01,Tom Brennan,tom brennan
S1,name+dob,Randy Breuer,76247,breuera01,Randy Breuer,randy breuer
S1,name+dob,Jim Brewer,76248,breweji01,Jim Brewer,jim brewer
S1,name+dob,Junior Bridgeman,76252,bridgju01,Junior Bridgeman,junior bridgeman
S1,name+dob,Bill Bridges,76253,bridgbi01,Bill Bridges,bill bridges
S1,name+dob,Al Brightman,76254,brighal01,Al Brightman,al brightman
S1,name+dob,John Brisker,76256,briskjo01,John Brisker,john brisker
S1,name+dob,Allan Bristow,76257,bristal01,Allan Bristow,allan bristow
S1,name+dob,Tyrone Britt,76258,brittty01,Tyrone Britt,tyrone britt
S1,name+dob,Wayman Britt,76259,brittwa01,Wayman Britt,wayman britt
S1,name+dob,Mike Brittain,76260,brittmi01,Mike Brittain,mike brittain
S1,name+dob,Jim Brogan,76262,brogaji01,Jim Brogan,jim brogan
S1,name+dob,Gary Brokaw,76263,brokaga01,Gary Brokaw,gary brokaw
S1,name+dob,Price Brookfield,76264,brookpr01,Price Brookfield,price brookfield
S1,name+dob,Kevin Brooks,76265,brookke01,Kevin Brooks,kevin brooks
S1,name+dob,Michael Brooks,76266,brookmi01,Michael Brooks,michael brooks
S1,name+dob,Tony Brown,76268,brownto01,Tony Brown,tony brown
S1,name+dob,Fred Brown,76272,brownfr01,Fred Brown,fred brown
S1,name+dob,George Brown,76273,brownge01,George Brown,george brown
S1,name+dob,Harold Brown,76275,brownha01,Harold Brown,harold brown
S1,name+dob,John Brown,76276,brownjo01,John Brown,john brown
S1,name+dob,Myron Brown,76277,brownmy01,Myron Brown,myron brown
S1,name+dob,Leon Brown,76278,brownle01,Leon Brown,leon brown
S1,name+dob,Lewis Brown,76279,brownle02,Lewis Brown,lewis brown
S1,name+dob,Raymond Brown,76282,brownra01,Raymond Brown,raymond brown
S1,name+dob,Rickey Brown,76283,brownri01,Rickey Brown,rickey brown
S1,name+dob,Bob Brown,76284,brownbo01,Bob Brown,bob brown
S1,name+dob,Stan Brown,76285,brownst01,Stan Brown,stan brown
S1,name+dob,Roger Brown,76286,brownro02,Roger Brown,roger brown
S1,name+dob,Jim Browne,76287,brownji01,Jim Browne,jim browne
S1,name+dob,Stanley Brundy,76288,brundst01,Stanley Brundy,stanley brundy
S1,name+dob,Joe Bryant,76290,bryanjo01,Joe Bryant,joe bryant
S1,name+dob,Wallace Bryant,76291,bryanwa01,Wallace Bryant,wallace bryant
S1,name+dob,Torgeir Bryn,76292,brynto01,Torgeir Bryn,torgeir bryn
S1,name+dob,Joe Buckhalter,76293,buckhjo01,Joe Buckhalter,joe buckhalter
S1,name+dob,Steve Bucknall,76294,bucknst01,Steve Bucknall,steve bucknall
S1,name+dob,Cleveland Buckner,76295,buckncl01,Cleveland Buckner,cleveland buckner
S1,name+dob,Quinn Buckner,76296,bucknqu01,Quinn Buckner,quinn buckner
S1,name+dob,Dave Budd,76297,buddda01,Dave Budd,dave budd
S1,name+dob,Tony Massenburg,763,masseto01,Tony Massenburg,tony massenburg
S1,name+dob,Greg Bunch,76300,bunchgr01,Greg Bunch,greg bunch
S1,name+dob,Dick Bunt,76301,buntdi01,Dick Bunt,dick bunt
S1,name+dob,Bill Buntin,76302,buntibi01,Bill Buntin,bill buntin
S1,name+dob,Roger Burkman,76304,burkmro01,Roger Burkman,roger burkman
S1,name+dob,Tom Burleson,76305,burleto01,Tom Burleson,tom burleson
S1,name+dob,Jack Burmaster,76306,burmaja01,Jack Burmaster,jack burmaster
S1,name+dob,David Burns,76307,burnsda01,David Burns,david burns
S1,name+dob,Evers Burns,76308,burnsev01,Evers Burns,evers burns
S1,name+dob,Jim Burns,76309,burnsji01,Jim Burns,jim burns
S1,name+dob,Art Burris,76311,burriar01,Art Burris,art burris
S1,name+dob,Bob Burrow,76313,burrobo01,Bob Burrow,bob burrow
S1,name+dob,Ed Burton,76314,burtoed01,Ed Burton,ed burton
S1,name+dob,Steve Burtt,76316,burttst01,Steve Burtt,steve burtt
S1,name+dob,Don Buse,76317,busedo01,Don Buse,don buse
S1,name+dob,Donnie Butcher,76318,butchdo01,Donnie Butcher,donnie butcher
S1,name+dob,Al Butler,76319,butleal01,Al Butler,al butler
S1,name+dob,Greg Butler,76320,butlegr01,Greg Butler,greg butler
S1,name+dob,Marty Byrnes,76321,byrnema01,Marty Byrnes,marty byrnes
S1,name+dob,Tommy Byrnes,76322,byrneto01,Tommy Byrnes,tommy byrnes
S1,name+dob,Barney Cable,76324,cableba01,Barney Cable,barney cable
S1,name+dob,Gerry Calabrese,76326,calabge01,Gerry Calabrese,gerry calabrese
S1,name+dob,Jim Caldwell,76328,caldwji01,Jim Caldwell,jim caldwell
S1,name+dob,Joe Caldwell,76329,caldwjo01,Joe Caldwell,joe caldwell
S1,name+dob,Corky Calhoun,76330,calhoco01,Corky Calhoun,corky calhoun
S1,name+dob,Bill Calhoun,76331,calhobi01,Bill Calhoun,bill calhoun
S1,name+dob,Demetrius Calip,76332,calipde01,Demetrius Calip,demetrius calip
S1,name+dob,Tom Callahan,76333,callato01,Tom Callahan,tom callahan
S1,name+dob,Ernie Calverley,76335,calveer01,Ernie Calverley,ernie calverley
S1,name+dob,Mack Calvin,76336,calvima01,Mack Calvin,mack calvin
S1,name+dob,Dexter Cambridge,76337,cambrde01,Dexter Cambridge,dexter cambridge
S1,name+dob,Tony Campbell,76338,campbto01,Tony Campbell,tony campbell
S1,name+dob,Larry Cannon,76339,cannola01,Larry Cannon,larry cannon
S1,name+dob,Howie Carl,76340,carlho01,Howie Carl,howie carl
S1,name+dob,Chet Carlisle,76341,carlich01,Chet Carlisle,chet carlisle
S1,name+dob,Rick Carlisle,76342,carliri01,Rick Carlisle,rick carlisle
S1,name+dob,Al Carlson,76343,carlsal01,Al Carlson,al carlson
S1,name+dob,Bob Carney,76345,carnebo01,Bob Carney,bob carney
S1,name+dob,Bob Carpenter,76346,carpebo01,Bob Carpenter,bob carpenter
S1,name+dob,Austin Carr,76348,carrau01,Austin Carr,austin carr
S1,name+dob,Kenny Carr,76350,carrke01,Kenny Carr,kenny carr
S1,name+dob,M.L. Carr,76351,carrml01,M.L. Carr,m carr
S1,name+dob,Bob Carrington,76352,carribo01,Bob Carrington,bob carrington
S1,name+dob,Joe Barry Carroll,76353,carrojo01,Joe Barry Carroll,joe barry carroll
S1,name+dob,Butch Carter,76355,cartebu01,Butch Carter,butch carter
S1,name+dob,Fred Carter,76356,cartefr01,Fred Carter,fred carter
S1,name+dob,Howard Carter,76358,carteho01,Howard Carter,howard carter
S1,name+dob,Jake Carter,76359,carteja01,Jake Carter,jake carter
S1,name+dob,Reggie Carter,76360,cartere01,Reggie Carter,reggie carter
S1,name+dob,Ron Carter,76361,cartero01,Ron Carter,ron carter
S1,name+dob,Bill Cartwright,76362,cartwbi01,Bill Cartwright,bill cartwright
S1,name+dob,Jay Carty,76363,cartyja01,Jay Carty,jay carty
S1,name+dob,Cornelius Cash,76364,cashco01,Cornelius Cash,cornelius cash
S1,name+dob,Harvey Catchings,76365,catchha01,Harvey Catchings,harvey catchings
S1,name+dob,Sid Catlett,76367,catlesi01,Sid Catlett,sid catlett
S1,name+dob,Bobby Cattage,76368,cattabo01,Bobby Cattage,bobby cattage
S1,name+dob,Ron Cavenall,76370,cavenro01,Ron Cavenall,ron cavenall
S1,name+dob,Al Cervi,76373,cervial01,Al Cervi,al cervi
S1,name+dob,Bill Chamberlain,76374,chambbi01,Bill Chamberlain,bill chamberlain
S1,name+dob,Wilt Chamberlain,76375,chambwi01,Wilt Chamberlain,wilt chamberlain
S1,name+dob,Jerry Chambers,76376,chambje01,Jerry Chambers,jerry chambers
S1,name+dob,Mike Champion,76378,champmi01,Mike Champion,mike champion
S1,name+dob,Don Chaney,76379,chanedo01,Don Chaney,don chaney
S1,name+dob,John Chaney,76380,chanejo01,John Chaney,john chaney
S1,name+dob,Len Chappell,76382,chapple01,Len Chappell,len chappell
S1,name+dob,Ken Charles,76383,charlke01,Ken Charles,ken charles
S1,name+dob,Lorenzo Charles,76384,charllo01,Lorenzo Charles,lorenzo charles
S1,name+dob,Maurice Cheeks,76385,cheekma01,Maurice Cheeks,maurice cheeks
S1,name+dob,Phil Chenier,76386,cheniph01,Phil Chenier,phil chenier
S1,name+dob,Derrick Chievous,76387,chievde01,Derrick Chievous,derrick chievous
S1,name+dob,Leroy Chollet,76391,chollle01,Leroy Chollet,leroy chollet
S1,name+dob,Jim Chones,76392,choneji01,Jim Chones,jim chones
S1,name+dob,Fred Christ,76393,chrisfr01,Fred Christ,fred christ
S1,name+dob,Bob Christian,76395,chrisbo01,Bob Christian,bob christian
S1,name+dob,Archie Clark,76397,clarkar01,Archie Clark,archie clark
S1,name+dob,Carlos Clark,76398,clarkca01,Carlos Clark,carlos clark
S1,name+dob,David Robinson,764,robinda01,David Robinson,david robinson
S1,name+dob,Jim Cleamons,76402,cleamji01,Jim Cleamons,jim cleamons
S1,name+dob,Nat Clifton,76404,cliftna01,Nat Clifton,nat clifton
S1,name+dob,Bill Closs,76406,clossbi01,Bill Closs,bill closs
S1,name+dob,Paul Cloyd,76407,cloydpa01,Paul Cloyd,paul cloyd
S1,name+dob,Richard Coffey,76410,cofferi01,Richard Coffey,richard coffey
S1,name+dob,Fred Cofield,76411,cofiefr01,Fred Cofield,fred cofield
S1,name+dob,Ben Coleman,76412,colembe01,Ben Coleman,ben coleman
S1,name+dob,E.C. Coleman,76413,colemec01,E.C. Coleman,e c coleman
S1,name+dob,Jack Coleman,76414,colemja01,Jack Coleman,jack coleman
S1,name+dob,Norris Coleman,76415,colemno01,Norris Coleman,norris coleman
S1,name+dob,Art Collins,76416,colliar01,Art Collins,art collins
S1,name+dob,Don Collins,76418,collido02,Don Collins,don collins
S1,name+dob,Jimmy Collins,76419,colliji01,Jimmy Collins,jimmy collins
S1,name+dob,Doug Collins,76421,collido01,Doug Collins,doug collins
S1,name+dob,Leroy Combs,76425,combsle01,Leroy Combs,leroy combs
S1,name+dob,Dallas Comegys,76426,comegda01,Dallas Comegys,dallas comegys
S1,name+dob,Larry Comley,76427,comlela01,Larry Comley,larry comley
S1,name+dob,Gene Conley,76428,conlege01,Gene Conley,gene conley
S1,name+dob,Ed Conlin,76429,conlied01,Ed Conlin,ed conlin
S1,name+dob,Lester Conner,76431,connele01,Lester Conner,lester conner
S1,name+dob,Chuck Connors,76432,connoch01,Chuck Connors,chuck connors
S1,name+dob,Anthony Cook,76433,cookan01,Anthony Cook,anthony cook
S1,name+dob,Bert Cook,76434,cookbe01,Bert Cook,bert cook
S1,name+dob,Darwin Cook,76435,cookda01,Darwin Cook,darwin cook
S1,name+dob,Jeff Cook,76436,cookje01,Jeff Cook,jeff cook
S1,name+dob,Norm Cook,76437,cookno01,Norm Cook,norm cook
S1,name+dob,Bobby Cook,76438,cookbo01,Bobby Cook,bobby cook
S1,name+dob,David Cooke,76439,cookeda01,David Cooke,david cooke
S1,name+dob,Joe Cooke,76440,cookejo01,Joe Cooke,joe cooke
S1,name+dob,Wayne Cooper,76441,coopewa01,Wayne Cooper,wayne cooper
S1,name+dob,Chuck Cooper,76442,coopech01,Chuck Cooper,chuck cooper
S1,name+dob,Joe Cooper,76443,coopejo01,Joe Cooper,joe cooper
S1,name+dob,Michael Cooper,76444,coopemi01,Michael Cooper,michael cooper
S1,name+dob,Tom Copa,76446,copato01,Tom Copa,tom copa
S1,name+dob,Hollis Copeland,76447,copelho01,Hollis Copeland,hollis copeland
S1,name+dob,Lanard Copeland,76448,copella01,Lanard Copeland,lanard copeland
S1,name+dob,Chris Corchiani,76450,corchch01,Chris Corchiani,chris corchiani
S1,name+dob,Dave Corzine,76453,corzida01,Dave Corzine,dave corzine
S1,name+dob,Larry Costello,76454,costela01,Larry Costello,larry costello
S1,name+dob,John Coughran,76457,coughjo01,John Coughran,john coughran
S1,name+dob,Mel Counts,76458,countme01,Mel Counts,mel counts
S1,name+dob,Steve Courtin,76459,courtst01,Steve Courtin,steve courtin
S1,name+dob,Dave Cowens,76462,cowenda01,Dave Cowens,dave cowens
S1,name+dob,Johnny Cox,76464,coxjo01,Johnny Cox,johnny cox
S1,name+dob,Wesley Cox,76465,coxwe01,Wesley Cox,wesley cox
S1,name+dob,Jim Creighton,76468,creigji01,Jim Creighton,jim creighton
S1,name+dob,Hal Crisler,76470,crislha01,Hal Crisler,hal crisler
S1,name+dob,Charlie Criss,76471,crissch01,Charlie Criss,charlie criss
S1,name+dob,Winston Crite,76472,critewi01,Winston Crite,winston crite
S1,name+dob,Dillard Crocker,76473,crockdi01,Dillard Crocker,dillard crocker
S1,name+dob,Terry Crosby,76475,crosbte01,Terry Crosby,terry crosby
S1,name+dob,Jeff Cross,76476,crossje01,Jeff Cross,jeff cross
S1,name+dob,Pete Cross,76477,crosspe01,Pete Cross,pete cross
S1,name+dob,Russell Cross,76478,crossru01,Russell Cross,russell cross
S1,name+dob,Mark Crow,76481,crowma01,Mark Crow,mark crow
S1,name+dob,Corey Crowder,76482,crowdco01,Corey Crowder,corey crowder
S1,name+dob,Pat Cummings,76483,cummipa01,Pat Cummings,pat cummings
S1,name+dob,Dick Cunningham,76485,cunnidi01,Dick Cunningham,dick cunningham
S1,name+dob,Billy Cunningham,76487,cunnibi01,Billy Cunningham,billy cunningham
S1,name+dob,Radisav Curcic,76488,curcira01,Radisav Ćurčić,radisav curcic
S1,name+dob,Armand Cure,76489,curear01,Armand Cure,armand cure
S1,name+dob,Ed Dahler,76496,dahleed01,Ed Dahler,ed dahler
S1,name+dob,Quintin Dailey,76497,dailequ01,Quintin Dailey,quintin dailey
S1,name+dob,Howie Dallmar,76498,dallmho01,Howie Dallmar,howie dallmar
S1,name+dob,Hersey Hawkins,765,hawkihe01,Hersey Hawkins,hersey hawkins
S1,name+dob,Bob Dandridge,76500,dandrbo01,Bob Dandridge,bob dandridge
S1,name+dob,Mel Daniels,76502,danieme01,Mel Daniels,mel daniels
S1,name+dob,Mike D'Antoni,76505,dantomi01,Mike D'Antoni,mike dantoni
S1,name+dob,Jimmy Darden,76507,dardeji01,Jimmy Darden,jimmy darden
S1,name+dob,Jesse Dark,76509,darkje01,Jesse Dark,jesse dark
S1,name+dob,Jimmy Darrow,76511,darroji01,Jimmy Darrow,jimmy darrow
S1,name+dob,Bob Davies,76514,daviebo01,Bob Davies,bob davies
S1,name+dob,Aubrey Davis,76515,davisau01,Aubrey Davis,aubrey davis
S1,name+dob,Brad Davis,76516,davisbr01,Brad Davis,brad davis
S1,name+dob,Brian Davis,76517,davisbr02,Brian Davis,brian davis
S1,name+dob,Charlie Davis,76519,davisch01,Charlie Davis,charlie davis
S1,name+dob,Monti Davis,76520,davismo01,Monti Davis,monti davis
S1,name+dob,Harry Davis,76523,davisha01,Harry Davis,harry davis
S1,name+dob,Jim Davis,76525,davisji01,Jim Davis,jim davis
S1,name+dob,Johnny Davis,76526,davisjo01,Johnny Davis,johnny davis
S1,name+dob,Mark Davis,76528,davisma01,Mark Davis,mark davis
S1,name+dob,Mel Davis,76529,davisme01,Mel Davis,mel davis
S1,name+dob,Mike Davis,76531,davismi01,Mike Davis,mike davis
S1,name+dob,Ralph Davis,76532,davisra01,Ralph Davis,ralph davis
S1,name+dob,Bob Davis,76533,davisbo01,Bob Davis,bob davis
S1,name+dob,Ron Davis,76534,davisro01,Ron Davis,ron davis
S1,name+dob,Walt Davis,76536,daviswa01,Walt Davis,walt davis
S1,name+dob,Darryl Dawkins,76539,dawkida01,Darryl Dawkins,darryl dawkins
S1,name+dob,Paul Dawkins,76541,dawkipa01,Paul Dawkins,paul dawkins
S1,name+dob,Tony Dawson,76542,dawsoto01,Tony Dawson,tony dawson
S1,name+dob,Darren Daye,76543,dayeda01,Darren Daye,darren daye
S1,name+dob,Greg Deane,76544,deanegr01,Greg Deane,greg deane
S1,name+dob,Dave DeBusschere,76545,debusda01,Dave DeBusschere,dave debusschere
S1,name+dob,Archie Dees,76546,deesar01,Archie Dees,archie dees
S1,name+dob,Nate DeLong,76551,delonna01,Nate DeLong,nate delong
S1,name+dob,Fennis Dembo,76552,dembofe01,Fennis Dembo,fennis dembo
S1,name+dob,Larry Demic,76553,demicla01,Larry Demic,larry demic
S1,name+dob,George Dempsey,76555,dempsge01,George Dempsey,george dempsey
S1,name+dob,Kenny Dennard,76556,dennake01,Kenny Dennard,kenny dennard
S1,name+dob,Blaine Denning,76557,dennibl01,Blaine Denning,blaine denning
S1,name+dob,Randy Denton,76558,dentora01,Randy Denton,randy denton
S1,name+dob,Rod Derline,76559,derliro01,Rod Derline,rod derline
S1,name+dob,Dave Deutsch,76560,deutsda01,Dave Deutsch,dave deutsch
S1,name+dob,Hank DeZonie,76562,dezonha01,Hank DeZonie,hank dezonie
S1,name+dob,Henry Dickerson,76563,dickehe01,Henry Dickerson,henry dickerson
S1,name+dob,Derrek Dickey,76564,dickede01,Derrek Dickey,derrek dickey
S1,name+dob,Dick Dickey,76565,dickedi01,Dick Dickey,dick dickey
S1,name+dob,Connie Dierking,76566,dierkco01,Connie Dierking,connie dierking
S1,name+dob,Coby Dietrick,76567,dietrco01,Coby Dietrick,coby dietrick
S1,name+dob,Ernie DiGregorio,76568,digreer01,Ernie DiGregorio,ernie digregorio
S1,name+dob,Mickey Dillard,76569,dillami01,Mickey Dillard,mickey dillard
S1,name+dob,Bob Dille,76570,dillebo01,Bob Dille,bob dille
S1,name+dob,Byron Dinkins,76574,dinkiby01,Byron Dinkins,byron dinkins
S1,name+dob,Jackie Dinkins,76575,dinkija01,Jackie Dinkins,jackie dinkins
S1,name+dob,Bill Dinwiddie,76576,dinwibi01,Bill Dinwiddie,bill dinwiddie
S1,name+dob,Terry Dischinger,76577,dischte01,Terry Dischinger,terry dischinger
S1,name+dob,Fred Diute,76578,diutefr01,Fred Diute,fred diute
S1,name+dob,Earl Dodd,76580,doddea01,Earl Dodd,earl dodd
S1,name+dob,Joe Dolhon,76581,dolhojo01,Joe Dolhon,joe dolhon
S1,name+dob,Bob Doll,76582,dollbo01,Bob Doll,bob doll
S1,name+dob,James Donaldson,76583,donalja01,James Donaldson,james donaldson
S1,name+dob,Bob Donham,76584,donhabo01,Bob Donham,bob donham
S1,name+dob,Harry Donovan,76585,donovha01,Harry Donovan,harry donovan
S1,name+dob,Billy Donovan,76586,donovbi01,Billy Donovan,billy donovan
S1,name+dob,Jacky Dorsey,76587,dorseja01,Jacky Dorsey,jacky dorsey
S1,name+dob,Bruce Douglas,76588,douglbr01,Bruce Douglas,bruce douglas
S1,name+dob,John Douglas,76589,dougljo01,John Douglas,john douglas
S1,name+dob,Leon Douglas,76590,douglle01,Leon Douglas,leon douglas
S1,name+dob,Bill Downey,76593,downebi01,Bill Downey,bill downey
S1,name+dob,Steve Downing,76594,downist01,Steve Downing,steve downing
S1,name+dob,Danny Doyle,76595,doyleda01,Danny Doyle,danny doyle
S1,name+dob,Terry Dozier,76596,doziete01,Terry Dozier,terry dozier
S1,name+dob,John Drew,76598,drewjo01,John Drew,john drew
S1,name+dob,Larry Drew,76599,drewla01,Larry Drew,larry drew
S1,name+dob,David Wingate,766,wingada01,David Wingate,david wingate
S1,name+dob,Terry Driscoll,76603,driscte01,Terry Driscoll,terry driscoll
S1,name+dob,Ralph Drollinger,76604,drollra01,Ralph Drollinger,ralph drollinger
S1,name+dob,Dick Duckett,76605,duckedi01,Dick Duckett,dick duckett
S1,name+dob,Charles Dudley,76607,dudlech01,Charles Dudley,charles dudley
S1,name+dob,Terry Duerod,76608,duerote01,Terry Duerod,terry duerod
S1,name+dob,Bob Duffy,76609,duffybo01,Bob Duffy,bob duffy
S1,name+dob,Bob Duffy,76610,duffybo02,Bob Duffy,bob duffy
S1,name+dob,Walter Dukes,76611,dukeswa01,Walter Dukes,walter dukes
S1,name+dob,Andy Duncan,76615,duncaan01,Andy Duncan,andy duncan
S1,name+dob,Mike Dunleavy,76616,dunlemi01,Mike Dunleavy,mike dunleavy
S1,name+dob,Pat Dunn,76617,dunnpa01,Pat Dunn,pat dunn
S1,name+dob,T.R. Dunn,76618,dunntr01,T.R. Dunn,t dunn
S1,name+dob,John Duren,76619,durenjo01,John Duren,john duren
S1,name+dob,Devin Durrant,76621,durrade01,Devin Durrant,devin durrant
S1,name+dob,Ken Durrett,76622,durreke01,Ken Durrett,ken durrett
S1,name+dob,Dennis DuVal,76623,duvalde01,Dennis DuVal,dennis duval
S1,name+dob,Jack Dwan,76624,dwanja01,Jack Dwan,jack dwan
S1,name+dob,Craig Dykema,76625,dykemcr01,Craig Dykema,craig dykema
S1,name+dob,Gene Dyker,76626,dykerge01,Gene Dyker,gene dyker
S1,name+dob,Jim Eakins,76628,eakinji01,Jim Eakins,jim eakins
S1,name+dob,Ed Earle,76630,earleed01,Ed Earle,ed earle
S1,name+dob,Mark Eaton,76631,eatonma01,Mark Eaton,mark eaton
S1,name+dob,Jerry Eaves,76632,eavesje01,Jerry Eaves,jerry eaves
S1,name+dob,Bill Ebben,76633,ebbenbi01,Bill Ebben,bill ebben
S1,name+dob,Al Eberhard,76634,eberhal01,Al Eberhard,al eberhard
S1,name+dob,Patrick Eddie,76635,eddiepa01,Patrick Eddie,patrick eddie
S1,name+dob,Keith Edmonson,76638,edmonke01,Keith Edmonson,keith edmonson
S1,name+dob,Franklin Edwards,76641,edwarfr01,Franklin Edwards,franklin edwards
S1,name+dob,Jay Edwards,76643,edwarja02,Jay Edwards,jay edwards
S1,name+dob,Bill Edwards,76646,edwarbi01,Bill Edwards,bill edwards
S1,name+dob,Johnny Egan,76647,eganjo01,Johnny Egan,johnny egan
S1,name+dob,Lonnie Eggleston,76648,egglelo01,Lonnie Eggleston,lonnie eggleston
S1,name+dob,Don Eliason,76653,eliasdo01,Don Eliason,don eliason
S1,name+dob,Ray Ellefson,76655,ellefra01,Ray Ellefson,ray ellefson
S1,name+dob,Bob Elliott,76656,elliobo01,Bob Elliott,bob elliott
S1,name+dob,Joe Ellis,76661,ellisjo01,Joe Ellis,joe ellis
S1,name+dob,Leroy Ellis,76663,ellisle01,Leroy Ellis,leroy ellis
S1,name+dob,Bo Ellis,76664,ellisbo02,Bo Ellis,bo ellis
S1,name+dob,Darrell Elston,76667,elstoda01,Darrell Elston,darrell elston
S1,name+dob,Wayne Embry,76668,embrywa01,Wayne Embry,wayne embry
S1,name+dob,Ned Endress,76669,endrene01,Ned Endress,ned endress
S1,name+dob,Chris Engler,76670,englech01,Chris Engler,chris engler
S1,name+dob,A.J. English,76672,engliaj01,A.J. English,a english
S1,name+dob,Alex English,76673,englial01,Alex English,alex english
S1,name+dob,Claude English,76674,englicl01,Claude English,claude english
S1,name+dob,Scott English,76675,englisc01,Scott English,scott english
S1,name+dob,Gene Englund,76677,engluge01,Gene Englund,gene englund
S1,name+dob,Ray Epps,76678,eppsra01,Ray Epps,ray epps
S1,name+dob,Bo Erias,76679,eriasbo01,Bo Erias,bo erias
S1,name+dob,Keith Erickson,76680,erickke01,Keith Erickson,keith erickson
S1,name+dob,Julius Erving,76681,ervinju01,Julius Erving,julius erving
S1,name+dob,Jack Eskridge,76682,eskrija01,Jack Eskridge,jack eskridge
S1,name+dob,Vincenzo Esposito,76683,esposvi01,Vincenzo Esposito,vincenzo esposito
S1,name+dob,Earl Evans,76685,evansea01,Earl Evans,earl evans
S1,name+dob,Mike Evans,76686,evansmi01,Mike Evans,mike evans
S1,name+dob,Bob Evans,76687,evansbo01,Bob Evans,bob evans
S1,name+dob,John Fairchild,76691,faircjo01,John Fairchild,john fairchild
S1,name+dob,Phil Farbman,76692,farbmph01,Phil Farbman,phil farbman
S1,name+dob,Dick Farley,76693,farledi01,Dick Farley,dick farley
S1,name+dob,Mike Farmer,76694,farmemi01,Mike Farmer,mike farmer
S1,name+dob,Jim Farmer,76695,farmeji01,Jim Farmer,jim farmer
S1,name+dob,Bob Faught,76696,faughbo01,Bob Faught,bob faught
S1,name+dob,Dave Fedor,76697,fedorda01,Dave Fedor,dave fedor
S1,name+dob,Bob Feerick,76698,feeribo01,Bob Feerick,bob feerick
S1,name+dob,Butch Feher,76699,feherbu01,Butch Feher,butch feher
S1,name+dob,Terry Catledge,767,catlete01,Terry Catledge,terry catledge
S1,name+dob,Ron Feiereisel,76701,feierro01,Ron Feiereisel,ron feiereisel
S1,name+dob,Dave Feitl,76703,feitlda01,Dave Feitl,dave feitl
S1,name+dob,Ray Felix,76704,felixra01,Ray Felix,ray felix
S1,name+dob,Jake Fendley,76705,fendlja01,Jake Fendley,jake fendley
S1,name+dob,Eric Fernsten,76707,fernser01,Eric Fernsten,eric fernsten
S1,name+dob,Al Ferrari,76708,ferraal01,Al Ferrari,al ferrari
S1,name+dob,Rolando Ferreira,76709,ferrero01,Rolando Ferreira,rolando ferreira
S1,name+dob,Arnie Ferrin,76711,ferriar01,Arnie Ferrin,arnie ferrin
S1,name+dob,Bob Ferry,76712,ferrybo01,Bob Ferry,bob ferry
S1,name+dob,Kenny Fields,76713,fieldke01,Kenny Fields,kenny fields
S1,name+dob,Ron Filipek,76714,filipro01,Ron Filipek,ron filipek
S1,name+dob,Greg Fillmore,76715,fillmgr01,Greg Fillmore,greg fillmore
S1,name+dob,Hank Finkel,76716,finkeha01,Hank Finkel,hank finkel
S1,name+dob,Dick Fitzgerald,76719,fitzgdi01,Dick Fitzgerald,dick fitzgerald
S1,name+dob,Bob Fitzgerald,76720,fitzgbo01,Bob Fitzgerald,bob fitzgerald
S1,name+dob,Jerry Fleishman,76721,fleisje01,Jerry Fleishman,jerry fleishman
S1,name+dob,Al Fleming,76722,flemial01,Al Fleming,al fleming
S1,name+dob,Ed Fleming,76723,flemied01,Ed Fleming,ed fleming
S1,name+dob,Bruce Flowers,76725,flowebr01,Bruce Flowers,bruce flowers
S1,name+dob,Sleepy Floyd,76726,floydsl01,Sleepy Floyd,sleepy floyd
S1,name+dob,Mike Flynn,76727,flynnmi01,Mike Flynn,mike flynn
S1,name+dob,Larry Fogle,76728,foglela01,Larry Fogle,larry fogle
S1,name+dob,Jack Foley,76729,foleyja01,Jack Foley,jack foley
S1,name+dob,Levi Fontaine,76731,fontale01,Levi Fontaine,levi fontaine
S1,name+dob,Alphonso Ford,76732,fordal01,Alphonso Ford,alphonso ford
S1,name+dob,Chris Ford,76733,fordch01,Chris Ford,chris ford
S1,name+dob,Don Ford,76734,forddo01,Don Ford,don ford
S1,name+dob,Phil Ford,76736,fordph01,Phil Ford,phil ford
S1,name+dob,Donnie Forman,76738,formado01,Donnie Forman,donnie forman
S1,name+dob,Bayard Forrest,76739,forreba01,Bayard Forrest,bayard forrest
S1,name+dob,Fred Foster,76740,fostefr01,Fred Foster,fred foster
S1,name+dob,Rod Foster,76742,fostero01,Rod Foster,rod foster
S1,name+dob,Larry Foust,76744,foustla01,Larry Foust,larry foust
S1,name+dob,Jerry Fowler,76745,fowleje01,Jerry Fowler,jerry fowler
S1,name+dob,Harold Fox,76746,foxha01,Harold Fox,harold fox
S1,name+dob,Jim Fox,76747,foxji01,Jim Fox,jim fox
S1,name+dob,Tellis Frank,76748,frankte01,Tellis Frank,tellis frank
S1,name+dob,Nat Frankel,76749,frankna01,Nat Frankel,nat frankel
S1,name+dob,Walt Frazier,76750,fraziwa01,Walt Frazier,walt frazier
S1,name+dob,Anthony Frederick,76752,fredean01,Anthony Frederick,anthony frederick
S1,name+dob,World Free,76753,freewo01,World B. Free,world free
S1,name+dob,Donnie Freeman,76754,freemdo01,Donnie Freeman,donnie freeman
S1,name+dob,Gary Freeman,76755,freemga01,Gary Freeman,gary freeman
S1,name+dob,Rod Freeman,76756,freemro01,Rod Freeman,rod freeman
S1,name+dob,Frido Frey,76757,freyfr01,Frido Frey,frido frey
S1,name+dob,Larry Friend,76758,frienla01,Larry Friend,larry friend
S1,name+dob,Pat Frink,76759,frinkpa01,Pat Frink,pat frink
S1,name+dob,Jim Fritsche,76760,fritsji01,Jim Fritsche,jim fritsche
S1,name+dob,Bernie Fryer,76761,fryerbe01,Bernie Fryer,bernie fryer
S1,name+dob,Frank Fucarino,76762,fucarfr01,Frank Fucarino,frank fucarino
S1,name+dob,Herm Fuetsch,76763,fuetshe01,Herm Fuetsch,herm fuetsch
S1,name+dob,Joe Fulks,76764,fulksjo01,Joe Fulks,joe fulks
S1,name+dob,Tony Fuller,76765,fulleto01,Tony Fuller,tony fuller
S1,name+dob,Terry Furlow,76767,furlote01,Terry Furlow,terry furlow
S1,name+dob,Corey Gaines,76770,gaineco01,Corey Gaines,corey gaines
S1,name+dob,Mike Gale,76771,galemi01,Mike Gale,mike gale
S1,name+dob,Chad Gallagher,76772,gallach01,Chad Gallagher,chad gallagher
S1,name+dob,Harry Gallatin,76773,gallaha01,Harry Gallatin,harry gallatin
S1,name+dob,Dave Gambee,76774,gambeda01,Dave Gambee,dave gambee
S1,name+dob,Bob Gantt,76776,ganttbo01,Bob Gantt,bob gantt
S1,name+dob,Earl Gardner,76778,gardnea01,Earl Gardner,earl gardner
S1,name+dob,Vern Gardner,76779,gardnve01,Vern Gardner,vern gardner
S1,name+dob,Jack Garfinkel,76780,garfija01,Jack Garfinkel,jack garfinkel
S1,name+dob,Gary Garland,76781,garlaga01,Gary Garland,gary garland
S1,name+dob,Winston Garland,76782,garlawi01,Winston Garland,winston garland
S1,name+dob,Dick Garmaker,76783,garmadi01,Dick Garmaker,dick garmaker
S1,name+dob,Bill Garnett,76785,garnebi02,Bill Garnett,bill garnett
S1,name+dob,Calvin Garrett,76786,garreca01,Calvin Garrett,calvin garrett
S1,name+dob,Rowland Garrett,76789,garrero01,Rowland Garrett,rowland garrett
S1,name+dob,Tom Garrick,76790,garrito01,Tom Garrick,tom garrick
S1,name+dob,John Garris,76791,garrijo01,John Garris,john garris
S1,name+dob,Jim Garvin,76793,garviji01,Jim Garvin,jim garvin
S1,name+dob,Frank Gates,76794,gatesfr01,Frank Gates,frank gates
S1,name+dob,Acie Earl,768,earlac01,Acie Earl,acie earl
S1,name+dob,Jack George,76800,georgja01,Jack George,jack george
S1,name+dob,Tate George,76801,georgta01,Tate George,tate george
S1,name+dob,Gus Gerard,76802,gerargu01,Gus Gerard,gus gerard
S1,name+dob,Derrick Gervin,76803,gervide01,Derrick Gervin,derrick gervin
S1,name+dob,George Gervin,76804,gervige01,George Gervin,george gervin
S1,name+dob,Gorham Getchell,76805,getchgo01,Gorham Getchell,gorham getchell
S1,name+dob,John Gianelli,76806,gianejo01,John Gianelli,john gianelli
S1,name+dob,Dick Gibbs,76807,gibbsdi01,Dick Gibbs,dick gibbs
S1,name+dob,Dee Gibson,76808,gibsode01,Dee Gibson,dee gibson
S1,name+dob,Mel Gibson,76809,gibsome01,Mel Gibson,mel gibson
S1,name+dob,Mike Gibson,76810,gibsomi01,Mike Gibson,mike gibson
S1,name+dob,Ben Gillery,76812,gillebe01,Ben Gillery,ben gillery
S1,name+dob,Herm Gilliam,76815,gillihe01,Herm Gilliam,herm gilliam
S1,name+dob,Walt Gilmore,76817,gilmowa01,Walt Gilmore,walt gilmore
S1,name+dob,Chuck Gilmur,76818,gilmuch01,Chuck Gilmur,chuck gilmur
S1,name+dob,Jack Givens,76819,givenja01,Jack Givens,jack givens
S1,name+dob,Gerald Glass,76821,glassge01,Gerald Glass,gerald glass
S1,name+dob,Mike Glenn,76822,glennmi01,Mike Glenn,mike glenn
S1,name+dob,Georgi Glouchkov,76824,gloucge01,Georgi Glouchkov,georgi glouchkov
S1,name+dob,Clarence Glover,76825,glovecl01,Clarence Glover,clarence glover
S1,name+dob,Mike Gminski,76826,gminsmi01,Mike Gminski,mike gminski
S1,name+dob,Dan Godfread,76827,godfrda01,Dan Godfread,dan godfread
S1,name+dob,Tom Gola,76828,golato01,Tom Gola,tom gola
S1,name+dob,Ben Goldfaden,76829,goldfbe01,Ben Goldfaden,ben goldfaden
S1,name+dob,Glen Gondrezick,76830,gondrgl01,Glen Gondrezick,glen gondrezick
S1,name+dob,Grant Gondrezick,76831,gondrgr01,Grant Gondrezick,grant gondrezick
S1,name+dob,Gail Goodrich,76832,goodrga01,Gail Goodrich,gail goodrich
S1,name+dob,Lancaster Gordon,76834,gordola01,Lancaster Gordon,lancaster gordon
S1,name+dob,Paul Gordon,76835,gordopa01,Paul Gordon,paul gordon
S1,name+dob,Leo Gottlieb,76836,gottlle01,Leo Gottlieb,leo gottlieb
S1,name+dob,Bato Govedarica,76837,govedba01,Bato Govedarica,bato govedarica
S1,name+dob,Joe Graboski,76838,grabojo01,Joe Graboski,joe graboski
S1,name+dob,Ricky Grace,76839,graceri01,Ricky Grace,ricky grace
S1,name+dob,Orlando Graham,76841,grahaor01,Orlando Graham,orlando graham
S1,name+dob,Paul Graham,76842,grahapa01,Paul Graham,paul graham
S1,name+dob,Mal Graham,76843,grahama01,Mal Graham,mal graham
S1,name+dob,Jim Grandholm,76844,grandji01,Jim Grandholm,jim grandholm
S1,name+dob,Stewart Granger,76847,grangst01,Stewart Granger,stewart granger
S1,name+dob,Bud Grant,76850,grantbu01,Bud Grant,bud grant
S1,name+dob,Josh Grant,76852,grantjo01,Josh Grant,josh grant
S1,name+dob,Travis Grant,76853,granttr01,Travis Grant,travis grant
S1,name+dob,Don Grate,76854,gratedo01,Don Grate,don grate
S1,name+dob,Butch Graves,76855,gravebu01,Butch Graves,butch graves
S1,name+dob,Gary Gray,76859,grayga01,Gary Gray,gary gray
S1,name+dob,Leonard Gray,76860,grayle01,Leonard Gray,leonard gray
S1,name+dob,Stuart Gray,76861,grayst01,Stuart Gray,stuart gray
S1,name+dob,Sylvester Gray,76862,graysy01,Sylvester Gray,sylvester gray
S1,name+dob,Wyndol Gray,76863,graywy01,Wyndol Gray,wyndol gray
S1,name+dob,Bob Greacen,76865,greacbo01,Bob Greacen,bob greacen
S1,name+dob,Johnny Green,76867,greenjo01,Johnny Green,johnny green
S1,name+dob,Ken Green,76868,greenke01,Ken Green,ken green
S1,name+dob,Kenny Green,76869,greenke02,Kenny Green,kenny green
S1,name+dob,Luther Green,76872,greenlu01,Luther Green,luther green
S1,name+dob,Mike Green,76873,greenmi01,Mike Green,mike green
S1,name+dob,Rickey Green,76874,greenri01,Rickey Green,rickey green
S1,name+dob,Sean Green,76875,greense01,Sean Green,sean green
S1,name+dob,Sidney Green,76876,greensi02,Sidney Green,sidney green
S1,name+dob,Si Green,76877,greensi01,Si Green,si green
S1,name+dob,Steve Green,76878,greenst01,Steve Green,steve green
S1,name+dob,Jerry Greenspan,76880,greenje01,Jerry Greenspan,jerry greenspan
S1,name+dob,Hal Greer,76882,greerha01,Hal Greer,hal greer
S1,name+dob,Gary Gregor,76883,gregoga01,Gary Gregor,gary gregor
S1,name+dob,Claude Gregory,76884,gregocl01,Claude Gregory,claude gregory
S1,name+dob,John Greig,76885,greigjo01,John Greig,john greig
S1,name+dob,Norm Grekin,76886,grekino01,Norm Grekin,norm grekin
S1,name+dob,Kevin Grevey,76887,greveke01,Kevin Grevey,kevin grevey
S1,name+dob,Greg Griffin,76888,griffgr01,Greg Griffin,greg griffin
S1,name+dob,Paul Griffin,76889,griffpa01,Paul Griffin,paul griffin
S1,name+dob,Darrell Griffith,76890,griffda01,Darrell Griffith,darrell griffith
S1,name+dob,Chuck Grigsby,76891,grigsch01,Chuck Grigsby,chuck grigsby
S1,name+dob,Dick Groat,76894,groatdi01,Dick Groat,dick groat
S1,name+dob,Bob Gross,76895,grossbo01,Bob Gross,bob gross
S1,name+dob,Jerry Grote,76896,groteje01,Jerry Grote,jerry grote
S1,name+dob,Alex Groza,76897,grozaal01,Alex Groza,alex groza
S1,name+dob,Ernie Grunfeld,76899,grunfer01,Ernie Grunfeld,ernie grunfeld
S1,name+dob,B.J. Armstrong,769,armstbj01,B.J. Armstrong,b armstrong
S1,name+dob,Gene Guarilia,76900,guarige01,Gene Guarilia,gene guarilia
S1,name+dob,Petur Gudmundsson,76901,gudmupe01,Pétur Guðmundsson,petur gudmundsson
S1,name+dob,Richie Guerin,76902,gueriri01,Richie Guerin,richie guerin
S1,name+dob,Andres Guibert,76903,guibean01,Andrés Guibert,andres guibert
S1,name+dob,Jay Guidinger,76904,guidija01,Jay Guidinger,jay guidinger
S1,name+dob,Coulby Gunther,76905,gunthco01,Coulby Gunther,coulby gunther
S1,name+dob,Dave Gunther,76906,gunthda01,Dave Gunther,dave gunther
S1,name+dob,Al Guokas,76907,guokaal01,Al Guokas,al guokas
S1,name+dob,Matt Guokas,76908,guokama02,Matt Guokas,matt guokas
S1,name+dob,Matt Guokas,76909,guokama01,Matt Guokas,matt guokas
S1,name+dob,Rudy Hackett,76910,hackeru01,Rudy Hackett,rudy hackett
S1,name+dob,Scott Haffner,76911,haffnsc01,Scott Haffner,scott haffner
S1,name+dob,Cliff Hagan,76912,hagancl01,Cliff Hagan,cliff hagan
S1,name+dob,Glenn Hagan,76913,hagangl01,Glenn Hagan,glenn hagan
S1,name+dob,Al Hairston,76915,hairsal01,Al Hairston,al hairston
S1,name+dob,Happy Hairston,76916,hairsha01,Happy Hairston,happy hairston
S1,name+dob,Lindsay Hairston,76917,hairsli01,Lindsay Hairston,lindsay hairston
S1,name+dob,Bruce Hale,76920,halebr01,Bruce Hale,bruce hale
S1,name+dob,Shaler Halimon,76922,halimsh01,Shaler Halimon,shaler halimon
S1,name+dob,Jeff Halliburton,76923,hallije01,Jeff Halliburton,jeff halliburton
S1,name+dob,Dale Hamilton,76925,hamilda01,Dale Hamilton,dale hamilton
S1,name+dob,Dennis Hamilton,76926,hamilde01,Dennis Hamilton,dennis hamilton
S1,name+dob,Ralph Hamilton,76927,hamilra01,Ralph Hamilton,ralph hamilton
S1,name+dob,Cecil Hankins,76935,hankice01,Cecil Hankins,cecil hankins
S1,name+dob,Phil Hankinson,76936,hankiph01,Phil Hankinson,phil hankinson
S1,name+dob,Alex Hannum,76937,hannual01,Alex Hannum,alex hannum
S1,name+dob,Don Hanrahan,76938,hanrado01,Don Hanrahan,don hanrahan
S1,name+dob,Rollen Hans,76939,hansro01,Rollen Hans,rollen hans
S1,name+dob,Glenn Hansen,76940,hansegl01,Glenn Hansen,glenn hansen
S1,name+dob,Lars Hansen,76941,hansela01,Lars Hansen,lars hansen
S1,name+dob,Bob Hansen,76942,hansebo01,Bob Hansen,bob hansen
S1,name+dob,Bill Hanzlik,76944,hanzlbi01,Bill Hanzlik,bill hanzlik
S1,name+dob,Reggie Harding,76945,hardire01,Reggie Harding,reggie harding
S1,name+dob,Charlie Hardnett,76946,hardnch01,Charlie Hardnett,charlie hardnett
S1,name+dob,Alan Hardy,76947,hardyal01,Alan Hardy,alan hardy
S1,name+dob,James Hardy,76948,hardyja01,James Hardy,james hardy
S1,name+dob,John Hargis,76949,hargijo01,John Hargis,john hargis
S1,name+dob,Jerry Harkness,76950,harknje01,Jerry Harkness,jerry harkness
S1,name+dob,Skip Harlicka,76951,harlisk01,Skip Harlicka,skip harlicka
S1,name+dob,Jerome Harmon,76952,harmoje01,Jerome Harmon,jerome harmon
S1,name+dob,Mike Harper,76954,harpemi01,Mike Harper,mike harper
S1,name+dob,Art Harris,76956,harriar01,Art Harris,art harris
S1,name+dob,Bernie Harris,76957,harribe01,Bernie Harris,bernie harris
S1,name+dob,Chris Harris,76958,harrich01,Chris Harris,chris harris
S1,name+dob,Bob Harris,76959,harribo01,Bob Harris,bob harris
S1,name+dob,Steve Harris,76960,harrist01,Steve Harris,steve harris
S1,name+dob,Tony Harris,76961,harrito01,Tony Harris,tony harris
S1,name+dob,Bob Harrison,76962,harribo02,Bob Harrison,bob harrison
S1,name+dob,Clem Haskins,76965,haskicl01,Clem Haskins,clem haskins
S1,name+dob,Billy Hassett,76967,hassebi01,Billy Hassett,billy hassett
S1,name+dob,Scott Hastings,76968,hastisc01,Scott Hastings,scott hastings
S1,name+dob,Vern Hatton,76969,hattove01,Vern Hatton,vern hatton
S1,name+dob,John Havlicek,76970,havlijo01,John Havlicek,john havlicek
S1,name+dob,Steve Hawes,76971,hawesst01,Steve Hawes,steve hawes
S1,name+dob,Connie Hawkins,76972,hawkico01,Connie Hawkins,connie hawkins
S1,name+dob,Marshall Hawkins,76974,hawkima01,Marshall Hawkins,marshall hawkins
S1,name+dob,Tom Hawkins,76977,hawkito01,Tom Hawkins,tom hawkins
S1,name+dob,Elvin Hayes,76979,hayesel01,Elvin Hayes,elvin hayes
S1,name+dob,Steve Hayes,76980,hayesst01,Steve Hayes,steve hayes
S1,name+dob,Spencer Haywood,76981,haywosp01,Spencer Haywood,spencer haywood
S1,name+dob,John W. Hazen,76982,hazenjo01,John Hazen,john hazen
S1,name+dob,Walt Hazzard,76983,abdulma01,Walt Hazzard,walt hazzard
S1,name+dob,Brian Heaney,76984,heanebr01,Brian Heaney,brian heaney
S1,name+dob,Tom Heinsohn,76988,heinsto01,Tom Heinsohn,tom heinsohn
S1,name+dob,Dick Hemric,76989,hemridi01,Dick Hemric,dick hemric
S1,name+dob,Cedric Henderson,76990,hendece01,Cedric Henderson,cedric henderson
S1,name+dob,Dave Henderson,76991,hendeda01,Dave Henderson,dave henderson
S1,name+dob,Jerome Henderson,76992,hendeje01,Jerome Henderson,jerome henderson
S1,name+dob,Gerald Henderson,76993,hendege01,Gerald Henderson,gerald henderson
S1,name+dob,Kevin Henderson,76994,hendeke01,Kevin Henderson,kevin henderson
S1,name+dob,Tom Henderson,76996,hendeto01,Tom Henderson,tom henderson
S1,name+dob,Larry Hennessy,76998,hennela01,Larry Hennessy,larry hennessy
S1,name+dob,Don Henriksen,76999,henrido01,Don Henriksen,don henriksen
S1,name+dob,Doug Overton,77,overtdo01,Doug Overton,doug overton
S1,name+dob,Mark West,770,westma01,Mark West,mark west
S1,name+dob,Al Henry,77000,henryal01,Al Henry,al henry
S1,name+dob,Carl Henry,77001,henryca01,Carl Henry,carl henry
S1,name+dob,Conner Henry,77002,henryco01,Conner Henry,conner henry
S1,name+dob,Skeeter Henry,77003,henrysk01,Skeeter Henry,skeeter henry
S1,name+dob,Bill Henry,77004,henrybi01,Bill Henry,bill henry
S1,name+dob,Bill Herman,77006,hermabi01,Bill Herman,bill herman
S1,name+dob,Keith Herron,77010,herroke01,Keith Herron,keith herron
S1,name+dob,Fred Hetzel,77012,hetzefr01,Fred Hetzel,fred hetzel
S1,name+dob,Bill Hewitt,77013,hewitbi01,Bill Hewitt,bill hewitt
S1,name+dob,Jack Hewson,77014,hewsoja01,Jack Hewson,jack hewson
S1,name+dob,Art Heyman,77015,heymaar01,Art Heyman,art heyman
S1,name+dob,Phil Hicks,77017,hicksph01,Phil Hicks,phil hicks
S1,name+dob,Rod Higgins,77019,higgiro01,Rod Higgins,rod higgins
S1,name+dob,Kenny Higgs,77021,higgske01,Kenny Higgs,kenny higgs
S1,name+dob,Johnny High,77022,highjo01,Johnny High,johnny high
S1,name+dob,Wayne Hightower,77023,hightwa01,Wayne Hightower,wayne hightower
S1,name+dob,Armond Hill,77024,hillar01,Armond Hill,armond hill
S1,name+dob,Cleo Hill,77025,hillcl01,Cleo Hill,cleo hill
S1,name+dob,Gary Hill,77026,hillga01,Gary Hill,gary hill
S1,name+dob,Art Hillhouse,77027,hillhar01,Art Hillhouse,art hillhouse
S1,name+dob,Darnell Hillman,77028,hillmda01,Darnell Hillman,darnell hillman
S1,name+dob,Fred Hilton,77029,hiltofr01,Fred Hilton,fred hilton
S1,name+dob,Roy Hinson,77030,hinsoro01,Roy Hinson,roy hinson
S1,name+dob,Mel Hirsch,77031,hirscme01,Mel Hirsch,mel hirsch
S1,name+dob,Lew Hitch,77032,hitchle01,Lew Hitch,lew hitch
S1,name+dob,Craig Hodges,77034,hodgecr01,Craig Hodges,craig hodges
S1,name+dob,Paul 'The Bear' Hoffman,77036,hoffmpa01,Paul Hoffman,paul hoffman
S1,name+dob,Bob Hogsett,77037,hogsebo01,Bob Hogsett,bob hogsett
S1,name+dob,Paul Hogue,77038,hoguedu01,Paul Hogue,paul hogue
S1,name+dob,Brad Holland,77040,hollabr01,Brad Holland,brad holland
S1,name+dob,Joe Holland,77041,hollajo01,Joe Holland,joe holland
S1,name+dob,Wilbur Holland,77042,hollawi01,Wilbur Holland,wilbur holland
S1,name+dob,Lionel Hollins,77043,hollili01,Lionel Hollins,lionel hollins
S1,name+dob,Essie Hollis,77044,hollies01,Essie Hollis,essie hollis
S1,name+dob,Jim Holstein,77045,holstji01,Jim Holstein,jim holstein
S1,name+dob,Michael Holton,77047,holtomi01,Michael Holton,michael holton
S1,name+dob,Dick Holub,77048,holubdi01,Dick Holub,dick holub
S1,name+dob,Joe Holup,77049,holupjo01,Joe Holup,joe holup
S1,name+dob,Red Holzman,77050,holzmre01,Red Holzman,red holzman
S1,name+dob,Tom Hoover,77051,hooveto01,Tom Hoover,tom hoover
S1,name+dob,Bob Hopkins,77052,hopkibo01,Bob Hopkins,bob hopkins
S1,name+dob,Dave Hoppen,77053,hoppeda01,Dave Hoppen,dave hoppen
S1,name+dob,Dennis Hopson,77054,hopsode01,Dennis Hopson,dennis hopson
S1,name+dob,Johnny Horan,77055,horanjo01,Johnny Horan,johnny horan
S1,name+dob,Cedrick Hordges,77056,hordgce01,Cedrick Hordges,cedrick hordges
S1,name+dob,Tito Horford,77057,horfoti01,Tito Horford,tito horford
S1,name+dob,Ron Horn,77058,hornro01,Ron Horn,ron horn
S1,name+dob,Ed Horton,77060,hortoed01,Ed Horton,ed horton
S1,name+dob,Bob Houbregs,77062,houbrbo01,Bob Houbregs,bob houbregs
S1,name+dob,Tom Hovasse,77064,hovasto01,Tom Hovasse,tom hovasse
S1,name+dob,Brian Howard,77065,howarbr01,Brian Howard,brian howard
S1,name+dob,Greg Howard,77066,howargr01,Greg Howard,greg howard
S1,name+dob,Otis Howard,77069,howarot01,Otis Howard,otis howard
S1,name+dob,Bailey Howell,77070,howelba01,Bailey Howell,bailey howell
S1,name+dob,Phil Hubbard,77071,hubbaph01,Phil Hubbard,phil hubbard
S1,name+dob,Bob Hubbard,77072,hubbabo01,Bob Hubbard,bob hubbard
S1,name+dob,Lou Hudson,77074,hudsolo01,Lou Hudson,lou hudson
S1,name+dob,Alfredrick Hughes,77076,hugheri01,Alfredrick Hughes,alfredrick hughes
S1,name+dob,Eddie Hughes,77077,hugheed01,Eddie Hughes,eddie hughes
S1,name+dob,Kim Hughes,77078,hugheki01,Kim Hughes,kim hughes
S1,name+dob,John Hummer,77080,hummejo01,John Hummer,john hummer
S1,name+dob,Jay Humphries,77081,humphja01,Jay Humphries,jay humphries
S1,name+dob,Cedric Hunter,77083,huntece01,Cedric Hunter,cedric hunter
S1,name+dob,Les Hunter,77084,huntele01,Les Hunter,les hunter
S1,name+dob,Roy Hurley,77086,hurlero01,Roy Hurley,roy hurley
S1,name+dob,Geoff Huston,77087,hustoge01,Geoff Huston,geoff huston
S1,name+dob,Paul Huston,77088,hustopa01,Paul Huston,paul huston
S1,name+dob,Mel Hutchins,77089,hutchme01,Mel Hutchins,mel hutchins
S1,name+dob,Joe Hutton,77090,huttojo01,Joe Hutton,joe hutton
S1,name+dob,Greg Hyder,77091,hydergr01,Greg Hyder,greg hyder
S1,name+dob,Marc Iavaroni,77092,iavarma01,Marc Iavaroni,marc iavaroni
S1,name+dob,Darrall Imhoff,77093,imhofda01,Darrall Imhoff,darrall imhoff
S1,name+dob,Tom Ingelsby,77094,ingelto01,Tom Ingelsby,tom ingelsby
S1,name+dob,Byron Irvin,77096,irvinby01,Byron Irvin,byron irvin
S1,name+dob,Dan Issel,77097,isselda01,Dan Issel,dan issel
S1,name+dob,Mike Iuzzolino,77098,iuzzomi01,Mike Iuzzolino,mike iuzzolino
S1,name+dob,Al Jackson,77099,jacksal01,Al Jackson,al jackson
S1,name+dob,Elmore Spencer,771,spencel01,Elmore Spencer,elmore spencer
S1,name+dob,Tony Jackson,77100,jacksto02,Tony Jackson,tony jackson
S1,name+dob,Greg Jackson,77101,jacksgr01,Greg Jackson,greg jackson
S1,name+dob,Michael Jackson,77104,jacksmi02,Michael Jackson,michael jackson
S1,name+dob,Myron Jackson,77105,jacksmy01,Myron Jackson,myron jackson
S1,name+dob,Phil Jackson,77106,jacksph01,Phil Jackson,phil jackson
S1,name+dob,Ralph Jackson,77107,jacksra01,Ralph Jackson,ralph jackson
S1,name+dob,Stanley Jackson,77109,jacksst01,Stanley Jackson,stanley jackson
S1,name+dob,Tracy Jackson,77110,jackstr01,Tracy Jackson,tracy jackson
S1,name+dob,Wardell Jackson,77111,jackswa01,Wardell Jackson,wardell jackson
S1,name+dob,Dave Jamerson,77114,jamerda01,Dave Jamerson,dave jamerson
S1,name+dob,Aaron James,77115,jamesaa01,Aaron James,aaron james
S1,name+dob,Gene James,77116,jamesge01,Gene James,gene james
S1,name+dob,John Janisch,77120,janisjo01,John Janisch,john janisch
S1,name+dob,Howie Janotta,77122,janotho01,Howie Janotta,howie janotta
S1,name+dob,Tony Jaros,77123,jarosto01,Tony Jaros,tony jaros
S1,name+dob,Buddy Jeannette,77125,jeannbu01,Buddy Jeannette,buddy jeannette
S1,name+dob,Abdul Jeelani,77126,jeelaab01,Abdul Jeelani,abdul jeelani
S1,name+dob,Les Jepsen,77129,jepsele01,Les Jepsen,les jepsen
S1,name+dob,Buck Johnson,77130,johnsbu01,Buck Johnson,buck johnson
S1,name+dob,Steve Johnson,77134,johnsst03,Steve Johnson,steve johnson
S1,name+dob,Clay Johnson,77135,johnscl02,Clay Johnson,clay johnson
S1,name+dob,Clemon Johnson,77136,johnscl01,Clemon Johnson,clemon johnson
S1,name+dob,Dave Johnson,77138,johnsda01,Dave Johnson,dave johnson
S1,name+dob,Dennis Johnson,77141,johnsde01,Dennis Johnson,dennis johnson
S1,name+dob,Magic Johnson,77142,johnsma02,Magic Johnson,magic johnson
S1,name+dob,Eddie Johnson,77144,johnsed02,Eddie Johnson,eddie johnson
S1,name+dob,Eric Johnson,77145,johnser01,Eric Johnson,eric johnson
S1,name+dob,Frank Johnson,77146,johnsfr01,Frank Johnson,frank johnson
S1,name+dob,George Johnson,77147,johnsge01,George Johnson,george johnson
S1,name+dob,George Johnson,77148,johnsge03,George Johnson,george johnson
S1,name+dob,George Johnson,77149,johnsge02,George Johnson,george johnson
S1,name+dob,John Johnson,77152,johnsjo01,John Johnson,john johnson
S1,name+dob,Kannard Johnson,77153,johnska01,Kannard Johnson,kannard johnson
S1,name+dob,Ken Johnson,77154,johnske01,Ken Johnson,ken johnson
S1,name+dob,Larry Johnson,77156,johnsla01,Larry Johnson,larry johnson
S1,name+dob,Lee Johnson,77158,johnsle01,Lee Johnson,lee johnson
S1,name+dob,Marques Johnson,77160,johnsma01,Marques Johnson,marques johnson
S1,name+dob,Neil Johnson,77161,johnsne02,Neil Johnson,neil johnson
S1,name+dob,Ollie Johnson,77162,johnsol01,Ollie Johnson,ollie johnson
S1,name+dob,Reggie Johnson,77163,johnsre01,Reggie Johnson,reggie johnson
S1,name+dob,Rich Johnson,77164,johnsri01,Rich Johnson,rich johnson
S1,name+dob,Ron Johnson,77165,johnsro01,Ron Johnson,ron johnson
S1,name+dob,Steffond Johnson,77166,johnsst02,Steffond Johnson,steffond johnson
S1,name+dob,Vinnie Johnson,77167,johnsvi01,Vinnie Johnson,vinnie johnson
S1,name+dob,Mickey Johnson,77168,johnsmi01,Mickey Johnson,mickey johnson
S1,name+dob,Neil Johnston,77169,johnsne01,Neil Johnston,neil johnston
S1,name+dob,Nate Johnston,77170,johnsna01,Nate Johnston,nate johnston
S1,name+dob,Jim Johnstone,77171,johnsji01,Jim Johnstone,jim johnstone
S1,name+dob,Howie Jolliff,77172,jolifho01,Howie Jolliff,howie jolliff
S1,name+dob,Anthony Jones,77173,jonesan01,Anthony Jones,anthony jones
S1,name+dob,Askia Jones,77174,jonesas01,Askia Jones,askia jones
S1,name+dob,Caldwell Jones,77175,jonesca01,Caldwell Jones,caldwell jones
S1,name+dob,Charles Jones,77178,jonesch02,Charles Jones,charles jones
S1,name+dob,Bill Jones,77180,jonesbi01,Bill Jones,bill jones
S1,name+dob,Dwight Jones,77182,jonesdw01,Dwight Jones,dwight jones
S1,name+dob,Earl Jones,77183,jonesea01,Earl Jones,earl jones
S1,name+dob,Edgar Jones,77184,jonesed01,Edgar Jones,edgar jones
S1,name+dob,Jake Jones,77185,jonesja01,Jake Jones,jake jones
S1,name+dob,Jimmy Jones,77186,jonesji01,Jimmy Jones,jimmy jones
S1,name+dob,Johnny Jones,77187,jonesjo01,Johnny Jones,johnny jones
S1,name+dob,K.C. Jones,77188,joneskc01,K.C. Jones,k c jones
S1,name+dob,Major Jones,77189,jonesma01,Major Jones,major jones
S1,name+dob,Ozell Jones,77191,jonesoz01,Ozell Jones,ozell jones
S1,name+dob,Rich Jones,77192,jonesri01,Rich Jones,rich jones
S1,name+dob,Bobby Jones,77193,jonesbo01,Bobby Jones,bobby jones
S1,name+dob,Robin Jones,77194,jonesro01,Robin Jones,robin jones
S1,name+dob,Nick Jones,77195,jonesni01,Nick Jones,nick jones
S1,name+dob,Sam Jones,77196,jonessa01,Sam Jones,sam jones
S1,name+dob,Steve Jones,77197,jonesst01,Steve Jones,steve jones
S1,name+dob,Wali Jones,77198,joneswa02,Wali Jones,wali jones
S1,name+dob,Larry Jones,77200,jonesla01,Larry Jones,larry jones
S1,name+dob,Wil Jones,77201,joneswi02,Wil Jones,wil jones
S1,name+dob,Willie Jones,77202,joneswi01,Willie Jones,willie jones
S1,name+dob,Eddie Jordan,77205,jordaed01,Eddie Jordan,eddie jordan
S1,name+dob,Thomas Jordan,77208,jordath01,Thomas Jordan,thomas jordan
S1,name+dob,Walter Jordan,77209,jordawa01,Walter Jordan,walter jordan
S1,name+dob,Phil Jordon,77210,jordoph01,Phil Jordon,phil jordon
S1,name+dob,Johnny Jorgensen,77211,jorgejo01,Johnny Jorgensen,johnny jorgensen
S1,name+dob,Noble Jorgensen,77212,jorgeno01,Noble Jorgensen,noble jorgensen
S1,name+dob,Roger Jorgensen,77213,jorgero01,Roger Jorgensen,roger jorgensen
S1,name+dob,Yvon Joseph,77214,josepyv01,Yvon Joseph,yvon joseph
S1,name+dob,Jeff Judkins,77215,judkije01,Jeff Judkins,jeff judkins
S1,name+dob,George Kaftan,77218,kaftage01,George Kaftan,george kaftan
S1,name+dob,Ed Kalafat,77219,kalafed01,Ed Kalafat,ed kalafat
S1,name+dob,Ralph Kaplowitz,77221,kaplora01,Ralph Kaplowitz,ralph kaplowitz
S1,name+dob,Tony Kappen,77222,kappeto01,Tony Kappen,tony kappen
S1,name+dob,George Karl,77223,karlge01,George Karl,george karl
S1,name+dob,Ed Kasid,77225,kasided01,Ed Kasid,ed kasid
S1,name+dob,Leo Katkaveck,77226,katkale01,Leo Katkaveck,leo katkaveck
S1,name+dob,Bob Kauffman,77227,kauffbo01,Bob Kauffman,bob kauffman
S1,name+dob,Wilbert Kautz,77228,kautzwi01,Wilbert Kautz,wilbert kautz
S1,name+dob,Clarence Kea,77229,keacl01,Clarence Kea,clarence kea
S1,name+dob,Tommy Kearns,77231,kearnto01,Tommy Kearns,tommy kearns
S1,name+dob,Harold Keeling,77233,keeliha01,Harold Keeling,harold keeling
S1,name+dob,Rich Kelley,77235,kelleri01,Rich Kelley,rich kelley
S1,name+dob,Clark Kellogg,77236,kellocl01,Clark Kellogg,clark kellogg
S1,name+dob,Tom Kelly,77238,kellyto01,Tom Kelly,tom kelly
S1,name+dob,Greg Kelser,77239,kelsegr01,Greg Kelser,greg kelser
S1,name+dob,Ben Kelso,77240,kelsobe01,Ben Kelso,ben kelso
S1,name+dob,Frank Kendrick,77242,kendrfr01,Frank Kendrick,frank kendrick
S1,name+dob,Joe Kennedy,77244,kennejo01,Joe Kennedy,joe kennedy
S1,name+dob,Larry Kenon,77246,kenonla01,Larry Kenon,larry kenon
S1,name+dob,Jack Kerris,77249,kerrija01,Jack Kerris,jack kerris
S1,name+dob,Alec Kessler,77251,kesslal01,Alec Kessler,alec kessler
S1,name+dob,Warren Kidd,77254,kiddwa01,Warren Kidd,warren kidd
S1,name+dob,Irv Kiffin,77255,kiffiir01,Irv Kiffin,irv kiffin
S1,name+dob,Jack Kiley,77256,kileyja01,Jack Kiley,jack kiley
S1,name+dob,Carl Kilpatrick,77258,kilpaca01,Carl Kilpatrick,carl kilpatrick
S1,name+dob,Toby Kimball,77259,kimbato01,Toby Kimball,toby kimball
S1,name+dob,Bo Kimble,77260,kimblbo01,Bo Kimble,bo kimble
S1,name+dob,Stan Kimbrough,77261,kimbrst01,Stan Kimbrough,stan kimbrough
S1,name+dob,Chad Kinch,77262,kinchch01,Chad Kinch,chad kinch
S1,name+dob,Albert King,77263,kingal01,Albert King,albert king
S1,name+dob,Bernard King,77264,kingbe01,Bernard King,bernard king
S1,name+dob,Dan King,77266,kingda01,Dan King,dan king
S1,name+dob,George King,77268,kingge01,George King,george king
S1,name+dob,Jim King,77270,kingji01,Jim King,jim king
S1,name+dob,Reggie King,77273,kingre01,Reggie King,reggie king
S1,name+dob,Tom King,77276,kingto01,Tom King,tom king
S1,name+dob,Bob Kinney,77277,kinnebo01,Bob Kinney,bob kinney
S1,name+dob,Walt Kirk,77278,kirkwa01,Walt Kirk,walt kirk
S1,name+dob,Doug Kistler,77279,kistldo01,Doug Kistler,doug kistler
S1,name+dob,Curtis Kitchen,77280,kitchcu01,Curtis Kitchen,curtis kitchen
S1,name+dob,Leo Klier,77283,klierle01,Leo Klier,leo klier
S1,name+dob,Duane Klueh,77285,kluehdu01,Duane Klueh,duane klueh
S1,name+dob,Ron Knight,77288,knighro01,Ron Knight,ron knight
S1,name+dob,Toby Knight,77289,knighto01,Toby Knight,toby knight
S1,name+dob,Billy Knight,77290,knighbi01,Billy Knight,billy knight
S1,name+dob,Lee Knorek,77291,knorele01,Lee Knorek,lee knorek
S1,name+dob,Dick Knostman,77292,knostdi01,Dick Knostman,dick knostman
S1,name+dob,Rod Knowles,77293,knowlro01,Rod Knowles,rod knowles
S1,name+dob,Bart Kofoed,77294,kofoeba01,Bart Kofoed,bart kofoed
S1,name+dob,Milo Komenich,77296,komenmi01,Milo Komenich,milo komenich
S1,name+dob,Howard Komives,77297,komivho01,Howard Komives,howard komives
S1,name+dob,Bud Koper,77299,koperbu01,Bud Koper,bud koper
S1,name+dob,Joe Kopicki,77300,kopicjo01,Joe Kopicki,joe kopicki
S1,name+dob,Frank Kornet,77301,kornefr01,Frank Kornet,frank kornet
S1,name+dob,Len Kosmalski,77302,kosmale01,Len Kosmalski,len kosmalski
S1,name+dob,Andy Kostecka,77303,kostean01,Andy Kostecka,andy kostecka
S1,name+dob,Harold Kottman,77304,kottmha01,Harold Kottman,harold kottman
S1,name+dob,Tom Kozelko,77305,kozelto01,Tom Kozelko,tom kozelko
S1,name+dob,Arvid Kramer,77306,kramear01,Arvid Kramer,arvid kramer
S1,name+dob,Barry Kramer,77307,krameba01,Barry Kramer,barry kramer
S1,name+dob,Joel Kramer,77308,kramejo01,Joel Kramer,joel kramer
S1,name+dob,Dan Kraus,77309,krausda01,Dan Kraus,dan kraus
S1,name+dob,Herb Krautblatt,77310,krauthe01,Herb Krautblatt,herb krautblatt
S1,name+dob,Jim Krebs,77311,krebsji01,Jim Krebs,jim krebs
S1,name+dob,Wayne Kreklow,77312,kreklwa01,Wayne Kreklow,wayne kreklow
S1,name+dob,Tom Kropp,77314,kroppto01,Tom Kropp,tom kropp
S1,name+dob,Steve Kuberski,77316,kuberst01,Steve Kuberski,steve kuberski
S1,name+dob,Leo Kubiak,77317,kubiale01,Leo Kubiak,leo kubiak
S1,name+dob,Bruce Kuczenski,77318,kuczebr01,Bruce Kuczenski,bruce kuczenski
S1,name+dob,Frank Kudelka,77319,kudelfr01,Frank Kudelka,frank kudelka
S1,name+dob,John Kuester,77320,kuestjo01,John Kuester,john kuester
S1,name+dob,Ray Kuka,77322,kukara01,Ray Kuka,ray kuka
S1,name+dob,Kevin Kunnert,77323,kunneke01,Kevin Kunnert,kevin kunnert
S1,name+dob,Mitch Kupchak,77324,kupchmi01,Mitch Kupchak,mitch kupchak
S1,name+dob,Sam Lacey,77326,laceysa01,Sam Lacey,sam lacey
S1,name+dob,Fred LaCour,77327,lacoufr01,Fred LaCour,fred lacour
S1,name+dob,Tom LaGarde,77328,lagarto01,Tom LaGarde,tom lagarde
S1,name+dob,Pete Lalich,77329,lalicpe01,Pete Lalich,pete lalich
S1,name+dob,Bo Lamar,77330,lamarbo01,Bo Lamar,bo lamar
S1,name+dob,John Lambert,77331,lambejo01,John Lambert,john lambert
S1,name+dob,Jeff Lamp,77332,lampje01,Jeff Lamp,jeff lamp
S1,name+dob,Jim Lampley,77333,lamplji01,Jim Lampley,jim lampley
S1,name+dob,Mark Landsberger,77334,landsma01,Mark Landsberger,mark landsberger
S1,name+dob,Jerome Lane,77335,laneje01,Jerome Lane,jerome lane
S1,name+dob,Stu Lantz,77338,lantzst01,Stu Lantz,stu lantz
S1,name+dob,York Larese,77339,laresyo01,York Larese,york larese
S1,name+dob,Rudy LaRusso,77340,larusru01,Rudy LaRusso,rudy larusso
S1,name+dob,John Laskowski,77341,laskojo01,John Laskowski,john laskowski
S1,name+dob,Dave Lattin,77342,lattida01,Dave Lattin,dave lattin
S1,name+dob,Rich Laurel,77344,laureri01,Rich Laurel,rich laurel
S1,name+dob,Walt Lautenbach,77345,lautewa01,Walt Lautenbach,walt lautenbach
S1,name+dob,Tony Lavelli,77346,lavelto01,Tony Lavelli,tony lavelli
S1,name+dob,Bob Lavoy,77347,lavoybo01,Bob Lavoy,bob lavoy
S1,name+dob,Hal Lear,77352,learha01,Hal Lear,hal lear
S1,name+dob,Allen Leavell,77353,leaveal01,Allen Leavell,allen leavell
S1,name+dob,Jeff Lebo,77354,leboje01,Jeff Lebo,jeff lebo
S1,name+dob,Butch Lee,77356,leebu01,Butch Lee,butch lee
S1,name+dob,Clyde Lee,77357,leecl01,Clyde Lee,clyde lee
S1,name+dob,Doug Lee,77358,leedo01,Doug Lee,doug lee
S1,name+dob,George Lee,77359,leege01,George Lee,george lee
S1,name+dob,Greg Lee,77360,leegr01,Greg Lee,greg lee
S1,name+dob,Keith Lee,77361,leeke01,Keith Lee,keith lee
S1,name+dob,Kurk Lee,77362,leeku01,Kurk Lee,kurk lee
S1,name+dob,Rock Lee,77363,leero02,Rock Lee,rock lee
S1,name+dob,Ron Lee,77364,leero01,Ron Lee,ron lee
S1,name+dob,Ed Leede,77366,leedeed01,Ed Leede,ed leede
S1,name+dob,Hank Lefkowitz,77367,lefkoha01,Hank Lefkowitz,hank lefkowitz
S1,name+dob,Gary Leonard,77370,leonaga01,Gary Leonard,gary leonard
S1,name+dob,Jim Les,77372,lesji01,Jim Les,jim les
S1,name+dob,Ronnie Lester,77373,lestero01,Ronnie Lester,ronnie lester
S1,name+dob,Clifford Lett,77374,lettcl01,Clifford Lett,clifford lett
S1,name+dob,Andrew Levane,77375,levanan01,Andrew Levane,andrew levane
S1,name+dob,Cliff Levingston,77377,levincl01,Cliff Levingston,cliff levingston
S1,name+dob,Freddie Lewis,77380,lewisfr02,Freddie Lewis,freddie lewis
S1,name+dob,Grady Lewis,77381,lewisgr01,Grady Lewis,grady lewis
S1,name+dob,Ralph Lewis,77383,lewisra01,Ralph Lewis,ralph lewis
S1,name+dob,Reggie Lewis,77384,lewisre01,Reggie Lewis,reggie lewis
S1,name+dob,Bobby Lewis,77385,lewisbo01,Bobby Lewis,bobby lewis
S1,name+dob,Marcus Liberty,77386,liberma01,Marcus Liberty,marcus liberty
S1,name+dob,Todd Lichti,77387,lichtto01,Todd Lichti,todd lichti
S1,name+dob,Steve Lingenfelter,77389,lingest01,Steve Lingenfelter,steve lingenfelter
S1,name+dob,Ron Livingstone,77392,livinro01,Ron Livingstone,ron livingstone
S1,name+dob,Earl Lloyd,77394,lloydea01,Earl Lloyd,earl lloyd
S1,name+dob,Lewis Lloyd,77395,lloydle01,Lewis Lloyd,lewis lloyd
S1,name+dob,Scott Lloyd,77396,lloydsc01,Scott Lloyd,scott lloyd
S1,name+dob,Bob Lochmueller,77397,lochmbo01,Bob Lochmueller,bob lochmueller
S1,name+dob,Darrell Lockhart,77399,lockhda01,Darrell Lockhart,darrell lockhart
S1,name+dob,Kevin Loder,77401,loderke01,Kevin Loder,kevin loder
S1,name+dob,Paul Long,77406,longpa01,Paul Long,paul long
S1,name+dob,Jim Loscutoff,77409,loscuji01,Jim Loscutoff,jim loscutoff
S1,name+dob,Plummer Lott,77410,lottpl01,Plummer Lott,plummer lott
S1,name+dob,Kevin Loughery,77411,loughke01,Kevin Loughery,kevin loughery
S1,name+dob,Bob Love,77412,lovebo01,Bob Love,bob love
S1,name+dob,Stan Love,77413,lovest01,Stan Love,stan love
S1,name+dob,Clyde Lovellette,77414,lovelcl01,Clyde Lovellette,clyde lovellette
S1,name+dob,Sidney Lowe,77415,lowesi01,Sidney Lowe,sidney lowe
S1,name+dob,Al Lucas,77417,lucasal01,Al Lucas,al lucas
S1,name+dob,Jerry Lucas,77418,lucasje01,Jerry Lucas,jerry lucas
S1,name+dob,John Lucas,77419,lucasjo01,John Lucas,john lucas
S1,name+dob,Maurice Lucas,77420,lucasma01,Maurice Lucas,maurice lucas
S1,name+dob,Ted Luckenbill,77421,luckete01,Ted Luckenbill,ted luckenbill
S1,name+dob,Jim Luisi,77422,luisiji01,Jim Luisi,jim luisi
S1,name+dob,Phil Lumpkin,77424,lumpkph01,Phil Lumpkin,phil lumpkin
S1,name+dob,Ray Lumpp,77425,lumppra01,Ray Lumpp,ray lumpp
S1,name+dob,Kevin Lynch,77426,lynchke01,Kevin Lynch,kevin lynch
S1,name+dob,Mike Lynn,77427,lynnmi01,Mike Lynn,mike lynn
S1,name+dob,Mike Macaluso,77428,macalmi01,Mike Macaluso,mike macaluso
S1,name+dob,Ed Macauley,77429,macaued01,Ed Macauley,ed macauley
S1,name+dob,Ronnie MacGilvray,77430,macgiro01,Ronnie MacGilvray,ronnie macgilvray
S1,name+dob,Ollie Mack,77432,mackol01,Ollie Mack,ollie mack
S1,name+dob,Rudy Macklin,77435,macklru01,Rudy Macklin,rudy macklin
S1,name+dob,Johnny Macknowski,77436,macknjo01,Johnny Macknowski,johnny macknowski
S1,name+dob,Kyle Macy,77438,macyky01,Kyle Macy,kyle macy
S1,name+dob,Norm Mager,77441,magerno01,Norm Mager,norm mager
S1,name+dob,Dave Magley,77442,magleda01,Dave Magley,dave magley
S1,name+dob,John Mahnken,77443,mahnkjo01,John Mahnken,john mahnken
S1,name+dob,Lionel Malamed,77447,malamli01,Lionel Malamed,lionel malamed
S1,name+dob,Moses Malone,77449,malonmo01,Moses Malone,moses malone
S1,name+dob,Steve Malovic,77450,malovst01,Steve Malovic,steve malovic
S1,name+dob,Ted Manakas,77451,manakte01,Ted Manakas,ted manakas
S1,name+dob,John Mandic,77452,mandijo01,John Mandic,john mandic
S1,name+dob,Ed Manning,77454,mannied01,Ed Manning,ed manning
S1,name+dob,Pace Mannion,77456,mannipa01,Pace Mannion,pace mannion
S1,name+dob,Nick Mantis,77457,mantini01,Nick Mantis,nick mantis
S1,name+dob,Pete Maravich,77459,maravpe01,Pete Maravich,pete maravich
S1,name+dob,Roy Marble,77460,marblro01,Roy Marble,roy marble
S1,name+dob,Saul Mariaschin,77462,mariasa01,Saul Mariaschin,saul mariaschin
S1,name+dob,Jack Marin,77463,marinja01,Jack Marin,jack marin
S1,name+dob,Harvey Marlatt,77464,marlaha01,Harvey Marlatt,harvey marlatt
S1,name+dob,Jim Marsh,77466,marshji01,Jim Marsh,jim marsh
S1,name+dob,Tom Marshall,77467,marshto01,Tom Marshall,tom marshall
S1,name+dob,Vester Marshall,77468,marshve01,Vester Marshall,vester marshall
S1,name+dob,Brian Martin,77469,martibr01,Brian Martin,brian martin
S1,name+dob,Fernando Martin,77472,martife01,Fernando Martín,fernando martin
S1,name+dob,Don Martin,77473,martido01,Don Martin,don martin
S1,name+dob,Jeff Martin,77474,martije01,Jeff Martin,jeff martin
S1,name+dob,Phil Martin,77477,martiph01,Phil Martin,phil martin
S1,name+dob,Bob Martin,77478,martibo01,Bob Martin,bob martin
S1,name+dob,Slater Martin,77480,martisl01,Slater Martin,slater martin
S1,name+dob,Bill Martin,77481,martibi01,Bill Martin,bill martin
S1,name+dob,Al Masino,77482,masinal01,Al Masino,al masino
S1,name+dob,Eddie Mast,77483,masted01,Eddie Mast,eddie mast
S1,name+dob,Wes Matthews,77484,matthwe01,Wes Matthews,wes matthews
S1,name+dob,Ariel Maughan,77485,maughar01,Ariel Maughan,ariel maughan
S1,name+dob,Marlon Maxey,77486,maxeyma01,Marlon Maxey,marlon maxey
S1,name+dob,Cedric Maxwell,77487,maxwece01,Cedric Maxwell,cedric maxwell
S1,name+dob,Don May,77489,maydo01,Don May,don may
S1,name+dob,Scott May,77490,maysc01,Scott May,scott may
S1,name+dob,Clyde Mayes,77492,mayescl01,Clyde Mayes,clyde mayes
S1,name+dob,Tharon Mayes,77493,mayesth01,Tharon Mayes,tharon mayes
S1,name+dob,Ken Mayfield,77494,mayfike01,Ken Mayfield,ken mayfield
S1,name+dob,Bill Mayfield,77495,mayfibi01,Bill Mayfield,bill mayfield
S1,name+dob,Travis Mays,77496,maystr01,Travis Mays,travis mays
S1,name+dob,Matt Mazza,77497,mazzama01,Matt Mazza,matt mazza
S1,name+dob,Bob McAdoo,77498,mcadobo01,Bob McAdoo,bob mcadoo
S1,name+dob,Brendan McCann,77500,mccanbr01,Brendan McCann,brendan mccann
S1,name+dob,Mel McCants,77502,mccanme01,Mel McCants,mel mccants
S1,name+dob,Mike McCarron,77503,mccarmi01,Mike McCarron,mike mccarron
S1,name+dob,Andre McCarter,77504,mccaran01,Andre McCarter,andre mccarter
S1,name+dob,Willie McCarter,77505,mccarwi01,Willie McCarter,willie mccarter
S1,name+dob,Johnny McCarthy,77506,mccarjo01,Johnny McCarthy,johnny mccarthy
S1,name+dob,Dwayne McClain,77509,mccladw01,Dwayne McClain,dwayne mcclain
S1,name+dob,Jack McCloskey,77512,mccloja01,Jack McCloskey,jack mccloskey
S1,name+dob,John McConathy,77513,mcconjo01,John McConathy,john mcconathy
S1,name+dob,Keith McCord,77515,mccorke01,Keith McCord,keith mccord
S1,name+dob,Tim McCormick,77516,mccorti01,Tim McCormick,tim mccormick
S1,name+dob,Paul McCracken,77517,mccrapa01,Paul McCracken,paul mccracken
S1,name+dob,Scooter McCray,77518,mccrasc01,Scooter McCray,scooter mccray
S1,name+dob,John McCullough,77520,mcculjo01,John McCullough,john mccullough
S1,name+dob,Jim McDaniels,77523,mcdanji01,Jim McDaniels,jim mcdaniels
S1,name+dob,Ben McDonald,77524,mcdonbe01,Ben McDonald,ben mcdonald
S1,name+dob,Glenn McDonald,77525,mcdongl01,Glenn McDonald,glenn mcdonald
S1,name+dob,Hank McDowell,77527,mcdowha01,Hank McDowell,hank mcdowell
S1,name+dob,Jim McElroy,77528,mcelrji01,Jim McElroy,jim mcelroy
S1,name+dob,Mel McGaha,77529,mcgahme01,Mel McGaha,mel mcgaha
S1,name+dob,Mike McGee,77530,mcgeemi01,Mike McGee,mike mcgee
S1,name+dob,George McGinnis,77532,mcginge01,George McGinnis,george mcginnis
S1,name+dob,Jon McGlocklin,77533,mcglojo01,Jon McGlocklin,jon mcglocklin
S1,name+dob,Gil McGregor,77534,mcgregi01,Gil McGregor,gil mcgregor
S1,name+dob,Allie McGuire,77535,mcguial02,Allie McGuire,allie mcguire
S1,name+dob,Al McGuire,77536,mcguial01,Al McGuire,al mcguire
S1,name+dob,Dick McGuire,77537,mcguidi01,Dick McGuire,dick mcguire
S1,name+dob,Kenny McIntosh,77540,mcintke01,Kenny McIntosh,kenny mcintosh
S1,name+dob,Kevin McKenna,77541,mckenke01,Kevin McKenna,kevin mckenna
S1,name+dob,Forrest McKenzie,77542,mckenfo01,Forrest McKenzie,forrest mckenzie
S1,name+dob,Stan McKenzie,77543,mckenst01,Stan McKenzie,stan mckenzie
S1,name+dob,Carlton McKinney,77545,mckinca01,Carlton McKinney,carlton mckinney
S1,name+dob,Billy McKinney,77547,mckinbi01,Billy McKinney,billy mckinney
S1,name+dob,Mccoy McLemore,77548,mclemmc01,McCoy McLemore,mccoy mclemore
S1,name+dob,George McLeod,77549,mcleoge01,George McLeod,george mcleod
S1,name+dob,Jack McMahon,77551,mcmahja01,Jack McMahon,jack mcmahon
S1,name+dob,Tom McMillen,77553,mcmilto01,Tom McMillen,tom mcmillen
S1,name+dob,Jim McMillian,77554,mcmilji01,Jim McMillian,jim mcmillian
S1,name+dob,Shellie McMillon,77555,mcmilsh01,Shellie McMillon,shellie mcmillon
S1,name+dob,Mark McNamara,77558,mcnamma01,Mark McNamara,mark mcnamara
S1,name+dob,Joe McNamee,77559,mcnamjo01,Joe McNamee,joe mcnamee
S1,name+dob,Chris McNealy,77560,mcneach01,Chris McNealy,chris mcnealy
S1,name+dob,Larry McNeill,77561,mcneila01,Larry McNeill,larry mcneill
S1,name+dob,Bob McNeill,77562,mcneibo01,Bob McNeill,bob mcneill
S1,name+dob,Carl McNulty,77563,mcnulca01,Carl McNulty,carl mcnulty
S1,name+dob,Cozell McQueen,77565,mcqueco01,Cozell McQueen,cozell mcqueen
S1,name+dob,Thales McReynolds,77566,mcreyth01,Thales McReynolds,thales mcreynolds
S1,name+dob,Eric McWilliams,77567,mcwiler01,Eric McWilliams,eric mcwilliams
S1,name+dob,George Mearns,77568,mearnge01,George Mearns,george mearns
S1,name+dob,Cliff Meely,77570,meelycl01,Cliff Meely,cliff meely
S1,name+dob,Scott Meents,77571,meentsc01,Scott Meents,scott meents
S1,name+dob,Dick Mehen,77572,mehendi01,Dick Mehen,dick mehen
S1,name+dob,Carl Meinhold,77574,meinhca01,Carl Meinhold,carl meinhold
S1,name+dob,Gary Melchionni,77575,melchga01,Gary Melchionni,gary melchionni
S1,name+dob,Bill Melchionni,77576,melchbi01,Bill Melchionni,bill melchionni
S1,name+dob,Ed Melvin,77577,melvied01,Ed Melvin,ed melvin
S1,name+dob,Dean Meminger,77578,meminde01,Dean Meminger,dean meminger
S1,name+dob,Chuck Mencel,77579,mencech01,Chuck Mencel,chuck mencel
S1,name+dob,John Mengelt,77580,mengejo01,John Mengelt,john mengelt
S1,name+dob,Ken Menke,77581,menkeke01,Ken Menke,ken menke
S1,name+dob,Joe Meriweather,77582,meriwjo01,Joe Meriweather,joe meriweather
S1,name+dob,Porter Meriwether,77583,meriwpo01,Porter Meriwether,porter meriwether
S1,name+dob,Tom Meschery,77584,meschto01,Tom Meschery,tom meschery
S1,name+dob,Dave Meyers,77586,meyerda01,Dave Meyers,dave meyers
S1,name+dob,Larry Micheaux,77588,michela01,Larry Micheaux,larry micheaux
S1,name+dob,Ed Mikan,77590,mikaned01,Ed Mikan,ed mikan
S1,name+dob,Larry Mikan,77591,mikanla01,Larry Mikan,larry mikan
S1,name+dob,Vern Mikkelsen,77593,mikkeve01,Vern Mikkelsen,vern mikkelsen
S1,name+dob,Al Miksis,77594,miksial01,Al Miksis,al miksis
S1,name+dob,Eddie Miles,77596,milesed01,Eddie Miles,eddie miles
S1,name+dob,Nat Militzok,77598,militna01,Nat Militzok,nat militzok
S1,name+dob,Eddie Miller,77599,milleed01,Eddie Miller,eddie miller
S1,name+dob,Harry Miller,77600,milleha01,Harry Miller,harry miller
S1,name+dob,Jay Miller,77601,milleja01,Jay Miller,jay miller
S1,name+dob,Dick Miller,77602,milledi01,Dick Miller,dick miller
S1,name+dob,Bob Miller,77603,millebo01,Bob Miller,bob miller
S1,name+dob,Bill Miller,77605,millebi01,Bill Miller,bill miller
S1,name+dob,John Mills,77606,millsjo01,John Mills,john mills
S1,name+dob,Dirk Minniefield,77609,minnidi01,Dirk Minniefield,dirk minniefield
S1,name+dob,Dave Minor,77610,minorda01,Dave Minor,dave minor
S1,name+dob,Mark Minor,77612,minorma01,Mark Minor,mark minor
S1,name+dob,Wat Misaka,77613,misakwa01,Wat Misaka,wat misaka
S1,name+dob,Todd Mitchell,77614,mitchto01,Todd Mitchell,todd mitchell
S1,name+dob,Mike Mitchell,77615,mitchmi01,Mike Mitchell,mike mitchell
S1,name+dob,Murray Mitchell,77616,mitchmu01,Murray Mitchell,murray mitchell
S1,name+dob,Steve Mix,77618,mixst01,Steve Mix,steve mix
S1,name+dob,Bill Mlkvy,77619,mlkvybi01,Bill Mlkvy,bill mlkvy
S1,name+dob,Larry Moffett,77621,moffela01,Larry Moffett,larry moffett
S1,name+dob,Leo Mogus,77622,mogusle01,Leo Mogus,leo mogus
S1,name+dob,Paul Mokeski,77623,mokespa01,Paul Mokeski,paul mokeski
S1,name+dob,Wayne Molis,77625,moliswa01,Wayne Molis,wayne molis
S1,name+dob,Sidney Moncrief,77626,moncrsi01,Sidney Moncrief,sidney moncrief
S1,name+dob,Eric Money,77627,moneyer01,Eric Money,eric money
S1,name+dob,Rodney Monroe,77628,monroro01,Rodney Monroe,rodney monroe
S1,name+dob,Howie Montgomery,77630,montgho01,Howie Montgomery,howie montgomery
S1,name+dob,Jim Mooney,77631,mooneji01,Jim Mooney,jim mooney
S1,name+dob,Andre Moore,77632,moorean01,Andre Moore,andre moore
S1,name+dob,Johnny Moore,77633,moorejo01,Johnny Moore,johnny moore
S1,name+dob,Jackie Moore,77634,mooreja01,Jackie Moore,jackie moore
S1,name+dob,Lowes Moore,77635,moorelo01,Lowes Moore,lowes moore
S1,name+dob,Otto Moore,77636,mooreot01,Otto Moore,otto moore
S1,name+dob,Ron Moore,77637,moorero01,Ron Moore,ron moore
S1,name+dob,Jackie Moreland,77639,morelja01,Jackie Moreland,jackie moreland
S1,name+dob,Guy Morgan,77640,morgagu01,Guy Morgan,guy morgan
S1,name+dob,Rex Morgan,77641,morgare01,Rex Morgan,rex morgan
S1,name+dob,Darren Morningstar,77644,mornida01,Darren Morningstar,darren morningstar
S1,name+dob,Max Morris,77646,morrima01,Max Morris,max morris
S1,name+dob,Isaiah Morris,77647,morriis01,Isaiah Morris,isaiah morris
S1,name+dob,Mike Morrison,77649,morrimi01,Mike Morrison,mike morrison
S1,name+dob,Richard Morton,77652,mortori01,Richard Morton,richard morton
S1,name+dob,Glenn Mosley,77653,moslegl01,Glenn Mosley,glenn mosley
S1,name+dob,Perry Moss,77654,mosspe01,Perry Moss,perry moss
S1,name+dob,Chuck Mrazovich,77657,mrazoch01,Chuck Mrazovich,chuck mrazovich
S1,name+dob,Erwin Mueller,77658,mueller01,Erwin Mueller,erwin mueller
S1,name+dob,Bob Mullens,77660,mullebo01,Bob Mullens,bob mullens
S1,name+dob,Jeff Mullins,77662,mullije01,Jeff Mullins,jeff mullins
S1,name+dob,Chris Munk,77664,munkch01,Chris Munk,chris munk
S1,name+dob,George Munroe,77665,munroge01,George Munroe,george munroe
S1,name+dob,Allen Murphy,77668,murphal01,Allen Murphy,allen murphy
S1,name+dob,Calvin Murphy,77669,murphca01,Calvin Murphy,calvin murphy
S1,name+dob,Jay Murphy,77670,murphja01,Jay Murphy,jay murphy
S1,name+dob,John Murphy,77671,murphjo01,John Murphy,john murphy
S1,name+dob,Dick Murphy,77672,murphdi01,Dick Murphy,dick murphy
S1,name+dob,Ronnie Murphy,77673,murphro01,Ronnie Murphy,ronnie murphy
S1,name+dob,Tod Murphy,77674,murphto01,Tod Murphy,tod murphy
S1,name+dob,Ken Murray,77675,murrake01,Ken Murray,ken murray
S1,name+dob,Dorie Murrey,77676,murredo01,Dorie Murrey,dorie murrey
S1,name+dob,Angelo Musi,77677,musian01,Angelo Musi,angelo musi
S1,name+dob,Bob Naber,77681,naberbo01,Bob Naber,bob naber
S1,name+dob,Boris Nachamkin,77682,nachabo01,Boris Nachamkin,boris nachamkin
S1,name+dob,Jerry Nagel,77683,nagelje01,Jerry Nagel,jerry nagel
S1,name+dob,Larry Nance,77685,nancela01,Larry Nance,larry nance
S1,name+dob,Paul Napolitano,77686,napolpa01,Paul Napolitano,paul napolitano
S1,name+dob,Bob Nash,77688,nashbo01,Bob Nash,bob nash
S1,name+dob,Swen Nater,77689,natersw01,Swen Nater,swen nater
S1,name+dob,Howard Nathan,77690,nathaho01,Howard Nathan,howard nathan
S1,name+dob,Calvin Natt,77691,nattca01,Calvin Natt,calvin natt
S1,name+dob,Kenny Natt,77692,nattke01,Kenny Natt,kenny natt
S1,name+dob,Willie Naulls,77693,naullwi01,Willie Naulls,willie naulls
S1,name+dob,Craig Neal,77694,nealcr01,Craig Neal,craig neal
S1,name+dob,Jim Neal,77695,nealji01,Jim Neal,jim neal
S1,name+dob,Lloyd Neal,77696,nealll01,Lloyd Neal,lloyd neal
S1,name+dob,Ed Nealy,77697,nealyed01,Ed Nealy,ed nealy
S1,name+dob,Al Negratti,77698,negraal01,Al Negratti,al negratti
S1,name+dob,Barry Nelson,77699,nelsoba01,Barry Nelson,barry nelson
S1,name+dob,Rex Walters,777,waltere01,Rex Walters,rex walters
S1,name+dob,Don Nelson,77700,nelsodo01,Don Nelson,don nelson
S1,name+dob,Louie Nelson,77701,nelsolo01,Louie Nelson,louie nelson
S1,name+dob,Martin Nessley,77704,nesslma01,Martin Nessley,martin nessley
S1,name+dob,Johnny Neumann,77705,neumajo01,Johnny Neumann,johnny neumann
S1,name+dob,Paul Neumann,77706,neumapa01,Paul Neumann,paul neumann
S1,name+dob,Chuck Nevitt,77707,nevitch01,Chuck Nevitt,chuck nevitt
S1,name+dob,Mike Newlin,77710,newlimi01,Mike Newlin,mike newlin
S1,name+dob,Dave Newmark,77712,newmada01,Dave Newmark,dave newmark
S1,name+dob,Jack Nichols,77713,nichoja01,Jack Nichols,jack nichols
S1,name+dob,Carl Nicks,77715,nicksca01,Carl Nicks,carl nicks
S1,name+dob,Rich Niemann,77716,niemari01,Rich Niemann,rich niemann
S1,name+dob,Mike Niles,77718,nilesmi01,Mike Niles,mike niles
S1,name+dob,Kurt Nimphius,77719,nimphku01,Kurt Nimphius,kurt nimphius
S1,name+dob,Dyron Nix,77720,nixdy01,Dyron Nix,dyron nix
S1,name+dob,Norm Nixon,77721,nixonno01,Norm Nixon,norm nixon
S1,name+dob,Chuck Noble,77722,noblech01,Chuck Noble,chuck noble
S1,name+dob,Jim Nolan,77724,nolanji01,Jim Nolan,jim nolan
S1,name+dob,Paul Nolen,77725,nolenpa01,Paul Nolen,paul nolen
S1,name+dob,Johnny Norlander,77728,norlajo01,Johnny Norlander,johnny norlander
S1,name+dob,Connie Norman,77729,normaco01,Connie Norman,connie norman
S1,name+dob,Audie Norris,77731,norriau01,Audie Norris,audie norris
S1,name+dob,Sylvester Norris,77732,norrisy01,Sylvester Norris,sylvester norris
S1,name+dob,Willie Norwood,77733,norwowi01,Willie Norwood,willie norwood
S1,name+dob,George Nostrand,77734,nostrge01,George Nostrand,george nostrand
S1,name+dob,Mike Novak,77736,novakmi01,Mike Novak,mike novak
S1,name+dob,Mel Nowell,77737,nowelme01,Mel Nowell,mel nowell
S1,name+dob,Dennis Nutt,77738,nuttde01,Dennis Nutt,dennis nutt
S1,name+dob,John O'Boyle,77742,oboyljo01,John O'Boyle,john oboyle
S1,name+dob,Bob O'Brien,77744,obriebo01,Bob O'Brien,bob obrien
S1,name+dob,Dermie O'Connell,77745,oconnde01,Dermie O'Connell,dermie oconnell
S1,name+dob,Andy O'Donnell,77746,odonnan01,Andy O'Donnell,andy odonnell
S1,name+dob,Ralph Ogden,77748,ogdenra01,Ralph Ogden,ralph ogden
S1,name+dob,Don Ohl,77751,ohldo01,Don Ohl,don ohl
S1,name+dob,Dick O'Keefe,77752,okeefdi01,Dick O'Keefe,dick okeefe
S1,name+dob,Mike O'Koren,77754,okoremi01,Mike O'Koren,mike okoren
S1,name+dob,Mark Olberding,77756,olberma01,Mark Olberding,mark olberding
S1,name+dob,Jawann Oldham,77757,oldhaja01,Jawann Oldham,jawann oldham
S1,name+dob,Frank Oleynick,77759,oleynfr01,Frank Oleynick,frank oleynick
S1,name+dob,John Olive,77760,olivejo01,John Olive,john olive
S1,name+dob,Gene Ollrich,77764,ollrige01,Gene Ollrich,gene ollrich
S1,name+dob,Grady O'Malley,77766,omallgr01,Grady O'Malley,grady omalley
S1,name+dob,Barry Orms,77768,ormsba01,Barry Orms,barry orms
S1,name+dob,Johnny Orr,77769,orrjo01,Johnny Orr,johnny orr
S1,name+dob,Louis Orr,77770,orrlo01,Louis Orr,louis orr
S1,name+dob,Jose Ortiz,77771,ortizjo01,José Ortiz,jose ortiz
S1,name+dob,Chuck Osborne,77772,osborch01,Chuck Osborne,chuck osborne
S1,name+dob,Kevin O'Shea,77773,osheake01,Kevin O'Shea,kevin oshea
S1,name+dob,Garland O'Shields,77774,oshiega01,Garland O'Shields,garland oshields
S1,name+dob,Wally Osterkorn,77775,osterwa01,Wally Osterkorn,wally osterkorn
S1,name+dob,Dan O'Sullivan,77776,osullda01,Dan O'Sullivan,dan osullivan
S1,name+dob,Matt Othick,77777,othicma01,Matt Othick,matt othick
S1,name+dob,Don Otten,77778,ottendo01,Don Otten,don otten
S1,name+dob,Mac Otten,77779,ottenma01,Mac Otten,mac otten
S1,name+dob,Claude Overton,77780,overtcl01,Claude Overton,claude overton
S1,name+dob,Eddie Owens,77782,owensed01,Eddie Owens,eddie owens
S1,name+dob,Jim Owens,77784,owensji01,Jim Owens,jim owens
S1,name+dob,Keith Owens,77785,owenske01,Keith Owens,keith owens
S1,name+dob,Tom Owens,77786,owensto01,Tom Owens,tom owens
S1,name+dob,Joe Pace,77788,pacejo01,Joe Pace,joe pace
S1,name+dob,Gerald Paddio,77789,paddige01,Gerald Paddio,gerald paddio
S1,name+dob,Fred Paine,77790,painefr01,Fred Paine,fred paine
S1,name+dob,Togo Palazzi,77791,palazto01,Togo Palazzi,togo palazzi
S1,name+dob,Jim Palmer,77792,palmeji01,Jim Palmer,jim palmer
S1,name+dob,Walter Palmer,77794,palmewa01,Walter Palmer,walter palmer
S1,name+dob,Sonny Parker,77800,parkeso01,Sonny Parker,sonny parker
S1,name+dob,Jack Parkinson,77801,parkija01,Jack Parkinson,jack parkinson
S1,name+dob,Jack Parr,77802,parrja01,Jack Parr,jack parr
S1,name+dob,Doyle Parrack,77803,parrado01,Doyle Parrack,doyle parrack
S1,name+dob,Charlie Parsley,77804,parslch01,Charlie Parsley,charlie parsley
S1,name+dob,Marty Passaglia,77806,passama01,Marty Passaglia,marty passaglia
S1,name+dob,Stan Patrick,77809,patrist01,Stan Patrick,stan patrick
S1,name+dob,George Patterson,77811,pattege01,George Patterson,george patterson
S1,name+dob,Steve Patterson,77812,pattest01,Steve Patterson,steve patterson
S1,name+dob,Worthy Patterson,77814,pattewo01,Worthy Patterson,worthy patterson
S1,name+dob,Charlie Paulk,77815,paulkch01,Charlie Paulk,charlie paulk
S1,name+dob,Jerry Paulson,77816,paulsje01,Jerry Paulson,jerry paulson
S1,name+dob,Billy Paultz,77817,paultbi01,Billy Paultz,billy paultz
S1,name+dob,Jim Paxson,77818,paxsoji01,Jim Paxson,jim paxson
S1,name+dob,Jim Paxson,77819,paxsoji02,Jim Paxson,jim paxson
S1,name+dob,John Paxson,77820,paxsojo01,John Paxson,john paxson
S1,name+dob,Johnny Payak,77821,payakjo01,Johnny Payak,johnny payak
S1,name+dob,Kenny Payne,77822,payneke01,Kenny Payne,kenny payne
S1,name+dob,Tom Payne,77823,payneto01,Tom Payne,tom payne
S1,name+dob,Mel Payton,77824,paytome01,Mel Payton,mel payton
S1,name+dob,George Pearcy,77825,pearcge01,George Pearcy,george pearcy
S1,name+dob,Henry Pearcy,77826,pearche01,Henry Pearcy,henry pearcy
S1,name+dob,Wiley Peck,77827,peckwi01,Wiley Peck,wiley peck
S1,name+dob,Jake Pelkington,77828,pelkija01,Jake Pelkington,jake pelkington
S1,name+dob,Sam Pellom,77829,pellosa01,Sam Pellom,sam pellom
S1,name+dob,Curtis Perry,77835,perrycu01,Curtis Perry,curtis perry
S1,name+dob,Jim Petersen,77839,peterji01,Jim Petersen,jim petersen
S1,name+dob,Loy Petersen,77840,peterlo01,Loy Petersen,loy petersen
S1,name+dob,Ed Peterson,77841,petered01,Ed Peterson,ed peterson
S1,name+dob,Mel Peterson,77842,peterme01,Mel Peterson,mel peterson
S1,name+dob,Bob Peterson,77843,peterbo01,Bob Peterson,bob peterson
S1,name+dob,Geoff Petrie,77844,petrige01,Geoff Petrie,geoff petrie
S1,name+dob,Drazen Petrovic,77845,petrodr01,Dražen Petrović,drazen petrovic
S1,name+dob,Richard Petruska,77846,petruri01,Richard Petruška,richard petruska
S1,name+dob,Bob Pettit,77847,pettibo01,Bob Pettit,bob pettit
S1,name+dob,Roger Phegley,77848,pheglro01,Roger Phegley,roger phegley
S1,name+dob,Jim Phelan,77849,phelaja02,Jim Phelan,jim phelan
S1,name+dob,Jack Phelan,77850,phelaja01,Jack Phelan,jack phelan
S1,name+dob,Andy Phillip,77853,phillan01,Andy Phillip,andy phillip
S1,name+dob,Eddie Phillips,77854,philled01,Eddie Phillips,eddie phillips
S1,name+dob,Gary Phillips,77855,phillga01,Gary Phillips,gary phillips
S1,name+dob,Stan Pietkiewicz,77858,pietkst01,Stan Pietkiewicz,stan pietkiewicz
S1,name+dob,John Pilch,77859,pilchjo01,John Pilch,john pilch
S1,name+dob,John Pinone,77861,pinonjo01,John Pinone,john pinone
S1,name+dob,Dave Piontek,77862,piontda01,Dave Piontek,dave piontek
S1,name+dob,Tom Piotrowski,77863,piotrto01,Tom Piotrowski,tom piotrowski
S1,name+dob,Gary Plummer,77865,plummga01,Gary Plummer,gary plummer
S1,name+dob,Dwayne Polee,77866,poleedw01,Dwayne Polee,dwayne polee
S1,name+dob,Jim Pollard,77867,pollaji01,Jim Pollard,jim pollard
S1,name+dob,Ralph Polson,77868,polsora01,Ralph Polson,ralph polson
S1,name+dob,Cliff Pondexter,77869,pondecl01,Cliff Pondexter,cliff pondexter
S1,name+dob,David Pope,77870,popeda01,David Pope,david pope
S1,name+dob,Dave Popson,77872,popsoda01,Dave Popson,dave popson
S1,name+dob,Ben Poquette,77873,poquebe01,Ben Poquette,ben poquette
S1,name+dob,Howard Porter,77875,porteho01,Howard Porter,howard porter
S1,name+dob,Kevin Porter,77876,porteke01,Kevin Porter,kevin porter
S1,name+dob,Bob Portman,77878,portmbo01,Bob Portman,bob portman
S1,name+dob,Paul Pressey,77879,presspa01,Paul Pressey,paul pressey
S1,name+dob,Dominic Pressley,77880,pressdo01,Dominic Pressley,dominic pressley
S1,name+dob,Harold Pressley,77881,pressha01,Harold Pressley,harold pressley
S1,name+dob,Tony Price,77882,priceto01,Tony Price,tony price
S1,name+dob,Jim Price,77883,priceji01,Jim Price,jim price
S1,name+dob,Mike Price,77884,pricemi01,Mike Price,mike price
S1,name+dob,Bob Priddy,77886,priddbo01,Bob Priddy,bob priddy
S1,name+dob,John Pritchard,77887,pritcjo01,John Pritchard,john pritchard
S1,name+dob,Anthony Pullard,77890,pullaan01,Anthony Pullard,anthony pullard
S1,name+dob,Don Putman,77891,putnado01,Don Putman,don putman
S1,name+dob,Bob Quick,77892,quickbo01,Bob Quick,bob quick
S1,name+dob,Brian Quinnett,77893,quinnbr01,Brian Quinnett,brian quinnett
S1,name+dob,Howie Rader,77895,raderho01,Howie Rader,howie rader
S1,name+dob,Mark Radford,77896,radfoma01,Mark Radford,mark radford
S1,name+dob,Wayne Radford,77897,radfowa01,Wayne Radford,wayne radford
S1,name+dob,Frank Radovich,77899,radovfr01,Frank Radovich,frank radovich
S1,name+dob,Glen Rice,779,ricegl01,Glen Rice,glen rice
S1,name+dob,Moe Radovich,77900,radovmo01,Moe Radovich,moe radovich
S1,name+dob,Ray Radziszewski,77901,radzira01,Ray Radziszewski,ray radziszewski
S1,name+dob,Ray Ragelis,77902,ragelra01,Ray Ragelis,ray ragelis
S1,name+dob,Sherwin Raiken,77903,raikesh01,Sherwin Raiken,sherwin raiken
S1,name+dob,Ed Rains,77904,rainsed01,Ed Rains,ed rains
S1,name+dob,Kurt Rambis,77905,rambiku01,Kurt Rambis,kurt rambis
S1,name+dob,Cal Ramsey,77906,ramseca01,Cal Ramsey,cal ramsey
S1,name+dob,Frank Ramsey,77907,ramsefr01,Frank Ramsey,frank ramsey
S1,name+dob,Ray Ramsey,77908,ramsera01,Ray Ramsey,ray ramsey
S1,name+dob,Wally Rank,77910,rankwa01,Wally Rank,wally rank
S1,name+dob,Kelvin Ransey,77911,ranseke01,Kelvin Ransey,kelvin ransey
S1,name+dob,George Ratkovicz,77913,ratkoge01,George Ratkovicz,george ratkovicz
S1,name+dob,Ed Ratleff,77914,ratleed01,Ed Ratleff,ed ratleff
S1,name+dob,Mike Ratliff,77915,ratlimi01,Mike Ratliff,mike ratliff
S1,name+dob,Leo Rautins,77916,rautile01,Leo Rautins,leo rautins
S1,name+dob,Clifford Ray,77917,raycl01,Clifford Ray,clifford ray
S1,name+dob,Don Ray,77918,raydo01,Don Ray,don ray
S1,name+dob,Jim Ray,77919,rayji01,Jim Ray,jim ray
S1,name+dob,Craig Raymond,77921,raymocr01,Craig Raymond,craig raymond
S1,name+dob,Joe Reaves,77923,reavejo01,Joe Reaves,joe reaves
S1,name+dob,Marlon Redmond,77926,redmoma01,Marlon Redmond,marlon redmond
S1,name+dob,Hub Reed,77927,reedhu01,Hub Reed,hub reed
S1,name+dob,Ron Reed,77928,reedro01,Ron Reed,ron reed
S1,name+dob,Willis Reed,77929,reedwi01,Willis Reed,willis reed
S1,name+dob,Richie Regan,77932,reganri01,Richie Regan,richie regan
S1,name+dob,Don Rehfeldt,77933,rehfedo01,Don Rehfeldt,don rehfeldt
S1,name+dob,Jim Reid,77935,reidji01,Jim Reid,jim reid
S1,name+dob,Robert Reid,77936,reidro01,Robert Reid,robert reid
S1,name+dob,Billy Reid,77937,reidbi01,Billy Reid,billy reid
S1,name+dob,Richard Rellford,77939,rellfri01,Richard Rellford,richard rellford
S1,name+dob,John Rennicke,77941,rennijo01,John Rennicke,john rennicke
S1,name+dob,Kevin Restani,77944,restake01,Kevin Restani,kevin restani
S1,name+dob,George Reynolds,77945,reynoge01,George Reynolds,george reynolds
S1,name+dob,Jerry Reynolds,77946,reynoje01,Jerry Reynolds,jerry reynolds
S1,name+dob,Gene Rhodes,77947,rhodege01,Gene Rhodes,gene rhodes
S1,name+dob,Clint Richardson,77950,richacl01,Clint Richardson,clint richardson
S1,name+dob,John Richter,77954,richtjo01,John Richter,john richter
S1,name+dob,Dick Ricketts,77955,rickedi01,Dick Ricketts,dick ricketts
S1,name+dob,Jackie Ridgle,77957,ridglja01,Jackie Ridgle,jackie ridgle
S1,name+dob,Mel Riebe,77958,riebeme01,Mel Riebe,mel riebe
S1,name+dob,Jim Riffey,77959,riffeji01,Jim Riffey,jim riffey
S1,name+dob,Tom Riker,77960,rikerto01,Tom Riker,tom riker
S1,name+dob,Pat Riley,77962,rileypa01,Pat Riley,pat riley
S1,name+dob,Bob Riley,77963,rileybo01,Bob Riley,bob riley
S1,name+dob,Ron Riley,77964,rileyro01,Ron Riley,ron riley
S1,name+dob,Rich Rinaldi,77965,rinalri01,Rich Rinaldi,rich rinaldi
S1,name+dob,Mike Riordan,77966,riordmi01,Mike Riordan,mike riordan
S1,name+dob,Arnie Risen,77967,risenar01,Arnie Risen,arnie risen
S1,name+dob,Ramon Rivas,77969,rivasra01,Ramón Rivas,ramon rivas
S1,name+dob,David Rivers,77970,riverda01,David Rivers,david rivers
S1,name+dob,Lee Robbins,77972,robbile01,Lee Robbins,lee robbins
S1,name+dob,Rick Roberson,77973,roberri01,Rick Roberson,rick roberson
S1,name+dob,Anthony Roberts,77975,roberan01,Anthony Roberts,anthony roberts
S1,name+dob,Joe Roberts,77977,roberjo01,Joe Roberts,joe roberts
S1,name+dob,Marv Roberts,77978,roberma01,Marv Roberts,marv roberts
S1,name+dob,Tony Robertson,77983,roberto01,Tony Robertson,tony robertson
S1,name+dob,Rick Robey,77984,robeyri01,Rick Robey,rick robey
S1,name+dob,Cliff T. Robinson,77986,robincl01,Cliff Robinson,cliff robinson
S1,name+dob,Flynn Robinson,77988,robinfl01,Flynn Robinson,flynn robinson
S1,name+dob,Jackie Robinson,77989,robinja01,Jackie Robinson,jackie robinson
S1,name+dob,Truck Robinson,77993,robintr01,Truck Robinson,truck robinson
S1,name+dob,Oliver Robinson,77994,robinol01,Oliver Robinson,oliver robinson
S1,name+dob,Wayne Robinson,77996,robinwa01,Wayne Robinson,wayne robinson
S1,name+dob,Bill Robinzine,77997,robinbi01,Bill Robinzine,bill robinzine
S1,name+dob,Dave Robisch,77998,robisda01,Dave Robisch,dave robisch
S1,name+dob,Red Rocha,77999,rochare01,Red Rocha,red rocha
S1,name+dob,LaSalle Thompson,78,thompla01,LaSalle Thompson,lasalle thompson
S1,name+dob,Byron Houston,780,houstby01,Byron Houston,byron houston
S1,name+dob,John Roche,78000,rochejo01,John Roche,john roche
S1,name+dob,Gene Rock,78001,rockge01,Gene Rock,gene rock
S1,name+dob,Jack Rocker,78002,rockeja01,Jack Rocker,jack rocker
S1,name+dob,Guy Rodgers,78003,rodgegu01,Guy Rodgers,guy rodgers
S1,name+dob,Johnny Rogers,78007,rogerjo01,Johnny Rogers,johnny rogers
S1,name+dob,Marshall Rogers,78008,rogerma01,Marshall Rogers,marshall rogers
S1,name+dob,Al Roges,78010,rogesal01,Al Roges,al roges
S1,name+dob,Ken Rohloff,78011,rohloke01,Ken Rohloff,ken rohloff
S1,name+dob,Kenny Rollins,78012,rollike01,Kenny Rollins,kenny rollins
S1,name+dob,Phil Rollins,78013,rolliph01,Phil Rollins,phil rollins
S1,name+dob,Tree Rollins,78014,rollitr01,Tree Rollins,tree rollins
S1,name+dob,Lorenzo Romar,78015,romarlo01,Lorenzo Romar,lorenzo romar
S1,name+dob,Lennie Rosenbluth,78018,rosenle01,Lennie Rosenbluth,lennie rosenbluth
S1,name+dob,Hank Rosenstein,78019,rosenha01,Hank Rosenstein,hank rosenstein
S1,name+dob,Doug Roth,78021,rothdo01,Doug Roth,doug roth
S1,name+dob,Scott Roth,78022,rothsc01,Scott Roth,scott roth
S1,name+dob,Irv Rothenberg,78023,rotheir01,Irv Rothenberg,irv rothenberg
S1,name+dob,Mickey Rottner,78024,rottnmi01,Mickey Rottner,mickey rottner
S1,name+dob,Dan Roundfield,78025,roundda01,Dan Roundfield,dan roundfield
S1,name+dob,Giff Roux,78026,rouxgi01,Giff Roux,giff roux
S1,name+dob,Ron Rowan,78027,rowanro01,Ron Rowan,ron rowan
S1,name+dob,Curtis Rowe,78028,rowecu01,Curtis Rowe,curtis rowe
S1,name+dob,Jim Rowinski,78029,rowinji01,Jim Rowinski,jim rowinski
S1,name+dob,Derrick Rowland,78030,rowlade01,Derrick Rowland,derrick rowland
S1,name+dob,Brian Rowsom,78031,rowsobr01,Brian Rowsom,brian rowsom
S1,name+dob,Bob Royer,78033,royerbo01,Bob Royer,bob royer
S1,name+dob,Delaney Rudd,78035,ruddde01,Delaney Rudd,delaney rudd
S1,name+dob,John Rudd,78036,ruddjo01,John Rudd,john rudd
S1,name+dob,John Rudometkin,78037,rudomjo01,John Rudometkin,john rudometkin
S1,name+dob,Paul Ruffner,78039,ruffnpa01,Paul Ruffner,paul ruffner
S1,name+dob,Joe Ruklick,78040,ruklijo01,Joe Ruklick,joe ruklick
S1,name+dob,Jeff Ruland,78041,rulanje01,Jeff Ruland,jeff ruland
S1,name+dob,Bob Rule,78042,rulebo01,Bob Rule,bob rule
S1,name+dob,Jerry Rullo,78043,rulloje01,Jerry Rullo,jerry rullo
S1,name+dob,Cazzie Russell,78045,russeca01,Cazzie Russell,cazzie russell
S1,name+dob,Frank Russell,78046,russefr01,Frank Russell,frank russell
S1,name+dob,Campy Russell,78047,russeca02,Campy Russell,campy russell
S1,name+dob,Walker Russell,78048,russewa01,Walker Russell,walker russell
S1,name+dob,Bill Russell,78049,russebi01,Bill Russell,bill russell
S1,name+dob,Ralph Sampson,78055,sampsra01,Ralph Sampson,ralph sampson
S1,name+dob,Frankie Sanders,78057,sandefr01,Frankie Sanders,frankie sanders
S1,name+dob,Mike Sanders,78059,sandemi01,Mike Sanders,mike sanders
S1,name+dob,Bob Santini,78061,santibo01,Bob Santini,bob santini
S1,name+dob,Wayne Sappleton,78062,sapplwa01,Wayne Sappleton,wayne sappleton
S1,name+dob,Woody Sauldsberry,78064,sauldwo01,Woody Sauldsberry,woody sauldsberry
S1,name+dob,Fred Saunders,78065,saundfr01,Fred Saunders,fred saunders
S1,name+dob,Don Savage,78066,savagdo01,Don Savage,don savage
S1,name+dob,Alan Sawyer,78067,sawyeal01,Alan Sawyer,alan sawyer
S1,name+dob,Dewayne Scales,78068,scalede01,DeWayne Scales,dewayne scales
S1,name+dob,Frank Schade,78069,schadfr01,Frank Schade,frank schade
S1,name+dob,Ben Schadler,78070,schadbe01,Ben Schadler,ben schadler
S1,name+dob,Ben Scharnus,78073,scharbe01,Ben Scharnus,ben scharnus
S1,name+dob,Marv Schatzman,78074,schatma01,Marv Schatzman,marv schatzman
S1,name+dob,Fred Schaus,78075,schaufr01,Fred Schaus,fred schaus
S1,name+dob,Dolph Schayes,78076,schaydo01,Dolph Schayes,dolph schayes
S1,name+dob,Ossie Schectman,78078,schecos01,Ossie Schectman,ossie schectman
S1,name+dob,Tom Scheffler,78080,schefto01,Tom Scheffler,tom scheffler
S1,name+dob,Dave Schellhase,78081,schelda01,Dave Schellhase,dave schellhase
S1,name+dob,Dale Schlueter,78084,schluda01,Dale Schlueter,dale schlueter
S1,name+dob,Otto Schnellbacher,78085,schneot01,Otto Schnellbacher,otto schnellbacher
S1,name+dob,Dick Schnittker,78086,schnidi01,Dick Schnittker,dick schnittker
S1,name+dob,Russ Schoene,78087,schoeru01,Russ Schoene,russ schoene
S1,name+dob,Dave Scholz,78088,scholda01,Dave Scholz,dave scholz
S1,name+dob,Milt Schoon,78089,schoomi01,Milt Schoon,milt schoon
S1,name+dob,Howie Schultz,78091,schulho01,Howie Schultz,howie schultz
S1,name+dob,Dick Schulz,78092,schuldi01,Dick Schulz,dick schulz
S1,name+dob,John Schweitz,78093,schwejo01,John Schweitz,john schweitz
S1,name+dob,Alvin Scott,78095,scottal01,Alvin Scott,alvin scott
S1,name+dob,Charlie Scott,78097,scottch01,Charlie Scott,charlie scott
S1,name+dob,Will Perdue,781,perduwi01,Will Perdue,will perdue
S1,name+dob,Ray Scott,78100,scottra01,Ray Scott,ray scott
S1,name+dob,Carey Scurry,78102,scurrca01,Carey Scurry,carey scurry
S1,name+dob,Bruce Seals,78103,sealsbr01,Bruce Seals,bruce seals
S1,name+dob,Ed Searcy,78105,searced01,Ed Searcy,ed searcy
S1,name+dob,Wayne See,78107,seewa01,Wayne See,wayne see
S1,name+dob,Glen Selbo,78109,selbogl01,Glen Selbo,glen selbo
S1,name+dob,Brad Sellers,78110,sellebr01,Brad Sellers,brad sellers
S1,name+dob,Phil Sellers,78111,selleph01,Phil Sellers,phil sellers
S1,name+dob,Rollie Seltz,78112,seltzro01,Rollie Seltz,rollie seltz
S1,name+dob,Frank Selvy,78113,selvyfr01,Frank Selvy,frank selvy
S1,name+dob,Jim Seminoff,78114,seminji01,Jim Seminoff,jim seminoff
S1,name+dob,George Senesky,78115,senesge01,George Senesky,george senesky
S1,name+dob,Tom Sewell,78116,sewelto01,Tom Sewell,tom sewell
S1,name+dob,Paul Seymour,78117,seymopa01,Paul Seymour,paul seymour
S1,name+dob,Nick Shaback,78118,shabani01,Nick Shaback,nick shaback
S1,name+dob,Carl Shaeffer,78120,shaefca01,Carl Shaeffer,carl shaeffer
S1,name+dob,Lee Shaffer,78121,shaffle01,Lee Shaffer,lee shaffer
S1,name+dob,Earl Shannon,78123,shannea01,Earl Shannon,earl shannon
S1,name+dob,Howie Shannon,78124,shannho01,Howie Shannon,howie shannon
S1,name+dob,Bill Sharman,78126,sharmbi01,Bill Sharman,bill sharman
S1,name+dob,Ron Shavlik,78128,shavlro01,Ron Shavlik,ron shavlik
S1,name+dob,Bob Shea,78130,sheabo01,Bob Shea,bob shea
S1,name+dob,Fred Sheffield,78131,shefffr01,Fred Sheffield,fred sheffield
S1,name+dob,Craig Shelton,78132,sheltcr01,Craig Shelton,craig shelton
S1,name+dob,Lonnie Shelton,78133,sheltlo01,Lonnie Shelton,lonnie shelton
S1,name+dob,Steve Sheppard,78135,sheppst01,Steve Sheppard,steve sheppard
S1,name+dob,Gene Short,78138,shortge01,Gene Short,gene short
S1,name+dob,Purvis Short,78139,shortpu01,Purvis Short,purvis short
S1,name+dob,Dexter Shouse,78140,shousde01,Dexter Shouse,dexter shouse
S1,name+dob,Dick Shrider,78141,shriddi01,Dick Shrider,dick shrider
S1,name+dob,Gene Shue,78142,shuege01,Gene Shue,gene shue
S1,name+dob,John Shumate,78143,shumajo01,John Shumate,john shumate
S1,name+dob,Sam Sibert,78144,sibersa01,Sam Sibert,sam sibert
S1,name+dob,Mark Sibley,78145,siblema01,Mark Sibley,mark sibley
S1,name+dob,Jerry Sichting,78146,sichtje01,Jerry Sichting,jerry sichting
S1,name+dob,Larry Siegfried,78147,siegfla01,Larry Siegfried,larry siegfried
S1,name+dob,Ralph Siewert,78148,siewera01,Ralph Siewert,ralph siewert
S1,name+dob,Jack Sikma,78149,sikmaja01,Jack Sikma,jack sikma
S1,name+dob,James Silas,78150,silasja01,James Silas,james silas
S1,name+dob,Paul Silas,78151,silaspa01,Paul Silas,paul silas
S1,name+dob,Connie Simmons,78153,simmoco01,Connie Simmons,connie simmons
S1,name+dob,Johnny Simmons,78154,simmojo01,Johnny Simmons,johnny simmons
S1,name+dob,Ralph Simpson,78157,simpsra01,Ralph Simpson,ralph simpson
S1,name+dob,Doug Sims,78159,simsdo01,Doug Sims,doug sims
S1,name+dob,Bob Sims,78160,simsbo01,Bob Sims,bob sims
S1,name+dob,Scott Sims,78161,simssc01,Scott Sims,scott sims
S1,name+dob,Mckinley Singleton,78162,singlmc01,McKinley Singleton,mckinley singleton
S1,name+dob,Zeke Sinicola,78163,sinicze01,Zeke Sinicola,zeke sinicola
S1,name+dob,Charlie Sitton,78164,sittoch01,Charlie Sitton,charlie sitton
S1,name+dob,Al Skinner,78167,skinnal01,Al Skinner,al skinner
S1,name+dob,Whitey Skoog,78169,skoogwh01,Whitey Skoog,whitey skoog
S1,name+dob,Jeff Slade,78170,sladeje01,Jeff Slade,jeff slade
S1,name+dob,Jim Slaughter,78171,slaugji01,Jim Slaughter,jim slaughter
S1,name+dob,Jose Slaughter,78172,slaugjo01,Jose Slaughter,jose slaughter
S1,name+dob,Jerry Sloan,78173,sloanje01,Jerry Sloan,jerry sloan
S1,name+dob,Tom Sluby,78174,slubyto01,Tom Sluby,tom sluby
S1,name+dob,Keith Smart,78175,smartke01,Keith Smart,keith smart
S1,name+dob,Belus Smawley,78176,smawlbe01,Belus Smawley,belus smawley
S1,name+dob,Jack Smiley,78177,smileja01,Jack Smiley,jack smiley
S1,name+dob,Adrian Smith,78178,smithad01,Adrian Smith,adrian smith
S1,name+dob,Charles Smith,78179,smithch02,Charles Smith,charles smith
S1,name+dob,Clinton Smith,78181,smithcl01,Clinton Smith,clinton smith
S1,name+dob,Deb Smith,78182,smithde01,Deb Smith,deb smith
S1,name+dob,Derek Smith,78183,smithde02,Derek Smith,derek smith
S1,name+dob,Don Smith,78184,smithdo02,Don Smith,don smith
S1,name+dob,Ed Smith,78187,smithed01,Ed Smith,ed smith
S1,name+dob,Elmore Smith,78188,smithel01,Elmore Smith,elmore smith
S1,name+dob,Garfield Smith,78189,smithga01,Garfield Smith,garfield smith
S1,name+dob,Greg Smith,78190,smithgr01,Greg Smith,greg smith
S1,name+dob,Jim Smith,78191,smithji01,Jim Smith,jim smith
S1,name+dob,Keith Smith,78192,smithke03,Keith Smith,keith smith
S1,name+dob,Labradford Smith,78194,smithla02,LaBradford Smith,labradford smith
S1,name+dob,Larry Smith,78195,smithla01,Larry Smith,larry smith
S1,name+dob,Michael Smith,78197,smithmi01,Michael Smith,michael smith
S1,name+dob,Otis Smith,78198,smithot01,Otis Smith,otis smith
S1,name+dob,Phil Smith,78199,smithph01,Phil Smith,phil smith
S1,name+dob,Mitch Richmond,782,richmmi01,Mitch Richmond,mitch richmond
S1,name+dob,Randy Smith,78200,smithra01,Randy Smith,randy smith
S1,name+dob,Reggie Smith,78201,smithre01,Reggie Smith,reggie smith
S1,name+dob,Bingo Smith,78202,smithbi02,Bingo Smith,bingo smith
S1,name+dob,Bobby Smith,78203,smithbo01,Bobby Smith,bobby smith
S1,name+dob,Robert Smith,78204,smithro01,Robert Smith,robert smith
S1,name+dob,Bill Smith,78207,smithwi01,Bill Smith,bill smith
S1,name+dob,Willie Smith,78208,smithwi02,Willie Smith,willie smith
S1,name+dob,Bill Smith,78209,smithbi01,Bill Smith,bill smith
S1,name+dob,Joe Smyth,78212,smythjo01,Joe Smyth,joe smyth
S1,name+dob,Dick Snyder,78213,snydedi01,Dick Snyder,dick snyder
S1,name+dob,Ricky Sobers,78215,soberri01,Ricky Sobers,ricky sobers
S1,name+dob,Ron Sobie,78216,sobiero01,Ron Sobie,ron sobie
S1,name+dob,Mike Sojourner,78217,sojoumi01,Mike Sojourner,mike sojourner
S1,name+dob,Willie Somerset,78219,somerwi01,Willie Somerset,willie somerset
S1,name+dob,Dave Sorenson,78220,sorenda01,Dave Sorenson,dave sorenson
S1,name+dob,Gino Sovran,78221,sovragi01,Gino Sovran,gino sovran
S1,name+dob,Jim Spanarkel,78222,spanaji01,Jim Spanarkel,jim spanarkel
S1,name+dob,Guy Sparrow,78223,sparrgu01,Guy Sparrow,guy sparrow
S1,name+dob,Andre Spencer,78227,spencan01,Andre Spencer,andre spencer
S1,name+dob,Lou Spicer,78230,spicelo01,Lou Spicer,lou spicer
S1,name+dob,Craig Spitzer,78231,spitzcr01,Craig Spitzer,craig spitzer
S1,name+dob,Art Spoelstra,78232,spoelar01,Art Spoelstra,art spoelstra
S1,name+dob,Larry Spriggs,78233,sprigla01,Larry Spriggs,larry spriggs
S1,name+dob,Jim Springer,78234,sprinji01,Jim Springer,jim springer
S1,name+dob,Jim Spruill,78235,spruiji01,Jim Spruill,jim spruill
S1,name+dob,Kevin Stacom,78237,stacoke01,Kevin Stacom,kevin stacom
S1,name+dob,Dave Stallworth,78238,stallda01,Dave Stallworth,dave stallworth
S1,name+dob,Ed Stanczak,78240,stanced01,Ed Stanczak,ed stanczak
S1,name+dob,Terence Stansbury,78241,stanste01,Terence Stansbury,terence stansbury
S1,name+dob,Keith Starr,78243,starrke01,Keith Starr,keith starr
S1,name+dob,Larry Staverman,78244,stavela01,Larry Staverman,larry staverman
S1,name+dob,Larry Steele,78245,steella01,Larry Steele,larry steele
S1,name+dob,Everette Stephens,78247,stephev01,Everette Stephens,everette stephens
S1,name+dob,Jack Stephens,78249,stephja01,Jack Stephens,jack stephens
S1,name+dob,Brook Steppe,78250,steppbr01,Brook Steppe,brook steppe
S1,name+dob,Barry Stevens,78251,steveba01,Barry Stevens,barry stevens
S1,name+dob,Wayne Stevens,78252,stevewa01,Wayne Stevens,wayne stevens
S1,name+dob,Dennis Stewart,78253,stewade01,Dennis Stewart,dennis stewart
S1,name+dob,Norm Stewart,78256,stewano01,Norm Stewart,norm stewart
S1,name+dob,Steve Stipanovich,78257,stipast01,Steve Stipanovich,steve stipanovich
S1,name+dob,Sam Stith,78259,stithsa01,Sam Stith,sam stith
S1,name+dob,Tom Stith,78260,stithto01,Tom Stith,tom stith
S1,name+dob,Alex Stivrins,78261,stivral01,Alex Stivrins,alex stivrins
S1,name+dob,Greg Stokes,78264,stokegr01,Greg Stokes,greg stokes
S1,name+dob,Art Stolkey,78266,stolkar01,Art Stolkey,art stolkey
S1,name+dob,Paul Stovall,78267,stovapa01,Paul Stovall,paul stovall
S1,name+dob,Joe Strawder,78268,strawjo01,Joe Strawder,joe strawder
S1,name+dob,Bill Stricker,78269,stricbi01,Bill Stricker,bill stricker
S1,name+dob,Roger Strickland,78270,stricro01,Roger Strickland,roger strickland
S1,name+dob,John Stroeder,78271,stroejo01,John Stroeder,john stroeder
S1,name+dob,Lamont Strothers,78273,strotla01,Lamont Strothers,lamont strothers
S1,name+dob,John Stroud,78274,stroujo01,John Stroud,john stroud
S1,name+dob,Stan Stutz,78276,stutzst01,Stan Stutz,stan stutz
S1,name+dob,Gary Suiter,78277,suitega01,Gary Suiter,gary suiter
S1,name+dob,Don Sunderlage,78278,sundedo01,Don Sunderlage,don sunderlage
S1,name+dob,Jon Sundvold,78279,sundvjo01,Jon Sundvold,jon sundvold
S1,name+dob,Dick Surhoff,78280,surhodi01,Dick Surhoff,dick surhoff
S1,name+dob,Dane Suttle,78281,suttlda01,Dane Suttle,dane suttle
S1,name+dob,Bennie Swain,78283,swainbe01,Bennie Swain,bennie swain
S1,name+dob,Norm Swanson,78284,swansno01,Norm Swanson,norm swanson
S1,name+dob,Dan Swartz,78285,swartda01,Dan Swartz,dan swartz
S1,name+dob,Roy Tarpley,78293,tarplro01,Roy Tarpley,roy tarpley
S1,name+dob,Earl Tatum,78294,tatumea01,Earl Tatum,earl tatum
S1,name+dob,Anthony Taylor,78295,tayloan01,Anthony Taylor,anthony taylor
S1,name+dob,Brian Taylor,78296,taylobr01,Brian Taylor,brian taylor
S1,name+dob,Jay Taylor,78297,tayloja01,Jay Taylor,jay taylor
S1,name+dob,Fred Taylor,78298,taylofr01,Fred Taylor,fred taylor
S1,name+dob,Jeff Taylor,78299,tayloje01,Jeff Taylor,jeff taylor
S1,name+dob,Frank Brickowski,783,brickfr01,Frank Brickowski,frank brickowski
S1,name+dob,Leonard Taylor,78301,taylole01,Leonard Taylor,leonard taylor
S1,name+dob,Vince Taylor,78303,taylovi01,Vince Taylor,vince taylor
S1,name+dob,Terry Teagle,78304,teaglte01,Terry Teagle,terry teagle
S1,name+dob,Ira Terrell,78305,terreir01,Ira Terrell,ira terrell
S1,name+dob,Chuck Terry,78306,terrych01,Chuck Terry,chuck terry
S1,name+dob,Carlos Terry,78307,terryca01,Carlos Terry,carlos terry
S1,name+dob,Claude Terry,78308,terrycl01,Claude Terry,claude terry
S1,name+dob,Tom Thacker,78309,thackto01,Tom Thacker,tom thacker
S1,name+dob,Reggie Theus,78310,theusre01,Reggie Theus,reggie theus
S1,name+dob,Peter Thibeaux,78311,thibepe01,Peter Thibeaux,peter thibeaux
S1,name+dob,Bill Thieben,78312,thiebbi01,Bill Thieben,bill thieben
S1,name+dob,Justus Thigpen,78313,thigpju01,Justus Thigpen,justus thigpen
S1,name+dob,David Thirdkill,78314,thirdda01,David Thirdkill,david thirdkill
S1,name+dob,Charles Thomas,78316,thomach01,Charles Thomas,charles thomas
S1,name+dob,Irving Thomas,78317,thomair01,Irving Thomas,irving thomas
S1,name+dob,Isiah Thomas,78318,thomais01,Isiah Thomas,isiah thomas
S1,name+dob,Jim Thomas,78320,thomaji01,Jim Thomas,jim thomas
S1,name+dob,Terry Thomas,78322,thomate01,Terry Thomas,terry thomas
S1,name+dob,Bernard Thompson,78323,thompbe01,Bernard Thompson,bernard thompson
S1,name+dob,Corny Thompson,78325,thompco01,Corny Thompson,corny thompson
S1,name+dob,David Thompson,78326,thompda01,David Thompson,david thompson
S1,name+dob,George Thompson,78327,thompge01,George Thompson,george thompson
S1,name+dob,John Thompson,78328,thompjo01,John Thompson,john thompson
S1,name+dob,Kevin Thompson,78329,thompke01,Kevin Thompson,kevin thompson
S1,name+dob,Mychal Thompson,78331,thompmy01,Mychal Thompson,mychal thompson
S1,name+dob,Paul Thompson,78332,thomppa01,Paul Thompson,paul thompson
S1,name+dob,Stephen Thompson,78333,thompst01,Stephen Thompson,stephen thompson
S1,name+dob,Rod Thorn,78335,thornro01,Rod Thorn,rod thorn
S1,name+dob,Mel Thurston,78340,thursme01,Mel Thurston,mel thurston
S1,name+dob,Dan Tieman,78342,tiemada01,Dan Tieman,dan tieman
S1,name+dob,Darren Tillis,78343,tillida01,Darren Tillis,darren tillis
S1,name+dob,Jack Tingle,78344,tinglja01,Jack Tingle,jack tingle
S1,name+dob,Tom Tolbert,78347,tolbeto01,Tom Tolbert,tom tolbert
S1,name+dob,Ray Tolbert,78348,tolbera01,Ray Tolbert,ray tolbert
S1,name+dob,Dean Tolson,78349,tolsode01,Dean Tolson,dean tolson
S1,name+dob,Rudy Tomjanovich,78350,tomjaru01,Rudy Tomjanovich,rudy tomjanovich
S1,name+dob,Andrew Toney,78351,toneyan01,Andrew Toney,andrew toney
S1,name+dob,Sedric Toney,78352,toneyse01,Sedric Toney,sedric toney
S1,name+dob,Andy Tonkovich,78353,tonkoan01,Andy Tonkovich,andy tonkovich
S1,name+dob,Jack Toomay,78355,toomaja01,Jack Toomay,jack toomay
S1,name+dob,Bernard Toone,78356,toonebe01,Bernard Toone,bernard toone
S1,name+dob,Irv Torgoff,78357,torgoir01,Irv Torgoff,irv torgoff
S1,name+dob,Gene Tormohlen,78358,tormobu01,Gene Tormohlen,gene tormohlen
S1,name+dob,Bill Tosheff,78359,toshebi01,Bill Tosheff,bill tosheff
S1,name+dob,Bob Tough,78360,toughbo01,Bob Tough,bob tough
S1,name+dob,Monte Towe,78361,towemo01,Monte Towe,monte towe
S1,name+dob,Linton Townes,78364,towneli01,Linton Townes,linton townes
S1,name+dob,Raymond Townsend,78365,townsra01,Raymond Townsend,raymond townsend
S1,name+dob,George Trapp,78366,trappge01,George Trapp,george trapp
S1,name+dob,John Trapp,78367,trappjo01,John Trapp,john trapp
S1,name+dob,Dick Triptow,78368,triptdi01,Dick Triptow,dick triptow
S1,name+dob,Kelly Tripucka,78369,tripuke01,Kelly Tripucka,kelly tripucka
S1,name+dob,John Tschogl,78370,tschojo01,John Tschogl,john tschogl
S1,name+dob,Lou Tsioropoulos,78371,tsiorlo01,Lou Tsioropoulos,lou tsioropoulos
S1,name+dob,Al Tucker,78372,tuckeal01,Al Tucker,al tucker
S1,name+dob,Jim Tucker,78374,tuckeji01,Jim Tucker,jim tucker
S1,name+dob,Trent Tucker,78375,tucketr01,Trent Tucker,trent tucker
S1,name+dob,Andre Turner,78377,turnean01,Andre Turner,andre turner
S1,name+dob,Elston Turner,78378,turneel01,Elston Turner,elston turner
S1,name+dob,Henry Turner,78379,turnehe02,Henry Turner,henry turner
S1,name+dob,Jack Turner,78380,turneja01,Jack Turner,jack turner
S1,name+dob,Jeff Turner,78381,turneje01,Jeff Turner,jeff turner
S1,name+dob,Jack Turner,78382,turneja02,Jack Turner,jack turner
S1,name+dob,Bill Turner,78385,turnebi01,Bill Turner,bill turner
S1,name+dob,Dave Twardzik,78387,twardda01,Dave Twardzik,dave twardzik
S1,name+dob,Jack Twyman,78388,twymaja01,Jack Twyman,jack twyman
S1,name+dob,Terry Tyler,78390,tylerte01,Terry Tyler,terry tyler
S1,name+dob,Charlie Tyra,78391,tyrach01,Charlie Tyra,charlie tyra
S1,name+dob,Wes Unseld,78392,unselwe01,Wes Unseld,wes unseld
S1,name+dob,Hal Uplinger,78393,uplinha01,Hal Uplinger,hal uplinger
S1,name+dob,Kelvin Upshaw,78394,upshake01,Kelvin Upshaw,kelvin upshaw
S1,name+dob,Darnell Valentine,78395,valenda01,Darnell Valentine,darnell valentine
S1,name+dob,John Vallely,78397,vallejo01,John Vallely,john vallely
S1,name+dob,Dick Van Arsdale,78398,vanardi01,Dick Van Arsdale,dick arsdale
S1,name+dob,Tom Van Arsdale,78399,vanarto01,Tom Van Arsdale,tom arsdale
S1,name+dob,Jan Van Breda Kolff,78400,vanbrja01,Jan van Breda Kolff,jan kolff
S1,name+dob,Butch Van Breda Kolff,78401,vanbrbu01,Butch van Breda Kolff,butch kolff
S1,name+dob,Gene Vance,78402,vancege01,Gene Vance,gene vance
S1,name+dob,Kiki Vandeweghe,78404,vandeki01,Kiki Vandeweghe,kiki vandeweghe
S1,name+dob,Ernie Vandeweghe,78405,vandeer01,Ernie Vandeweghe,ernie vandeweghe
S1,name+dob,Norm Van Lier,78406,vanlino01,Norm Van Lier,norm lier
S1,name+dob,Nick Vanos,78407,vanosni01,Nick Vanos,nick vanos
S1,name+dob,Virgil Vaughn,78411,vaughvi01,Virgil Vaughn,virgil vaughn
S1,name+dob,Bob Verga,78413,vergabo01,Bob Verga,bob verga
S1,name+dob,Gundars Vetra,78415,vetragu01,Gundars Vētra,gundars vetra
S1,name+dob,Joao Vianna,78416,viannjo01,João Vianna,joao vianna
S1,name+dob,Sam Vincent,78417,vincesa01,Sam Vincent,sam vincent
S1,name+dob,Jay Vincent,78418,vinceja01,Jay Vincent,jay vincent
S1,name+dob,Gary Voce,78419,vocega01,Gary Voce,gary voce
S1,name+dob,Floyd Volker,78420,volkefl01,Floyd Volker,floyd volker
S1,name+dob,Alexander Volkov,78421,volkoal01,Alexander Volkov,alexander volkov
S1,name+dob,Whitey Von Nieda,78422,vonniwh01,Whitey Von Nieda,whitey nieda
S1,name+dob,Danny Vranes,78423,vraneda01,Danny Vranes,danny vranes
S1,name+dob,Brett Vroman,78425,vromabr01,Brett Vroman,brett vroman
S1,name+dob,Mark Wade,78426,wadema01,Mark Wade,mark wade
S1,name+dob,Clint Wager,78427,wagercl01,Clint Wager,clint wager
S1,name+dob,Danny Wagner,78428,wagneda01,Danny Wagner,danny wagner
S1,name+dob,Milt Wagner,78429,wagnemi01,Milt Wagner,milt wagner
S1,name+dob,Granville Waiters,78430,waitegr01,Granville Waiters,granville waiters
S1,name+dob,Andre Wakefield,78431,wakefan01,Andre Wakefield,andre wakefield
S1,name+dob,Neal Walk,78432,walkne01,Neal Walk,neal walk
S1,name+dob,Andy Walker,78433,walkean01,Andy Walker,andy walker
S1,name+dob,Brady Walker,78434,walkebr01,Brady Walker,brady walker
S1,name+dob,Chet Walker,78435,walkech01,Chet Walker,chet walker
S1,name+dob,Foots Walker,78436,walkefo01,Foots Walker,foots walker
S1,name+dob,Darrell Walker,78437,walkeda01,Darrell Walker,darrell walker
S1,name+dob,Jimmy Walker,78439,walkeji01,Jimmy Walker,jimmy walker
S1,name+dob,Kenny Walker,78440,walkeke01,Kenny Walker,kenny walker
S1,name+dob,Phil Walker,78441,walkeph01,Phil Walker,phil walker
S1,name+dob,Wally Walker,78442,walkewa01,Wally Walker,wally walker
S1,name+dob,Dwight Waller,78444,walledw01,Dwight Waller,dwight waller
S1,name+dob,Jamie Waller,78445,walleja01,Jamie Waller,jamie waller
S1,name+dob,Paul Walther,78447,walthpa01,Paul Walther,paul walther
S1,name+dob,Lloyd Walton,78449,waltoll01,Lloyd Walton,lloyd walton
S1,name+dob,Bill Walton,78450,waltobi01,Bill Walton,bill walton
S1,name+dob,Bobby Wanzer,78453,wanzebo01,Bobby Wanzer,bobby wanzer
S1,name+dob,Perry Warbington,78454,warbipe01,Perry Warbington,perry warbington
S1,name+dob,Gerry Ward,78455,wardge01,Gerry Ward,gerry ward
S1,name+dob,Henry Ward,78456,wardhe01,Henry Ward,henry ward
S1,name+dob,Jim Ware,78457,wareji01,Jim Ware,jim ware
S1,name+dob,Ben Warley,78458,warlebe01,Ben Warley,ben warley
S1,name+dob,Bob Warlick,78459,warlibo01,Bob Warlick,bob warlick
S1,name+dob,Cornell Warner,78460,warneco01,Cornell Warner,cornell warner
S1,name+dob,Bryan Warrick,78462,warribr01,Bryan Warrick,bryan warrick
S1,name+dob,Chris Washburn,78463,washbch01,Chris Washburn,chris washburn
S1,name+dob,Duane Washington,78464,washidu01,Duane Washington,duane washington
S1,name+dob,Jim Washington,78466,washiji01,Jim Washington,jim washington
S1,name+dob,Kermit Washington,78467,washike01,Kermit Washington,kermit washington
S1,name+dob,Richard Washington,78468,washiri01,Richard Washington,richard washington
S1,name+dob,Bobby Washington,78469,washibo01,Bobby Washington,bobby washington
S1,name+dob,Stan Washington,78470,washist01,Stan Washington,stan washington
S1,name+dob,Wilson Washington,78471,washiwi01,Wilson Washington,wilson washington
S1,name+dob,Slick Watts,78473,wattssl01,Slick Watts,slick watts
S1,name+dob,Ron Watts,78474,wattsro01,Ron Watts,ron watts
S1,name+dob,Nick Weatherspoon,78475,weathni01,Nick Weatherspoon,nick weatherspoon
S1,name+dob,Jeff Webb,78477,webbje01,Jeff Webb,jeff webb
S1,name+dob,Marcus Webb,78478,webbma01,Marcus Webb,marcus webb
S1,name+dob,Marvin Webster,78481,webstma01,Marvin Webster,marvin webster
S1,name+dob,Scott Wedman,78482,wedmasc01,Scott Wedman,scott wedman
S1,name+dob,Dick Wehr,78483,wehrdi01,Dick Wehr,dick wehr
S1,name+dob,Brant Weidner,78484,weidnbr01,Brant Weidner,brant weidner
S1,name+dob,Bob Weiss,78485,weissbo01,Bob Weiss,bob weiss
S1,name+dob,Rick Weitzman,78486,weitzri01,Rick Weitzman,rick weitzman
S1,name+dob,Owen Wells,78488,wellsow01,Owen Wells,owen wells
S1,name+dob,Ralph Wells,78489,wellsra01,Ralph Wells,ralph wells
S1,name+dob,Matt Wenstrom,78492,wenstma01,Matt Wenstrom,matt wenstrom
S1,name+dob,Walt Wesley,78495,weslewa01,Walt Wesley,walt wesley
S1,name+dob,Jerry West,78497,westje01,Jerry West,jerry west
S1,name+dob,Roland West,78499,westro01,Roland West,roland west
S1,name+dob,Eric Murdock,785,murdoer01,Eric Murdock,eric murdock
S1,name+dob,Paul Westphal,78500,westppa01,Paul Westphal,paul westphal
S1,name+dob,John Wetzel,78501,wetzejo01,John Wetzel,john wetzel
S1,name+dob,Clinton Wheeler,78504,wheelcl01,Clinton Wheeler,clinton wheeler
S1,name+dob,Eric White,78507,whiteer01,Eric White,eric white
S1,name+dob,Herb White,78508,whitehe01,Herb White,herb white
S1,name+dob,Hubie White,78509,whitehu01,Hubie White,hubie white
S1,name+dob,Rory White,78512,whitero01,Rory White,rory white
S1,name+dob,Rudy White,78513,whiteru01,Rudy White,rudy white
S1,name+dob,Tony White,78514,whiteto01,Tony White,tony white
S1,name+dob,Willie White,78515,whitewi01,Willie White,willie white
S1,name+dob,Jerome Whitehead,78516,whiteje01,Jerome Whitehead,jerome whitehead
S1,name+dob,Sidney Wicks,78520,wickssi01,Sidney Wicks,sidney wicks
S1,name+dob,Murray Wier,78521,wiermu01,Murray Wier,murray wier
S1,name+dob,Bob Wiesenhahn,78522,wiesebo01,Bob Wiesenhahn,bob wiesenhahn
S1,name+dob,Mitchell Wiggins,78523,wiggimi01,Mitchell Wiggins,mitchell wiggins
S1,name+dob,Ken Wilburn,78524,wilbuke01,Ken Wilburn,ken wilburn
S1,name+dob,D.C. Wilcutt,78525,wilcudc01,D.C. Wilcutt,d c wilcutt
S1,name+dob,Gene Wiley,78526,wileyge01,Gene Wiley,gene wiley
S1,name+dob,Michael Wiley,78527,wileymi01,Michael Wiley,michael wiley
S1,name+dob,Morlon Wiley,78528,wileymo01,Morlon Wiley,morlon wiley
S1,name+dob,Lenny Wilkens,78530,wilkele01,Lenny Wilkens,lenny wilkens
S1,name+dob,Bob Wilkerson,78531,wilkebo01,Bob Wilkerson,bob wilkerson
S1,name+dob,Jamaal Wilkes,78532,wilkeja01,Jamaal Wilkes,jamaal wilkes
S1,name+dob,Jeff Wilkins,78537,wilkije01,Jeff Wilkins,jeff wilkins
S1,name+dob,Dale Wilkinson,78538,wilkida01,Dale Wilkinson,dale wilkinson
S1,name+dob,Bernie Williams,78540,willibe01,Bernie Williams,bernie williams
S1,name+dob,Chuckie Williams,78541,willich03,Chuckie Williams,chuckie williams
S1,name+dob,Cliff Williams,78543,willicl01,Cliff Williams,cliff williams
S1,name+dob,Earl Williams,78546,williea01,Earl Williams,earl williams
S1,name+dob,Chuck Williams,78547,willich02,Chuck Williams,chuck williams
S1,name+dob,Freeman Williams,78548,willifr01,Freeman Williams,freeman williams
S1,name+dob,Gus Williams,78549,willigu01,Gus Williams,gus williams
S1,name+dob,Guy Williams,78550,willigu02,Guy Williams,guy williams
S1,name+dob,John Williams,78554,willijo02,John Williams,john williams
S1,name+dob,Kenny Williams,78555,willike03,Kenny Williams,kenny williams
S1,name+dob,Kevin Williams,78556,willike01,Kevin Williams,kevin williams
S1,name+dob,Mike Williams,78558,willimi03,Mike Williams,mike williams
S1,name+dob,Milt Williams,78560,willimi01,Milt Williams,milt williams
S1,name+dob,Nate Williams,78561,willina01,Nate Williams,nate williams
S1,name+dob,Rickey Williams,78563,williri01,Rickey Williams,rickey williams
S1,name+dob,Bob Williams,78564,willibo01,Bob Williams,bob williams
S1,name+dob,Rob Williams,78565,williro02,Rob Williams,rob williams
S1,name+dob,Pete Williams,78566,willipe01,Pete Williams,pete williams
S1,name+dob,Ron Williams,78567,williro01,Ron Williams,ron williams
S1,name+dob,Sam Williams,78568,willisa01,Sam Williams,sam williams
S1,name+dob,Sly Williams,78570,willisl01,Sly Williams,sly williams
S1,name+dob,Ray Williams,78571,willira01,Ray Williams,ray williams
S1,name+dob,Ward Williams,78573,williwa01,Ward Williams,ward williams
S1,name+dob,Willie Williams,78574,williwi01,Willie Williams,willie williams
S1,name+dob,John Williamson,78575,willijo01,John Williamson,john williamson
S1,name+dob,Bill Willoughby,78577,willobi01,Bill Willoughby,bill willoughby
S1,name+dob,Othell Wilson,78578,wilsoot01,Othell Wilson,othell wilson
S1,name+dob,George Wilson,78579,wilsoge01,George Wilson,george wilson
S1,name+dob,Isaiah Wilson,78580,wilsois01,Isaiah Wilson,isaiah wilson
S1,name+dob,Nikita Wilson,78582,wilsoni01,Nikita Wilson,nikita wilson
S1,name+dob,Rick Wilson,78583,wilsori01,Rick Wilson,rick wilson
S1,name+dob,Ricky Wilson,78584,wilsori02,Ricky Wilson,ricky wilson
S1,name+dob,Bobby Wilson,78585,wilsobo03,Bobby Wilson,bobby wilson
S1,name+dob,Bob Wilson,78586,wilsobo01,Bob Wilson,bob wilson
S1,name+dob,Kennard Winchester,78589,winchke01,Kennard Winchester,kennard winchester
S1,name+dob,Tony Windis,78590,windito01,Tony Windis,tony windis
S1,name+dob,John Windsor,78591,windsjo01,John Windsor,john windsor
S1,name+dob,Lee Winfield,78592,winfile01,Lee Winfield,lee winfield
S1,name+dob,Harthorne Wingo,78596,wingoha01,Harthorne Wingo,harthorne wingo
S1,name+dob,Marv Winkler,78597,winklma01,Marv Winkler,marv winkler
S1,name+dob,Gerald Wilkins,786,wilkige01,Gerald Wilkins,gerald wilkins
S1,name+dob,Brian Winters,78600,wintebr01,Brian Winters,brian winters
S1,name+dob,Voise Winters,78601,wintevo01,Voise Winters,voise winters
S1,name+dob,Willie Wise,78602,wisewi01,Willie Wise,willie wise
S1,name+dob,Luke Witte,78603,wittelu01,Luke Witte,luke witte
S1,name+dob,Garry Witts,78605,wittsga01,Garry Witts,garry witts
S1,name+dob,Dave Wohl,78606,wohlda01,Dave Wohl,dave wohl
S1,name+dob,Howard Wood,78609,woodho01,Howard Wood,howard wood
S1,name+dob,Al Wood,78610,woodal01,Al Wood,al wood
S1,name+dob,Leon Wood,78611,woodle01,Leon Wood,leon wood
S1,name+dob,Bob Wood,78612,woodbo01,Bob Wood,bob wood
S1,name+dob,Mike Woodson,78614,woodsmi01,Mike Woodson,mike woodson
S1,name+dob,Orlando Woolridge,78615,woolror01,Orlando Woolridge,orlando woolridge
S1,name+dob,Mark Workman,78616,workmma01,Mark Workman,mark workman
S1,name+dob,Tom Workman,78617,workmto01,Tom Workman,tom workman
S1,name+dob,Sam Worthen,78618,worthsa01,Sam Worthen,sam worthen
S1,name+dob,Brad Wright,78620,wrighbr01,Brad Wright,brad wright
S1,name+dob,Howard Wright,78621,wrighho02,Howard Wright,howard wright
S1,name+dob,Joby Wright,78622,wrighjo01,Joby Wright,joby wright
S1,name+dob,Larry Wright,78623,wrighla01,Larry Wright,larry wright
S1,name+dob,A.J. Wynder,78627,wyndeaj01,A.J. Wynder,a j wynder
S1,name+dob,George Yardley,78628,yardlge01,George Yardley,george yardley
S1,name+dob,Barry Yates,78629,yatesba01,Barry Yates,barry yates
S1,name+dob,Wayne Yates,78630,yateswa01,Wayne Yates,wayne yates
S1,name+dob,Charlie Yelverton,78631,yelvech01,Charlie Yelverton,charlie yelverton
S1,name+dob,Rich Yonakor,78632,yonakri01,Rich Yonakor,rich yonakor
S1,name+dob,Danny Young,78633,youngda01,Danny Young,danny young
S1,name+dob,Michael Young,78634,youngmi01,Michael Young,michael young
S1,name+dob,Perry Young,78635,youngpe01,Perry Young,perry young
S1,name+dob,Max Zaslofsky,78638,zasloma01,Max Zaslofsky,max zaslofsky
S1,name+dob,Dave Zeller,78640,zelleda01,Dave Zeller,dave zeller
S1,name+dob,Gary Zeller,78641,zellega01,Gary Zeller,gary zeller
S1,name+dob,Tony Zeno,78643,zenoto01,Tony Zeno,tony zeno
S1,name+dob,Phil Zevenbergen,78644,zevenph01,Phil Zevenbergen,phil zevenbergen
S1,name+dob,Bill Zopf,78648,zopfbi01,Bill Zopf,bill zopf
S1,name+dob,Matt Zunic,78650,zunicma01,Matt Zunic,matt zunic
S1,name+dob,John Tresvant,78651,tresvjo01,John Tresvant,john tresvant
S1,name+dob,Barry Sumpter,78654,sumptba01,Barry Sumpter,barry sumpter
S1,name+dob,Blair Rasmussen,78656,rasmubl01,Blair Rasmussen,blair rasmussen
S1,name+dob,Charles Barkley,787,barklch01,Charles Barkley,charles barkley
S1,name+dob,Kevin Willis,788,willike02,Kevin Willis,kevin willis
S1,name+dob,Ken Norman,80,normake01,Ken Norman,ken norman
S1,name+dob,Jeff Grayer,81,grayeje01,Jeff Grayer,jeff grayer
S1,name+dob,Bill Wennington,82,wennibi01,Bill Wennington,bill wennington
S1,name+dob,Latrell Sprewell,84,sprewla01,Latrell Sprewell,latrell sprewell
S1,name+dob,Brent Price,85,pricebr01,Brent Price,brent price
S1,name+dob,Dikembe Mutombo,87,mutomdi01,Dikembe Mutombo,dikembe mutombo
S1,name+dob,Steve Scheffler,88,schefst01,Steve Scheffler,steve scheffler
S1,name+dob,Nick Van Exel,89,vanexni01,Nick Van Exel,nick exel
S1,name+dob,Charles Oakley,891,oaklech01,Charles Oakley,charles oakley
S1,name+dob,Spud Webb,892,webbsp01,Spud Webb,spud webb
S1,name+dob,Michael Jordan,893,jordami01,Michael Jordan,michael jordan
S1,name+dob,Ricky Pierce,894,piercri01,Ricky Pierce,ricky pierce
S1,name+dob,Tyrone Corbin,895,corbity01,Tyrone Corbin,tyrone corbin
S1,name+dob,Tim Hardaway,896,hardati01,Tim Hardaway,tim hardaway
S1,name+dob,Tim Perry,897,perryti01,Tim Perry,tim perry
S1,name+dob,Blue Edwards,898,edwarbl01,Blue Edwards,blue edwards
S1,name+dob,Mark Price,899,pricema01,Mark Price,mark price
S1,name+dob,Sedale Threatt,9,threase01,Sedale Threatt,sedale threatt
S1,name+dob,Matt Fish,900,fishma01,Matt Fish,matt fish
S1,name+dob,Mark Jones,90000,jonesma02,Mark Jones,mark jones
S1,name+dob,Otis Thorpe,901,thorpot01,Otis Thorpe,otis thorpe
S1,name+dob,Bimbo Coles,902,colesbi01,Bimbo Coles,bimbo coles
S1,name+dob,Geert Hammink,903,hammige01,Geert Hammink,geert hammink
S1,name+dob,Chris Mullin,904,mullich01,Chris Mullin,chris mullin
S1,name+dob,Dale Davis,905,davisda01,Dale Davis,dale davis
S1,name+dob,Haywoode Workman,906,workmha01,Haywoode Workman,haywoode workman
S1,name+dob,Malik Sealy,907,sealyma01,Malik Sealy,malik sealy
S1,name+dob,Ervin Johnson,911,johnser02,Ervin Johnson,ervin johnson
S1,name+dob,Rafael Addison,912,addisra01,Rafael Addison,rafael addison
S1,name+dob,Larry Johnson,913,johnsla02,Larry Johnson,larry johnson
S1,name+dob,Stanley Roberts,914,roberst01,Stanley Roberts,stanley roberts
S1,name+dob,Rodney Rogers,915,rogerro01,Rodney Rogers,rodney rogers
S1,name+dob,Corie Blount,916,blounco01,Corie Blount,corie blount
S1,name+dob,Jack Haley,917,haleyja01,Jack Haley,jack haley
S1,name+dob,Loy Vaught,919,vaughlo01,Loy Vaught,loy vaught
S1,name+dob,A.C. Green,920,greenac01,A.C. Green,a c green
S1,name+dob,Brad Daugherty,921,daughbr01,Brad Daugherty,brad daugherty
S1,name+dob,Elden Campbell,922,campbel01,Elden Campbell,elden campbell
S1,name+dob,Donyell Marshall,923,marshdo01,Donyell Marshall,donyell marshall
S1,name+dob,Anthony Goldwire,924,goldwan01,Anthony Goldwire,anthony goldwire
S1,name+dob,Sean Higgins,925,higgise01,Sean Higgins,sean higgins
S1,name+dob,Alvin Robertson,926,roberal01,Alvin Robertson,alvin robertson
S1,name+dob,John Salley,927,sallejo01,John Salley,john salley
S1,name+dob,Robert Churchwell,928,churcro01,Robert Churchwell,robert churchwell
S1,name+dob,Tracy Moore,929,mooretr01,Tracy Moore,tracy moore
S1,name+dob,Hubert Davis,93,davishu01,Hubert Davis,hubert davis
S1,name+dob,Kenny Gattison,930,gattike01,Kenny Gattison,kenny gattison
S1,name+dob,Don MacLean,931,macledo01,Don MacLean,don maclean
S1,name+dob,Oliver Miller,932,milleol01,Oliver Miller,oliver miller
S1,name+dob,Derrick Coleman,934,colemde01,Derrick Coleman,derrick coleman
S1,name+dob,Bryon Russell,935,russebr01,Bryon Russell,bryon russell
S1,name+dob,Scottie Pippen,937,pippesc01,Scottie Pippen,scottie pippen
S1,name+dob,Rony Seikaly,938,seikaro01,Rony Seikaly,rony seikaly
S1,name+dob,Pete Myers,939,myerspe01,Pete Myers,pete myers
S1,name+dob,Earl Cureton,940,curetea01,Earl Cureton,earl cureton
S1,name+dob,Ennis Whatley,941,whatlen01,Ennis Whatley,ennis whatley
S1,name+dob,Todd Mundt,942,mundtto01,Todd Mundt,todd mundt
S1,name+dob,Ryan Lorthridge,943,lorthry01,Ryan Lorthridge,ryan lorthridge
S1,name+dob,Eric Anderson,944,anderer01,Eric Anderson,eric anderson
S1,name+dob,Allen Iverson,947,iversal01,Allen Iverson,allen iverson
S1,name+dob,Marcus Camby,948,cambyma01,Marcus Camby,marcus camby
S1,name+dob,Shareef Abdur-Rahim,949,abdursh01,Shareef Abdur-Rahim,shareef abdurrahim
S1,name+dob,Mark Bryant,95,bryanma01,Mark Bryant,mark bryant
S1,name+dob,Stephon Marbury,950,marbust01,Stephon Marbury,stephon marbury
S1,name+dob,Ray Allen,951,allenra02,Ray Allen,ray allen
S1,name+dob,Antoine Walker,952,walkean02,Antoine Walker,antoine walker
S1,name+dob,Lorenzen Wright,953,wrighlo02,Lorenzen Wright,lorenzen wright
S1,name+dob,Kerry Kittles,954,kittlke01,Kerry Kittles,kerry kittles
S1,name+dob,Samaki Walker,955,walkesa01,Samaki Walker,samaki walker
S1,name+dob,Erick Dampier,956,dampier01,Erick Dampier,erick dampier
S1,name+dob,Todd Fuller,957,fulleto02,Todd Fuller,todd fuller
S1,name+dob,Vitaly Potapenko,958,potapvi01,Vitaly Potapenko,vitaly potapenko
S1,name+dob,Steve Nash,959,nashst01,Steve Nash,steve nash
S1,name+dob,Detlef Schrempf,96,schrede01,Detlef Schrempf,detlef schrempf
S1,name+dob,Tony Delk,960,delkto01,Tony Delk,tony delk
S1,name+dob,John Wallace,961,wallajo01,John Wallace,john wallace
S1,name+dob,Walter McCarty,962,mccarwa01,Walter McCarty,walter mccarty
S1,name+dob,Dontae' Jones,963,jonesdo01,Dontae' Jones,dontae jones
S1,name+dob,Roy Rogers,964,rogerro02,Roy Rogers,roy rogers
S1,name+dob,Derek Fisher,965,fishede01,Derek Fisher,derek fisher
S1,name+dob,Jerome Williams,966,willije01,Jerome Williams,jerome williams
S1,name+dob,Brian Evans,967,evansbr01,Brian Evans,brian evans
S1,name+dob,Priest Lauderdale,968,laudepr01,Priest Lauderdale,priest lauderdale
S1,name+dob,Travis Knight,969,knightr01,Travis Knight,travis knight
S1,name+dob,Othella Harrington,970,harriot01,Othella Harrington,othella harrington
S1,name+dob,Mark Hendrickson,971,hendrma01,Mark Hendrickson,mark hendrickson
S1,name+dob,Jeff McInnis,976,mcinnje01,Jeff McInnis,jeff mcinnis
S1,name+dob,Kobe Bryant,977,bryanko01,Kobe Bryant,kobe bryant
S1,name+dob,Peja Stojakovic,978,stojape01,Peja Stojaković,peja stojakovic
S1,name+dob,Jermaine O'Neal,979,onealje01,Jermaine O'Neal,jermaine oneal
S1,name+dob,Nick Anderson,98,anderni01,Nick Anderson,nick anderson
S1,name+dob,Zydrunas Ilgauskas,980,ilgauzy01,Zydrunas Ilgauskas,zydrunas ilgauskas
S1,name+dob,Efthimios Rentzias,981,rentzef01,Efthimios Rentzias,efthimios rentzias
S1,name+dob,Martin Muursepp,982,muursma01,Martin Müürsepp,martin muursepp
S1,name+dob,Moochie Norris,983,norrimo01,Moochie Norris,moochie norris
S1,name+dob,Steve Hamer,984,hamerst01,Steve Hamer,steve hamer
S1,name+dob,Jason Sasser,987,sasseja01,Jason Sasser,jason sasser
S1,name+dob,Randy Livingston,988,livinra01,Randy Livingston,randy livingston
S1,name+dob,Ben Davis,989,davisbe01,Ben Davis,ben davis
S1,name+dob,Malik Rose,990,rosema01,Malik Rose,malik rose
S1,name+dob,Marcus Brown,992,brownma01,Marcus Brown,marcus brown
S1,name+dob,Jamie Feick,994,feickja01,Jamie Feick,jamie feick
S1,name+dob,Chris Robinson,997,robinch01,Chris Robinson,chris robinson
S1,name+dob,Mark Pope,998,popema01,Mark Pope,mark pope
S1,name+dob,Jeff Nordgaard,999,nordgje01,Jeff Nordgaard,jeff nordgaard
S1,S1-only-has-play-by-play,,1277,,,
S1,S1-only-inactive-list-only,Trevon Bluiett,1629129,,,
S1,S1-only-inactive-list-only,Tarik Phillip,1629341,,,
S1,S1-only-inactive-list-only,Kenny Wooten,1629624,,,
S1,S1-only-inactive-list-only,Caleb Homesley,1630258,,,
S1,S1-only-inactive-list-only,DJ Stewart,1630597,,,
S1,S1-only-inactive-list-only,Justin Lewis,1631171,,,
S1,S1-only-has-play-by-play,,1787,,,
S1,S1-only-inactive-list-only,Herbert Hill,201195,,,
S1,S1-only-inactive-list-only,Robert Vaden,201987,,,
S1,S1-only-inactive-list-only,Curtis Jerrells,201998,,,
S1,S1-only-inactive-list-only,Diamon Simpson,202067,,,
S1,S1-only-inactive-list-only,Tony Gaffney,202070,,,
S1,S1-only-inactive-list-only,Brian Butch,202221,,,
S1,S1-only-inactive-list-only,Kenny Hasbrouck,202238,,,
S1,S1-only-inactive-list-only,Terrico White,202358,,,
S1,S1-only-inactive-list-only,Da'Sean Butler,202364,,,
S1,S1-only-inactive-list-only,Magnum Rolle,202375,,,
S1,S1-only-no-pbp-evidence,Marqus Blakely,202392,,,
S1,S1-only-has-play-by-play,,2794,,,
S1,S1-only-has-play-by-play,,471,,,
S1,S1-only-no-pbp-evidence,Francis Crossin,76479,,,
S1,S1-only-no-pbp-evidence,Wayne Englestad,76671,,,
S1,S1-only-no-pbp-evidence,Gene Gillette,76813,,,
S1,S1-only-no-pbp-evidence,Adolph Hoefer,77035,,,
S1,S1-only-no-pbp-evidence,Herm Klotz,77284,,,
S1,S1-only-has-play-by-play,,775,,,
S1,S1-only-no-pbp-evidence,Buckshot O'Brien,77743,,,
S1,S1-only-no-pbp-evidence,Rabbit Walthour,78448,,,
S1,S1-only-no-pbp-evidence,Marcus Mann,986,,,
S1,surname+career-span,Johnny Kerr,77248,kerrre01,Red Kerr,
S1,surname+career-span,Peter Maravich,77458,maravpr01,Press Maravich,
S1,surname-fuzzy+dob-window,Mal McMullan,77556,mcmulma01,Mal McMullen,mal mcmullan
S1,surname-fuzzy+dob-window,Sid Tannenbaum,78291,tanensi01,Sid Tanenbaum,sid tannenbaum
S2,no-S1-match-pre-2023,Chink Crossin,crossch01,,,
S2,no-S1-match-pre-2023,Wayne Engelstad,englewa01,,,
S2,no-S1-match-pre-2023,Gene Gallette,gillege01,,,
S2,no-S1-match-pre-2023,RaiQuan Gray,grayra01,,,
S2,no-S1-match-pre-2023,Charlie Hoefer,hoefech01,,,
S2,no-S1-match-pre-2023,Red Klotz,klotzhe01,,,
S2,no-S1-match-pre-2023,Ralph O'Brien,obriera01,,,
S2,no-S1-match-pre-2023,Isaac Walthour,walthis01,,,
S2,no-S1-match-pre-2023,Bobby Watson,watsobo01,,,
S2,no-S1-match-2024-plus,Trey Alexander,alexatr01,,,
S2,no-S1-match-2024-plus,Timmy Allen,allenti01,,,
S2,no-S1-match-2024-plus,Alex Antetokounmpo,antetal01,,,
S2,no-S1-match-2024-plus,Armel Traoré,armeltr01,,,
S2,no-S1-match-2024-plus,Marcus Bagley,baglema02,,,
S2,no-S1-match-2024-plus,Ace Bailey,baileac01,,,
S2,no-S1-match-2024-plus,Amari Bailey,baileam01,,,
S2,no-S1-match-2024-plus,Adama-Alpha Bal,balad01,,,
S2,no-S1-match-2024-plus,Brooks Barnhizer,barnhbr01,,,
S2,no-S1-match-2024-plus,Emoni Bates,batesem01,,,
S2,no-S1-match-2024-plus,Jamison Battle,battlja01,,,
S2,no-S1-match-2024-plus,Damion Baugh,baughda01,,,
S2,no-S1-match-2024-plus,Reece Beekman,beekmre01,,,
S2,no-S1-match-2024-plus,Joan Beringer,berinjo01,,,
S2,no-S1-match-2024-plus,Jules Bernard,bernaju01,,,
S2,no-S1-match-2024-plus,Onuralp Bitim,bitimon01,,,
S2,no-S1-match-2024-plus,Anthony Black,blackan01,,,
S2,no-S1-match-2024-plus,Leaky Black,blackle01,,,
S2,no-S1-match-2024-plus,Adem Bona,bonaad01,,,
S2,no-S1-match-2024-plus,Koby Brea,breako01,,,
S2,no-S1-match-2024-plus,Jalen Bridges,bridgja01,,,
S2,no-S1-match-2024-plus,Izaiah Brockington,brockiz01,,,
S2,no-S1-match-2024-plus,Keion Brooks Jr.,brookke02,,,
S2,no-S1-match-2024-plus,Johni Broome,broomjo01,,,
S2,no-S1-match-2024-plus,Darius Brown II,brownda04,,,
S2,no-S1-match-2024-plus,Kobe Brown,brownko01,,,
S2,no-S1-match-2024-plus,Carter Bryant,bryanca01,,,
S2,no-S1-match-2024-plus,Kobe Bufkin,bufkiko01,,,
S2,no-S1-match-2024-plus,Tyler Burton,burtoty01,,,
S2,no-S1-match-2024-plus,Matas Buzelis,buzelma01,,,
S2,no-S1-match-2024-plus,Toumani Camara,camarto01,,,
S2,no-S1-match-2024-plus,Dylan Cardwell,cardwdy01,,,
S2,no-S1-match-2024-plus,Branden Carlson,carlsbr01,,,
S2,no-S1-match-2024-plus,Bub Carrington,carrica01,,,
S2,no-S1-match-2024-plus,Devin Carter,cartede02,,,
S2,no-S1-match-2024-plus,D.J. Carton,cartodj01,,,
S2,no-S1-match-2024-plus,Colin Castleton,castlco01,,,
S2,no-S1-match-2024-plus,Stephon Castle,castlst01,,,
S2,no-S1-match-2024-plus,Malcolm Cazalon,cazalma01,,,
S2,no-S1-match-2024-plus,Ulrich Chomche,chomcul01,,,
S2,no-S1-match-2024-plus,Cam Christie,chrisca02,,,
S2,no-S1-match-2024-plus,Moussa Cisse,cissemo01,,,
S2,no-S1-match-2024-plus,Sidy Cissoko,cissosi01,,,
S2,no-S1-match-2024-plus,Jaylen Clark,clarkja02,,,
S2,no-S1-match-2024-plus,Walter Clayton,claytwa01,,,
S2,no-S1-match-2024-plus,Nique Clifford,cliffni01,,,
S2,no-S1-match-2024-plus,Donovan Clingan,clingdo01,,,
S2,no-S1-match-2024-plus,Noah Clowney,clownno01,,,
S2,no-S1-match-2024-plus,Isaiah Collier,colliis01,,,
S2,no-S1-match-2024-plus,Yuri Collins,colliyu01,,,
S2,no-S1-match-2024-plus,Javonte Cooke,cookeja01,,,
S2,no-S1-match-2024-plus,Bilal Coulibaly,coulibi01,,,
S2,no-S1-match-2024-plus,Ricky Council IV,councri01,,,
S2,no-S1-match-2024-plus,Cedric Coward,cowarce01,,,
S2,no-S1-match-2024-plus,Isaiah Crawford,crawfis01,,,
S2,no-S1-match-2024-plus,Jalen Crutcher,crutcja01,,,
S2,no-S1-match-2024-plus,LJ Cryer,cryerlj01,,,
S2,no-S1-match-2024-plus,Cui Yongxi,cuiyo01,,,
S2,no-S1-match-2024-plus,Pacôme Dadiet,dadiepa01,,,
S2,no-S1-match-2024-plus,Tristan Da Silva,dasiltr01,,,
S2,no-S1-match-2024-plus,Egor Dёmin,demineg01,,,
S2,no-S1-match-2024-plus,Dexter Dennis,dennide01,,,
S2,no-S1-match-2024-plus,RayJ Dennis,dennira01,,,
S2,no-S1-match-2024-plus,Mohamed Diawara,diawamo01,,,
S2,no-S1-match-2024-plus,Gradey Dick,dickgr01,,,
S2,no-S1-match-2024-plus,Hunter Dickinson,dickihu01,,,
S2,no-S1-match-2024-plus,Rob Dillingham,dilliro01,,,
S2,no-S1-match-2024-plus,Henri Drell,drellhe01,,,
S2,no-S1-match-2024-plus,Alex Ducas,ducasal01,,,
S2,no-S1-match-2024-plus,Ryan Dunn,dunnry01,,,
S2,no-S1-match-2024-plus,Zach Edey,edeyza01,,,
S2,no-S1-match-2024-plus,VJ Edgecombe,edgecvj01,,,
S2,no-S1-match-2024-plus,Jesse Edwards,edwarje01,,,
S2,no-S1-match-2024-plus,Justin Edwards,edwarju01,,,
S2,no-S1-match-2024-plus,Tristan Enaruna,enarutr01,,,
S2,no-S1-match-2024-plus,Noa Essengue,essenno01,,,
S2,no-S1-match-2024-plus,Tyson Etienne,etienty01,,,
S2,no-S1-match-2024-plus,Tosan Evbuomwan,evbuoto01,,,
S2,no-S1-match-2024-plus,Jeremiah Fears,fearsje01,,,
S2,no-S1-match-2024-plus,Kyle Filipowski,filipky01,,,
S2,no-S1-match-2024-plus,Cooper Flagg,flaggco01,,,
S2,no-S1-match-2024-plus,Adam Flagler,flaglad01,,,
S2,no-S1-match-2024-plus,Rasheer Fleming,flemira01,,,
S2,no-S1-match-2024-plus,Trentyn Flowers,flowetr01,,,
S2,no-S1-match-2024-plus,Jordan Ford,fordjo01,,,
S2,no-S1-match-2024-plus,Enrique Freeman,freemen01,,,
S2,no-S1-match-2024-plus,Javon Freeman-Liberty,freemja01,,,
S2,no-S1-match-2024-plus,Alex Fudge,fudgeal01,,,
S2,no-S1-match-2024-plus,Andrew Funk,funkan01,,,
S2,no-S1-match-2024-plus,Johnny Furphy,furphjo01,,,
S2,no-S1-match-2024-plus,Andersson Garcia,garcian01,,,
S2,no-S1-match-2024-plus,Myron Gardner,gardnmy01,,,
S2,no-S1-match-2024-plus,Kaiser Gates,gateska01,,,
S2,no-S1-match-2024-plus,Keyonte George,georgke01,,,
S2,no-S1-match-2024-plus,Kyshawn George,georgky01,,,
S2,no-S1-match-2024-plus,Keshon Gilbert,gilbeke01,,,
S2,no-S1-match-2024-plus,Vladislav Goldin,goldivl01,,,
S2,no-S1-match-2024-plus,Hugo González,gonzahu01,,,
S2,no-S1-match-2024-plus,Jazian Gortman,gortmja01,,,
S2,no-S1-match-2024-plus,Hayden Gray,grayha01,,,
S2,no-S1-match-2024-plus,Mouhamadou Gueye,gueyemo01,,,
S2,no-S1-match-2024-plus,Mouhamed Gueye,gueyemo02,,,
S2,no-S1-match-2024-plus,PJ Hall,hallpj01,,,
S2,no-S1-match-2024-plus,Elijah Harkless,harklej01,,,
S2,no-S1-match-2024-plus,Dylan Harper,harpedy01,,,
S2,no-S1-match-2024-plus,Jordan Hawkins,hawkijo01,,,
S2,no-S1-match-2024-plus,Scoot Henderson,hendesc01,,,
S2,no-S1-match-2024-plus,Taylor Hendricks,hendrta01,,,
S2,no-S1-match-2024-plus,Chucky Hepburn,hepbuch01,,,
S2,no-S1-match-2024-plus,Blake Hinson,hinsobl01,,,
S2,no-S1-match-2024-plus,D'Moi Hodge,hodgedm01,,,
S2,no-S1-match-2024-plus,Ron Holland,hollaro01,,,
S2,no-S1-match-2024-plus,DaRon Holmes,holmeda01,,,
S2,no-S1-match-2024-plus,Jalen Hood-Schifino,hoodsja01,,,
S2,no-S1-match-2024-plus,Jett Howard,howarje01,,,
S2,no-S1-match-2024-plus,Ariel Hukporti,hukpoar01,,,
S2,no-S1-match-2024-plus,CJ Huntley,huntlcj01,,,
S2,no-S1-match-2024-plus,Matthew Hurt,hurtma01,,,
S2,no-S1-match-2024-plus,Oso Ighodaro,ighodos01,,,
S2,no-S1-match-2024-plus,Harrison Ingram,ingraha01,,,
S2,no-S1-match-2024-plus,Andre Jackson Jr.,jacksan01,,,
S2,no-S1-match-2024-plus,GG Jackson II,jacksgg01,,,
S2,no-S1-match-2024-plus,Trayce Jackson-Davis,jackstr02,,,
S2,no-S1-match-2024-plus,Kasparas Jakučionis,jakucka01,,,
S2,no-S1-match-2024-plus,Bronny James,jamesbr02,,,
S2,no-S1-match-2024-plus,Sion James,jamessi01,,,
S2,no-S1-match-2024-plus,Jaime Jaquez Jr.,jaqueja01,,,
S2,no-S1-match-2024-plus,Trey Jemison,jemistr01,,,
S2,no-S1-match-2024-plus,Daniss Jenkins,jenkida01,,,
S2,no-S1-match-2024-plus,AJ Johnson,johnsaj01,,,
S2,no-S1-match-2024-plus,Chaney Johnson,johnsch06,,,
S2,no-S1-match-2024-plus,Keyontae Johnson,johnske08,,,
S2,no-S1-match-2024-plus,Keshad Johnson,johnske10,,,
S2,no-S1-match-2024-plus,Tre Johnson,johnstr03,,,
S2,no-S1-match-2024-plus,Colby Jones,jonesco02,,,
S2,no-S1-match-2024-plus,Curtis Jones,jonescu01,,,
S2,no-S1-match-2024-plus,David Jones García,jonesda06,,,
S2,no-S1-match-2024-plus,Dillon Jones,jonesdi01,,,
S2,no-S1-match-2024-plus,Isaac Jones,jonesis01,,,
S2,no-S1-match-2024-plus,Kam Jones,joneska03,,,
S2,no-S1-match-2024-plus,Spencer Jones,jonessp01,,,
S2,no-S1-match-2024-plus,Ryan Kalkbrenner,kalkbry01,,,
S2,no-S1-match-2024-plus,Yuki Kawamura,kawamyu01,,,
S2,no-S1-match-2024-plus,Kylor Kelley,kelleky01,,,
S2,no-S1-match-2024-plus,Miles Kelly,kellymi02,,,
S2,no-S1-match-2024-plus,Jayson Kent,kentja01,,,
S2,no-S1-match-2024-plus,Bobi Klintman,klintbo01,,,
S2,no-S1-match-2024-plus,Dalton Knecht,knechda01,,,
S2,no-S1-match-2024-plus,Kon Knueppel,knuepko01,,,
S2,no-S1-match-2024-plus,Tyler Kolek,kolekty01,,,
S2,no-S1-match-2024-plus,Yanic Konan Niederhäuser,konanya01,,,
S2,no-S1-match-2024-plus,Chaz Lanier,laniech01,,,
S2,no-S1-match-2024-plus,Pelle Larsson,larsspe01,,,
S2,no-S1-match-2024-plus,Malevy Leons,leonsma01,,,
S2,no-S1-match-2024-plus,Maxwell Lewis,lewisma05,,,
S2,no-S1-match-2024-plus,Dereck Lively II,livelde01,,,
S2,no-S1-match-2024-plus,Chris Livingston,livinch01,,,
S2,no-S1-match-2024-plus,Caleb Love,loveca01,,,
S2,no-S1-match-2024-plus,Lawson Lovering,loverla01,,,
S2,no-S1-match-2024-plus,Seth Lundy,lundyse01,,,
S2,no-S1-match-2024-plus,Khaman Maluach,maluakh01,,,
S2,no-S1-match-2024-plus,Chris Mañon,manonch01,,,
S2,no-S1-match-2024-plus,Alijah Martin,martial01,,,
S2,no-S1-match-2024-plus,Jaylen Martin,martija02,,,
S2,no-S1-match-2024-plus,Jahmai Mashack,mashaja01,,,
S2,no-S1-match-2024-plus,Karlo Matković,matkoka01,,,
S2,no-S1-match-2024-plus,Bez Mbeng,mbengbe01,,,
S2,no-S1-match-2024-plus,Jared McCain,mccaija01,,,
S2,no-S1-match-2024-plus,Kevin McCullar Jr.,mcculke01,,,
S2,no-S1-match-2024-plus,Liam McNeeley,mcneeli01,,,
S2,no-S1-match-2024-plus,Jack McVeigh,mcveija01,,,
S2,no-S1-match-2024-plus,Nathan Mensah,mensana01,,,
S2,no-S1-match-2024-plus,Vasilije Micić,micicva01,,,
S2,no-S1-match-2024-plus,Brandon Miller,millebr02,,,
S2,no-S1-match-2024-plus,Emanuel Miller,milleem01,,,
S2,no-S1-match-2024-plus,Jordan Miller,millejo02,,,
S2,no-S1-match-2024-plus,Leonard Miller,millele01,,,
S2,no-S1-match-2024-plus,Riley Minix,minixri01,,,
S2,no-S1-match-2024-plus,Yves Missi,missiyv01,,,
S2,no-S1-match-2024-plus,Ajay Mitchell,mitchaj01,,,
S2,no-S1-match-2024-plus,Jonathan Mogbo,mogbojo01,,,
S2,no-S1-match-2024-plus,Taze Moore,mooreta02,,,
S2,no-S1-match-2024-plus,Alex Morales,moralal01,,,
S2,no-S1-match-2024-plus,Collin Murray-Boyles,murraco01,,,
S2,no-S1-match-2024-plus,Kris Murray,murrakr01,,,
S2,no-S1-match-2024-plus,Pete Nance,nancepe01,,,
S2,no-S1-match-2024-plus,Grant Nelson,nelsogr02,,,
S2,no-S1-match-2024-plus,Ryan Nembhard,nembhry01,,,
S2,no-S1-match-2024-plus,Asa Newell,newelas01,,,
S2,no-S1-match-2024-plus,Tristen Newton,newtotr01,,,
S2,no-S1-match-2024-plus,N'Faly Dante,nfalyda01,,,
S2,no-S1-match-2024-plus,Miles Norris,norrimi01,,,
S2,no-S1-match-2024-plus,Markquis Nowell,nowelma01,,,
S2,no-S1-match-2024-plus,Josh Oduro,odurojo01,,,
S2,no-S1-match-2024-plus,Toby Okani,okanito01,,,
S2,no-S1-match-2024-plus,Lachlan Olbrich,olbrila01,,,
S2,no-S1-match-2024-plus,Quincy Olivari,olivaqu01,,,
S2,no-S1-match-2024-plus,Norchad Omier,omierno01,,,
S2,no-S1-match-2024-plus,Micah Peavy,peavymi01,,,
S2,no-S1-match-2024-plus,Sean Pedulla,pedulse01,,,
S2,no-S1-match-2024-plus,Noah Penda,pendano01,,,
S2,no-S1-match-2024-plus,Mãozinha Pereira,pereima01,,,
S2,no-S1-match-2024-plus,Drew Peterson,peterdr01,,,
S2,no-S1-match-2024-plus,Taelon Peter,peterta01,,,
S2,no-S1-match-2024-plus,Filip Petrušev,petrufi01,,,
S2,no-S1-match-2024-plus,Julian Phillips,phillju01,,,
S2,no-S1-match-2024-plus,Jalen Pickett,pickeja02,,,
S2,no-S1-match-2024-plus,Daeqwon Plowden,plowdda01,,,
S2,no-S1-match-2024-plus,Brandin Podziemski,podzibr01,,,
S2,no-S1-match-2024-plus,Craig Porter Jr.,portecr01,,,
S2,no-S1-match-2024-plus,Quinten Post,postqu01,,,
S2,no-S1-match-2024-plus,John Poulakidas,poulajo01,,,
S2,no-S1-match-2024-plus,Drake Powell,poweldr01,,,
S2,no-S1-match-2024-plus,Tyrese Proctor,proctty01,,,
S2,no-S1-match-2024-plus,Olivier-Maxence Prosper,prospol01,,,
S2,no-S1-match-2024-plus,Zyon Pullin,pullizy01,,,
S2,no-S1-match-2024-plus,Derik Queen,queende01,,,
S2,no-S1-match-2024-plus,Maxime Raynaud,raynama01,,,
S2,no-S1-match-2024-plus,Duop Reath,reathdu01,,,
S2,no-S1-match-2024-plus,Alex Reese,reeseal01,,,
S2,no-S1-match-2024-plus,Julian Reese,reeseju01,,,
S2,no-S1-match-2024-plus,Antonio Reeves,reevean01,,,
S2,no-S1-match-2024-plus,Jase Richardson,richaja02,,,
S2,no-S1-match-2024-plus,Will Richard,richawi02,,,
S2,no-S1-match-2024-plus,Kadary Richmond,richmka01,,,
S2,no-S1-match-2024-plus,Will Riley,rileywi01,,,
S2,no-S1-match-2024-plus,Zaccharie Risacher,risacza01,,,
S2,no-S1-match-2024-plus,Liam Robbins,robbili01,,,
S2,no-S1-match-2024-plus,Jackson Rowe,roweja01,,,
S2,no-S1-match-2024-plus,Rayan Rupert,ruperra01,,,
S2,no-S1-match-2024-plus,Cormac Ryan,ryanco01,,,
S2,no-S1-match-2024-plus,Tidjane Salaün,salauti01,,,
S2,no-S1-match-2024-plus,Hunter Sallis,sallihu01,,,
S2,no-S1-match-2024-plus,Jermaine Samuels,samueje01,,,
S2,no-S1-match-2024-plus,Kobe Sanders,sandeko01,,,
S2,no-S1-match-2024-plus,Payton Sandfort,sandfpa01,,,
S2,no-S1-match-2024-plus,Adama Sanogo,sanogad01,,,
S2,no-S1-match-2024-plus,Gui Santos,santogu01,,,
S2,no-S1-match-2024-plus,Ben Saraf,sarafbe01,,,
S2,no-S1-match-2024-plus,Alex Sarr,sarral01,,,
S2,no-S1-match-2024-plus,Marcus Sasser,sassema01,,,
S2,no-S1-match-2024-plus,Baylor Scheierman,scheiba01,,,
S2,no-S1-match-2024-plus,Mark Sears,searsma01,,,
S2,no-S1-match-2024-plus,Brice Sensabaugh,sensabr01,,,
S2,no-S1-match-2024-plus,Terrence Shannon Jr.,shannte01,,,
S2,no-S1-match-2024-plus,Jamal Shead,sheadja01,,,
S2,no-S1-match-2024-plus,Ben Sheppard,sheppbe01,,,
S2,no-S1-match-2024-plus,Reed Sheppard,sheppre01,,,
S2,no-S1-match-2024-plus,Max Shulga,shulgma01,,,
S2,no-S1-match-2024-plus,KJ Simpson,simpskj01,,,
S2,no-S1-match-2024-plus,Jaylen Sims,simsja01,,,
S2,no-S1-match-2024-plus,Dmytro Skapintsev,skapidm01,,,
S2,no-S1-match-2024-plus,Jalen Slawson,slawsja01,,,
S2,no-S1-match-2024-plus,Javon Small,smallja01,,,
S2,no-S1-match-2024-plus,Malachi Smith,smithma02,,,
S2,no-S1-match-2024-plus,Nick Smith Jr.,smithni01,,,
S2,no-S1-match-2024-plus,Terquavion Smith,smithte01,,,
S2,no-S1-match-2024-plus,Tolu Smith,smithto05,,,
S2,no-S1-match-2024-plus,Tyler Smith,smithty02,,,
S2,no-S1-match-2024-plus,Cam Spencer,spencca01,,,
S2,no-S1-match-2024-plus,Pat Spencer,spencpa01,,,
S2,no-S1-match-2024-plus,Isaiah Stevens,steveis01,,,
S2,no-S1-match-2024-plus,Julian Strawther,strawju01,,,
S2,no-S1-match-2024-plus,Jahmyl Telfort,telfoja01,,,
S2,no-S1-match-2024-plus,Adou Thiero,thierad01,,,
S2,no-S1-match-2024-plus,Amen Thompson,thompam01,,,
S2,no-S1-match-2024-plus,Ausar Thompson,thompau01,,,
S2,no-S1-match-2024-plus,Ethan Thompson,thompet01,,,
S2,no-S1-match-2024-plus,Drew Timme,timmedr01,,,
S2,no-S1-match-2024-plus,Nae'Qwan Tomlin,tomlina01,,,
S2,no-S1-match-2024-plus,John Tonje,tonjejo01,,,
S2,no-S1-match-2024-plus,Nikola Topić,topicni01,,,
S2,no-S1-match-2024-plus,Jacob Toppin,toppija01,,,
S2,no-S1-match-2024-plus,Nolan Traoré,traorno01,,,
S2,no-S1-match-2024-plus,Luke Travers,travelu01,,,
S2,no-S1-match-2024-plus,Oscar Tshiebwe,tshieos01,,,
S2,no-S1-match-2024-plus,Hunter Tyson,tysonhu01,,,
S2,no-S1-match-2024-plus,Jaylon Tyson,tysonja01,,,
S2,no-S1-match-2024-plus,Sasha Vezenkov,vezenal01,,,
S2,no-S1-match-2024-plus,Tristan Vukcevic,vukcetr01,,,
S2,no-S1-match-2024-plus,Jarace Walker,walkeja02,,,
S2,no-S1-match-2024-plus,Cason Wallace,wallaca01,,,
S2,no-S1-match-2024-plus,Keaton Wallace,wallake01,,,
S2,no-S1-match-2024-plus,Jordan Walsh,walshjo01,,,
S2,no-S1-match-2024-plus,Ja'Kobe Walter,walteja01,,,
S2,no-S1-match-2024-plus,Kel'el Ware,wareke01,,,
S2,no-S1-match-2024-plus,Jamir Watkins,watkija01,,,
S2,no-S1-match-2024-plus,Anton Watson,watsoan02,,,
S2,no-S1-match-2024-plus,Jaylen Wells,wellsja01,,,
S2,no-S1-match-2024-plus,Victor Wembanyama,wembavi01,,,
S2,no-S1-match-2024-plus,Phillip Wheeler,wheelph02,,,
S2,no-S1-match-2024-plus,Dariq Whitehead,whiteda01,,,
S2,no-S1-match-2024-plus,Cam Whitmore,whitmca01,,,
S2,no-S1-match-2024-plus,Amari Williams,william01,,,
S2,no-S1-match-2024-plus,Cody Williams,willico04,,,
S2,no-S1-match-2024-plus,Lucas Williamson,willilu01,,,
S2,no-S1-match-2024-plus,Malik Williams,willima11,,,
S2,no-S1-match-2024-plus,Jalen Wilson,wilsoja03,,,
S2,no-S1-match-2024-plus,Danny Wolf,wolfda01,,,
S2,no-S1-match-2024-plus,Isaiah Wong,wongis01,,,
S2,no-S1-match-2024-plus,Yang Hansen,yangha01,,,
S2,no-S1-match-2024-plus,Chris Youngblood,youngch01,,,
S2,no-S1-match-2024-plus,Jahmir Young,youngja05,,,
S2,no-S1-match-2024-plus,Rocco Zikarsky,zikarro01,,,
S3,S3-only-not-in-S1,Sasha Vezenkov,1628426,,,
S3,S3-only-not-in-S1,Chance Comanche,1628435,,,
S3,S3-only-not-in-S1,Jack McVeigh,1629098,,,
S3,S3-only-not-in-S1,Kaiser Gates,1629232,,,
S3,S3-only-not-in-S1,Jalen Pickett,1629618,,,
S3,S3-only-not-in-S1,Filip Petrusev,1630196,,,
S3,S3-only-not-in-S1,Jordan Ford,1630259,,,
S3,S3-only-not-in-S1,Kylor Kelley,1630283,,,
S3,S3-only-not-in-S1,Pat Spencer,1630311,,,
S3,S3-only-not-in-S1,Marcus Bagley,1630542,,,
S3,S3-only-not-in-S1,Terrence Shannon Jr.,1630545,,,
S3,S3-only-not-in-S1,Matt Hurt,1630562,,,
S3,S3-only-not-in-S1,RaiQuan Gray,1630564,,,
S3,S3-only-not-in-S1,Ariel Hukporti,1630574,,,
S3,S3-only-not-in-S1,Jalen Wilson,1630592,,,
S3,S3-only-not-in-S1,Malcolm Cazalon,1630608,,,
S3,S3-only-not-in-S1,Gui Santos,1630611,,,
S3,S3-only-not-in-S1,Dawson Garcia,1630615,,,
S3,S3-only-not-in-S1,D.J. Carton,1630618,,,
S3,S3-only-not-in-S1,Moussa Cisse,1630619,,,
S3,S3-only-not-in-S1,Hunter Dickinson,1630621,,,
S3,S3-only-not-in-S1,Jalen Crutcher,1630622,,,
S3,S3-only-not-in-S1,Tyson Etienne,1630623,,,
S3,S3-only-not-in-S1,Colin Castleton,1630658,,,
S3,S3-only-not-in-S1,Ethan Thompson,1630679,,,
S3,S3-only-not-in-S1,Scoot Henderson,1630703,,,
S3,S3-only-not-in-S1,Phillip Wheeler,1630762,,,
S3,S3-only-not-in-S1,Keaton Wallace,1630811,,,
S3,S3-only-not-in-S1,Zeng Fanbo,1630855,,,
S3,S3-only-not-in-S1,Henri Drell,1630929,,,
S3,S3-only-not-in-S1,Julian Strawther,1631124,,,
S3,S3-only-not-in-S1,Caleb Love,1631126,,,
S3,S3-only-not-in-S1,Harrison Ingram,1631127,,,
S3,S3-only-not-in-S1,Oscar Tshiebwe,1631131,,,
S3,S3-only-not-in-S1,Leonard Miller,1631159,,,
S3,S3-only-not-in-S1,Drew Timme,1631166,,,
S3,S3-only-not-in-S1,Izaiah Brockington,1631167,,,
S3,S3-only-not-in-S1,Jaime Jaquez Jr.,1631170,,,
S3,S3-only-not-in-S1,Terquavion Smith,1631173,,,
S3,S3-only-not-in-S1,Tyler Burton,1631174,,,
S3,S3-only-not-in-S1,Kris Murray,1631200,,,
S3,S3-only-not-in-S1,Marcus Sasser,1631204,,,
S3,S3-only-not-in-S1,Isaiah Wong,1631209,,,
S3,S3-only-not-in-S1,Jacob Toppin,1631210,,,
S3,S3-only-not-in-S1,Trayce Jackson-Davis,1631218,,,
S3,S3-only-not-in-S1,Keion Brooks Jr.,1631232,,,
S3,S3-only-not-in-S1,Javon Freeman-Liberty,1631241,,,
S3,S3-only-not-in-S1,Mouhamed Gueye,1631243,,,
S3,S3-only-not-in-S1,Luke Travers,1631247,,,
S3,S3-only-not-in-S1,Baylor Scheierman,1631248,,,
S3,S3-only-not-in-S1,Pete Nance,1631250,,,
S3,S3-only-not-in-S1,Karlo Matković,1631255,,,
S3,S3-only-not-in-S1,Jermaine Samuels Jr.,1631257,,,
S3,S3-only-not-in-S1,Jules Bernard,1631262,,,
S3,S3-only-not-in-S1,Jaylen Sims,1631301,,,
S3,S3-only-not-in-S1,Justin Minaya,1631303,,,
S3,S3-only-not-in-S1,Sidy Cissoko,1631321,,,
S3,S3-only-not-in-S1,Mouhamadou Gueye,1631338,,,
S3,S3-only-not-in-S1,Daeqwon Plowden,1631342,,,
S3,S3-only-not-in-S1,Garrison Brooks,1631365,,,
S3,S3-only-not-in-S1,Jacob Gilyard,1631367,,,
S3,S3-only-not-in-S1,Dmytro Skapintsev,1631376,,,
S3,S3-only-not-in-S1,Tazé Moore,1631386,,,
S3,S3-only-not-in-S1,Alex Morales,1631457,,,
S3,S3-only-not-in-S1,Nate Williams,1631466,,,
S3,S3-only-not-in-S1,Victor Wembanyama,1641705,,,
S3,S3-only-not-in-S1,Brandon Miller,1641706,,,
S3,S3-only-not-in-S1,Taylor Hendricks,1641707,,,
S3,S3-only-not-in-S1,Amen Thompson,1641708,,,
S3,S3-only-not-in-S1,Ausar Thompson,1641709,,,
S3,S3-only-not-in-S1,Anthony Black,1641710,,,
S3,S3-only-not-in-S1,Gradey Dick,1641711,,,
S3,S3-only-not-in-S1,Rayan Rupert,1641712,,,
S3,S3-only-not-in-S1,GG Jackson,1641713,,,
S3,S3-only-not-in-S1,Cam Whitmore,1641715,,,
S3,S3-only-not-in-S1,Jarace Walker,1641716,,,
S3,S3-only-not-in-S1,Cason Wallace,1641717,,,
S3,S3-only-not-in-S1,Keyonte George,1641718,,,
S3,S3-only-not-in-S1,Jalen Hood-Schifino,1641720,,,
S3,S3-only-not-in-S1,Maxwell Lewis,1641721,,,
S3,S3-only-not-in-S1,Jordan Hawkins,1641722,,,
S3,S3-only-not-in-S1,Kobe Bufkin,1641723,,,
S3,S3-only-not-in-S1,Jett Howard,1641724,,,
S3,S3-only-not-in-S1,Trey Alexander,1641725,,,
S3,S3-only-not-in-S1,Dereck Lively II,1641726,,,
S3,S3-only-not-in-S1,Dariq Whitehead,1641727,,,
S3,S3-only-not-in-S1,Brice Sensabaugh,1641729,,,
S3,S3-only-not-in-S1,Noah Clowney,1641730,,,
S3,S3-only-not-in-S1,Bilal Coulibaly,1641731,,,
S3,S3-only-not-in-S1,Colby Jones,1641732,,,
S3,S3-only-not-in-S1,Nick Smith Jr.,1641733,,,
S3,S3-only-not-in-S1,Emoni Bates,1641734,,,
S3,S3-only-not-in-S1,Amari Bailey,1641735,,,
S3,S3-only-not-in-S1,Reece Beekman,1641736,,,
S3,S3-only-not-in-S1,Adem Bona,1641737,,,
S3,S3-only-not-in-S1,Kobe Brown,1641738,,,
S3,S3-only-not-in-S1,Toumani Camara,1641739,,,
S3,S3-only-not-in-S1,Jaylen Clark,1641740,,,
S3,S3-only-not-in-S1,Ricky Council IV,1641741,,,
S3,S3-only-not-in-S1,Zach Edey,1641744,,,
S3,S3-only-not-in-S1,Adam Flagler,1641745,,,
S3,S3-only-not-in-S1,DaRon Holmes II,1641747,,,
S3,S3-only-not-in-S1,Andre Jackson Jr.,1641748,,,
S3,S3-only-not-in-S1,Keyontae Johnson,1641749,,,
S3,S3-only-not-in-S1,Ryan Kalkbrenner,1641750,,,
S3,S3-only-not-in-S1,Bobi Klintman,1641752,,,
S3,S3-only-not-in-S1,Chris Livingston,1641753,,,
S3,S3-only-not-in-S1,Seth Lundy,1641754,,,
S3,S3-only-not-in-S1,Kevin McCullar Jr.,1641755,,,
S3,S3-only-not-in-S1,Jordan Miller,1641757,,,
S3,S3-only-not-in-S1,Julian Phillips,1641763,,,
S3,S3-only-not-in-S1,Brandin Podziemski,1641764,,,
S3,S3-only-not-in-S1,Olivier-Maxence Prosper,1641765,,,
S3,S3-only-not-in-S1,Adama Sanogo,1641766,,,
S3,S3-only-not-in-S1,Ben Sheppard,1641767,,,
S3,S3-only-not-in-S1,Jalen Slawson,1641771,,,
S3,S3-only-not-in-S1,Nae'Qwan Tomlin,1641772,,,
S3,S3-only-not-in-S1,Tristan Vukcevic,1641774,,,
S3,S3-only-not-in-S1,Jordan Walsh,1641775,,,
S3,S3-only-not-in-S1,Charles Bediako,1641777,,,
S3,S3-only-not-in-S1,Leaky Black,1641778,,,
S3,S3-only-not-in-S1,Jalen Bridges,1641779,,,
S3,S3-only-not-in-S1,Johni Broome,1641780,,,
S3,S3-only-not-in-S1,Tristan da Silva,1641783,,,
S3,S3-only-not-in-S1,Tosan Evbuomwan,1641787,,,
S3,S3-only-not-in-S1,Alex Fudge,1641788,,,
S3,S3-only-not-in-S1,Jazian Gortman,1641789,,,
S3,S3-only-not-in-S1,PJ Hall,1641790,,,
S3,S3-only-not-in-S1,D'Moi Hodge,1641793,,,
S3,S3-only-not-in-S1,Dillon Jones,1641794,,,
S3,S3-only-not-in-S1,Taevion Kinsey,1641795,,,
S3,S3-only-not-in-S1,Pelle Larsson,1641796,,,
S3,S3-only-not-in-S1,Jaylen Martin,1641798,,,
S3,S3-only-not-in-S1,Emanuel Miller,1641801,,,
S3,S3-only-not-in-S1,Matthew Murrell,1641802,,,
S3,S3-only-not-in-S1,Tristen Newton,1641803,,,
S3,S3-only-not-in-S1,Markquis Nowell,1641806,,,
S3,S3-only-not-in-S1,Norchad Omier,1641807,,,
S3,S3-only-not-in-S1,Drew Peterson,1641809,,,
S3,S3-only-not-in-S1,Antonio Reeves,1641810,,,
S3,S3-only-not-in-S1,Mark Sears,1641813,,,
S3,S3-only-not-in-S1,Isaiah Stevens,1641815,,,
S3,S3-only-not-in-S1,Hunter Tyson,1641816,,,
S3,S3-only-not-in-S1,Anton Watson,1641817,,,
S3,S3-only-not-in-S1,Matas Buzelis,1641824,,,
S3,S3-only-not-in-S1,Ronald Holland II,1641842,,,
S3,S3-only-not-in-S1,Andrew Funk,1641847,,,
S3,S3-only-not-in-S1,Timmy Allen,1641851,,,
S3,S3-only-not-in-S1,Craig Porter Jr.,1641854,,,
S3,S3-only-not-in-S1,Liam Robbins,1641857,,,
S3,S3-only-not-in-S1,Duop Reath,1641871,,,
S3,S3-only-not-in-S1,Nathan Mensah,1641877,,,
S3,S3-only-not-in-S1,Damion Baugh,1641878,,,
S3,S3-only-not-in-S1,Yuri Collins,1641879,,,
S3,S3-only-not-in-S1,Tyler Smith,1641890,,,
S3,S3-only-not-in-S1,Dexter Dennis,1641926,,,
S3,S3-only-not-in-S1,Onuralp Bitim,1641931,,,
S3,S3-only-not-in-S1,Miles Norris,1641936,,,
S3,S3-only-not-in-S1,Jaylin Galloway,1641945,,,
S3,S3-only-not-in-S1,Maozinha Pereira,1641970,,,
S3,S3-only-not-in-S1,Elijah Harkless,1641989,,,
S3,S3-only-not-in-S1,Trey Jemison III,1641998,,,
S3,S3-only-not-in-S1,Malik Williams,1642013,,,
S3,S3-only-not-in-S1,Alex Reese,1642024,,,
S3,S3-only-not-in-S1,Miller Kopp,1642046,,,
S3,S3-only-not-in-S1,Jackson Rowe,1642050,,,
S3,S3-only-not-in-S1,Myron Gardner,1642066,,,
S3,S3-only-not-in-S1,Zaccharie Risacher,1642258,,,
S3,S3-only-not-in-S1,Alex Sarr,1642259,,,
S3,S3-only-not-in-S1,Nikola Topić,1642260,,,
S3,S3-only-not-in-S1,Dalton Knecht,1642261,,,
S3,S3-only-not-in-S1,Cody Williams,1642262,,,
S3,S3-only-not-in-S1,Reed Sheppard,1642263,,,
S3,S3-only-not-in-S1,Stephon Castle,1642264,,,
S3,S3-only-not-in-S1,Rob Dillingham,1642265,,,
S3,S3-only-not-in-S1,Ja'Kobe Walter,1642266,,,
S3,S3-only-not-in-S1,Bub Carrington,1642267,,,
S3,S3-only-not-in-S1,Isaiah Collier,1642268,,,
S3,S3-only-not-in-S1,Devin Carter,1642269,,,
S3,S3-only-not-in-S1,Donovan Clingan,1642270,,,
S3,S3-only-not-in-S1,Kyle Filipowski,1642271,,,
S3,S3-only-not-in-S1,Jared McCain,1642272,,,
S3,S3-only-not-in-S1,Kyshawn George,1642273,,,
S3,S3-only-not-in-S1,Yves Missi,1642274,,,
S3,S3-only-not-in-S1,Tidjane Salaün,1642275,,,
S3,S3-only-not-in-S1,Kel'el Ware,1642276,,,
S3,S3-only-not-in-S1,Johnny Furphy,1642277,,,
S3,S3-only-not-in-S1,Tyler Kolek,1642278,,,
S3,S3-only-not-in-S1,Ulrich Chomche,1642279,,,
S3,S3-only-not-in-S1,Trentyn Flowers,1642280,,,
S3,S3-only-not-in-S1,Jaylon Tyson,1642281,,,
S3,S3-only-not-in-S1,Hunter Sallis,1642282,,,
S3,S3-only-not-in-S1,Cam Spencer,1642285,,,
S3,S3-only-not-in-S1,Oso Ighodaro,1642345,,,
S3,S3-only-not-in-S1,Ryan Dunn,1642346,,,
S3,S3-only-not-in-S1,Jamal Shead,1642347,,,
S3,S3-only-not-in-S1,Justin Edwards,1642348,,,
S3,S3-only-not-in-S1,Ajay Mitchell,1642349,,,
S3,S3-only-not-in-S1,Keshad Johnson,1642352,,,
S3,S3-only-not-in-S1,Cam Christie,1642353,,,
S3,S3-only-not-in-S1,KJ Simpson,1642354,,,
S3,S3-only-not-in-S1,Bronny James,1642355,,,
S3,S3-only-not-in-S1,David Jones Garcia,1642357,,,
S3,S3-only-not-in-S1,AJ Johnson,1642358,,,
S3,S3-only-not-in-S1,Pacôme Dadiet,1642359,,,
S3,S3-only-not-in-S1,Nique Clifford,1642363,,,
S3,S3-only-not-in-S1,Jamir Watkins,1642364,,,
S3,S3-only-not-in-S1,Nikola Đurišić,1642365,,,
S3,S3-only-not-in-S1,Quinten Post,1642366,,,
S3,S3-only-not-in-S1,Jonathan Mogbo,1642367,,,
S3,S3-only-not-in-S1,N'Faly Dante,1642368,,,
S3,S3-only-not-in-S1,Jaylen Wells,1642377,,,
S3,S3-only-not-in-S1,Taran Armstrong,1642379,,,
S3,S3-only-not-in-S1,Branden Carlson,1642382,,,
S3,S3-only-not-in-S1,Walter Clayton Jr.,1642383,,,
S3,S3-only-not-in-S1,Isaiah Crawford,1642384,,,
S3,S3-only-not-in-S1,Cui Yongxi,1642385,,,
S3,S3-only-not-in-S1,Zyon Pullin,1642389,,,
S3,S3-only-not-in-S1,Jesse Edwards,1642399,,,
S3,S3-only-not-in-S1,Tristan Enaruna,1642400,,,
S3,S3-only-not-in-S1,Enrique Freeman,1642402,,,
S3,S3-only-not-in-S1,Isaac Jones,1642403,,,
S3,S3-only-not-in-S1,Chaz Lanier,1642404,,,
S3,S3-only-not-in-S1,Jamison Battle,1642419,,,
S3,S3-only-not-in-S1,Armel Traoré,1642422,,,
S3,S3-only-not-in-S1,Riley Minix,1642434,,,
S3,S3-only-not-in-S1,Quincy Olivari,1642439,,,
S3,S3-only-not-in-S1,Gabe McGlothan,1642440,,,
S3,S3-only-not-in-S1,Jahmir Young,1642443,,,
S3,S3-only-not-in-S1,Tolu Smith,1642449,,,
S3,S3-only-not-in-S1,Daniss Jenkins,1642450,,,
S3,S3-only-not-in-S1,Spencer Jones,1642461,,,
S3,S3-only-not-in-S1,RayJ Dennis,1642484,,,
S3,S3-only-not-in-S1,Tyrese Samuel,1642487,,,
S3,S3-only-not-in-S1,Malevy Leons,1642502,,,
S3,S3-only-not-in-S1,Cormac Ryan,1642504,,,
S3,S3-only-not-in-S1,Alex Ducas,1642505,,,
S3,S3-only-not-in-S1,Yuki Kawamura,1642530,,,
S3,S3-only-not-in-S1,Cooper Flagg,1642843,,,
S3,S3-only-not-in-S1,Dylan Harper,1642844,,,
S3,S3-only-not-in-S1,VJ Edgecombe,1642845,,,
S3,S3-only-not-in-S1,Ace Bailey,1642846,,,
S3,S3-only-not-in-S1,Jeremiah Fears,1642847,,,
S3,S3-only-not-in-S1,Tre Johnson,1642848,,,
S3,S3-only-not-in-S1,Nolan Traore,1642849,,,
S3,S3-only-not-in-S1,Thomas Sorber,1642850,,,
S3,S3-only-not-in-S1,Kon Knueppel,1642851,,,
S3,S3-only-not-in-S1,Derik Queen,1642852,,,
S3,S3-only-not-in-S1,Rasheer Fleming,1642853,,,
S3,S3-only-not-in-S1,Asa Newell,1642854,,,
S3,S3-only-not-in-S1,Noa Essengue,1642855,,,
S3,S3-only-not-in-S1,Egor Dëmin,1642856,,,
S3,S3-only-not-in-S1,Kasparas Jakučionis,1642857,,,
S3,S3-only-not-in-S1,Jase Richardson,1642859,,,
S3,S3-only-not-in-S1,Will Riley,1642860,,,
S3,S3-only-not-in-S1,Liam McNeeley,1642862,,,
S3,S3-only-not-in-S1,Khaman Maluach,1642863,,,
S3,S3-only-not-in-S1,Hugo González,1642864,,,
S3,S3-only-not-in-S1,Joan Beringer,1642866,,,
S3,S3-only-not-in-S1,Collin Murray-Boyles,1642867,,,
S3,S3-only-not-in-S1,Carter Bryant,1642868,,,
S3,S3-only-not-in-S1,Noah Penda,1642869,,,
S3,S3-only-not-in-S1,Amari Williams,1642873,,,
S3,S3-only-not-in-S1,Danny Wolf,1642874,,,
S3,S3-only-not-in-S1,Maxime Raynaud,1642875,,,
S3,S3-only-not-in-S1,Adou Thiero,1642876,,,
S3,S3-only-not-in-S1,Micah Peavy,1642877,,,
S3,S3-only-not-in-S1,Tyrese Proctor,1642878,,,
S3,S3-only-not-in-S1,Ben Saraf,1642879,,,
S3,S3-only-not-in-S1,Kam Jones,1642880,,,
S3,S3-only-not-in-S1,Sion James,1642883,,,
S3,S3-only-not-in-S1,Vladislav Goldin,1642884,,,
S3,S3-only-not-in-S1,Mohamed Diawara,1642885,,,
S3,S3-only-not-in-S1,Koby Brea,1642886,,,
S3,S3-only-not-in-S1,Matthew Cleveland,1642888,,,
S3,S3-only-not-in-S1,Alex Toohey,1642893,,,
S3,S3-only-not-in-S1,Yang Hansen,1642905,,,
S3,S3-only-not-in-S1,Cedric Coward,1642907,,,
S3,S3-only-not-in-S1,John Tonje,1642910,,,
S3,S3-only-not-in-S1,Rocco Zikarsky,1642911,,,
S3,S3-only-not-in-S1,Javon Small,1642914,,,
S3,S3-only-not-in-S1,Max Shulga,1642917,,,
S3,S3-only-not-in-S1,Alijah Martin,1642918,,,
S3,S3-only-not-in-S1,Kobe Sanders,1642920,,,
S3,S3-only-not-in-S1,Brice Williams,1642924,,,
S3,S3-only-not-in-S1,Tamar Bates,1642926,,,
S3,S3-only-not-in-S1,Dylan Cardwell,1642928,,,
S3,S3-only-not-in-S1,R.J. Davis,1642930,,,
S3,S3-only-not-in-S1,Keshon Gilbert,1642933,,,
S3,S3-only-not-in-S1,Chucky Hepburn,1642935,,,
S3,S3-only-not-in-S1,Curtis Jones,1642938,,,
S3,S3-only-not-in-S1,Miles Kelly,1642939,,,
S3,S3-only-not-in-S1,Chance McMillian,1642943,,,
S3,S3-only-not-in-S1,Jacksen Moni,1642946,,,
S3,S3-only-not-in-S1,Eli John Ndiaye,1642947,,,
S3,S3-only-not-in-S1,Ryan Nembhard,1642948,,,
S3,S3-only-not-in-S1,Yanic Konan Niederhäuser,1642949,,,
S3,S3-only-not-in-S1,Lachlan Olbrich,1642950,,,
S3,S3-only-not-in-S1,Jonathan Pierre,1642952,,,
S3,S3-only-not-in-S1,Will Richard,1642954,,,
S3,S3-only-not-in-S1,Chris Youngblood,1642959,,,
S3,S3-only-not-in-S1,RJ Luis Jr.,1642961,,,
S3,S3-only-not-in-S1,Drake Powell,1642962,,,
S3,S3-only-not-in-S1,Brooks Barnhizer,1642964,,,
S3,S3-only-not-in-S1,John Poulakidas,1642967,,,
S3,S3-only-not-in-S1,Taelon Peter,1643007,,,
S3,S3-only-not-in-S1,LJ Cryer,1643018,,,
S3,S3-only-not-in-S1,Chris Mañon,1643024,,,
S3,S3-only-not-in-S1,Ja'Vier Francis,1643025,,,
S3,S3-only-not-in-S1,CJ Huntley,1643047,,,
S3,S3-only-not-in-S1,Augustas Marčiulionis,1643051,,,
S3,S3-only-not-in-S1,Chaney Johnson,1643052,,,
S3,S3-only-not-in-S1,Cameron Matthews,1643069,,,
S3,S3-only-not-in-S1,Steven Crowl,1643080,,,
S3,S3-only-not-in-S1,Christian Shumate,1643104,,,
S3,S3-only-not-in-S1,Zack Austin,1643113,,,
S3,S3-only-not-in-S1,Dain Dainja,1643120,,,
S3,S3-only-not-in-S1,Lawson Lovering,1643133,,,
S3,S3-only-not-in-S1,Jahmyl Telfort,1643141,,,
S3,S3-only-not-in-S1,Saint Thomas,1643148,,,
S3,S3-only-not-in-S1,Vasilije Micic,203995,,,
S2,no-S3-id,Alex Antetokounmpo,antetal01,,,
S2,no-S3-id,Adama-Alpha Bal,balad01,,,
S2,no-S3-id,Darius Brown II,brownda04,,,
S2,no-S3-id,Javonte Cooke,cookeja01,,,
S2,no-S3-id,Chink Crossin,crossch01,,,
S2,no-S3-id,Egor Dёmin,demineg01,,,
S2,no-S3-id,Wayne Engelstad,englewa01,,,
S2,no-S3-id,Andersson Garcia,garcian01,,,
S2,no-S3-id,Gene Gallette,gillege01,,,
S2,no-S3-id,Hayden Gray,grayha01,,,
S2,no-S3-id,Blake Hinson,hinsobl01,,,
S2,no-S3-id,Charlie Hoefer,hoefech01,,,
S2,no-S3-id,Ron Holland,hollaro01,,,
S2,no-S3-id,Matthew Hurt,hurtma01,,,
S2,no-S3-id,Jayson Kent,kentja01,,,
S2,no-S3-id,Red Klotz,klotzhe01,,,
S2,no-S3-id,Jahmai Mashack,mashaja01,,,
S2,no-S3-id,Bez Mbeng,mbengbe01,,,
S2,no-S3-id,Grant Nelson,nelsogr02,,,
S2,no-S3-id,Ralph O'Brien,obriera01,,,
S2,no-S3-id,Josh Oduro,odurojo01,,,
S2,no-S3-id,Toby Okani,okanito01,,,
S2,no-S3-id,Sean Pedulla,pedulse01,,,
S2,no-S3-id,Julian Reese,reeseju01,,,
S2,no-S3-id,Kadary Richmond,richmka01,,,
S2,no-S3-id,Payton Sandfort,sandfpa01,,,
S2,no-S3-id,Malachi Smith,smithma02,,,
S2,no-S3-id,Isaac Walthour,walthis01,,,
S2,no-S3-id,Bobby Watson,watsobo01,,,
S2,no-S3-id,Lucas Williamson,willilu01,,,
S3,name-DOB-conflict,Jazian Gortman,1641789,gortmja01,Jazian Gortman,S3 DOB=2003-03-14; S2 DOB=2003-04-14
S3,name-DOB-conflict,Ariel Hukporti,1630574,hukpoar01,Ariel Hukporti,S3 DOB=2002-04-12; S2 DOB=2002-04-11
S3,name-DOB-conflict,Curtis Jones,1642938,jonescu01,Curtis Jones,S3 DOB=2001-10-04; S2 DOB=2001-12-04
S3,name-DOB-conflict,Jamal Shead,1642347,sheadja01,Jamal Shead,S3 DOB=2002-07-24; S2 DOB=2002-06-24
S3,name-DOB-conflict,Nae'Qwan Tomlin,1641772,tomlina01,Nae'Qwan Tomlin,S3 DOB=2000-12-19; S2 DOB=2000-12-10
